condition_id,condition_label,delay_family,variant,variant_label,delay_label,act_min,act_max,obs_min,obs_max,seed,iteration,train_steps,episode,kp,correction_scale,episode_steps,true_return,delayed_return,mean_distance,final_distance,min_distance,success
stochastic_0_10,"(0-10,0-10)",stochastic,augmented_action_delay,Augmented (+action buffer + delay values),"(0-10,0-10)",0,10,0,10,900000,0,0,0,0.7592573860315994,0.2384058440442351,82,-33.67353507899679,-33.636089742416516,0.41065286681703406,0.018722668290138245,0.0023233022075146437,1.0
stochastic_0_10,"(0-10,0-10)",stochastic,augmented_action_delay,Augmented (+action buffer + delay values),"(0-10,0-10)",0,10,0,10,900000,0,0,1,0.7592573860315994,0.2384058440442351,80,-27.525516726775095,-27.525516726775095,0.3440689590846887,0.008537601679563522,0.0028816405683755875,1.0
stochastic_0_10,"(0-10,0-10)",stochastic,augmented_action_delay,Augmented (+action buffer + delay values),"(0-10,0-10)",0,10,0,10,900000,0,0,2,0.7592573860315994,0.2384058440442351,81,-35.203069121576846,-35.189870088361204,0.4346057916244055,0.013199033215641975,0.007567224092781544,1.0
stochastic_0_10,"(0-10,0-10)",stochastic,augmented_action_delay,Augmented (+action buffer + delay values),"(0-10,0-10)",0,10,0,10,900000,0,0,3,0.7592573860315994,0.2384058440442351,83,-31.123431819374673,-31.098573268274777,0.3749811062575262,0.008286183699965477,0.0019296560203656554,1.0
stochastic_0_10,"(0-10,0-10)",stochastic,augmented_action_delay,Augmented (+action buffer + delay values),"(0-10,0-10)",0,10,0,10,900000,0,0,4,0.7592573860315994,0.2384058440442351,83,-30.732993340003304,-30.708529766532592,0.3702770281928109,0.008154524490237236,0.001744318986311555,1.0
stochastic_0_10,"(0-10,0-10)",stochastic,augmented_action_delay,Augmented (+action buffer + delay values),"(0-10,0-10)",0,10,0,10,900000,0,0,5,0.7592573860315994,0.2384058440442351,83,-31.001975022722036,-30.954825699795038,0.37351777135809683,0.015716440975666046,0.0022883883211761713,1.0
stochastic_0_10,"(0-10,0-10)",stochastic,augmented_action_delay,Augmented (+action buffer + delay values),"(0-10,0-10)",0,10,0,10,900000,0,0,6,0.7592573860315994,0.2384058440442351,81,-25.97017921623774,-25.948766912566498,0.3206194964967622,0.021412303671240807,0.001257656724192202,1.0
stochastic_0_10,"(0-10,0-10)",stochastic,augmented_action_delay,Augmented (+action buffer + delay values),"(0-10,0-10)",0,10,0,10,900000,0,0,7,0.7592573860315994,0.2384058440442351,83,-30.016370655968785,-29.974662579596043,0.36164301995143117,0.013902692124247551,0.005519308615475893,1.0
stochastic_0_10,"(0-10,0-10)",stochastic,augmented_action_delay,Augmented (+action buffer + delay values),"(0-10,0-10)",0,10,0,10,901000,1,2880,0,0.9529108402926039,0.35364790210711,80,-31.669749980326742,-31.669749980326742,0.39587187475408425,0.015256269834935665,0.003148438408970833,1.0
stochastic_0_10,"(0-10,0-10)",stochastic,augmented_action_delay,Augmented (+action buffer + delay values),"(0-10,0-10)",0,10,0,10,901000,1,2880,1,0.9529108402926039,0.35364790210711,82,-32.67575962981209,-32.636152857448906,0.3984848735342938,0.01980338618159294,0.0051460363902151585,1.0
stochastic_0_10,"(0-10,0-10)",stochastic,augmented_action_delay,Augmented (+action buffer + delay values),"(0-10,0-10)",0,10,0,10,901000,1,2880,2,0.9529108402926039,0.35364790210711,84,-27.344285058410605,-27.27870392295881,0.3255272030763167,0.016395283862948418,0.00037241409881971776,1.0
stochastic_0_10,"(0-10,0-10)",stochastic,augmented_action_delay,Augmented (+action buffer + delay values),"(0-10,0-10)",0,10,0,10,901000,1,2880,3,0.9529108402926039,0.35364790210711,81,-44.90890646725893,-44.89327280409634,0.5544309440402337,0.015633663162589073,0.00902491807937622,1.0
stochastic_0_10,"(0-10,0-10)",stochastic,augmented_action_delay,Augmented (+action buffer + delay values),"(0-10,0-10)",0,10,0,10,901000,1,2880,4,0.9529108402926039,0.35364790210711,81,-39.06258206628263,-39.03039994649589,0.48225409958373616,0.03218211978673935,0.015929704532027245,1.0
stochastic_0_10,"(0-10,0-10)",stochastic,augmented_action_delay,Augmented (+action buffer + delay values),"(0-10,0-10)",0,10,0,10,901000,1,2880,5,0.9529108402926039,0.35364790210711,84,-19.555798483313993,-19.438404207350686,0.23280712480135707,0.029348568990826607,0.003825046820566058,1.0
stochastic_0_10,"(0-10,0-10)",stochastic,augmented_action_delay,Augmented (+action buffer + delay values),"(0-10,0-10)",0,10,0,10,901000,1,2880,6,0.9529108402926039,0.35364790210711,83,-34.60282535199076,-34.585190202109516,0.4169015102649489,0.005878383293747902,0.0058150081895291805,1.0
stochastic_0_10,"(0-10,0-10)",stochastic,augmented_action_delay,Augmented (+action buffer + delay values),"(0-10,0-10)",0,10,0,10,901000,1,2880,7,0.9529108402926039,0.35364790210711,82,-28.398641768842936,-28.371498273685575,0.3463248996200358,0.013571747578680515,0.013571747578680515,1.0
stochastic_0_10,"(0-10,0-10)",stochastic,augmented_action_delay,Augmented (+action buffer + delay values),"(0-10,0-10)",0,10,0,10,902000,2,5760,0,2.367367668046223,0.5658908054238526,85,-38.80539479292929,-38.68032129108906,0.4565340563874034,0.02501470036804676,0.005684566684067249,1.0
stochastic_0_10,"(0-10,0-10)",stochastic,augmented_action_delay,Augmented (+action buffer + delay values),"(0-10,0-10)",0,10,0,10,902000,2,5760,1,2.367367668046223,0.5658908054238526,80,-32.84707990754396,-32.84707990754396,0.4105884988442995,0.03313656523823738,0.007203040644526482,1.0
stochastic_0_10,"(0-10,0-10)",stochastic,augmented_action_delay,Augmented (+action buffer + delay values),"(0-10,0-10)",0,10,0,10,902000,2,5760,2,2.367367668046223,0.5658908054238526,83,-27.50522637879476,-27.386847709771246,0.3313882696240332,0.039459556341171265,0.0020204936154186726,1.0
stochastic_0_10,"(0-10,0-10)",stochastic,augmented_action_delay,Augmented (+action buffer + delay values),"(0-10,0-10)",0,10,0,10,902000,2,5760,3,2.367367668046223,0.5658908054238526,85,-33.77572324662469,-33.707043692236766,0.3973614499602905,0.013735910877585411,0.0038189839106053114,1.0
stochastic_0_10,"(0-10,0-10)",stochastic,augmented_action_delay,Augmented (+action buffer + delay values),"(0-10,0-10)",0,10,0,10,902000,2,5760,4,2.367367668046223,0.5658908054238526,83,-26.203977818833664,-26.196237882133573,0.31571057613052605,0.0025799789000302553,0.0025799789000302553,1.0
stochastic_0_10,"(0-10,0-10)",stochastic,augmented_action_delay,Augmented (+action buffer + delay values),"(0-10,0-10)",0,10,0,10,902000,2,5760,5,2.367367668046223,0.5658908054238526,80,-36.19293268665206,-36.19293268665206,0.4524116585831507,0.012081818655133247,0.0017513943603262305,1.0
stochastic_0_10,"(0-10,0-10)",stochastic,augmented_action_delay,Augmented (+action buffer + delay values),"(0-10,0-10)",0,10,0,10,902000,2,5760,6,2.367367668046223,0.5658908054238526,81,-27.481477343244478,-27.468188442057,0.33927749806474666,0.013288901187479496,0.0035803557839244604,1.0
stochastic_0_10,"(0-10,0-10)",stochastic,augmented_action_delay,Augmented (+action buffer + delay values),"(0-10,0-10)",0,10,0,10,902000,2,5760,7,2.367367668046223,0.5658908054238526,85,-33.57262414088473,-33.439691729377955,0.39497204871629094,0.026586482301354408,0.007622731849551201,1.0
stochastic_0_10,"(0-10,0-10)",stochastic,augmented_action_delay,Augmented (+action buffer + delay values),"(0-10,0-10)",0,10,0,10,903000,3,8640,0,1.3505507306031184,0.6108178107363917,82,-28.31488700886257,-28.27267549862154,0.34530350010808014,0.021105755120515823,0.0030778481159359217,1.0
stochastic_0_10,"(0-10,0-10)",stochastic,augmented_action_delay,Augmented (+action buffer + delay values),"(0-10,0-10)",0,10,0,10,903000,3,8640,1,1.3505507306031184,0.6108178107363917,85,-26.875650740228593,-26.7106611719355,0.31618412635563053,0.03299791365861893,0.00884887482970953,1.0
stochastic_0_10,"(0-10,0-10)",stochastic,augmented_action_delay,Augmented (+action buffer + delay values),"(0-10,0-10)",0,10,0,10,903000,3,8640,2,1.3505507306031184,0.6108178107363917,82,-23.963045368436724,-23.941810418386012,0.29223226059069174,0.010617475025355816,0.005121827125549316,1.0
stochastic_0_10,"(0-10,0-10)",stochastic,augmented_action_delay,Augmented (+action buffer + delay values),"(0-10,0-10)",0,10,0,10,903000,3,8640,3,1.3505507306031184,0.6108178107363917,85,-31.604861645493656,-31.543380227405578,0.37182190171169005,0.0122962836176157,0.001915881410241127,1.0
stochastic_0_10,"(0-10,0-10)",stochastic,augmented_action_delay,Augmented (+action buffer + delay values),"(0-10,0-10)",0,10,0,10,903000,3,8640,4,1.3505507306031184,0.6108178107363917,85,-32.388713367283344,-32.214210115373135,0.3810436866739217,0.03490065038204193,0.008076970465481281,1.0
stochastic_0_10,"(0-10,0-10)",stochastic,augmented_action_delay,Augmented (+action buffer + delay values),"(0-10,0-10)",0,10,0,10,903000,3,8640,5,1.3505507306031184,0.6108178107363917,86,-27.83418887387961,-27.806409031152725,0.32365335899860015,0.004629973787814379,0.003989733289927244,1.0
stochastic_0_10,"(0-10,0-10)",stochastic,augmented_action_delay,Augmented (+action buffer + delay values),"(0-10,0-10)",0,10,0,10,903000,3,8640,6,1.3505507306031184,0.6108178107363917,81,-35.3697922215797,-35.35599513584748,0.43666410150098395,0.013797085732221603,0.0026206043548882008,1.0
stochastic_0_10,"(0-10,0-10)",stochastic,augmented_action_delay,Augmented (+action buffer + delay values),"(0-10,0-10)",0,10,0,10,903000,3,8640,7,1.3505507306031184,0.6108178107363917,81,-27.088443380547687,-27.053948648972437,0.3344252269203418,0.034494731575250626,0.0022458171006292105,1.0
stochastic_0_10,"(0-10,0-10)",stochastic,augmented_action_delay,Augmented (+action buffer + delay values),"(0-10,0-10)",0,10,0,10,904000,4,11520,0,1.714551400754016,0.5723715988015079,84,-33.05916365701705,-32.999765117652714,0.3935614721073459,0.01484963484108448,0.006462820805609226,1.0
stochastic_0_10,"(0-10,0-10)",stochastic,augmented_action_delay,Augmented (+action buffer + delay values),"(0-10,0-10)",0,10,0,10,904000,4,11520,1,1.714551400754016,0.5723715988015079,81,-36.007430097364704,-35.98711210703186,0.44453617404153956,0.020317990332841873,0.00016509501438122243,1.0
stochastic_0_10,"(0-10,0-10)",stochastic,augmented_action_delay,Augmented (+action buffer + delay values),"(0-10,0-10)",0,10,0,10,904000,4,11520,2,1.714551400754016,0.5723715988015079,85,-31.90509334858507,-31.78186880145222,0.37535403939511847,0.02464490942656994,0.004168303683400154,1.0
stochastic_0_10,"(0-10,0-10)",stochastic,augmented_action_delay,Augmented (+action buffer + delay values),"(0-10,0-10)",0,10,0,10,904000,4,11520,3,1.714551400754016,0.5723715988015079,81,-40.43418314913288,-40.4249879992567,0.4991874462855911,0.009195149876177311,0.0031773098744452,1.0
stochastic_0_10,"(0-10,0-10)",stochastic,augmented_action_delay,Augmented (+action buffer + delay values),"(0-10,0-10)",0,10,0,10,904000,4,11520,4,1.714551400754016,0.5723715988015079,82,-25.265642037265934,-25.192757328622974,0.3081175858203163,0.0364423543214798,0.0010682526044547558,1.0
stochastic_0_10,"(0-10,0-10)",stochastic,augmented_action_delay,Augmented (+action buffer + delay values),"(0-10,0-10)",0,10,0,10,904000,4,11520,5,1.714551400754016,0.5723715988015079,84,-28.790944068925455,-28.779298212612048,0.3427493341538745,0.0029114640783518553,0.0029114640783518553,1.0
stochastic_0_10,"(0-10,0-10)",stochastic,augmented_action_delay,Augmented (+action buffer + delay values),"(0-10,0-10)",0,10,0,10,904000,4,11520,6,1.714551400754016,0.5723715988015079,85,-29.24359088181518,-29.10463624051772,0.3440422456684139,0.02779092825949192,0.0025519048795104027,1.0
stochastic_0_10,"(0-10,0-10)",stochastic,augmented_action_delay,Augmented (+action buffer + delay values),"(0-10,0-10)",0,10,0,10,904000,4,11520,7,1.714551400754016,0.5723715988015079,86,-26.604616828495637,-26.587934269336984,0.3093560096336702,0.00278042652644217,0.0020323623903095722,1.0
stochastic_0_10,"(0-10,0-10)",stochastic,augmented_action_delay,Augmented (+action buffer + delay values),"(0-10,0-10)",0,10,0,10,905000,5,14400,0,1.714551400754016,0.5723715988015079,84,-30.478009168989956,-30.362253797240555,0.36283344248797567,0.028938842937350273,0.004566429648548365,1.0
stochastic_0_10,"(0-10,0-10)",stochastic,augmented_action_delay,Augmented (+action buffer + delay values),"(0-10,0-10)",0,10,0,10,905000,5,14400,1,1.714551400754016,0.5723715988015079,81,-28.17987964511849,-28.164699951419607,0.34789974870516654,0.015179693698883057,0.00352917960844934,1.0
stochastic_0_10,"(0-10,0-10)",stochastic,augmented_action_delay,Augmented (+action buffer + delay values),"(0-10,0-10)",0,10,0,10,905000,5,14400,2,1.714551400754016,0.5723715988015079,81,-29.8545360697899,-29.834238773444667,0.36857451938012226,0.020297296345233917,0.0015029998030513525,1.0
stochastic_0_10,"(0-10,0-10)",stochastic,augmented_action_delay,Augmented (+action buffer + delay values),"(0-10,0-10)",0,10,0,10,905000,5,14400,3,1.714551400754016,0.5723715988015079,81,-28.07765285181813,-28.063593831611797,0.3466376895286189,0.014059020206332207,0.0025263826828449965,1.0
stochastic_0_10,"(0-10,0-10)",stochastic,augmented_action_delay,Augmented (+action buffer + delay values),"(0-10,0-10)",0,10,0,10,905000,5,14400,4,1.714551400754016,0.5723715988015079,81,-26.179832704772707,-26.17282227607211,0.32320781117003344,0.007010428700596094,0.0006459805299527943,1.0
stochastic_0_10,"(0-10,0-10)",stochastic,augmented_action_delay,Augmented (+action buffer + delay values),"(0-10,0-10)",0,10,0,10,905000,5,14400,5,1.714551400754016,0.5723715988015079,83,-29.095078887883574,-29.078395299147815,0.3505431191311274,0.005561196245253086,0.003662313101813197,1.0
stochastic_0_10,"(0-10,0-10)",stochastic,augmented_action_delay,Augmented (+action buffer + delay values),"(0-10,0-10)",0,10,0,10,905000,5,14400,6,1.714551400754016,0.5723715988015079,84,-32.43843122711405,-32.32828295370564,0.3861718003227863,0.027537068352103233,0.005676293279975653,1.0
stochastic_0_10,"(0-10,0-10)",stochastic,augmented_action_delay,Augmented (+action buffer + delay values),"(0-10,0-10)",0,10,0,10,905000,5,14400,7,1.714551400754016,0.5723715988015079,81,-33.504823952913284,-33.47903990186751,0.41363980188781835,0.025784051045775414,0.0027979090809822083,1.0
stochastic_0_10,"(0-10,0-10)",stochastic,augmented_action_delay,Augmented (+action buffer + delay values),"(0-10,0-10)",0,10,0,10,906000,6,17280,0,1.714551400754016,0.5723715988015079,83,-26.944068322423846,-26.849744899664074,0.3246273291858295,0.03144114091992378,0.005336369853466749,1.0
stochastic_0_10,"(0-10,0-10)",stochastic,augmented_action_delay,Augmented (+action buffer + delay values),"(0-10,0-10)",0,10,0,10,906000,6,17280,1,1.714551400754016,0.5723715988015079,82,-31.207073857076466,-31.179267472587526,0.3805740714277618,0.01390319224447012,0.0035274424590170383,1.0
stochastic_0_10,"(0-10,0-10)",stochastic,augmented_action_delay,Augmented (+action buffer + delay values),"(0-10,0-10)",0,10,0,10,906000,6,17280,2,1.714551400754016,0.5723715988015079,85,-36.55780012300238,-36.40225319704041,0.4300917661529692,0.031109385192394257,0.003940900322049856,1.0
stochastic_0_10,"(0-10,0-10)",stochastic,augmented_action_delay,Augmented (+action buffer + delay values),"(0-10,0-10)",0,10,0,10,906000,6,17280,3,1.714551400754016,0.5723715988015079,82,-31.89844093186548,-31.858600274601486,0.3890053772178717,0.01992032863199711,0.0007684821612201631,1.0
stochastic_0_10,"(0-10,0-10)",stochastic,augmented_action_delay,Augmented (+action buffer + delay values),"(0-10,0-10)",0,10,0,10,906000,6,17280,4,1.714551400754016,0.5723715988015079,81,-31.12516817287542,-31.111592550063506,0.3842613354675978,0.01357562281191349,0.0023013676982373,1.0
stochastic_0_10,"(0-10,0-10)",stochastic,augmented_action_delay,Augmented (+action buffer + delay values),"(0-10,0-10)",0,10,0,10,906000,6,17280,5,1.714551400754016,0.5723715988015079,83,-27.270305335288867,-27.208624843275174,0.32855789560589,0.020560164004564285,0.0012851289939135313,1.0
stochastic_0_10,"(0-10,0-10)",stochastic,augmented_action_delay,Augmented (+action buffer + delay values),"(0-10,0-10)",0,10,0,10,906000,6,17280,6,1.714551400754016,0.5723715988015079,84,-26.53753085320932,-26.42227017765981,0.31592298634773,0.028815168887376785,0.0004351984534878284,1.0
stochastic_0_10,"(0-10,0-10)",stochastic,augmented_action_delay,Augmented (+action buffer + delay values),"(0-10,0-10)",0,10,0,10,906000,6,17280,7,1.714551400754016,0.5723715988015079,85,-30.404520778683946,-30.280726448399946,0.35770024445510523,0.02475886605679989,0.0013611649628728628,1.0
stochastic_0_10,"(0-10,0-10)",stochastic,augmented_action_delay,Augmented (+action buffer + delay values),"(0-10,0-10)",0,10,0,10,907000,7,20160,0,1.714551400754016,0.5723715988015079,81,-23.322033227188513,-23.288021092070267,0.2879263361381298,0.03401213511824608,0.0020700369495898485,1.0
stochastic_0_10,"(0-10,0-10)",stochastic,augmented_action_delay,Augmented (+action buffer + delay values),"(0-10,0-10)",0,10,0,10,907000,7,20160,1,1.714551400754016,0.5723715988015079,83,-23.419930261326954,-23.37270099739544,0.2821678344738187,0.015743087977170944,0.0029384896624833345,1.0
stochastic_0_10,"(0-10,0-10)",stochastic,augmented_action_delay,Augmented (+action buffer + delay values),"(0-10,0-10)",0,10,0,10,907000,7,20160,2,1.714551400754016,0.5723715988015079,82,-25.119925327133387,-25.090360953938216,0.30634055276991934,0.014782186597585678,0.005873086396604776,1.0
stochastic_0_10,"(0-10,0-10)",stochastic,augmented_action_delay,Augmented (+action buffer + delay values),"(0-10,0-10)",0,10,0,10,907000,7,20160,3,1.714551400754016,0.5723715988015079,85,-27.189004180021584,-27.117161551490426,0.31987063741201865,0.014368525706231594,0.004796724766492844,1.0
stochastic_0_10,"(0-10,0-10)",stochastic,augmented_action_delay,Augmented (+action buffer + delay values),"(0-10,0-10)",0,10,0,10,907000,7,20160,4,1.714551400754016,0.5723715988015079,82,-27.90407874295488,-27.876663558650762,0.3402936432067668,0.013707592152059078,0.005380480084568262,1.0
stochastic_0_10,"(0-10,0-10)",stochastic,augmented_action_delay,Augmented (+action buffer + delay values),"(0-10,0-10)",0,10,0,10,907000,7,20160,5,1.714551400754016,0.5723715988015079,80,-28.072874392848462,-28.072874392848462,0.3509109299106058,0.0477871298789978,0.0022277578245848417,1.0
stochastic_0_10,"(0-10,0-10)",stochastic,augmented_action_delay,Augmented (+action buffer + delay values),"(0-10,0-10)",0,10,0,10,907000,7,20160,6,1.714551400754016,0.5723715988015079,83,-34.90411682042759,-34.8442499487428,0.4205315279569589,0.019955623894929886,0.0010216241935268044,1.0
stochastic_0_10,"(0-10,0-10)",stochastic,augmented_action_delay,Augmented (+action buffer + delay values),"(0-10,0-10)",0,10,0,10,907000,7,20160,7,1.714551400754016,0.5723715988015079,83,-46.76644520019181,-46.75675938511267,0.5634511469902628,0.0032286050263792276,0.0032286050263792276,1.0
stochastic_0_10,"(0-10,0-10)",stochastic,augmented_action_delay,Augmented (+action buffer + delay values),"(0-10,0-10)",0,10,0,10,908000,8,23040,0,1.714551400754016,0.5723715988015079,84,-31.263299234211445,-31.187920324504375,0.37218213374061243,0.01884472742676735,0.00500766234472394,1.0
stochastic_0_10,"(0-10,0-10)",stochastic,augmented_action_delay,Augmented (+action buffer + delay values),"(0-10,0-10)",0,10,0,10,908000,8,23040,1,1.714551400754016,0.5723715988015079,82,-28.151041908189654,-28.124318284913898,0.34330538912426406,0.013361811637878418,0.006348500028252602,1.0
stochastic_0_10,"(0-10,0-10)",stochastic,augmented_action_delay,Augmented (+action buffer + delay values),"(0-10,0-10)",0,10,0,10,908000,8,23040,2,1.714551400754016,0.5723715988015079,83,-24.139598753419705,-24.080425489810295,0.29083853919782776,0.019724421203136444,0.0010442276252433658,1.0
stochastic_0_10,"(0-10,0-10)",stochastic,augmented_action_delay,Augmented (+action buffer + delay values),"(0-10,0-10)",0,10,0,10,908000,8,23040,3,1.714551400754016,0.5723715988015079,81,-23.98277106322348,-23.976497615221888,0.2960835933731294,0.006273448001593351,0.00354659091681242,1.0
stochastic_0_10,"(0-10,0-10)",stochastic,augmented_action_delay,Augmented (+action buffer + delay values),"(0-10,0-10)",0,10,0,10,908000,8,23040,4,1.714551400754016,0.5723715988015079,84,-27.43081455072388,-27.36453334381804,0.3265573160800462,0.016570301726460457,0.005604143254458904,1.0
stochastic_0_10,"(0-10,0-10)",stochastic,augmented_action_delay,Augmented (+action buffer + delay values),"(0-10,0-10)",0,10,0,10,908000,8,23040,5,1.714551400754016,0.5723715988015079,85,-28.548139310674742,-28.43063823436387,0.33586046247852636,0.023500215262174606,0.0015958223957568407,1.0
stochastic_0_10,"(0-10,0-10)",stochastic,augmented_action_delay,Augmented (+action buffer + delay values),"(0-10,0-10)",0,10,0,10,908000,8,23040,6,1.714551400754016,0.5723715988015079,84,-35.060173565056175,-35.009930887725204,0.41738301863162114,0.012560669332742691,0.006025735754519701,1.0
stochastic_0_10,"(0-10,0-10)",stochastic,augmented_action_delay,Augmented (+action buffer + delay values),"(0-10,0-10)",0,10,0,10,908000,8,23040,7,1.714551400754016,0.5723715988015079,81,-35.78578984970227,-35.7753600650467,0.44179987468768234,0.010429784655570984,0.005277769174426794,1.0
stochastic_0_10,"(0-10,0-10)",stochastic,augmented_action_delay,Augmented (+action buffer + delay values),"(0-10,0-10)",0,10,0,10,909000,9,25920,0,1.714551400754016,0.5723715988015079,85,-24.135678024496883,-24.103963615372777,0.2839491532293751,0.006342881824821234,0.005417298059910536,1.0
stochastic_0_10,"(0-10,0-10)",stochastic,augmented_action_delay,Augmented (+action buffer + delay values),"(0-10,0-10)",0,10,0,10,909000,9,25920,1,1.714551400754016,0.5723715988015079,81,-24.41026568086818,-24.400854397099465,0.3013613047020763,0.009411283768713474,0.0063944472931325436,1.0
stochastic_0_10,"(0-10,0-10)",stochastic,augmented_action_delay,Augmented (+action buffer + delay values),"(0-10,0-10)",0,10,0,10,909000,9,25920,2,1.714551400754016,0.5723715988015079,81,-29.86981964064762,-29.840830586384982,0.36876320544009406,0.028989054262638092,0.0043367198668420315,1.0
stochastic_0_10,"(0-10,0-10)",stochastic,augmented_action_delay,Augmented (+action buffer + delay values),"(0-10,0-10)",0,10,0,10,909000,9,25920,3,1.714551400754016,0.5723715988015079,84,-31.493505395017564,-31.436708862893283,0.3749226832740186,0.014199133031070232,0.00544976769015193,1.0
stochastic_0_10,"(0-10,0-10)",stochastic,augmented_action_delay,Augmented (+action buffer + delay values),"(0-10,0-10)",0,10,0,10,909000,9,25920,4,1.714551400754016,0.5723715988015079,83,-36.78953171055764,-36.74546370934695,0.44324737000671854,0.014689333736896515,0.010286775417625904,1.0
stochastic_0_10,"(0-10,0-10)",stochastic,augmented_action_delay,Augmented (+action buffer + delay values),"(0-10,0-10)",0,10,0,10,909000,9,25920,5,1.714551400754016,0.5723715988015079,82,-32.144913632655516,-32.11893930681981,0.39201114186165265,0.012987162917852402,0.001629742095246911,1.0
stochastic_0_10,"(0-10,0-10)",stochastic,augmented_action_delay,Augmented (+action buffer + delay values),"(0-10,0-10)",0,10,0,10,909000,9,25920,6,1.714551400754016,0.5723715988015079,84,-34.29717085137963,-34.260029561817646,0.40829965299261467,0.00928532239049673,0.0016629123128950596,1.0
stochastic_0_10,"(0-10,0-10)",stochastic,augmented_action_delay,Augmented (+action buffer + delay values),"(0-10,0-10)",0,10,0,10,909000,9,25920,7,1.714551400754016,0.5723715988015079,81,-22.733174194581807,-22.711157203651965,0.280656471538047,0.022016990929841995,0.0020827772095799446,1.0
stochastic_0_10,"(0-10,0-10)",stochastic,augmented_action_delay,Augmented (+action buffer + delay values),"(0-10,0-10)",0,10,0,10,910000,10,28800,0,1.714551400754016,0.5723715988015079,81,-29.550497273681685,-29.536610991461203,0.3648209539960702,0.013886282220482826,0.0017778296023607254,1.0
stochastic_0_10,"(0-10,0-10)",stochastic,augmented_action_delay,Augmented (+action buffer + delay values),"(0-10,0-10)",0,10,0,10,910000,10,28800,1,1.714551400754016,0.5723715988015079,87,-28.89440446125809,-28.675558315240778,0.3321195915087137,0.03126373514533043,0.0011405310360714793,1.0
stochastic_0_10,"(0-10,0-10)",stochastic,augmented_action_delay,Augmented (+action buffer + delay values),"(0-10,0-10)",0,10,0,10,910000,10,28800,2,1.714551400754016,0.5723715988015079,83,-25.04001641110517,-24.979693044209853,0.3016869447121105,0.02010778896510601,0.0024448982439935207,1.0
stochastic_0_10,"(0-10,0-10)",stochastic,augmented_action_delay,Augmented (+action buffer + delay values),"(0-10,0-10)",0,10,0,10,910000,10,28800,3,1.714551400754016,0.5723715988015079,81,-24.772292145062238,-24.74629175895825,0.3058307672229906,0.026000386103987694,0.005262131802737713,1.0
stochastic_0_10,"(0-10,0-10)",stochastic,augmented_action_delay,Augmented (+action buffer + delay values),"(0-10,0-10)",0,10,0,10,910000,10,28800,4,1.714551400754016,0.5723715988015079,80,-27.57644008845091,-27.57644008845091,0.34470550110563636,0.008040258660912514,0.004706212785094976,1.0
stochastic_0_10,"(0-10,0-10)",stochastic,augmented_action_delay,Augmented (+action buffer + delay values),"(0-10,0-10)",0,10,0,10,910000,10,28800,5,1.714551400754016,0.5723715988015079,84,-27.355580625357106,-27.341625208267942,0.32566167411139413,0.0034888542722910643,0.0034888542722910643,1.0
stochastic_0_10,"(0-10,0-10)",stochastic,augmented_action_delay,Augmented (+action buffer + delay values),"(0-10,0-10)",0,10,0,10,910000,10,28800,6,1.714551400754016,0.5723715988015079,81,-28.923526661121286,-28.906185915344395,0.35708057606322574,0.01734074577689171,0.0016207724111154675,1.0
stochastic_0_10,"(0-10,0-10)",stochastic,augmented_action_delay,Augmented (+action buffer + delay values),"(0-10,0-10)",0,10,0,10,910000,10,28800,7,1.714551400754016,0.5723715988015079,81,-30.20944192353636,-30.18853862490505,0.3729560731300785,0.020903298631310463,0.005763823166489601,1.0
stochastic_0_10,"(0-10,0-10)",stochastic,augmented_action_delay,Augmented (+action buffer + delay values),"(0-10,0-10)",0,10,0,10,911000,11,31680,0,1.714551400754016,0.5723715988015079,83,-31.39967643795535,-31.39151222538203,0.3783093546741608,0.002721404191106558,0.002721404191106558,1.0
stochastic_0_10,"(0-10,0-10)",stochastic,augmented_action_delay,Augmented (+action buffer + delay values),"(0-10,0-10)",0,10,0,10,911000,11,31680,1,1.714551400754016,0.5723715988015079,82,-34.242282420396805,-34.169279135763645,0.4175888100048391,0.03650164231657982,0.011534126475453377,1.0
stochastic_0_10,"(0-10,0-10)",stochastic,augmented_action_delay,Augmented (+action buffer + delay values),"(0-10,0-10)",0,10,0,10,911000,11,31680,2,1.714551400754016,0.5723715988015079,81,-26.55998683022335,-26.54655294632539,0.32790107197806606,0.013433883897960186,0.0057189022190868855,1.0
stochastic_0_10,"(0-10,0-10)",stochastic,augmented_action_delay,Augmented (+action buffer + delay values),"(0-10,0-10)",0,10,0,10,911000,11,31680,3,1.714551400754016,0.5723715988015079,84,-33.33907186915167,-33.31942223687656,0.396893712727996,0.004912408068776131,0.0027063845191150904,1.0
stochastic_0_10,"(0-10,0-10)",stochastic,augmented_action_delay,Augmented (+action buffer + delay values),"(0-10,0-10)",0,10,0,10,911000,11,31680,4,1.714551400754016,0.5723715988015079,81,-23.132150490535423,-23.117904358310625,0.285582104821425,0.014246132224798203,0.0014223528560250998,1.0
stochastic_0_10,"(0-10,0-10)",stochastic,augmented_action_delay,Augmented (+action buffer + delay values),"(0-10,0-10)",0,10,0,10,911000,11,31680,5,1.714551400754016,0.5723715988015079,82,-31.785824706894346,-31.726620232802816,0.38763200862066277,0.029602237045764923,0.0017008985159918666,1.0
stochastic_0_10,"(0-10,0-10)",stochastic,augmented_action_delay,Augmented (+action buffer + delay values),"(0-10,0-10)",0,10,0,10,911000,11,31680,6,1.714551400754016,0.5723715988015079,81,-34.616762107471004,-34.61257389211096,0.42736743342556793,0.004188215360045433,0.0028008988592773676,1.0
stochastic_0_10,"(0-10,0-10)",stochastic,augmented_action_delay,Augmented (+action buffer + delay values),"(0-10,0-10)",0,10,0,10,911000,11,31680,7,1.714551400754016,0.5723715988015079,85,-30.249799568671733,-30.099006932694465,0.3558799949255498,0.030158527195453644,0.004848276264965534,1.0
stochastic_0_10,"(0-10,0-10)",stochastic,augmented_action_delay,Augmented (+action buffer + delay values),"(0-10,0-10)",0,10,0,10,912000,12,34560,0,1.714551400754016,0.5723715988015079,82,-31.794885601848364,-31.74265244975686,0.3877425073396142,0.02611657604575157,0.008551995269954205,1.0
stochastic_0_10,"(0-10,0-10)",stochastic,augmented_action_delay,Augmented (+action buffer + delay values),"(0-10,0-10)",0,10,0,10,912000,12,34560,1,1.714551400754016,0.5723715988015079,81,-31.14724832540378,-31.1321795838885,0.3845339299432565,0.015068741515278816,0.005911629181355238,1.0
stochastic_0_10,"(0-10,0-10)",stochastic,augmented_action_delay,Augmented (+action buffer + delay values),"(0-10,0-10)",0,10,0,10,912000,12,34560,2,1.714551400754016,0.5723715988015079,82,-31.062818893929943,-31.049140190472826,0.37881486456012126,0.00683935172855854,0.0019839995075017214,1.0
stochastic_0_10,"(0-10,0-10)",stochastic,augmented_action_delay,Augmented (+action buffer + delay values),"(0-10,0-10)",0,10,0,10,912000,12,34560,3,1.714551400754016,0.5723715988015079,84,-32.28078046394512,-32.153402149211615,0.3842950055231562,0.03184457868337631,0.0038797976449131966,1.0
stochastic_0_10,"(0-10,0-10)",stochastic,augmented_action_delay,Augmented (+action buffer + delay values),"(0-10,0-10)",0,10,0,10,912000,12,34560,4,1.714551400754016,0.5723715988015079,82,-33.784273627214134,-33.743787358514965,0.41200333691724556,0.02024313434958458,0.004198108799755573,1.0
stochastic_0_10,"(0-10,0-10)",stochastic,augmented_action_delay,Augmented (+action buffer + delay values),"(0-10,0-10)",0,10,0,10,912000,12,34560,5,1.714551400754016,0.5723715988015079,83,-28.388755443505943,-28.311219268478453,0.3420331981145294,0.025845391675829887,0.01057311613112688,1.0
stochastic_0_10,"(0-10,0-10)",stochastic,augmented_action_delay,Augmented (+action buffer + delay values),"(0-10,0-10)",0,10,0,10,912000,12,34560,6,1.714551400754016,0.5723715988015079,86,-31.41520903399214,-31.29293188592419,0.3652931283022342,0.020379524677991867,0.007169485557824373,1.0
stochastic_0_10,"(0-10,0-10)",stochastic,augmented_action_delay,Augmented (+action buffer + delay values),"(0-10,0-10)",0,10,0,10,912000,12,34560,7,1.714551400754016,0.5723715988015079,82,-25.944244504440576,-25.89396743522957,0.3163932256639095,0.025138534605503082,0.0009808525210246444,1.0
stochastic_0_10,"(0-10,0-10)",stochastic,augmented_action_delay,Augmented (+action buffer + delay values),"(0-10,0-10)",0,10,0,10,913000,13,37440,0,1.714551400754016,0.5723715988015079,84,-26.484000314725563,-26.42325345869176,0.3152857180324472,0.015186714008450508,0.0016444267239421606,1.0
stochastic_0_10,"(0-10,0-10)",stochastic,augmented_action_delay,Augmented (+action buffer + delay values),"(0-10,0-10)",0,10,0,10,913000,13,37440,1,1.714551400754016,0.5723715988015079,82,-30.105871852021664,-30.07112492946908,0.367144778683191,0.0173734612762928,0.0010215447982773185,1.0
stochastic_0_10,"(0-10,0-10)",stochastic,augmented_action_delay,Augmented (+action buffer + delay values),"(0-10,0-10)",0,10,0,10,913000,13,37440,2,1.714551400754016,0.5723715988015079,82,-27.973390127997845,-27.922022383194417,0.3411389039999737,0.025683872401714325,0.006353012286126614,1.0
stochastic_0_10,"(0-10,0-10)",stochastic,augmented_action_delay,Augmented (+action buffer + delay values),"(0-10,0-10)",0,10,0,10,913000,13,37440,3,1.714551400754016,0.5723715988015079,80,-33.42376546282321,-33.42376546282321,0.4177970682852902,0.01890474185347557,0.008468983694911003,1.0
stochastic_0_10,"(0-10,0-10)",stochastic,augmented_action_delay,Augmented (+action buffer + delay values),"(0-10,0-10)",0,10,0,10,913000,13,37440,4,1.714551400754016,0.5723715988015079,81,-24.71878449060023,-24.696727292612195,0.3051701788962991,0.022057197988033295,0.003243564162403345,1.0
stochastic_0_10,"(0-10,0-10)",stochastic,augmented_action_delay,Augmented (+action buffer + delay values),"(0-10,0-10)",0,10,0,10,913000,13,37440,5,1.714551400754016,0.5723715988015079,86,-32.500077185221016,-32.38107702601701,0.377907874246756,0.019833359867334366,0.005930659826844931,1.0
stochastic_0_10,"(0-10,0-10)",stochastic,augmented_action_delay,Augmented (+action buffer + delay values),"(0-10,0-10)",0,10,0,10,913000,13,37440,6,1.714551400754016,0.5723715988015079,84,-26.136856192722917,-26.064083689823747,0.31115304991336806,0.01819312572479248,0.009849700145423412,1.0
stochastic_0_10,"(0-10,0-10)",stochastic,augmented_action_delay,Augmented (+action buffer + delay values),"(0-10,0-10)",0,10,0,10,913000,13,37440,7,1.714551400754016,0.5723715988015079,85,-28.723322075791657,-28.614403332583606,0.3379214361857842,0.021783748641610146,0.008779398165643215,1.0
stochastic_0_10,"(0-10,0-10)",stochastic,augmented_action_delay,Augmented (+action buffer + delay values),"(0-10,0-10)",0,10,0,10,914000,14,40320,0,1.714551400754016,0.5723715988015079,83,-24.607649313111324,-24.52560067345621,0.2964777025676063,0.027349546551704407,0.00045247800881043077,1.0
stochastic_0_10,"(0-10,0-10)",stochastic,augmented_action_delay,Augmented (+action buffer + delay values),"(0-10,0-10)",0,10,0,10,914000,14,40320,1,1.714551400754016,0.5723715988015079,84,-39.18501713452861,-39.13231852231547,0.46648829922057866,0.013174653053283691,0.007298242766410112,1.0
stochastic_0_10,"(0-10,0-10)",stochastic,augmented_action_delay,Augmented (+action buffer + delay values),"(0-10,0-10)",0,10,0,10,914000,14,40320,2,1.714551400754016,0.5723715988015079,84,-30.492477197782136,-30.36796252860222,0.3630056809259778,0.031128667294979095,0.0016313855303451419,1.0
stochastic_0_10,"(0-10,0-10)",stochastic,augmented_action_delay,Augmented (+action buffer + delay values),"(0-10,0-10)",0,10,0,10,914000,14,40320,3,1.714551400754016,0.5723715988015079,80,-29.100907592335716,-29.100907592335716,0.3637613449041964,0.010738523676991463,0.00271540111862123,1.0
stochastic_0_10,"(0-10,0-10)",stochastic,augmented_action_delay,Augmented (+action buffer + delay values),"(0-10,0-10)",0,10,0,10,914000,14,40320,4,1.714551400754016,0.5723715988015079,82,-31.80480558227282,-31.749922016519122,0.38786348271064414,0.027441782876849174,0.0011206719791516662,1.0
stochastic_0_10,"(0-10,0-10)",stochastic,augmented_action_delay,Augmented (+action buffer + delay values),"(0-10,0-10)",0,10,0,10,914000,14,40320,5,1.714551400754016,0.5723715988015079,84,-30.40562867373228,-30.33164318650961,0.36197176992538427,0.018496371805667877,0.004215237684547901,1.0
stochastic_0_10,"(0-10,0-10)",stochastic,augmented_action_delay,Augmented (+action buffer + delay values),"(0-10,0-10)",0,10,0,10,914000,14,40320,6,1.714551400754016,0.5723715988015079,83,-34.327578303869814,-34.27354978537187,0.41358528076951584,0.018009506165981293,0.004225407261401415,1.0
stochastic_0_10,"(0-10,0-10)",stochastic,augmented_action_delay,Augmented (+action buffer + delay values),"(0-10,0-10)",0,10,0,10,914000,14,40320,7,1.714551400754016,0.5723715988015079,84,-42.10350802447647,-42.03882522042841,0.5012322383866247,0.016170701012015343,0.0020809813868254423,1.0
stochastic_0_10,"(0-10,0-10)",stochastic,augmented_action_delay,Augmented (+action buffer + delay values),"(0-10,0-10)",0,10,0,10,915000,15,43200,0,1.714551400754016,0.5723715988015079,82,-22.799699182622135,-22.746639541350305,0.27804511198319676,0.026529820635914803,0.0029685308691114187,1.0
stochastic_0_10,"(0-10,0-10)",stochastic,augmented_action_delay,Augmented (+action buffer + delay values),"(0-10,0-10)",0,10,0,10,915000,15,43200,1,1.714551400754016,0.5723715988015079,83,-35.410813523223624,-35.34796267724596,0.42663630750871834,0.020950281992554665,0.0017888413276523352,1.0
stochastic_0_10,"(0-10,0-10)",stochastic,augmented_action_delay,Augmented (+action buffer + delay values),"(0-10,0-10)",0,10,0,10,915000,15,43200,2,1.714551400754016,0.5723715988015079,82,-34.142218473600224,-34.12367131863721,0.41636851797073443,0.009273577481508255,0.002037033438682556,1.0
stochastic_0_10,"(0-10,0-10)",stochastic,augmented_action_delay,Augmented (+action buffer + delay values),"(0-10,0-10)",0,10,0,10,915000,15,43200,3,1.714551400754016,0.5723715988015079,84,-29.31231126282364,-29.205679410137236,0.34895608646218623,0.026657963171601295,0.009397227317094803,1.0
stochastic_0_10,"(0-10,0-10)",stochastic,augmented_action_delay,Augmented (+action buffer + delay values),"(0-10,0-10)",0,10,0,10,915000,15,43200,4,1.714551400754016,0.5723715988015079,83,-23.3789424742572,-23.336798913311213,0.2816740057139422,0.014047853648662567,0.001682440284639597,1.0
stochastic_0_10,"(0-10,0-10)",stochastic,augmented_action_delay,Augmented (+action buffer + delay values),"(0-10,0-10)",0,10,0,10,915000,15,43200,5,1.714551400754016,0.5723715988015079,81,-36.43145446293056,-36.41180168092251,0.4497710427522291,0.019652782008051872,0.014381637796759605,1.0
stochastic_0_10,"(0-10,0-10)",stochastic,augmented_action_delay,Augmented (+action buffer + delay values),"(0-10,0-10)",0,10,0,10,915000,15,43200,6,1.714551400754016,0.5723715988015079,87,-29.02833876851946,-28.737145678140223,0.3336590663048214,0.04159901291131973,0.007423054426908493,1.0
stochastic_0_10,"(0-10,0-10)",stochastic,augmented_action_delay,Augmented (+action buffer + delay values),"(0-10,0-10)",0,10,0,10,915000,15,43200,7,1.714551400754016,0.5723715988015079,82,-37.457949018571526,-37.403560823295265,0.456804256324043,0.027194097638130188,0.005058912094682455,1.0
stochastic_0_10,"(0-10,0-10)",stochastic,augmented_action_delay,Augmented (+action buffer + delay values),"(0-10,0-10)",0,10,0,10,916000,16,46080,0,1.714551400754016,0.5723715988015079,82,-28.07919294387102,-28.058150267228484,0.34242918224232954,0.010521338321268559,0.006606397219002247,1.0
stochastic_0_10,"(0-10,0-10)",stochastic,augmented_action_delay,Augmented (+action buffer + delay values),"(0-10,0-10)",0,10,0,10,916000,16,46080,1,1.714551400754016,0.5723715988015079,82,-29.46075673098676,-29.445800819201395,0.3592775211095946,0.0074779558926820755,0.00367510668002069,1.0
stochastic_0_10,"(0-10,0-10)",stochastic,augmented_action_delay,Augmented (+action buffer + delay values),"(0-10,0-10)",0,10,0,10,916000,16,46080,2,1.714551400754016,0.5723715988015079,83,-27.26952956727473,-27.17867373226909,0.32854854900331,0.03028527833521366,0.0003286685678176582,1.0
stochastic_0_10,"(0-10,0-10)",stochastic,augmented_action_delay,Augmented (+action buffer + delay values),"(0-10,0-10)",0,10,0,10,916000,16,46080,3,1.714551400754016,0.5723715988015079,82,-30.34321924787946,-30.329211083473638,0.37003925912048125,0.007004082202911377,0.0026963369455188513,1.0
stochastic_0_10,"(0-10,0-10)",stochastic,augmented_action_delay,Augmented (+action buffer + delay values),"(0-10,0-10)",0,10,0,10,916000,16,46080,4,1.714551400754016,0.5723715988015079,84,-33.26153076719493,-33.203219990246,0.39597060437136816,0.014577694237232208,0.01406783889979124,1.0
stochastic_0_10,"(0-10,0-10)",stochastic,augmented_action_delay,Augmented (+action buffer + delay values),"(0-10,0-10)",0,10,0,10,916000,16,46080,5,1.714551400754016,0.5723715988015079,81,-30.731170586310327,-30.712620050646365,0.37939716773222626,0.018550535663962364,0.00453521404415369,1.0
stochastic_0_10,"(0-10,0-10)",stochastic,augmented_action_delay,Augmented (+action buffer + delay values),"(0-10,0-10)",0,10,0,10,916000,16,46080,6,1.714551400754016,0.5723715988015079,82,-31.765418833121657,-31.711761025711894,0.38738315650148364,0.026828903704881668,0.011692987754940987,1.0
stochastic_0_10,"(0-10,0-10)",stochastic,augmented_action_delay,Augmented (+action buffer + delay values),"(0-10,0-10)",0,10,0,10,916000,16,46080,7,1.714551400754016,0.5723715988015079,85,-35.038195739965886,-34.987263636197895,0.4122140675290104,0.010186420753598213,0.0048363106325268745,1.0
stochastic_0_10,"(0-10,0-10)",stochastic,augmented_action_delay,Augmented (+action buffer + delay values),"(0-10,0-10)",0,10,0,10,917000,17,48960,0,1.714551400754016,0.5723715988015079,85,-25.53430714807473,-25.3788218756672,0.30040361350676154,0.031097054481506348,0.003487708978354931,1.0
stochastic_0_10,"(0-10,0-10)",stochastic,augmented_action_delay,Augmented (+action buffer + delay values),"(0-10,0-10)",0,10,0,10,917000,17,48960,1,1.714551400754016,0.5723715988015079,85,-27.309834061190486,-27.14922154136002,0.32129216542577044,0.03212250396609306,0.0033021681010723114,1.0
stochastic_0_10,"(0-10,0-10)",stochastic,augmented_action_delay,Augmented (+action buffer + delay values),"(0-10,0-10)",0,10,0,10,917000,17,48960,2,1.714551400754016,0.5723715988015079,83,-29.441225920105353,-29.352239847416058,0.3547135653024741,0.02966202422976494,0.0011069320607930422,1.0
stochastic_0_10,"(0-10,0-10)",stochastic,augmented_action_delay,Augmented (+action buffer + delay values),"(0-10,0-10)",0,10,0,10,917000,17,48960,3,1.714551400754016,0.5723715988015079,82,-28.4454536694102,-28.409268605988473,0.34689577645622194,0.018092531710863113,0.005062599200755358,1.0
stochastic_0_10,"(0-10,0-10)",stochastic,augmented_action_delay,Augmented (+action buffer + delay values),"(0-10,0-10)",0,10,0,10,917000,17,48960,4,1.714551400754016,0.5723715988015079,82,-25.149342469871044,-25.119100825861096,0.30669929841306154,0.015120822004973888,0.00195505702868104,1.0
stochastic_0_10,"(0-10,0-10)",stochastic,augmented_action_delay,Augmented (+action buffer + delay values),"(0-10,0-10)",0,10,0,10,917000,17,48960,5,1.714551400754016,0.5723715988015079,83,-27.84333107783459,-27.825348583282903,0.3354618202148746,0.005994164850562811,0.0014999909326434135,1.0
stochastic_0_10,"(0-10,0-10)",stochastic,augmented_action_delay,Augmented (+action buffer + delay values),"(0-10,0-10)",0,10,0,10,917000,17,48960,6,1.714551400754016,0.5723715988015079,84,-19.94125648844056,-19.86957427370362,0.2373959105766733,0.01792055368423462,0.0010689329355955124,1.0
stochastic_0_10,"(0-10,0-10)",stochastic,augmented_action_delay,Augmented (+action buffer + delay values),"(0-10,0-10)",0,10,0,10,917000,17,48960,7,1.714551400754016,0.5723715988015079,81,-29.807475469075143,-29.77209088485688,0.36799352430956966,0.035384584218263626,0.005099779926240444,1.0
stochastic_0_10,"(0-10,0-10)",stochastic,augmented_action_delay,Augmented (+action buffer + delay values),"(0-10,0-10)",0,10,0,10,918000,18,51840,0,1.714551400754016,0.5723715988015079,84,-35.340494613396004,-35.309034570353106,0.420720173969,0.007865010760724545,0.003057155990973115,1.0
stochastic_0_10,"(0-10,0-10)",stochastic,augmented_action_delay,Augmented (+action buffer + delay values),"(0-10,0-10)",0,10,0,10,918000,18,51840,1,1.714551400754016,0.5723715988015079,85,-28.343651817995124,-28.26191303494852,0.3334547272705309,0.01634775660932064,0.001188916270621121,1.0
stochastic_0_10,"(0-10,0-10)",stochastic,augmented_action_delay,Augmented (+action buffer + delay values),"(0-10,0-10)",0,10,0,10,918000,18,51840,2,1.714551400754016,0.5723715988015079,80,-28.559827650897205,-28.559827650897205,0.35699784563621506,0.0196225605905056,0.0016078706830739975,1.0
stochastic_0_10,"(0-10,0-10)",stochastic,augmented_action_delay,Augmented (+action buffer + delay values),"(0-10,0-10)",0,10,0,10,918000,18,51840,3,1.714551400754016,0.5723715988015079,83,-35.16743273544125,-35.11286588641815,0.423704008860738,0.018188949674367905,0.0026742934715002775,1.0
stochastic_0_10,"(0-10,0-10)",stochastic,augmented_action_delay,Augmented (+action buffer + delay values),"(0-10,0-10)",0,10,0,10,918000,18,51840,4,1.714551400754016,0.5723715988015079,83,-25.82035667146556,-25.707784202648327,0.31108863459597064,0.037524156272411346,0.0027306373231112957,1.0
stochastic_0_10,"(0-10,0-10)",stochastic,augmented_action_delay,Augmented (+action buffer + delay values),"(0-10,0-10)",0,10,0,10,918000,18,51840,5,1.714551400754016,0.5723715988015079,83,-30.598191298777238,-30.537671258905903,0.3686529072141836,0.020173346623778343,0.0023251224774867296,1.0
stochastic_0_10,"(0-10,0-10)",stochastic,augmented_action_delay,Augmented (+action buffer + delay values),"(0-10,0-10)",0,10,0,10,918000,18,51840,6,1.714551400754016,0.5723715988015079,82,-29.787661180831492,-29.759034781716764,0.3632641607418475,0.014313199557363987,0.013987322337925434,1.0
stochastic_0_10,"(0-10,0-10)",stochastic,augmented_action_delay,Augmented (+action buffer + delay values),"(0-10,0-10)",0,10,0,10,918000,18,51840,7,1.714551400754016,0.5723715988015079,83,-24.000499601243064,-23.92932196590118,0.2891626457981092,0.023725878447294235,0.0027768302243202925,1.0
stochastic_0_10,"(0-10,0-10)",stochastic,augmented_action_delay,Augmented (+action buffer + delay values),"(0-10,0-10)",0,10,0,10,919000,19,54720,0,1.714551400754016,0.5723715988015079,81,-34.6339161475189,-34.61958454689011,0.42757921169776425,0.01433160062879324,0.0034387055784463882,1.0
stochastic_0_10,"(0-10,0-10)",stochastic,augmented_action_delay,Augmented (+action buffer + delay values),"(0-10,0-10)",0,10,0,10,919000,19,54720,1,1.714551400754016,0.5723715988015079,82,-30.925877870758995,-30.886064691236243,0.37714485208242676,0.01990658976137638,0.001981341512873769,1.0
stochastic_0_10,"(0-10,0-10)",stochastic,augmented_action_delay,Augmented (+action buffer + delay values),"(0-10,0-10)",0,10,0,10,919000,19,54720,2,1.714551400754016,0.5723715988015079,85,-28.948251033376437,-28.796043588023167,0.34056765921619336,0.030441489070653915,0.000886236026417464,1.0
stochastic_0_10,"(0-10,0-10)",stochastic,augmented_action_delay,Augmented (+action buffer + delay values),"(0-10,0-10)",0,10,0,10,919000,19,54720,3,1.714551400754016,0.5723715988015079,82,-29.695601117797196,-29.679229027591646,0.3621414770463073,0.008186045102775097,0.00462793093174696,1.0
stochastic_0_10,"(0-10,0-10)",stochastic,augmented_action_delay,Augmented (+action buffer + delay values),"(0-10,0-10)",0,10,0,10,919000,19,54720,4,1.714551400754016,0.5723715988015079,81,-24.9449619622319,-24.92642609862378,0.30796249336088766,0.018535863608121872,0.0006395074888132513,1.0
stochastic_0_10,"(0-10,0-10)",stochastic,augmented_action_delay,Augmented (+action buffer + delay values),"(0-10,0-10)",0,10,0,10,919000,19,54720,5,1.714551400754016,0.5723715988015079,83,-27.959788385778666,-27.927738494239748,0.33686492031058635,0.01068329717963934,0.001473667100071907,1.0
stochastic_0_10,"(0-10,0-10)",stochastic,augmented_action_delay,Augmented (+action buffer + delay values),"(0-10,0-10)",0,10,0,10,919000,19,54720,6,1.714551400754016,0.5723715988015079,82,-30.162875175941736,-30.104684848804027,0.36783994117002117,0.029095163568854332,0.005098813679069281,1.0
stochastic_0_10,"(0-10,0-10)",stochastic,augmented_action_delay,Augmented (+action buffer + delay values),"(0-10,0-10)",0,10,0,10,919000,19,54720,7,1.714551400754016,0.5723715988015079,83,-31.110407532658428,-31.090342446696013,0.374824187140463,0.0066883619874715805,0.0037485810462385416,1.0
stochastic_0_10,"(0-10,0-10)",stochastic,augmented_action_delay,Augmented (+action buffer + delay values),"(0-10,0-10)",0,10,0,10,920000,20,57600,0,1.714551400754016,0.5723715988015079,85,-35.05496993660927,-34.995562699623406,0.4124114110189326,0.011881447397172451,0.0017041487153619528,1.0
stochastic_0_10,"(0-10,0-10)",stochastic,augmented_action_delay,Augmented (+action buffer + delay values),"(0-10,0-10)",0,10,0,10,920000,20,57600,1,1.714551400754016,0.5723715988015079,83,-25.029593692161143,-24.96691056806594,0.30156136978507403,0.020894374698400497,0.008298840373754501,1.0
stochastic_0_10,"(0-10,0-10)",stochastic,augmented_action_delay,Augmented (+action buffer + delay values),"(0-10,0-10)",0,10,0,10,920000,20,57600,2,1.714551400754016,0.5723715988015079,84,-26.226734520867467,-26.070900263264775,0.312223030010327,0.03895856440067291,0.0031544086523354053,1.0
stochastic_0_10,"(0-10,0-10)",stochastic,augmented_action_delay,Augmented (+action buffer + delay values),"(0-10,0-10)",0,10,0,10,920000,20,57600,3,1.714551400754016,0.5723715988015079,83,-30.26368256728165,-30.146574673010036,0.36462268153351385,0.039035964757204056,0.0026128932368010283,1.0
stochastic_0_10,"(0-10,0-10)",stochastic,augmented_action_delay,Augmented (+action buffer + delay values),"(0-10,0-10)",0,10,0,10,920000,20,57600,4,1.714551400754016,0.5723715988015079,81,-33.875679715536535,-33.857754298485816,0.41821826809304363,0.01792541705071926,0.014864255674183369,1.0
stochastic_0_10,"(0-10,0-10)",stochastic,augmented_action_delay,Augmented (+action buffer + delay values),"(0-10,0-10)",0,10,0,10,920000,20,57600,5,1.714551400754016,0.5723715988015079,83,-33.60598591249436,-33.55990694463253,0.40489139653607664,0.01535965595394373,0.005447301082313061,1.0
stochastic_0_10,"(0-10,0-10)",stochastic,augmented_action_delay,Augmented (+action buffer + delay values),"(0-10,0-10)",0,10,0,10,920000,20,57600,6,1.714551400754016,0.5723715988015079,82,-27.348483241163194,-27.326073148287833,0.33351808830686824,0.011205046437680721,0.0038691535592079163,1.0
stochastic_0_10,"(0-10,0-10)",stochastic,augmented_action_delay,Augmented (+action buffer + delay values),"(0-10,0-10)",0,10,0,10,920000,20,57600,7,1.714551400754016,0.5723715988015079,82,-25.032805017195642,-24.994350875727832,0.3052781099658005,0.01922707073390484,0.0067163631319999695,1.0
stochastic_0_10,"(0-10,0-10)",stochastic,augmented_action_delay,Augmented (+action buffer + delay values),"(0-10,0-10)",0,10,0,10,921000,21,60480,0,1.714551400754016,0.5723715988015079,83,-24.40551003208384,-24.29255757248029,0.2940422895431788,0.03765081986784935,0.003934700973331928,1.0
stochastic_0_10,"(0-10,0-10)",stochastic,augmented_action_delay,Augmented (+action buffer + delay values),"(0-10,0-10)",0,10,0,10,921000,21,60480,1,1.714551400754016,0.5723715988015079,81,-31.321028637699783,-31.278000972233713,0.38667936589752816,0.043027665466070175,0.007501331157982349,1.0
stochastic_0_10,"(0-10,0-10)",stochastic,augmented_action_delay,Augmented (+action buffer + delay values),"(0-10,0-10)",0,10,0,10,921000,21,60480,2,1.714551400754016,0.5723715988015079,86,-31.780165213625878,-31.669276166241616,0.3695368048096032,0.018481507897377014,0.0011074182111769915,1.0
stochastic_0_10,"(0-10,0-10)",stochastic,augmented_action_delay,Augmented (+action buffer + delay values),"(0-10,0-10)",0,10,0,10,921000,21,60480,3,1.714551400754016,0.5723715988015079,81,-29.03568213339895,-29.004374797455966,0.35846521152344385,0.03130733594298363,0.008266478776931763,1.0
stochastic_0_10,"(0-10,0-10)",stochastic,augmented_action_delay,Augmented (+action buffer + delay values),"(0-10,0-10)",0,10,0,10,921000,21,60480,4,1.714551400754016,0.5723715988015079,84,-25.6925913291052,-25.61384527105838,0.3058641824893476,0.019686514511704445,0.0026910174638032913,1.0
stochastic_0_10,"(0-10,0-10)",stochastic,augmented_action_delay,Augmented (+action buffer + delay values),"(0-10,0-10)",0,10,0,10,921000,21,60480,5,1.714551400754016,0.5723715988015079,80,-35.32287984061986,-35.32287984061986,0.4415359980077483,0.026255592703819275,0.0040833605453372,1.0
stochastic_0_10,"(0-10,0-10)",stochastic,augmented_action_delay,Augmented (+action buffer + delay values),"(0-10,0-10)",0,10,0,10,921000,21,60480,6,1.714551400754016,0.5723715988015079,83,-24.583616585470736,-24.56351333670318,0.29618815163217754,0.006701082922518253,0.006701082922518253,1.0
stochastic_0_10,"(0-10,0-10)",stochastic,augmented_action_delay,Augmented (+action buffer + delay values),"(0-10,0-10)",0,10,0,10,921000,21,60480,7,1.714551400754016,0.5723715988015079,83,-35.83244669798296,-35.74838765885215,0.4317162252769031,0.028019679710268974,0.0016805435298010707,1.0
stochastic_0_10,"(0-10,0-10)",stochastic,augmented_action_delay,Augmented (+action buffer + delay values),"(0-10,0-10)",0,10,0,10,922000,22,63360,0,1.714551400754016,0.5723715988015079,83,-30.383744932245463,-30.35662572318688,0.36606921605115017,0.009039736352860928,0.0018047553021460772,1.0
stochastic_0_10,"(0-10,0-10)",stochastic,augmented_action_delay,Augmented (+action buffer + delay values),"(0-10,0-10)",0,10,0,10,922000,22,63360,1,1.714551400754016,0.5723715988015079,84,-24.92013740283437,-24.806714412989095,0.2966683024146949,0.02835574746131897,0.0026024889666587114,1.0
stochastic_0_10,"(0-10,0-10)",stochastic,augmented_action_delay,Augmented (+action buffer + delay values),"(0-10,0-10)",0,10,0,10,922000,22,63360,2,1.714551400754016,0.5723715988015079,84,-29.883966200286523,-29.797745257848874,0.3557615023843634,0.021555235609412193,0.0028116938192397356,1.0
stochastic_0_10,"(0-10,0-10)",stochastic,augmented_action_delay,Augmented (+action buffer + delay values),"(0-10,0-10)",0,10,0,10,922000,22,63360,3,1.714551400754016,0.5723715988015079,84,-34.45995980780572,-34.41450785379857,0.41023761675959186,0.011362988501787186,0.002062757732346654,1.0
stochastic_0_10,"(0-10,0-10)",stochastic,augmented_action_delay,Augmented (+action buffer + delay values),"(0-10,0-10)",0,10,0,10,922000,22,63360,4,1.714551400754016,0.5723715988015079,82,-29.075421714922413,-29.047359173884615,0.3545783135966148,0.014031270518898964,0.002667273161932826,1.0
stochastic_0_10,"(0-10,0-10)",stochastic,augmented_action_delay,Augmented (+action buffer + delay values),"(0-10,0-10)",0,10,0,10,922000,22,63360,5,1.714551400754016,0.5723715988015079,85,-33.32706006243825,-33.08867331594229,0.3920830595580971,0.04767734929919243,0.018607424572110176,1.0
stochastic_0_10,"(0-10,0-10)",stochastic,augmented_action_delay,Augmented (+action buffer + delay values),"(0-10,0-10)",0,10,0,10,922000,22,63360,6,1.714551400754016,0.5723715988015079,86,-32.279214649111964,-32.198627863661386,0.37533970522223215,0.013431130908429623,0.0018054830143228173,1.0
stochastic_0_10,"(0-10,0-10)",stochastic,augmented_action_delay,Augmented (+action buffer + delay values),"(0-10,0-10)",0,10,0,10,922000,22,63360,7,1.714551400754016,0.5723715988015079,82,-24.165604283101857,-24.14545848313719,0.2947024912573397,0.010072899982333183,0.004536914639174938,1.0
stochastic_0_10,"(0-10,0-10)",stochastic,augmented_action_delay,Augmented (+action buffer + delay values),"(0-10,0-10)",0,10,0,10,923000,23,66240,0,1.714551400754016,0.5723715988015079,83,-33.4774624700658,-33.41848381748423,0.403342921326094,0.019659550860524178,0.002426020335406065,1.0
stochastic_0_10,"(0-10,0-10)",stochastic,augmented_action_delay,Augmented (+action buffer + delay values),"(0-10,0-10)",0,10,0,10,923000,23,66240,1,1.714551400754016,0.5723715988015079,87,-25.97224402613938,-25.874983228743076,0.2985315405303377,0.013894399628043175,0.006791882216930389,1.0
stochastic_0_10,"(0-10,0-10)",stochastic,augmented_action_delay,Augmented (+action buffer + delay values),"(0-10,0-10)",0,10,0,10,923000,23,66240,2,1.714551400754016,0.5723715988015079,81,-26.489549523452297,-26.47736560855992,0.3270314755981765,0.01218391489237547,0.0021143199410289526,1.0
stochastic_0_10,"(0-10,0-10)",stochastic,augmented_action_delay,Augmented (+action buffer + delay values),"(0-10,0-10)",0,10,0,10,923000,23,66240,3,1.714551400754016,0.5723715988015079,83,-32.0303385121515,-31.946392578422092,0.385907692917488,0.02798197790980339,0.001660747337155044,1.0
stochastic_0_10,"(0-10,0-10)",stochastic,augmented_action_delay,Augmented (+action buffer + delay values),"(0-10,0-10)",0,10,0,10,923000,23,66240,4,1.714551400754016,0.5723715988015079,82,-33.9691083926009,-33.91562443703879,0.4142574194219622,0.026741977781057358,0.0009750529425218701,1.0
stochastic_0_10,"(0-10,0-10)",stochastic,augmented_action_delay,Augmented (+action buffer + delay values),"(0-10,0-10)",0,10,0,10,923000,23,66240,5,1.714551400754016,0.5723715988015079,81,-22.678437980590388,-22.665600497974083,0.27998071580975786,0.012837482616305351,0.0033603019546717405,1.0
stochastic_0_10,"(0-10,0-10)",stochastic,augmented_action_delay,Augmented (+action buffer + delay values),"(0-10,0-10)",0,10,0,10,923000,23,66240,6,1.714551400754016,0.5723715988015079,81,-22.15407130192034,-22.147776320343837,0.27350705311012763,0.006294981576502323,0.0019445328507572412,1.0
stochastic_0_10,"(0-10,0-10)",stochastic,augmented_action_delay,Augmented (+action buffer + delay values),"(0-10,0-10)",0,10,0,10,923000,23,66240,7,1.714551400754016,0.5723715988015079,82,-40.23229899909347,-40.17030357476324,0.49063779267187163,0.030997712165117264,0.008373909629881382,1.0
stochastic_0_10,"(0-10,0-10)",stochastic,augmented_action_delay,Augmented (+action buffer + delay values),"(0-10,0-10)",0,10,0,10,924000,24,69120,0,1.714551400754016,0.5723715988015079,83,-30.875153875444084,-30.808765028137714,0.371989805728242,0.022129615768790245,0.0020927186124026775,1.0
stochastic_0_10,"(0-10,0-10)",stochastic,augmented_action_delay,Augmented (+action buffer + delay values),"(0-10,0-10)",0,10,0,10,924000,24,69120,1,1.714551400754016,0.5723715988015079,80,-39.66503888415173,-39.66503888415173,0.4958129860518966,0.04878273233771324,0.0050394474528729916,1.0
stochastic_0_10,"(0-10,0-10)",stochastic,augmented_action_delay,Augmented (+action buffer + delay values),"(0-10,0-10)",0,10,0,10,924000,24,69120,2,1.714551400754016,0.5723715988015079,82,-30.384775201557204,-30.372834977461025,0.3705460390433805,0.005970112048089504,0.002229700330644846,1.0
stochastic_0_10,"(0-10,0-10)",stochastic,augmented_action_delay,Augmented (+action buffer + delay values),"(0-10,0-10)",0,10,0,10,924000,24,69120,3,1.714551400754016,0.5723715988015079,86,-34.14858768857084,-33.86547049111687,0.3970766010298935,0.04718619957566261,0.0025523726362735033,1.0
stochastic_0_10,"(0-10,0-10)",stochastic,augmented_action_delay,Augmented (+action buffer + delay values),"(0-10,0-10)",0,10,0,10,924000,24,69120,4,1.714551400754016,0.5723715988015079,81,-35.43173458450474,-35.42177928634919,0.4374288220309227,0.009955298155546188,0.0038711780216544867,1.0
stochastic_0_10,"(0-10,0-10)",stochastic,augmented_action_delay,Augmented (+action buffer + delay values),"(0-10,0-10)",0,10,0,10,924000,24,69120,5,1.714551400754016,0.5723715988015079,84,-30.82959455717355,-30.82452847249806,0.36701898282349465,0.001266521168872714,0.001266521168872714,1.0
stochastic_0_10,"(0-10,0-10)",stochastic,augmented_action_delay,Augmented (+action buffer + delay values),"(0-10,0-10)",0,10,0,10,924000,24,69120,6,1.714551400754016,0.5723715988015079,83,-34.34591390984133,-34.28998338105157,0.4138061916848353,0.018643509596586227,0.0042885723523795605,1.0
stochastic_0_10,"(0-10,0-10)",stochastic,augmented_action_delay,Augmented (+action buffer + delay values),"(0-10,0-10)",0,10,0,10,924000,24,69120,7,1.714551400754016,0.5723715988015079,82,-26.509937435388565,-26.492574030533433,0.323291919943763,0.008681702427566051,0.002567694988101721,1.0
stochastic_0_10,"(0-10,0-10)",stochastic,augmented_action_delay,Augmented (+action buffer + delay values),"(0-10,0-10)",0,10,0,10,1000000,0,0,0,0.7592573860315994,0.2384058440442351,83,-30.93530732113868,-30.83656643424183,0.3727145460378154,0.032913628965616226,0.009286116808652878,1.0
stochastic_0_10,"(0-10,0-10)",stochastic,augmented_action_delay,Augmented (+action buffer + delay values),"(0-10,0-10)",0,10,0,10,1000000,0,0,1,0.7592573860315994,0.2384058440442351,85,-31.082811202621087,-30.932260542875156,0.3656801317955422,0.030110131949186325,0.002747443737462163,1.0
stochastic_0_10,"(0-10,0-10)",stochastic,augmented_action_delay,Augmented (+action buffer + delay values),"(0-10,0-10)",0,10,0,10,1000000,0,0,2,0.7592573860315994,0.2384058440442351,84,-33.775151789188385,-33.71840985864401,0.4020851403474808,0.014185482636094093,0.014185482636094093,1.0
stochastic_0_10,"(0-10,0-10)",stochastic,augmented_action_delay,Augmented (+action buffer + delay values),"(0-10,0-10)",0,10,0,10,1000000,0,0,3,0.7592573860315994,0.2384058440442351,84,-28.457546947756782,-28.26480515138246,0.33878032080662834,0.048185449093580246,0.0032168554607778788,1.0
stochastic_0_10,"(0-10,0-10)",stochastic,augmented_action_delay,Augmented (+action buffer + delay values),"(0-10,0-10)",0,10,0,10,1000000,0,0,4,0.7592573860315994,0.2384058440442351,88,-34.69675833918154,-34.36419025994837,0.39428134476342663,0.041571009904146194,0.002306811511516571,1.0
stochastic_0_10,"(0-10,0-10)",stochastic,augmented_action_delay,Augmented (+action buffer + delay values),"(0-10,0-10)",0,10,0,10,1000000,0,0,5,0.7592573860315994,0.2384058440442351,80,-31.71285978378728,-31.71285978378728,0.396410747297341,0.009039046242833138,0.0006148042157292366,1.0
stochastic_0_10,"(0-10,0-10)",stochastic,augmented_action_delay,Augmented (+action buffer + delay values),"(0-10,0-10)",0,10,0,10,1000000,0,0,6,0.7592573860315994,0.2384058440442351,82,-35.098258435726166,-35.08811144530773,0.4280275418990996,0.0050734952092170715,0.0050734952092170715,1.0
stochastic_0_10,"(0-10,0-10)",stochastic,augmented_action_delay,Augmented (+action buffer + delay values),"(0-10,0-10)",0,10,0,10,1000000,0,0,7,0.7592573860315994,0.2384058440442351,88,-31.875691649271175,-31.785068024648353,0.3622237687417179,0.011327953077852726,0.0025184599217027426,1.0
stochastic_0_10,"(0-10,0-10)",stochastic,augmented_action_delay,Augmented (+action buffer + delay values),"(0-10,0-10)",0,10,0,10,1001000,1,2880,0,2.556331726360363,0.6675063931871399,83,-25.38652695994824,-25.35441390518099,0.30586177060178604,0.010704351589083672,0.006573591381311417,1.0
stochastic_0_10,"(0-10,0-10)",stochastic,augmented_action_delay,Augmented (+action buffer + delay values),"(0-10,0-10)",0,10,0,10,1001000,1,2880,1,2.556331726360363,0.6675063931871399,85,-26.27023332612589,-26.095967934001237,0.30906156854265754,0.03485307842493057,0.00526378583163023,1.0
stochastic_0_10,"(0-10,0-10)",stochastic,augmented_action_delay,Augmented (+action buffer + delay values),"(0-10,0-10)",0,10,0,10,1001000,1,2880,2,2.556331726360363,0.6675063931871399,83,-29.108108397573233,-28.997062787413597,0.3507001011755811,0.03701520338654518,0.006106975954025984,1.0
stochastic_0_10,"(0-10,0-10)",stochastic,augmented_action_delay,Augmented (+action buffer + delay values),"(0-10,0-10)",0,10,0,10,1001000,1,2880,3,2.556331726360363,0.6675063931871399,86,-32.26025876007043,-32.065248641883954,0.3751192879077957,0.03250168636441231,0.0020817723125219345,1.0
stochastic_0_10,"(0-10,0-10)",stochastic,augmented_action_delay,Augmented (+action buffer + delay values),"(0-10,0-10)",0,10,0,10,1001000,1,2880,4,2.556331726360363,0.6675063931871399,82,-35.115335599984974,-35.06622936343774,0.42823579999981676,0.024553118273615837,0.005454262252897024,1.0
stochastic_0_10,"(0-10,0-10)",stochastic,augmented_action_delay,Augmented (+action buffer + delay values),"(0-10,0-10)",0,10,0,10,1001000,1,2880,5,2.556331726360363,0.6675063931871399,83,-32.94426674116403,-32.90523857995868,0.39691887639956663,0.013009387068450451,0.0011841203086078167,1.0
stochastic_0_10,"(0-10,0-10)",stochastic,augmented_action_delay,Augmented (+action buffer + delay values),"(0-10,0-10)",0,10,0,10,1001000,1,2880,6,2.556331726360363,0.6675063931871399,82,-32.924948782194406,-32.87177052022889,0.40152376563651715,0.026589130982756615,0.002181319985538721,1.0
stochastic_0_10,"(0-10,0-10)",stochastic,augmented_action_delay,Augmented (+action buffer + delay values),"(0-10,0-10)",0,10,0,10,1001000,1,2880,7,2.556331726360363,0.6675063931871399,81,-20.816990851890296,-20.807026193011552,0.256999887060374,0.009964658878743649,0.002516555367037654,1.0
stochastic_0_10,"(0-10,0-10)",stochastic,augmented_action_delay,Augmented (+action buffer + delay values),"(0-10,0-10)",0,10,0,10,1002000,2,5760,0,2.556331726360363,0.6675063931871399,80,-27.881191830616444,-27.881191830616444,0.34851489788270557,0.031216315925121307,0.00555665185675025,1.0
stochastic_0_10,"(0-10,0-10)",stochastic,augmented_action_delay,Augmented (+action buffer + delay values),"(0-10,0-10)",0,10,0,10,1002000,2,5760,1,2.556331726360363,0.6675063931871399,81,-25.158437877194956,-25.142240184592083,0.31059799848388836,0.01619769260287285,0.0015443405136466026,1.0
stochastic_0_10,"(0-10,0-10)",stochastic,augmented_action_delay,Augmented (+action buffer + delay values),"(0-10,0-10)",0,10,0,10,1002000,2,5760,2,2.556331726360363,0.6675063931871399,82,-32.32172970456304,-32.30730139912339,0.3941674354215005,0.007214152719825506,0.0008625939371995628,1.0
stochastic_0_10,"(0-10,0-10)",stochastic,augmented_action_delay,Augmented (+action buffer + delay values),"(0-10,0-10)",0,10,0,10,1002000,2,5760,3,2.556331726360363,0.6675063931871399,82,-27.048165418207645,-27.009653732180595,0.32985567583180053,0.01925584301352501,0.001932760002091527,1.0
stochastic_0_10,"(0-10,0-10)",stochastic,augmented_action_delay,Augmented (+action buffer + delay values),"(0-10,0-10)",0,10,0,10,1002000,2,5760,4,2.556331726360363,0.6675063931871399,81,-33.75980413425714,-33.737923736684024,0.41678770536119925,0.02188039757311344,0.0063565876334905624,1.0
stochastic_0_10,"(0-10,0-10)",stochastic,augmented_action_delay,Augmented (+action buffer + delay values),"(0-10,0-10)",0,10,0,10,1002000,2,5760,5,2.556331726360363,0.6675063931871399,83,-37.080829376354814,-36.98457450605929,0.4467569804380098,0.032084956765174866,0.004226974677294493,1.0
stochastic_0_10,"(0-10,0-10)",stochastic,augmented_action_delay,Augmented (+action buffer + delay values),"(0-10,0-10)",0,10,0,10,1002000,2,5760,6,2.556331726360363,0.6675063931871399,81,-28.341878100298345,-28.314913525246084,0.3498997296333129,0.026964575052261353,0.014383560977876186,1.0
stochastic_0_10,"(0-10,0-10)",stochastic,augmented_action_delay,Augmented (+action buffer + delay values),"(0-10,0-10)",0,10,0,10,1002000,2,5760,7,2.556331726360363,0.6675063931871399,81,-39.45423577330075,-39.45142239239067,0.4870893305345772,0.0028133809100836515,0.0026164401788264513,1.0
stochastic_0_10,"(0-10,0-10)",stochastic,augmented_action_delay,Augmented (+action buffer + delay values),"(0-10,0-10)",0,10,0,10,1003000,3,8640,0,2.556331726360363,0.6675063931871399,82,-32.172443334013224,-32.15995624754578,0.3923468699269905,0.006243543233722448,0.002588183619081974,1.0
stochastic_0_10,"(0-10,0-10)",stochastic,augmented_action_delay,Augmented (+action buffer + delay values),"(0-10,0-10)",0,10,0,10,1003000,3,8640,1,2.556331726360363,0.6675063931871399,81,-30.404276999644935,-30.37944991979748,0.3753614444400609,0.024827079847455025,0.009923692792654037,1.0
stochastic_0_10,"(0-10,0-10)",stochastic,augmented_action_delay,Augmented (+action buffer + delay values),"(0-10,0-10)",0,10,0,10,1003000,3,8640,2,2.556331726360363,0.6675063931871399,84,-25.358419907162897,-25.26830585754942,0.3018859512757488,0.02252851240336895,0.00038131687324494123,1.0
stochastic_0_10,"(0-10,0-10)",stochastic,augmented_action_delay,Augmented (+action buffer + delay values),"(0-10,0-10)",0,10,0,10,1003000,3,8640,3,2.556331726360363,0.6675063931871399,82,-29.82722674519755,-29.801096162060276,0.36374666762436036,0.013065291568636894,0.0023969095200300217,1.0
stochastic_0_10,"(0-10,0-10)",stochastic,augmented_action_delay,Augmented (+action buffer + delay values),"(0-10,0-10)",0,10,0,10,1003000,3,8640,4,2.556331726360363,0.6675063931871399,82,-29.731465816264972,-29.68048047251068,0.3625788514178655,0.025492671877145767,0.0030351101886481047,1.0
stochastic_0_10,"(0-10,0-10)",stochastic,augmented_action_delay,Augmented (+action buffer + delay values),"(0-10,0-10)",0,10,0,10,1003000,3,8640,5,2.556331726360363,0.6675063931871399,81,-35.91078850068152,-35.883928027004,0.4433430679096484,0.026860473677515984,0.00803065299987793,1.0
stochastic_0_10,"(0-10,0-10)",stochastic,augmented_action_delay,Augmented (+action buffer + delay values),"(0-10,0-10)",0,10,0,10,1003000,3,8640,6,2.556331726360363,0.6675063931871399,83,-31.38401706633158,-31.226416588993743,0.3781206875461636,0.05253349244594574,0.0023703654296696186,1.0
stochastic_0_10,"(0-10,0-10)",stochastic,augmented_action_delay,Augmented (+action buffer + delay values),"(0-10,0-10)",0,10,0,10,1003000,3,8640,7,2.556331726360363,0.6675063931871399,85,-25.79551358614117,-25.77661761804484,0.30347663042519024,0.0037791936192661524,0.0011609208304435015,1.0
stochastic_0_10,"(0-10,0-10)",stochastic,augmented_action_delay,Augmented (+action buffer + delay values),"(0-10,0-10)",0,10,0,10,1004000,4,11520,0,2.556331726360363,0.6675063931871399,82,-24.543835093965754,-24.504665901651606,0.2993150621215336,0.019584596157073975,0.003330094739794731,1.0
stochastic_0_10,"(0-10,0-10)",stochastic,augmented_action_delay,Augmented (+action buffer + delay values),"(0-10,0-10)",0,10,0,10,1004000,4,11520,1,2.556331726360363,0.6675063931871399,83,-36.841901537030935,-36.836329025332816,0.443878331771457,0.0018575038993731141,0.0018575038993731141,1.0
stochastic_0_10,"(0-10,0-10)",stochastic,augmented_action_delay,Augmented (+action buffer + delay values),"(0-10,0-10)",0,10,0,10,1004000,4,11520,2,2.556331726360363,0.6675063931871399,82,-28.09452255954966,-28.038939209189266,0.34261612877499587,0.027791675180196762,0.004216778092086315,1.0
stochastic_0_10,"(0-10,0-10)",stochastic,augmented_action_delay,Augmented (+action buffer + delay values),"(0-10,0-10)",0,10,0,10,1004000,4,11520,3,2.556331726360363,0.6675063931871399,82,-31.999534740112722,-31.977502883411944,0.39023822853796003,0.011015928350389004,0.006400619633495808,1.0
stochastic_0_10,"(0-10,0-10)",stochastic,augmented_action_delay,Augmented (+action buffer + delay values),"(0-10,0-10)",0,10,0,10,1004000,4,11520,4,2.556331726360363,0.6675063931871399,83,-25.664487129542977,-25.62544822273776,0.30921068830774673,0.013012968935072422,0.005783392582088709,1.0
stochastic_0_10,"(0-10,0-10)",stochastic,augmented_action_delay,Augmented (+action buffer + delay values),"(0-10,0-10)",0,10,0,10,1004000,4,11520,5,2.556331726360363,0.6675063931871399,82,-33.661735384492204,-33.6547747629229,0.41050896810356347,0.003480310784652829,0.003480310784652829,1.0
stochastic_0_10,"(0-10,0-10)",stochastic,augmented_action_delay,Augmented (+action buffer + delay values),"(0-10,0-10)",0,10,0,10,1004000,4,11520,6,2.556331726360363,0.6675063931871399,81,-26.931590386899188,-26.91870481823571,0.33248877020863193,0.012885568663477898,0.002158342394977808,1.0
stochastic_0_10,"(0-10,0-10)",stochastic,augmented_action_delay,Augmented (+action buffer + delay values),"(0-10,0-10)",0,10,0,10,1004000,4,11520,7,2.556331726360363,0.6675063931871399,81,-25.25312494393438,-25.222238779999316,0.31176697461647385,0.03088616393506527,0.005578178446739912,1.0
stochastic_0_10,"(0-10,0-10)",stochastic,augmented_action_delay,Augmented (+action buffer + delay values),"(0-10,0-10)",0,10,0,10,1005000,5,14400,0,2.556331726360363,0.6675063931871399,83,-29.952187604358187,-29.848444006493082,0.3608697301729902,0.034581199288368225,0.00022563626407645643,1.0
stochastic_0_10,"(0-10,0-10)",stochastic,augmented_action_delay,Augmented (+action buffer + delay values),"(0-10,0-10)",0,10,0,10,1005000,5,14400,1,2.556331726360363,0.6675063931871399,81,-22.75148440618068,-22.741071397438645,0.2808825235330948,0.010413008742034435,0.008643248118460178,1.0
stochastic_0_10,"(0-10,0-10)",stochastic,augmented_action_delay,Augmented (+action buffer + delay values),"(0-10,0-10)",0,10,0,10,1005000,5,14400,2,2.556331726360363,0.6675063931871399,86,-28.830372417811304,-28.699876009020954,0.3352368885792012,0.021749401465058327,0.005205823574215174,1.0
stochastic_0_10,"(0-10,0-10)",stochastic,augmented_action_delay,Augmented (+action buffer + delay values),"(0-10,0-10)",0,10,0,10,1005000,5,14400,3,2.556331726360363,0.6675063931871399,84,-28.892581222578883,-28.84885628707707,0.34395930026879623,0.010931233875453472,0.004535213578492403,1.0
stochastic_0_10,"(0-10,0-10)",stochastic,augmented_action_delay,Augmented (+action buffer + delay values),"(0-10,0-10)",0,10,0,10,1005000,5,14400,4,2.556331726360363,0.6675063931871399,82,-33.335997547023,-33.2918319394812,0.40653655545149997,0.022082803770899773,0.005371552426367998,1.0
stochastic_0_10,"(0-10,0-10)",stochastic,augmented_action_delay,Augmented (+action buffer + delay values),"(0-10,0-10)",0,10,0,10,1005000,5,14400,5,2.556331726360363,0.6675063931871399,82,-30.39503650739789,-30.36555860377848,0.3706711769194865,0.014738951809704304,0.011161106638610363,1.0
stochastic_0_10,"(0-10,0-10)",stochastic,augmented_action_delay,Augmented (+action buffer + delay values),"(0-10,0-10)",0,10,0,10,1005000,5,14400,6,2.556331726360363,0.6675063931871399,84,-29.017692126799375,-28.906730466056615,0.3454487157952307,0.027740415185689926,0.0031608897261321545,1.0
stochastic_0_10,"(0-10,0-10)",stochastic,augmented_action_delay,Augmented (+action buffer + delay values),"(0-10,0-10)",0,10,0,10,1005000,5,14400,7,2.556331726360363,0.6675063931871399,80,-29.601291760336608,-29.601291760336608,0.3700161470042076,0.02359936200082302,0.005559619516134262,1.0
stochastic_0_10,"(0-10,0-10)",stochastic,augmented_action_delay,Augmented (+action buffer + delay values),"(0-10,0-10)",0,10,0,10,1006000,6,17280,0,1.0440641517808285,0.3114293286137628,80,-31.084247124614194,-31.084247124614194,0.38855308905767744,0.024832533672451973,0.0010862101335078478,1.0
stochastic_0_10,"(0-10,0-10)",stochastic,augmented_action_delay,Augmented (+action buffer + delay values),"(0-10,0-10)",0,10,0,10,1006000,6,17280,1,1.0440641517808285,0.3114293286137628,80,-31.837988916318864,-31.837988916318864,0.3979748614539858,0.022037923336029053,0.005887871142476797,1.0
stochastic_0_10,"(0-10,0-10)",stochastic,augmented_action_delay,Augmented (+action buffer + delay values),"(0-10,0-10)",0,10,0,10,1006000,6,17280,2,1.0440641517808285,0.3114293286137628,81,-36.59780699480325,-36.582872851751745,0.4518247777136204,0.014934143051505089,0.004711126442998648,1.0
stochastic_0_10,"(0-10,0-10)",stochastic,augmented_action_delay,Augmented (+action buffer + delay values),"(0-10,0-10)",0,10,0,10,1006000,6,17280,3,1.0440641517808285,0.3114293286137628,83,-40.31691212346777,-40.28334901900962,0.4857459291984069,0.011187701486051083,0.0036021992564201355,1.0
stochastic_0_10,"(0-10,0-10)",stochastic,augmented_action_delay,Augmented (+action buffer + delay values),"(0-10,0-10)",0,10,0,10,1006000,6,17280,4,1.0440641517808285,0.3114293286137628,84,-38.414317516610026,-38.353793593123555,0.45731330376916696,0.015130980871617794,0.0018015028908848763,1.0
stochastic_0_10,"(0-10,0-10)",stochastic,augmented_action_delay,Augmented (+action buffer + delay values),"(0-10,0-10)",0,10,0,10,1006000,6,17280,5,1.0440641517808285,0.3114293286137628,84,-24.741928272647783,-24.66117647360079,0.2945467651505688,0.020187949761748314,0.0017627550987526774,1.0
stochastic_0_10,"(0-10,0-10)",stochastic,augmented_action_delay,Augmented (+action buffer + delay values),"(0-10,0-10)",0,10,0,10,1006000,6,17280,6,1.0440641517808285,0.3114293286137628,83,-33.925309465266764,-33.88142720423639,0.40873866825622607,0.014627420343458652,0.010059911757707596,1.0
stochastic_0_10,"(0-10,0-10)",stochastic,augmented_action_delay,Augmented (+action buffer + delay values),"(0-10,0-10)",0,10,0,10,1006000,6,17280,7,1.0440641517808285,0.3114293286137628,83,-29.0045352447778,-28.966782703064382,0.34945223186479274,0.012584180571138859,0.0038592610508203506,1.0
stochastic_0_10,"(0-10,0-10)",stochastic,augmented_action_delay,Augmented (+action buffer + delay values),"(0-10,0-10)",0,10,0,10,1007000,7,20160,0,1.0440641517808285,0.3114293286137628,85,-27.99233771674335,-27.85628505796194,0.3293216201969806,0.027210531756281853,0.003932213876396418,1.0
stochastic_0_10,"(0-10,0-10)",stochastic,augmented_action_delay,Augmented (+action buffer + delay values),"(0-10,0-10)",0,10,0,10,1007000,7,20160,1,1.0440641517808285,0.3114293286137628,83,-33.052140284489724,-32.95049437523994,0.3982185576444545,0.03388196974992752,0.00013070057320874184,1.0
stochastic_0_10,"(0-10,0-10)",stochastic,augmented_action_delay,Augmented (+action buffer + delay values),"(0-10,0-10)",0,10,0,10,1007000,7,20160,2,1.0440641517808285,0.3114293286137628,84,-34.88576447498053,-34.80107859056443,0.41530671994024443,0.02117147110402584,0.0018490755464881659,1.0
stochastic_0_10,"(0-10,0-10)",stochastic,augmented_action_delay,Augmented (+action buffer + delay values),"(0-10,0-10)",0,10,0,10,1007000,7,20160,3,1.0440641517808285,0.3114293286137628,84,-27.26023604068905,-27.17888803128153,0.3245266195320125,0.020337002351880074,0.008648150600492954,1.0
stochastic_0_10,"(0-10,0-10)",stochastic,augmented_action_delay,Augmented (+action buffer + delay values),"(0-10,0-10)",0,10,0,10,1007000,7,20160,4,1.0440641517808285,0.3114293286137628,81,-29.076292045414448,-29.04791720956564,0.3589665684619068,0.02837483584880829,0.008169797249138355,1.0
stochastic_0_10,"(0-10,0-10)",stochastic,augmented_action_delay,Augmented (+action buffer + delay values),"(0-10,0-10)",0,10,0,10,1007000,7,20160,5,1.0440641517808285,0.3114293286137628,83,-20.83817988948431,-20.743339694454335,0.25106240830703985,0.03161339834332466,0.000807262840680778,1.0
stochastic_0_10,"(0-10,0-10)",stochastic,augmented_action_delay,Augmented (+action buffer + delay values),"(0-10,0-10)",0,10,0,10,1007000,7,20160,6,1.0440641517808285,0.3114293286137628,82,-32.840335885528475,-32.77113316440955,0.4004919010430302,0.0346013605594635,0.0022682505659759045,1.0
stochastic_0_10,"(0-10,0-10)",stochastic,augmented_action_delay,Augmented (+action buffer + delay values),"(0-10,0-10)",0,10,0,10,1007000,7,20160,7,1.0440641517808285,0.3114293286137628,84,-25.652739818324335,-25.559102143277414,0.30538975974195637,0.023409418761730194,0.0018472891533747315,1.0
stochastic_0_10,"(0-10,0-10)",stochastic,augmented_action_delay,Augmented (+action buffer + delay values),"(0-10,0-10)",0,10,0,10,1008000,8,23040,0,1.0440641517808285,0.3114293286137628,83,-38.04522248089779,-38.0193106738152,0.4583761744686481,0.008637269027531147,0.0019285803427919745,1.0
stochastic_0_10,"(0-10,0-10)",stochastic,augmented_action_delay,Augmented (+action buffer + delay values),"(0-10,0-10)",0,10,0,10,1008000,8,23040,1,1.0440641517808285,0.3114293286137628,85,-26.04104547458701,-25.97389137535356,0.3063652408774942,0.013430819846689701,0.0030508406925946474,1.0
stochastic_0_10,"(0-10,0-10)",stochastic,augmented_action_delay,Augmented (+action buffer + delay values),"(0-10,0-10)",0,10,0,10,1008000,8,23040,2,1.0440641517808285,0.3114293286137628,83,-31.744064955040812,-31.62797568552196,0.3824586139161544,0.038696423172950745,0.009833041578531265,1.0
stochastic_0_10,"(0-10,0-10)",stochastic,augmented_action_delay,Augmented (+action buffer + delay values),"(0-10,0-10)",0,10,0,10,1008000,8,23040,3,1.0440641517808285,0.3114293286137628,82,-30.26927296957001,-30.26065932540223,0.3691374752386587,0.004306822083890438,0.002068624598905444,1.0
stochastic_0_10,"(0-10,0-10)",stochastic,augmented_action_delay,Augmented (+action buffer + delay values),"(0-10,0-10)",0,10,0,10,1008000,8,23040,4,1.0440641517808285,0.3114293286137628,85,-38.11056481930427,-38.05530721577816,0.448359586109462,0.011051520705223083,0.001456093043088913,1.0
stochastic_0_10,"(0-10,0-10)",stochastic,augmented_action_delay,Augmented (+action buffer + delay values),"(0-10,0-10)",0,10,0,10,1008000,8,23040,5,1.0440641517808285,0.3114293286137628,80,-28.65864871861413,-28.65864871861413,0.35823310898267663,0.03288605436682701,0.007629462983459234,1.0
stochastic_0_10,"(0-10,0-10)",stochastic,augmented_action_delay,Augmented (+action buffer + delay values),"(0-10,0-10)",0,10,0,10,1008000,8,23040,6,1.0440641517808285,0.3114293286137628,84,-25.11483511282131,-25.078438095282763,0.2989861322954918,0.009099254384636879,0.005065334495157003,1.0
stochastic_0_10,"(0-10,0-10)",stochastic,augmented_action_delay,Augmented (+action buffer + delay values),"(0-10,0-10)",0,10,0,10,1008000,8,23040,7,1.0440641517808285,0.3114293286137628,83,-30.47687438922003,-30.43237326713279,0.3671912577014461,0.014833707362413406,0.001669726800173521,1.0
stochastic_0_10,"(0-10,0-10)",stochastic,augmented_action_delay,Augmented (+action buffer + delay values),"(0-10,0-10)",0,10,0,10,1009000,9,25920,0,1.0440641517808285,0.3114293286137628,84,-28.51826540613547,-28.497085366863757,0.33950315959685085,0.005295009817928076,0.0049346014857292175,1.0
stochastic_0_10,"(0-10,0-10)",stochastic,augmented_action_delay,Augmented (+action buffer + delay values),"(0-10,0-10)",0,10,0,10,1009000,9,25920,1,1.0440641517808285,0.3114293286137628,89,-31.73917023651302,-31.439767180010676,0.3566198902978991,0.033267006278038025,0.0032629012130200863,1.0
stochastic_0_10,"(0-10,0-10)",stochastic,augmented_action_delay,Augmented (+action buffer + delay values),"(0-10,0-10)",0,10,0,10,1009000,9,25920,2,1.0440641517808285,0.3114293286137628,84,-32.016621752176434,-31.861295877490193,0.38115025895448135,0.03883146867156029,0.0030168197117745876,1.0
stochastic_0_10,"(0-10,0-10)",stochastic,augmented_action_delay,Augmented (+action buffer + delay values),"(0-10,0-10)",0,10,0,10,1009000,9,25920,3,1.0440641517808285,0.3114293286137628,83,-26.35409082728438,-26.23715146514587,0.3175191665937877,0.03897978737950325,0.0034632619936019182,1.0
stochastic_0_10,"(0-10,0-10)",stochastic,augmented_action_delay,Augmented (+action buffer + delay values),"(0-10,0-10)",0,10,0,10,1009000,9,25920,4,1.0440641517808285,0.3114293286137628,82,-30.70643437677063,-30.70086481445469,0.37446871191183695,0.0027847811579704285,0.002279457403346896,1.0
stochastic_0_10,"(0-10,0-10)",stochastic,augmented_action_delay,Augmented (+action buffer + delay values),"(0-10,0-10)",0,10,0,10,1009000,9,25920,5,1.0440641517808285,0.3114293286137628,84,-32.114660694496706,-32.037262252764776,0.38231738922019887,0.019349610432982445,0.0036544797476381063,1.0
stochastic_0_10,"(0-10,0-10)",stochastic,augmented_action_delay,Augmented (+action buffer + delay values),"(0-10,0-10)",0,10,0,10,1009000,9,25920,6,1.0440641517808285,0.3114293286137628,84,-34.36430631764233,-34.3113021645695,0.40909888473383726,0.013251038268208504,0.0053724138997495174,1.0
stochastic_0_10,"(0-10,0-10)",stochastic,augmented_action_delay,Augmented (+action buffer + delay values),"(0-10,0-10)",0,10,0,10,1009000,9,25920,7,1.0440641517808285,0.3114293286137628,82,-30.14003891032189,-30.128576607443392,0.3675614501258767,0.0057311514392495155,0.0033471817150712013,1.0
stochastic_0_10,"(0-10,0-10)",stochastic,augmented_action_delay,Augmented (+action buffer + delay values),"(0-10,0-10)",0,10,0,10,1010000,10,28800,0,1.0440641517808285,0.3114293286137628,83,-33.288900753017515,-33.16977355768904,0.4010710934098496,0.03970906510949135,0.005488560069352388,1.0
stochastic_0_10,"(0-10,0-10)",stochastic,augmented_action_delay,Augmented (+action buffer + delay values),"(0-10,0-10)",0,10,0,10,1010000,10,28800,1,1.0440641517808285,0.3114293286137628,82,-30.549350912682712,-30.47827887814492,0.37255305991076476,0.0355360172688961,0.004810418002307415,1.0
stochastic_0_10,"(0-10,0-10)",stochastic,augmented_action_delay,Augmented (+action buffer + delay values),"(0-10,0-10)",0,10,0,10,1010000,10,28800,2,1.0440641517808285,0.3114293286137628,82,-35.34466291801073,-35.21814167336561,0.4310324746098869,0.06326062232255936,0.0025668104644864798,0.0
stochastic_0_10,"(0-10,0-10)",stochastic,augmented_action_delay,Augmented (+action buffer + delay values),"(0-10,0-10)",0,10,0,10,1010000,10,28800,3,1.0440641517808285,0.3114293286137628,82,-25.39898230135441,-25.3392191901803,0.309743686601883,0.0298815555870533,0.004947899375110865,1.0
stochastic_0_10,"(0-10,0-10)",stochastic,augmented_action_delay,Augmented (+action buffer + delay values),"(0-10,0-10)",0,10,0,10,1010000,10,28800,4,1.0440641517808285,0.3114293286137628,86,-27.52924214815721,-27.34093560790643,0.3201074668390373,0.0313844233751297,0.007296836469322443,1.0
stochastic_0_10,"(0-10,0-10)",stochastic,augmented_action_delay,Augmented (+action buffer + delay values),"(0-10,0-10)",0,10,0,10,1010000,10,28800,5,1.0440641517808285,0.3114293286137628,85,-25.252887568320148,-25.196871332707815,0.2970927949214135,0.011203247122466564,0.0009767980081960559,1.0
stochastic_0_10,"(0-10,0-10)",stochastic,augmented_action_delay,Augmented (+action buffer + delay values),"(0-10,0-10)",0,10,0,10,1010000,10,28800,6,1.0440641517808285,0.3114293286137628,84,-40.690634556114674,-40.63716446980834,0.4844123161442223,0.013367521576583385,0.0057827807031571865,1.0
stochastic_0_10,"(0-10,0-10)",stochastic,augmented_action_delay,Augmented (+action buffer + delay values),"(0-10,0-10)",0,10,0,10,1010000,10,28800,7,1.0440641517808285,0.3114293286137628,82,-29.378070446196944,-29.3055027150549,0.35826915178288954,0.036283865571022034,0.002146075014024973,1.0
stochastic_0_10,"(0-10,0-10)",stochastic,augmented_action_delay,Augmented (+action buffer + delay values),"(0-10,0-10)",0,10,0,10,1011000,11,31680,0,1.0440641517808285,0.3114293286137628,86,-34.992982579860836,-34.86224834853783,0.4068951462774516,0.02178903855383396,0.0015301541425287724,1.0
stochastic_0_10,"(0-10,0-10)",stochastic,augmented_action_delay,Augmented (+action buffer + delay values),"(0-10,0-10)",0,10,0,10,1011000,11,31680,1,1.0440641517808285,0.3114293286137628,83,-23.689004181534983,-23.66128092224244,0.2854096889341564,0.009241086430847645,0.0012189074186608195,1.0
stochastic_0_10,"(0-10,0-10)",stochastic,augmented_action_delay,Augmented (+action buffer + delay values),"(0-10,0-10)",0,10,0,10,1011000,11,31680,2,1.0440641517808285,0.3114293286137628,80,-32.50756999431178,-32.50756999431178,0.4063446249288972,0.030532117933034897,0.0015148650854825974,1.0
stochastic_0_10,"(0-10,0-10)",stochastic,augmented_action_delay,Augmented (+action buffer + delay values),"(0-10,0-10)",0,10,0,10,1011000,11,31680,3,1.0440641517808285,0.3114293286137628,83,-22.505668168421835,-22.501620887196623,0.27115262853520283,0.0013490937417373061,0.0013490937417373061,1.0
stochastic_0_10,"(0-10,0-10)",stochastic,augmented_action_delay,Augmented (+action buffer + delay values),"(0-10,0-10)",0,10,0,10,1011000,11,31680,4,1.0440641517808285,0.3114293286137628,86,-25.70913204457611,-25.507160901091993,0.29894339586716406,0.0336618572473526,0.012869848869740963,1.0
stochastic_0_10,"(0-10,0-10)",stochastic,augmented_action_delay,Augmented (+action buffer + delay values),"(0-10,0-10)",0,10,0,10,1011000,11,31680,5,1.0440641517808285,0.3114293286137628,82,-32.105718770762905,-32.037101650377735,0.39153315574101105,0.03430856019258499,0.002846995135769248,1.0
stochastic_0_10,"(0-10,0-10)",stochastic,augmented_action_delay,Augmented (+action buffer + delay values),"(0-10,0-10)",0,10,0,10,1011000,11,31680,6,1.0440641517808285,0.3114293286137628,82,-21.33960566483438,-21.285208785906434,0.26023909347359,0.027198439463973045,0.0037870793603360653,1.0
stochastic_0_10,"(0-10,0-10)",stochastic,augmented_action_delay,Augmented (+action buffer + delay values),"(0-10,0-10)",0,10,0,10,1011000,11,31680,7,1.0440641517808285,0.3114293286137628,82,-36.432094001211226,-36.384013206698,0.4442938292830637,0.024040397256612778,0.0023382569197565317,1.0
stochastic_0_10,"(0-10,0-10)",stochastic,augmented_action_delay,Augmented (+action buffer + delay values),"(0-10,0-10)",0,10,0,10,1012000,12,34560,0,1.0440641517808285,0.3114293286137628,84,-32.84196961577982,-32.80894628446549,0.39097582875928355,0.008255832828581333,0.003947388846427202,1.0
stochastic_0_10,"(0-10,0-10)",stochastic,augmented_action_delay,Augmented (+action buffer + delay values),"(0-10,0-10)",0,10,0,10,1012000,12,34560,1,1.0440641517808285,0.3114293286137628,80,-35.087069366825745,-35.087069366825745,0.4385883670853218,0.026275385171175003,0.0029589133337140083,1.0
stochastic_0_10,"(0-10,0-10)",stochastic,augmented_action_delay,Augmented (+action buffer + delay values),"(0-10,0-10)",0,10,0,10,1012000,12,34560,2,1.0440641517808285,0.3114293286137628,81,-24.939616191899404,-24.910520374542102,0.30789649619628895,0.029095817357301712,0.002325448440387845,1.0
stochastic_0_10,"(0-10,0-10)",stochastic,augmented_action_delay,Augmented (+action buffer + delay values),"(0-10,0-10)",0,10,0,10,1012000,12,34560,3,1.0440641517808285,0.3114293286137628,84,-32.43690664693713,-32.32771858945489,0.3861536505587754,0.027297014370560646,0.010067567229270935,1.0
stochastic_0_10,"(0-10,0-10)",stochastic,augmented_action_delay,Augmented (+action buffer + delay values),"(0-10,0-10)",0,10,0,10,1012000,12,34560,4,1.0440641517808285,0.3114293286137628,81,-33.710951460772776,-33.70697677160206,0.41618458593546637,0.003974689170718193,0.00013883296924177557,1.0
stochastic_0_10,"(0-10,0-10)",stochastic,augmented_action_delay,Augmented (+action buffer + delay values),"(0-10,0-10)",0,10,0,10,1012000,12,34560,5,1.0440641517808285,0.3114293286137628,80,-38.40989226591773,-38.40989226591773,0.48012365332397167,0.03779701516032219,0.0032721811439841986,1.0
stochastic_0_10,"(0-10,0-10)",stochastic,augmented_action_delay,Augmented (+action buffer + delay values),"(0-10,0-10)",0,10,0,10,1012000,12,34560,6,1.0440641517808285,0.3114293286137628,85,-35.028185434639454,-34.90846644155681,0.4120962992310524,0.02394379861652851,0.009029775857925415,1.0
stochastic_0_10,"(0-10,0-10)",stochastic,augmented_action_delay,Augmented (+action buffer + delay values),"(0-10,0-10)",0,10,0,10,1012000,12,34560,7,1.0440641517808285,0.3114293286137628,83,-35.91138675482944,-35.86831133021042,0.43266731029914984,0.014358474873006344,0.0028469013050198555,1.0
stochastic_0_10,"(0-10,0-10)",stochastic,augmented_action_delay,Augmented (+action buffer + delay values),"(0-10,0-10)",0,10,0,10,1013000,13,37440,0,1.0440641517808285,0.3114293286137628,85,-36.91158255003393,-36.755874617025256,0.4342539123533403,0.03114158660173416,0.016528593376278877,1.0
stochastic_0_10,"(0-10,0-10)",stochastic,augmented_action_delay,Augmented (+action buffer + delay values),"(0-10,0-10)",0,10,0,10,1013000,13,37440,1,1.0440641517808285,0.3114293286137628,82,-35.037103453301825,-35.01044161396567,0.42728174943051006,0.013330919668078423,0.0013708329061046243,1.0
stochastic_0_10,"(0-10,0-10)",stochastic,augmented_action_delay,Augmented (+action buffer + delay values),"(0-10,0-10)",0,10,0,10,1013000,13,37440,2,1.0440641517808285,0.3114293286137628,82,-32.85550149530172,-32.80398265272379,0.40067684750367955,0.025759421288967133,0.009297593496739864,1.0
stochastic_0_10,"(0-10,0-10)",stochastic,augmented_action_delay,Augmented (+action buffer + delay values),"(0-10,0-10)",0,10,0,10,1013000,13,37440,3,1.0440641517808285,0.3114293286137628,82,-34.14674053713679,-34.11398581415415,0.41642366508703405,0.016377361491322517,0.012891154736280441,1.0
stochastic_0_10,"(0-10,0-10)",stochastic,augmented_action_delay,Augmented (+action buffer + delay values),"(0-10,0-10)",0,10,0,10,1013000,13,37440,4,1.0440641517808285,0.3114293286137628,83,-20.602885690983385,-20.549890387337655,0.24822753844558296,0.01766510121524334,0.002315437886863947,1.0
stochastic_0_10,"(0-10,0-10)",stochastic,augmented_action_delay,Augmented (+action buffer + delay values),"(0-10,0-10)",0,10,0,10,1013000,13,37440,5,1.0440641517808285,0.3114293286137628,81,-25.79735209129285,-25.788814441184513,0.31848582828756605,0.008537650108337402,0.0013279271079227328,1.0
stochastic_0_10,"(0-10,0-10)",stochastic,augmented_action_delay,Augmented (+action buffer + delay values),"(0-10,0-10)",0,10,0,10,1013000,13,37440,6,1.0440641517808285,0.3114293286137628,84,-36.23546166252345,-36.161429355852306,0.43137454360146965,0.018508076667785645,0.010762445628643036,1.0
stochastic_0_10,"(0-10,0-10)",stochastic,augmented_action_delay,Augmented (+action buffer + delay values),"(0-10,0-10)",0,10,0,10,1013000,13,37440,7,1.0440641517808285,0.3114293286137628,86,-34.49240475334227,-34.39658157341182,0.4010744738760729,0.01597052998840809,0.0029185651801526546,1.0
stochastic_0_10,"(0-10,0-10)",stochastic,augmented_action_delay,Augmented (+action buffer + delay values),"(0-10,0-10)",0,10,0,10,1014000,14,40320,0,1.0440641517808285,0.3114293286137628,82,-34.49166497588158,-34.46604100801051,0.4206300606814826,0.012811983935534954,0.002137887291610241,1.0
stochastic_0_10,"(0-10,0-10)",stochastic,augmented_action_delay,Augmented (+action buffer + delay values),"(0-10,0-10)",0,10,0,10,1014000,14,40320,1,1.0440641517808285,0.3114293286137628,83,-40.63348178192973,-40.50159953162074,0.48956002146903294,0.043960750102996826,0.018361618742346764,1.0
stochastic_0_10,"(0-10,0-10)",stochastic,augmented_action_delay,Augmented (+action buffer + delay values),"(0-10,0-10)",0,10,0,10,1014000,14,40320,2,1.0440641517808285,0.3114293286137628,86,-33.227633262751624,-33.116939089028165,0.3863678286366468,0.018449028953909874,0.0020034939516335726,1.0
stochastic_0_10,"(0-10,0-10)",stochastic,augmented_action_delay,Augmented (+action buffer + delay values),"(0-10,0-10)",0,10,0,10,1014000,14,40320,3,1.0440641517808285,0.3114293286137628,80,-34.52479464589851,-34.52479464589851,0.43155993307373136,0.039618782699108124,0.0005560824065469205,1.0
stochastic_0_10,"(0-10,0-10)",stochastic,augmented_action_delay,Augmented (+action buffer + delay values),"(0-10,0-10)",0,10,0,10,1014000,14,40320,4,1.0440641517808285,0.3114293286137628,84,-33.152912956429645,-33.10520674730651,0.394677535195591,0.011926552280783653,0.002847798867151141,1.0
stochastic_0_10,"(0-10,0-10)",stochastic,augmented_action_delay,Augmented (+action buffer + delay values),"(0-10,0-10)",0,10,0,10,1014000,14,40320,5,1.0440641517808285,0.3114293286137628,81,-29.755421113455668,-29.750879732659087,0.36735087794389715,0.004541380796581507,0.002760279690846801,1.0
stochastic_0_10,"(0-10,0-10)",stochastic,augmented_action_delay,Augmented (+action buffer + delay values),"(0-10,0-10)",0,10,0,10,1014000,14,40320,6,1.0440641517808285,0.3114293286137628,85,-31.813554379157722,-31.747231578454375,0.374277110343032,0.013264560140669346,0.013264560140669346,1.0
stochastic_0_10,"(0-10,0-10)",stochastic,augmented_action_delay,Augmented (+action buffer + delay values),"(0-10,0-10)",0,10,0,10,1014000,14,40320,7,1.0440641517808285,0.3114293286137628,83,-24.56577464088332,-24.504895302350633,0.2959731884443773,0.020293112844228745,0.0018423368455842137,1.0
stochastic_0_10,"(0-10,0-10)",stochastic,augmented_action_delay,Augmented (+action buffer + delay values),"(0-10,0-10)",0,10,0,10,1015000,15,43200,0,1.0440641517808285,0.3114293286137628,81,-31.926665919367224,-31.905905440915376,0.394156369374904,0.02076047845184803,0.0015503172762691975,1.0
stochastic_0_10,"(0-10,0-10)",stochastic,augmented_action_delay,Augmented (+action buffer + delay values),"(0-10,0-10)",0,10,0,10,1015000,15,43200,1,1.0440641517808285,0.3114293286137628,81,-31.233685325831175,-31.204652348533273,0.38560105340532314,0.029032977297902107,0.0022024456411600113,1.0
stochastic_0_10,"(0-10,0-10)",stochastic,augmented_action_delay,Augmented (+action buffer + delay values),"(0-10,0-10)",0,10,0,10,1015000,15,43200,2,1.0440641517808285,0.3114293286137628,82,-43.61908108275384,-43.53446354251355,0.531940013204315,0.04230877012014389,0.01461502630263567,1.0
stochastic_0_10,"(0-10,0-10)",stochastic,augmented_action_delay,Augmented (+action buffer + delay values),"(0-10,0-10)",0,10,0,10,1015000,15,43200,3,1.0440641517808285,0.3114293286137628,82,-26.833198436768726,-26.780998272122815,0.3272341272776674,0.02610008232295513,0.0026879056822508574,1.0
stochastic_0_10,"(0-10,0-10)",stochastic,augmented_action_delay,Augmented (+action buffer + delay values),"(0-10,0-10)",0,10,0,10,1015000,15,43200,4,1.0440641517808285,0.3114293286137628,83,-26.125367686152458,-26.076755547896028,0.31476346609822237,0.016204046085476875,0.0025063033681362867,1.0
stochastic_0_10,"(0-10,0-10)",stochastic,augmented_action_delay,Augmented (+action buffer + delay values),"(0-10,0-10)",0,10,0,10,1015000,15,43200,5,1.0440641517808285,0.3114293286137628,81,-30.74134862003848,-30.72691114852205,0.37952282246961083,0.014437471516430378,0.004413676913827658,1.0
stochastic_0_10,"(0-10,0-10)",stochastic,augmented_action_delay,Augmented (+action buffer + delay values),"(0-10,0-10)",0,10,0,10,1015000,15,43200,6,1.0440641517808285,0.3114293286137628,85,-26.196357073495165,-26.039487892994657,0.3081924361587666,0.03137383610010147,0.0020117766689509153,1.0
stochastic_0_10,"(0-10,0-10)",stochastic,augmented_action_delay,Augmented (+action buffer + delay values),"(0-10,0-10)",0,10,0,10,1015000,15,43200,7,1.0440641517808285,0.3114293286137628,82,-24.31647357530892,-24.284979602321982,0.296542360674499,0.015746986493468285,0.0038139382377266884,1.0
stochastic_0_10,"(0-10,0-10)",stochastic,augmented_action_delay,Augmented (+action buffer + delay values),"(0-10,0-10)",0,10,0,10,1016000,16,46080,0,1.0440641517808285,0.3114293286137628,83,-32.708699738490395,-32.63859950739425,0.39408071974084813,0.023366743698716164,0.0007273344090208411,1.0
stochastic_0_10,"(0-10,0-10)",stochastic,augmented_action_delay,Augmented (+action buffer + delay values),"(0-10,0-10)",0,10,0,10,1016000,16,46080,1,1.0440641517808285,0.3114293286137628,81,-37.902131280628964,-37.897848047083244,0.46792754667443165,0.004283233545720577,0.0034532996360212564,1.0
stochastic_0_10,"(0-10,0-10)",stochastic,augmented_action_delay,Augmented (+action buffer + delay values),"(0-10,0-10)",0,10,0,10,1016000,16,46080,2,1.0440641517808285,0.3114293286137628,81,-36.71711507951841,-36.700526669155806,0.45329771703109145,0.01658841036260128,0.00510387634858489,1.0
stochastic_0_10,"(0-10,0-10)",stochastic,augmented_action_delay,Augmented (+action buffer + delay values),"(0-10,0-10)",0,10,0,10,1016000,16,46080,3,1.0440641517808285,0.3114293286137628,81,-29.704542821273208,-29.68985468056053,0.3667227508799161,0.014688140712678432,0.008088071830570698,1.0
stochastic_0_10,"(0-10,0-10)",stochastic,augmented_action_delay,Augmented (+action buffer + delay values),"(0-10,0-10)",0,10,0,10,1016000,16,46080,4,1.0440641517808285,0.3114293286137628,85,-23.10866193450056,-23.03605778212659,0.27186661099412424,0.014520830474793911,0.0010408891830593348,1.0
stochastic_0_10,"(0-10,0-10)",stochastic,augmented_action_delay,Augmented (+action buffer + delay values),"(0-10,0-10)",0,10,0,10,1016000,16,46080,5,1.0440641517808285,0.3114293286137628,82,-39.55882943980396,-39.47593059204519,0.48242474926590195,0.041449423879384995,0.005846209824085236,1.0
stochastic_0_10,"(0-10,0-10)",stochastic,augmented_action_delay,Augmented (+action buffer + delay values),"(0-10,0-10)",0,10,0,10,1016000,16,46080,6,1.0440641517808285,0.3114293286137628,80,-21.615200048312545,-21.615200048312545,0.2701900006039068,0.03603028878569603,0.0056592500768601894,1.0
stochastic_0_10,"(0-10,0-10)",stochastic,augmented_action_delay,Augmented (+action buffer + delay values),"(0-10,0-10)",0,10,0,10,1016000,16,46080,7,1.0440641517808285,0.3114293286137628,83,-31.738656927016564,-31.694539078627713,0.38239345695200677,0.01470594946295023,0.0006758029339835048,1.0
stochastic_0_10,"(0-10,0-10)",stochastic,augmented_action_delay,Augmented (+action buffer + delay values),"(0-10,0-10)",0,10,0,10,1017000,17,48960,0,1.0440641517808285,0.3114293286137628,82,-42.21602711826563,-42.17153925821185,0.5148295990032393,0.022243930026888847,0.002882310189306736,1.0
stochastic_0_10,"(0-10,0-10)",stochastic,augmented_action_delay,Augmented (+action buffer + delay values),"(0-10,0-10)",0,10,0,10,1017000,17,48960,1,1.0440641517808285,0.3114293286137628,80,-33.14006986794993,-33.14006986794993,0.41425087334937416,0.01808316260576248,0.005684972275048494,1.0
stochastic_0_10,"(0-10,0-10)",stochastic,augmented_action_delay,Augmented (+action buffer + delay values),"(0-10,0-10)",0,10,0,10,1017000,17,48960,2,1.0440641517808285,0.3114293286137628,82,-38.73002786538564,-38.68892638734542,0.4723174129925078,0.020550739020109177,0.00285351206548512,1.0
stochastic_0_10,"(0-10,0-10)",stochastic,augmented_action_delay,Augmented (+action buffer + delay values),"(0-10,0-10)",0,10,0,10,1017000,17,48960,3,1.0440641517808285,0.3114293286137628,83,-24.979377922369167,-24.851821292890236,0.3009563605104719,0.04251887649297714,0.001156872371211648,1.0
stochastic_0_10,"(0-10,0-10)",stochastic,augmented_action_delay,Augmented (+action buffer + delay values),"(0-10,0-10)",0,10,0,10,1017000,17,48960,4,1.0440641517808285,0.3114293286137628,86,-25.738079986302182,-25.631905211834237,0.29927999984072307,0.017695795744657516,0.002048182999715209,1.0
stochastic_0_10,"(0-10,0-10)",stochastic,augmented_action_delay,Augmented (+action buffer + delay values),"(0-10,0-10)",0,10,0,10,1017000,17,48960,5,1.0440641517808285,0.3114293286137628,84,-33.63844836258795,-33.568930489360355,0.4004577186022375,0.01737946830689907,0.0012729921145364642,1.0
stochastic_0_10,"(0-10,0-10)",stochastic,augmented_action_delay,Augmented (+action buffer + delay values),"(0-10,0-10)",0,10,0,10,1017000,17,48960,6,1.0440641517808285,0.3114293286137628,83,-39.12967718578875,-39.10767499729991,0.47144189380468376,0.007334062829613686,0.004906799644231796,1.0
stochastic_0_10,"(0-10,0-10)",stochastic,augmented_action_delay,Augmented (+action buffer + delay values),"(0-10,0-10)",0,10,0,10,1017000,17,48960,7,1.0440641517808285,0.3114293286137628,81,-32.23765190690756,-32.21007082425058,0.3979957025544143,0.02758108265697956,0.00891898013651371,1.0
stochastic_0_10,"(0-10,0-10)",stochastic,augmented_action_delay,Augmented (+action buffer + delay values),"(0-10,0-10)",0,10,0,10,1018000,18,51840,0,1.0440641517808285,0.3114293286137628,85,-34.12311838124879,-34.02080521103926,0.40144845154410336,0.020462634041905403,0.003361110808327794,1.0
stochastic_0_10,"(0-10,0-10)",stochastic,augmented_action_delay,Augmented (+action buffer + delay values),"(0-10,0-10)",0,10,0,10,1018000,18,51840,1,1.0440641517808285,0.3114293286137628,80,-30.834509223001078,-30.834509223001078,0.3854313652875135,0.012681114487349987,0.0013746912591159344,1.0
stochastic_0_10,"(0-10,0-10)",stochastic,augmented_action_delay,Augmented (+action buffer + delay values),"(0-10,0-10)",0,10,0,10,1018000,18,51840,2,1.0440641517808285,0.3114293286137628,83,-34.18497667182237,-34.12878137547523,0.41186718881713696,0.01873176544904709,0.004683705046772957,1.0
stochastic_0_10,"(0-10,0-10)",stochastic,augmented_action_delay,Augmented (+action buffer + delay values),"(0-10,0-10)",0,10,0,10,1018000,18,51840,3,1.0440641517808285,0.3114293286137628,80,-30.907566542970017,-30.907566542970017,0.3863445817871252,0.012397866696119308,0.0020895737688988447,1.0
stochastic_0_10,"(0-10,0-10)",stochastic,augmented_action_delay,Augmented (+action buffer + delay values),"(0-10,0-10)",0,10,0,10,1018000,18,51840,4,1.0440641517808285,0.3114293286137628,86,-39.85942651377991,-39.81959764054045,0.4634817036486036,0.006638145539909601,0.0016279187984764576,1.0
stochastic_0_10,"(0-10,0-10)",stochastic,augmented_action_delay,Augmented (+action buffer + delay values),"(0-10,0-10)",0,10,0,10,1018000,18,51840,5,1.0440641517808285,0.3114293286137628,83,-29.640792500809766,-29.569529291824438,0.3571179819374671,0.023754402995109558,0.0015524706104770303,1.0
stochastic_0_10,"(0-10,0-10)",stochastic,augmented_action_delay,Augmented (+action buffer + delay values),"(0-10,0-10)",0,10,0,10,1018000,18,51840,6,1.0440641517808285,0.3114293286137628,83,-40.52763049863279,-40.41772305034101,0.48828470480280467,0.03663581609725952,0.007024633698165417,1.0
stochastic_0_10,"(0-10,0-10)",stochastic,augmented_action_delay,Augmented (+action buffer + delay values),"(0-10,0-10)",0,10,0,10,1018000,18,51840,7,1.0440641517808285,0.3114293286137628,81,-37.282418746035546,-37.25444211764261,0.4602767746424141,0.0279766283929348,0.002470750594511628,1.0
stochastic_0_10,"(0-10,0-10)",stochastic,augmented_action_delay,Augmented (+action buffer + delay values),"(0-10,0-10)",0,10,0,10,1019000,19,54720,0,1.0440641517808285,0.3114293286137628,80,-24.235979018732905,-24.235979018732905,0.30294973773416134,0.03418939933180809,0.00416710926219821,1.0
stochastic_0_10,"(0-10,0-10)",stochastic,augmented_action_delay,Augmented (+action buffer + delay values),"(0-10,0-10)",0,10,0,10,1019000,19,54720,1,1.0440641517808285,0.3114293286137628,81,-29.5133076030761,-29.475598635151982,0.36436182226019875,0.03770896792411804,0.008849234320223331,1.0
stochastic_0_10,"(0-10,0-10)",stochastic,augmented_action_delay,Augmented (+action buffer + delay values),"(0-10,0-10)",0,10,0,10,1019000,19,54720,2,1.0440641517808285,0.3114293286137628,86,-22.230575509602204,-22.13644139491953,0.2584950640651419,0.015689019113779068,0.0023501133546233177,1.0
stochastic_0_10,"(0-10,0-10)",stochastic,augmented_action_delay,Augmented (+action buffer + delay values),"(0-10,0-10)",0,10,0,10,1019000,19,54720,3,1.0440641517808285,0.3114293286137628,85,-26.795679124537855,-26.73945968830958,0.3152432838180924,0.01124388724565506,0.004310566000640392,1.0
stochastic_0_10,"(0-10,0-10)",stochastic,augmented_action_delay,Augmented (+action buffer + delay values),"(0-10,0-10)",0,10,0,10,1019000,19,54720,4,1.0440641517808285,0.3114293286137628,84,-30.086570860934444,-29.970721418154426,0.35817346263017197,0.028962360695004463,0.001933867926709354,1.0
stochastic_0_10,"(0-10,0-10)",stochastic,augmented_action_delay,Augmented (+action buffer + delay values),"(0-10,0-10)",0,10,0,10,1019000,19,54720,5,1.0440641517808285,0.3114293286137628,81,-30.330490920692682,-30.300152473151684,0.3744505051937368,0.03033844754099846,0.005366537254303694,1.0
stochastic_0_10,"(0-10,0-10)",stochastic,augmented_action_delay,Augmented (+action buffer + delay values),"(0-10,0-10)",0,10,0,10,1019000,19,54720,6,1.0440641517808285,0.3114293286137628,87,-34.216395223513246,-34.04947083443403,0.3932918991208419,0.02384634129703045,0.007634864188730717,1.0
stochastic_0_10,"(0-10,0-10)",stochastic,augmented_action_delay,Augmented (+action buffer + delay values),"(0-10,0-10)",0,10,0,10,1019000,19,54720,7,1.0440641517808285,0.3114293286137628,85,-27.950481510488316,-27.736682555405423,0.328829194241039,0.042759791016578674,0.003638197435066104,1.0
stochastic_0_10,"(0-10,0-10)",stochastic,augmented_action_delay,Augmented (+action buffer + delay values),"(0-10,0-10)",0,10,0,10,1020000,20,57600,0,1.0440641517808285,0.3114293286137628,84,-23.51288395235315,-23.468128150794655,0.2799152851470613,0.011188950389623642,0.0024464093148708344,1.0
stochastic_0_10,"(0-10,0-10)",stochastic,augmented_action_delay,Augmented (+action buffer + delay values),"(0-10,0-10)",0,10,0,10,1020000,20,57600,1,1.0440641517808285,0.3114293286137628,83,-31.161306385183707,-31.076480698073283,0.37543742632751453,0.028275229036808014,0.002859073458239436,1.0
stochastic_0_10,"(0-10,0-10)",stochastic,augmented_action_delay,Augmented (+action buffer + delay values),"(0-10,0-10)",0,10,0,10,1020000,20,57600,2,1.0440641517808285,0.3114293286137628,83,-25.6789091702085,-25.612016821978614,0.30938444783383734,0.0222974494099617,0.0018565391656011343,1.0
stochastic_0_10,"(0-10,0-10)",stochastic,augmented_action_delay,Augmented (+action buffer + delay values),"(0-10,0-10)",0,10,0,10,1020000,20,57600,3,1.0440641517808285,0.3114293286137628,83,-26.043034651316702,-26.03837173921056,0.3137715018230928,0.0015543040353804827,0.0015543040353804827,1.0
stochastic_0_10,"(0-10,0-10)",stochastic,augmented_action_delay,Augmented (+action buffer + delay values),"(0-10,0-10)",0,10,0,10,1020000,20,57600,4,1.0440641517808285,0.3114293286137628,82,-30.921585055533797,-30.886130685452372,0.3770925006772414,0.017727185040712357,0.005239937454462051,1.0
stochastic_0_10,"(0-10,0-10)",stochastic,augmented_action_delay,Augmented (+action buffer + delay values),"(0-10,0-10)",0,10,0,10,1020000,20,57600,5,1.0440641517808285,0.3114293286137628,85,-25.173763073049486,-25.052774566225708,0.29616191850646456,0.02419770136475563,0.009546305984258652,1.0
stochastic_0_10,"(0-10,0-10)",stochastic,augmented_action_delay,Augmented (+action buffer + delay values),"(0-10,0-10)",0,10,0,10,1020000,20,57600,6,1.0440641517808285,0.3114293286137628,81,-30.05317790620029,-30.008908478543162,0.3710268877308678,0.04426942765712738,0.005440878681838512,1.0
stochastic_0_10,"(0-10,0-10)",stochastic,augmented_action_delay,Augmented (+action buffer + delay values),"(0-10,0-10)",0,10,0,10,1020000,20,57600,7,1.0440641517808285,0.3114293286137628,81,-42.11157608870417,-42.092629048042,0.5198960010951132,0.018947040662169456,0.005140225403010845,1.0
stochastic_0_10,"(0-10,0-10)",stochastic,augmented_action_delay,Augmented (+action buffer + delay values),"(0-10,0-10)",0,10,0,10,1021000,21,60480,0,1.0440641517808285,0.3114293286137628,84,-29.091667109634727,-29.030715463217348,0.3463293703527944,0.015237911604344845,0.0071704150177538395,1.0
stochastic_0_10,"(0-10,0-10)",stochastic,augmented_action_delay,Augmented (+action buffer + delay values),"(0-10,0-10)",0,10,0,10,1021000,21,60480,1,1.0440641517808285,0.3114293286137628,85,-27.64925226313062,-27.537343583302572,0.32528532074271316,0.02238173596560955,0.002028578892350197,1.0
stochastic_0_10,"(0-10,0-10)",stochastic,augmented_action_delay,Augmented (+action buffer + delay values),"(0-10,0-10)",0,10,0,10,1021000,21,60480,2,1.0440641517808285,0.3114293286137628,81,-42.793297849362716,-42.76589369936846,0.5283123191279347,0.027404149994254112,0.0032353505957871675,1.0
stochastic_0_10,"(0-10,0-10)",stochastic,augmented_action_delay,Augmented (+action buffer + delay values),"(0-10,0-10)",0,10,0,10,1021000,21,60480,3,1.0440641517808285,0.3114293286137628,84,-41.91394202783704,-41.809140507131815,0.4989755003313933,0.02620038017630577,0.006741201970726252,1.0
stochastic_0_10,"(0-10,0-10)",stochastic,augmented_action_delay,Augmented (+action buffer + delay values),"(0-10,0-10)",0,10,0,10,1021000,21,60480,4,1.0440641517808285,0.3114293286137628,81,-33.64349633269012,-33.608498292043805,0.41535180657642123,0.03499804064631462,0.017485985532402992,1.0
stochastic_0_10,"(0-10,0-10)",stochastic,augmented_action_delay,Augmented (+action buffer + delay values),"(0-10,0-10)",0,10,0,10,1021000,21,60480,5,1.0440641517808285,0.3114293286137628,82,-21.956175085622817,-21.884733554441482,0.2677582327514978,0.035720765590667725,0.006083030719310045,1.0
stochastic_0_10,"(0-10,0-10)",stochastic,augmented_action_delay,Augmented (+action buffer + delay values),"(0-10,0-10)",0,10,0,10,1021000,21,60480,6,1.0440641517808285,0.3114293286137628,85,-28.408006705343723,-28.2573597189039,0.3342118435922791,0.03012939728796482,0.0048929620534181595,1.0
stochastic_0_10,"(0-10,0-10)",stochastic,augmented_action_delay,Augmented (+action buffer + delay values),"(0-10,0-10)",0,10,0,10,1021000,21,60480,7,1.0440641517808285,0.3114293286137628,83,-27.17576673219446,-27.16113667341415,0.3274188762914995,0.004876686260104179,0.0015967561630532146,1.0
stochastic_0_10,"(0-10,0-10)",stochastic,augmented_action_delay,Augmented (+action buffer + delay values),"(0-10,0-10)",0,10,0,10,1022000,22,63360,0,1.0440641517808285,0.3114293286137628,81,-24.830756493844092,-24.819876654073596,0.30655254930671716,0.010879839770495892,0.005511486437171698,1.0
stochastic_0_10,"(0-10,0-10)",stochastic,augmented_action_delay,Augmented (+action buffer + delay values),"(0-10,0-10)",0,10,0,10,1022000,22,63360,1,1.0440641517808285,0.3114293286137628,81,-26.221173969563097,-26.200199907179922,0.3237181971551,0.020974062383174896,0.006970630027353764,1.0
stochastic_0_10,"(0-10,0-10)",stochastic,augmented_action_delay,Augmented (+action buffer + delay values),"(0-10,0-10)",0,10,0,10,1022000,22,63360,2,1.0440641517808285,0.3114293286137628,83,-34.63432555506006,-34.56883784616366,0.41728103078385614,0.021829236298799515,0.004323763307183981,1.0
stochastic_0_10,"(0-10,0-10)",stochastic,augmented_action_delay,Augmented (+action buffer + delay values),"(0-10,0-10)",0,10,0,10,1022000,22,63360,3,1.0440641517808285,0.3114293286137628,82,-31.83969656075351,-31.787306387675926,0.3882889824482135,0.026195086538791656,0.002501455834135413,1.0
stochastic_0_10,"(0-10,0-10)",stochastic,augmented_action_delay,Augmented (+action buffer + delay values),"(0-10,0-10)",0,10,0,10,1022000,22,63360,4,1.0440641517808285,0.3114293286137628,85,-22.381242731120437,-22.3258342766203,0.2633087380131816,0.011081690900027752,0.0032701222226023674,1.0
stochastic_0_10,"(0-10,0-10)",stochastic,augmented_action_delay,Augmented (+action buffer + delay values),"(0-10,0-10)",0,10,0,10,1022000,22,63360,5,1.0440641517808285,0.3114293286137628,82,-32.23739326931536,-32.216303220018744,0.3931389423087239,0.010545024648308754,0.005136268213391304,1.0
stochastic_0_10,"(0-10,0-10)",stochastic,augmented_action_delay,Augmented (+action buffer + delay values),"(0-10,0-10)",0,10,0,10,1022000,22,63360,6,1.0440641517808285,0.3114293286137628,81,-27.977515150792897,-27.949341873638332,0.34540142161472714,0.028173277154564857,0.0052708908915519714,1.0
stochastic_0_10,"(0-10,0-10)",stochastic,augmented_action_delay,Augmented (+action buffer + delay values),"(0-10,0-10)",0,10,0,10,1022000,22,63360,7,1.0440641517808285,0.3114293286137628,83,-32.58632356394082,-32.50862104166299,0.39260630799928703,0.025900840759277344,0.01103328075259924,1.0
stochastic_0_10,"(0-10,0-10)",stochastic,augmented_action_delay,Augmented (+action buffer + delay values),"(0-10,0-10)",0,10,0,10,1023000,23,66240,0,1.0440641517808285,0.3114293286137628,84,-27.567376638879068,-27.420441354741342,0.32818305522475083,0.03673382103443146,0.0009968261001631618,1.0
stochastic_0_10,"(0-10,0-10)",stochastic,augmented_action_delay,Augmented (+action buffer + delay values),"(0-10,0-10)",0,10,0,10,1023000,23,66240,1,1.0440641517808285,0.3114293286137628,85,-34.23206009180285,-34.22583617770579,0.40273011872709236,0.0012447828194126487,0.0012447828194126487,1.0
stochastic_0_10,"(0-10,0-10)",stochastic,augmented_action_delay,Augmented (+action buffer + delay values),"(0-10,0-10)",0,10,0,10,1023000,23,66240,2,1.0440641517808285,0.3114293286137628,83,-33.58601625356823,-33.519723675213754,0.40465079823576183,0.022097526118159294,0.01009204052388668,1.0
stochastic_0_10,"(0-10,0-10)",stochastic,augmented_action_delay,Augmented (+action buffer + delay values),"(0-10,0-10)",0,10,0,10,1023000,23,66240,3,1.0440641517808285,0.3114293286137628,85,-34.61386468540877,-34.51112641301006,0.4072219374753973,0.02054765447974205,0.012435412965714931,1.0
stochastic_0_10,"(0-10,0-10)",stochastic,augmented_action_delay,Augmented (+action buffer + delay values),"(0-10,0-10)",0,10,0,10,1023000,23,66240,4,1.0440641517808285,0.3114293286137628,84,-23.732974598184228,-23.609104784205556,0.28253541188314557,0.030967453494668007,0.004101238213479519,1.0
stochastic_0_10,"(0-10,0-10)",stochastic,augmented_action_delay,Augmented (+action buffer + delay values),"(0-10,0-10)",0,10,0,10,1023000,23,66240,5,1.0440641517808285,0.3114293286137628,81,-25.226251183077693,-25.1965344324708,0.31143519979108264,0.029716750606894493,0.010356368497014046,1.0
stochastic_0_10,"(0-10,0-10)",stochastic,augmented_action_delay,Augmented (+action buffer + delay values),"(0-10,0-10)",0,10,0,10,1023000,23,66240,6,1.0440641517808285,0.3114293286137628,83,-25.014571470906958,-24.987527017248794,0.3013803791675537,0.009014817886054516,0.0020727103110402822,1.0
stochastic_0_10,"(0-10,0-10)",stochastic,augmented_action_delay,Augmented (+action buffer + delay values),"(0-10,0-10)",0,10,0,10,1023000,23,66240,7,1.0440641517808285,0.3114293286137628,83,-26.162187388399616,-26.111833239207044,0.31520707696867006,0.01678471639752388,0.002136504277586937,1.0
stochastic_0_10,"(0-10,0-10)",stochastic,augmented_action_delay,Augmented (+action buffer + delay values),"(0-10,0-10)",0,10,0,10,1024000,24,69120,0,1.0440641517808285,0.3114293286137628,82,-28.52407600567676,-28.5121744715143,0.34785458543508246,0.005950767081230879,0.0032632022630423307,1.0
stochastic_0_10,"(0-10,0-10)",stochastic,augmented_action_delay,Augmented (+action buffer + delay values),"(0-10,0-10)",0,10,0,10,1024000,24,69120,1,1.0440641517808285,0.3114293286137628,80,-27.077762523433194,-27.077762523433194,0.33847203154291494,0.00820542685687542,0.0026005723048001528,1.0
stochastic_0_10,"(0-10,0-10)",stochastic,augmented_action_delay,Augmented (+action buffer + delay values),"(0-10,0-10)",0,10,0,10,1024000,24,69120,2,1.0440641517808285,0.3114293286137628,81,-30.69843607209623,-30.690722450148314,0.3789930379271139,0.007713621947914362,0.0016752390656620264,1.0
stochastic_0_10,"(0-10,0-10)",stochastic,augmented_action_delay,Augmented (+action buffer + delay values),"(0-10,0-10)",0,10,0,10,1024000,24,69120,3,1.0440641517808285,0.3114293286137628,80,-29.27217210177332,-29.27217210177332,0.3659021512721665,0.029919458553195,0.008422132581472397,1.0
stochastic_0_10,"(0-10,0-10)",stochastic,augmented_action_delay,Augmented (+action buffer + delay values),"(0-10,0-10)",0,10,0,10,1024000,24,69120,4,1.0440641517808285,0.3114293286137628,86,-23.714444613084197,-23.515858506783843,0.2757493559660953,0.033097684383392334,0.002166637685149908,1.0
stochastic_0_10,"(0-10,0-10)",stochastic,augmented_action_delay,Augmented (+action buffer + delay values),"(0-10,0-10)",0,10,0,10,1024000,24,69120,5,1.0440641517808285,0.3114293286137628,86,-34.44353639264591,-34.33809445356019,0.40050623712378963,0.017573656514286995,0.002952359849587083,1.0
stochastic_0_10,"(0-10,0-10)",stochastic,augmented_action_delay,Augmented (+action buffer + delay values),"(0-10,0-10)",0,10,0,10,1024000,24,69120,6,1.0440641517808285,0.3114293286137628,81,-29.720255088992417,-29.688698031939566,0.36691672949373355,0.03155705705285072,0.009584232233464718,1.0
stochastic_0_10,"(0-10,0-10)",stochastic,augmented_action_delay,Augmented (+action buffer + delay values),"(0-10,0-10)",0,10,0,10,1024000,24,69120,7,1.0440641517808285,0.3114293286137628,85,-29.96263362886384,-29.79306832375005,0.35250157210428046,0.033913061022758484,0.005147674586623907,1.0
stochastic_0_10,"(0-10,0-10)",stochastic,augmented_action_delay,Augmented (+action buffer + delay values),"(0-10,0-10)",0,10,0,10,1100000,0,0,0,0.7592573860315994,0.2384058440442351,83,-27.5348346803803,-27.506265712203458,0.33174499614916025,0.009522989392280579,0.002012469805777073,1.0
stochastic_0_10,"(0-10,0-10)",stochastic,augmented_action_delay,Augmented (+action buffer + delay values),"(0-10,0-10)",0,10,0,10,1100000,0,0,1,0.7592573860315994,0.2384058440442351,84,-27.400483056437224,-27.281776554416865,0.3261962268623479,0.02967662550508976,0.004652016796171665,1.0
stochastic_0_10,"(0-10,0-10)",stochastic,augmented_action_delay,Augmented (+action buffer + delay values),"(0-10,0-10)",0,10,0,10,1100000,0,0,2,0.7592573860315994,0.2384058440442351,83,-39.086564616300166,-38.972664006985724,0.4709224652566285,0.03796686977148056,0.008391342125833035,1.0
stochastic_0_10,"(0-10,0-10)",stochastic,augmented_action_delay,Augmented (+action buffer + delay values),"(0-10,0-10)",0,10,0,10,1100000,0,0,3,0.7592573860315994,0.2384058440442351,82,-40.81966000364628,-40.778229209943675,0.49780073175178385,0.020715396851301193,0.0019336998229846358,1.0
stochastic_0_10,"(0-10,0-10)",stochastic,augmented_action_delay,Augmented (+action buffer + delay values),"(0-10,0-10)",0,10,0,10,1100000,0,0,4,0.7592573860315994,0.2384058440442351,84,-29.97644640132785,-29.91458934545517,0.3568624571586649,0.01546426396816969,0.0025372011587023735,1.0
stochastic_0_10,"(0-10,0-10)",stochastic,augmented_action_delay,Augmented (+action buffer + delay values),"(0-10,0-10)",0,10,0,10,1100000,0,0,5,0.7592573860315994,0.2384058440442351,83,-35.91176822595298,-35.77614247240126,0.43267190633678293,0.045208584517240524,0.016938840970396996,1.0
stochastic_0_10,"(0-10,0-10)",stochastic,augmented_action_delay,Augmented (+action buffer + delay values),"(0-10,0-10)",0,10,0,10,1100000,0,0,6,0.7592573860315994,0.2384058440442351,84,-36.63513906067237,-36.57907718187198,0.4361326078651473,0.014015469700098038,0.005926609970629215,1.0
stochastic_0_10,"(0-10,0-10)",stochastic,augmented_action_delay,Augmented (+action buffer + delay values),"(0-10,0-10)",0,10,0,10,1100000,0,0,7,0.7592573860315994,0.2384058440442351,83,-31.695347093744203,-31.62291418458335,0.3818716517318579,0.024144303053617477,0.002378766657784581,1.0
stochastic_0_10,"(0-10,0-10)",stochastic,augmented_action_delay,Augmented (+action buffer + delay values),"(0-10,0-10)",0,10,0,10,1101000,1,2880,0,1.0744689720734797,0.3749976099319212,82,-22.85032685054466,-22.811600051354617,0.2786625225676178,0.0193633995950222,0.0020509292371571064,1.0
stochastic_0_10,"(0-10,0-10)",stochastic,augmented_action_delay,Augmented (+action buffer + delay values),"(0-10,0-10)",0,10,0,10,1101000,1,2880,1,1.0744689720734797,0.3749976099319212,83,-41.58354340167716,-41.50481618056074,0.5010065470081586,0.02624240703880787,0.00422188313677907,1.0
stochastic_0_10,"(0-10,0-10)",stochastic,augmented_action_delay,Augmented (+action buffer + delay values),"(0-10,0-10)",0,10,0,10,1101000,1,2880,2,1.0744689720734797,0.3749976099319212,82,-34.10900277667679,-34.06370607414283,0.4159634484960584,0.02264835126698017,0.0023228011559695005,1.0
stochastic_0_10,"(0-10,0-10)",stochastic,augmented_action_delay,Augmented (+action buffer + delay values),"(0-10,0-10)",0,10,0,10,1101000,1,2880,3,1.0744689720734797,0.3749976099319212,85,-28.289662769791903,-28.162733831239166,0.3328195619975518,0.025385787710547447,0.0003225984110031277,1.0
stochastic_0_10,"(0-10,0-10)",stochastic,augmented_action_delay,Augmented (+action buffer + delay values),"(0-10,0-10)",0,10,0,10,1101000,1,2880,4,1.0744689720734797,0.3749976099319212,85,-31.11521482327953,-31.036750542465597,0.3660613508621121,0.015692856162786484,0.004935563541948795,1.0
stochastic_0_10,"(0-10,0-10)",stochastic,augmented_action_delay,Augmented (+action buffer + delay values),"(0-10,0-10)",0,10,0,10,1101000,1,2880,5,1.0744689720734797,0.3749976099319212,82,-33.434837518434506,-33.341115897696,0.40774192095651834,0.04686081036925316,0.0007000995683483779,1.0
stochastic_0_10,"(0-10,0-10)",stochastic,augmented_action_delay,Augmented (+action buffer + delay values),"(0-10,0-10)",0,10,0,10,1101000,1,2880,6,1.0744689720734797,0.3749976099319212,81,-28.12428274564445,-28.116711672395468,0.34721336723017837,0.0075710732489824295,0.0018211279530078173,1.0
stochastic_0_10,"(0-10,0-10)",stochastic,augmented_action_delay,Augmented (+action buffer + delay values),"(0-10,0-10)",0,10,0,10,1101000,1,2880,7,1.0744689720734797,0.3749976099319212,82,-25.449377299519256,-25.442098207538947,0.31035825975023484,0.003639545990154147,0.002089480869472027,1.0
stochastic_0_10,"(0-10,0-10)",stochastic,augmented_action_delay,Augmented (+action buffer + delay values),"(0-10,0-10)",0,10,0,10,1102000,2,5760,0,1.291367223078699,0.3915157528863157,85,-34.1012657773681,-33.983444400597364,0.4011913620866835,0.023564275354146957,0.0029193838126957417,1.0
stochastic_0_10,"(0-10,0-10)",stochastic,augmented_action_delay,Augmented (+action buffer + delay values),"(0-10,0-10)",0,10,0,10,1102000,2,5760,1,1.291367223078699,0.3915157528863157,80,-26.15677161666099,-26.15677161666099,0.3269596452082624,0.02573041059076786,0.001748891663737595,1.0
stochastic_0_10,"(0-10,0-10)",stochastic,augmented_action_delay,Augmented (+action buffer + delay values),"(0-10,0-10)",0,10,0,10,1102000,2,5760,2,1.291367223078699,0.3915157528863157,84,-26.06131678633392,-25.86965194158256,0.31025377126588,0.04791621118783951,0.007932953536510468,1.0
stochastic_0_10,"(0-10,0-10)",stochastic,augmented_action_delay,Augmented (+action buffer + delay values),"(0-10,0-10)",0,10,0,10,1102000,2,5760,3,1.291367223078699,0.3915157528863157,81,-35.27917818259448,-35.26352888252586,0.4355454096616602,0.015649300068616867,0.002857498824596405,1.0
stochastic_0_10,"(0-10,0-10)",stochastic,augmented_action_delay,Augmented (+action buffer + delay values),"(0-10,0-10)",0,10,0,10,1102000,2,5760,4,1.291367223078699,0.3915157528863157,85,-23.601733028772287,-23.45048491086345,0.277667447397321,0.030249623581767082,0.0018713249592110515,1.0
stochastic_0_10,"(0-10,0-10)",stochastic,augmented_action_delay,Augmented (+action buffer + delay values),"(0-10,0-10)",0,10,0,10,1102000,2,5760,5,1.291367223078699,0.3915157528863157,82,-26.19493167847395,-26.171786479651928,0.31945038632285305,0.011572599411010742,0.004499698057770729,1.0
stochastic_0_10,"(0-10,0-10)",stochastic,augmented_action_delay,Augmented (+action buffer + delay values),"(0-10,0-10)",0,10,0,10,1102000,2,5760,6,1.291367223078699,0.3915157528863157,83,-26.2720420146361,-26.250545935239643,0.31653062668236265,0.007165359798818827,0.0026038200594484806,1.0
stochastic_0_10,"(0-10,0-10)",stochastic,augmented_action_delay,Augmented (+action buffer + delay values),"(0-10,0-10)",0,10,0,10,1102000,2,5760,7,1.291367223078699,0.3915157528863157,81,-26.906621746486053,-26.898601381806657,0.3321805153887167,0.008020364679396152,0.003854823997244239,1.0
stochastic_0_10,"(0-10,0-10)",stochastic,augmented_action_delay,Augmented (+action buffer + delay values),"(0-10,0-10)",0,10,0,10,1103000,3,8640,0,1.2846603970272736,0.13289119575202638,82,-33.763365806196816,-33.76123107073363,0.41174836349020505,0.0010673677315935493,0.0010673677315935493,1.0
stochastic_0_10,"(0-10,0-10)",stochastic,augmented_action_delay,Augmented (+action buffer + delay values),"(0-10,0-10)",0,10,0,10,1103000,3,8640,1,1.2846603970272736,0.13289119575202638,84,-27.08992970525287,-27.00358976959251,0.3224991631577723,0.02158498391509056,0.003650473663583398,1.0
stochastic_0_10,"(0-10,0-10)",stochastic,augmented_action_delay,Augmented (+action buffer + delay values),"(0-10,0-10)",0,10,0,10,1103000,3,8640,2,1.2846603970272736,0.13289119575202638,81,-36.17096186103299,-36.151778081897646,0.44655508470411104,0.019183779135346413,0.005642406176775694,1.0
stochastic_0_10,"(0-10,0-10)",stochastic,augmented_action_delay,Augmented (+action buffer + delay values),"(0-10,0-10)",0,10,0,10,1103000,3,8640,3,1.2846603970272736,0.13289119575202638,80,-32.90131770679727,-32.90131770679727,0.4112664713349659,0.009717995300889015,0.004174239933490753,1.0
stochastic_0_10,"(0-10,0-10)",stochastic,augmented_action_delay,Augmented (+action buffer + delay values),"(0-10,0-10)",0,10,0,10,1103000,3,8640,4,1.2846603970272736,0.13289119575202638,87,-34.579293126938865,-34.42575465212576,0.3974631393901019,0.021934067830443382,0.0038564710412174463,1.0
stochastic_0_10,"(0-10,0-10)",stochastic,augmented_action_delay,Augmented (+action buffer + delay values),"(0-10,0-10)",0,10,0,10,1103000,3,8640,5,1.2846603970272736,0.13289119575202638,84,-32.14674812904559,-32.04799451283179,0.382699382488638,0.02468840405344963,0.0022004207130521536,1.0
stochastic_0_10,"(0-10,0-10)",stochastic,augmented_action_delay,Augmented (+action buffer + delay values),"(0-10,0-10)",0,10,0,10,1103000,3,8640,6,1.2846603970272736,0.13289119575202638,84,-28.834861706243828,-28.767688649939373,0.3432721631695694,0.0167932640761137,0.0022249934263527393,1.0
stochastic_0_10,"(0-10,0-10)",stochastic,augmented_action_delay,Augmented (+action buffer + delay values),"(0-10,0-10)",0,10,0,10,1103000,3,8640,7,1.2846603970272736,0.13289119575202638,85,-32.53317442815751,-32.461137688718736,0.3827432285665589,0.01440734788775444,0.003483440261334181,1.0
stochastic_0_10,"(0-10,0-10)",stochastic,augmented_action_delay,Augmented (+action buffer + delay values),"(0-10,0-10)",0,10,0,10,1104000,4,11520,0,1.2958503493222506,0.3860564007520184,82,-29.06540071964264,-28.986575089395046,0.35445610633710534,0.03941281512379646,0.00800340622663498,1.0
stochastic_0_10,"(0-10,0-10)",stochastic,augmented_action_delay,Augmented (+action buffer + delay values),"(0-10,0-10)",0,10,0,10,1104000,4,11520,1,1.2958503493222506,0.3860564007520184,82,-32.526297863572836,-32.48410826548934,0.3966621690679614,0.021094799041748047,0.011436838656663895,1.0
stochastic_0_10,"(0-10,0-10)",stochastic,augmented_action_delay,Augmented (+action buffer + delay values),"(0-10,0-10)",0,10,0,10,1104000,4,11520,2,1.2958503493222506,0.3860564007520184,83,-33.52189459837973,-33.49402863997966,0.4038782481732498,0.009288652800023556,0.003693678881973028,1.0
stochastic_0_10,"(0-10,0-10)",stochastic,augmented_action_delay,Augmented (+action buffer + delay values),"(0-10,0-10)",0,10,0,10,1104000,4,11520,3,1.2958503493222506,0.3860564007520184,84,-28.018570859916508,-27.943088662810624,0.33355441499900607,0.018870549276471138,0.002733132801949978,1.0
stochastic_0_10,"(0-10,0-10)",stochastic,augmented_action_delay,Augmented (+action buffer + delay values),"(0-10,0-10)",0,10,0,10,1104000,4,11520,4,1.2958503493222506,0.3860564007520184,80,-33.0071521345526,-33.0071521345526,0.4125894016819075,0.02176724188029766,0.020362308248877525,1.0
stochastic_0_10,"(0-10,0-10)",stochastic,augmented_action_delay,Augmented (+action buffer + delay values),"(0-10,0-10)",0,10,0,10,1104000,4,11520,5,1.2958503493222506,0.3860564007520184,85,-22.222041237400845,-22.136942167999223,0.26143577926353934,0.017019813880324364,0.002678856486454606,1.0
stochastic_0_10,"(0-10,0-10)",stochastic,augmented_action_delay,Augmented (+action buffer + delay values),"(0-10,0-10)",0,10,0,10,1104000,4,11520,6,1.2958503493222506,0.3860564007520184,82,-28.22499409969896,-28.172449517063797,0.34420724511828,0.02627229131758213,0.009351342916488647,1.0
stochastic_0_10,"(0-10,0-10)",stochastic,augmented_action_delay,Augmented (+action buffer + delay values),"(0-10,0-10)",0,10,0,10,1104000,4,11520,7,1.2958503493222506,0.3860564007520184,84,-35.143376568565145,-35.10080330283381,0.4183735305781565,0.010643316432833672,0.0018092487007379532,1.0
stochastic_0_10,"(0-10,0-10)",stochastic,augmented_action_delay,Augmented (+action buffer + delay values),"(0-10,0-10)",0,10,0,10,1105000,5,14400,0,1.2958503493222506,0.3860564007520184,83,-22.47326605557464,-22.43311255122535,0.2707622416334294,0.013384501449763775,0.002873761346563697,1.0
stochastic_0_10,"(0-10,0-10)",stochastic,augmented_action_delay,Augmented (+action buffer + delay values),"(0-10,0-10)",0,10,0,10,1105000,5,14400,1,1.2958503493222506,0.3860564007520184,84,-23.409208614495583,-23.369483493384905,0.2786810549344712,0.00993128027766943,0.0015746260760352015,1.0
stochastic_0_10,"(0-10,0-10)",stochastic,augmented_action_delay,Augmented (+action buffer + delay values),"(0-10,0-10)",0,10,0,10,1105000,5,14400,2,1.2958503493222506,0.3860564007520184,86,-26.943277233745903,-26.848839258309454,0.3132939213226268,0.01573966257274151,0.006827410776168108,1.0
stochastic_0_10,"(0-10,0-10)",stochastic,augmented_action_delay,Augmented (+action buffer + delay values),"(0-10,0-10)",0,10,0,10,1105000,5,14400,3,1.2958503493222506,0.3860564007520184,84,-43.178197817644104,-43.106754245003685,0.5140261644957631,0.01786089316010475,0.0016189753077924252,1.0
stochastic_0_10,"(0-10,0-10)",stochastic,augmented_action_delay,Augmented (+action buffer + delay values),"(0-10,0-10)",0,10,0,10,1105000,5,14400,4,1.2958503493222506,0.3860564007520184,81,-39.36381722637452,-39.33432615012862,0.4859730521774632,0.02949107624590397,0.0031920799519866705,1.0
stochastic_0_10,"(0-10,0-10)",stochastic,augmented_action_delay,Augmented (+action buffer + delay values),"(0-10,0-10)",0,10,0,10,1105000,5,14400,5,1.2958503493222506,0.3860564007520184,80,-32.739805524703115,-32.739805524703115,0.40924756905878895,0.01789732836186886,0.005084002390503883,1.0
stochastic_0_10,"(0-10,0-10)",stochastic,augmented_action_delay,Augmented (+action buffer + delay values),"(0-10,0-10)",0,10,0,10,1105000,5,14400,6,1.2958503493222506,0.3860564007520184,84,-39.91226537688635,-39.84315384342335,0.4751460163915042,0.017277883365750313,0.0038352343253791332,1.0
stochastic_0_10,"(0-10,0-10)",stochastic,augmented_action_delay,Augmented (+action buffer + delay values),"(0-10,0-10)",0,10,0,10,1105000,5,14400,7,1.2958503493222506,0.3860564007520184,83,-25.652941443026066,-25.59710394218564,0.30907158365091647,0.01861250028014183,0.002676537726074457,1.0
stochastic_0_10,"(0-10,0-10)",stochastic,augmented_action_delay,Augmented (+action buffer + delay values),"(0-10,0-10)",0,10,0,10,1106000,6,17280,0,1.2958503493222506,0.3860564007520184,81,-27.274722325382754,-27.267998467432335,0.336724966980034,0.0067238579504191875,0.0025742026045918465,1.0
stochastic_0_10,"(0-10,0-10)",stochastic,augmented_action_delay,Augmented (+action buffer + delay values),"(0-10,0-10)",0,10,0,10,1106000,6,17280,1,1.2958503493222506,0.3860564007520184,81,-44.29642155673355,-44.2842771448195,0.5468694019349821,0.012144411914050579,0.005415907595306635,1.0
stochastic_0_10,"(0-10,0-10)",stochastic,augmented_action_delay,Augmented (+action buffer + delay values),"(0-10,0-10)",0,10,0,10,1106000,6,17280,2,1.2958503493222506,0.3860564007520184,87,-27.56553480029106,-27.445539381355047,0.3168452275895524,0.017142202705144882,0.0028741657733917236,1.0
stochastic_0_10,"(0-10,0-10)",stochastic,augmented_action_delay,Augmented (+action buffer + delay values),"(0-10,0-10)",0,10,0,10,1106000,6,17280,3,1.2958503493222506,0.3860564007520184,85,-30.529589982004836,-30.382204179884866,0.3591716468471157,0.029477160423994064,0.0031135694589465857,1.0
stochastic_0_10,"(0-10,0-10)",stochastic,augmented_action_delay,Augmented (+action buffer + delay values),"(0-10,0-10)",0,10,0,10,1106000,6,17280,4,1.2958503493222506,0.3860564007520184,82,-29.372584741562605,-29.342005973681808,0.3582022529458854,0.015289383940398693,0.007828028872609138,1.0
stochastic_0_10,"(0-10,0-10)",stochastic,augmented_action_delay,Augmented (+action buffer + delay values),"(0-10,0-10)",0,10,0,10,1106000,6,17280,5,1.2958503493222506,0.3860564007520184,82,-39.31476969504729,-39.29244788782671,0.47944841091521084,0.011160903610289097,0.006418923381716013,1.0
stochastic_0_10,"(0-10,0-10)",stochastic,augmented_action_delay,Augmented (+action buffer + delay values),"(0-10,0-10)",0,10,0,10,1106000,6,17280,6,1.2958503493222506,0.3860564007520184,84,-23.322177160531282,-23.24715595319867,0.27764496619680096,0.01875530183315277,0.003758458886295557,1.0
stochastic_0_10,"(0-10,0-10)",stochastic,augmented_action_delay,Augmented (+action buffer + delay values),"(0-10,0-10)",0,10,0,10,1106000,6,17280,7,1.2958503493222506,0.3860564007520184,81,-21.785438993945718,-21.776528569869697,0.2689560369622928,0.008910424076020718,0.008910424076020718,1.0
stochastic_0_10,"(0-10,0-10)",stochastic,augmented_action_delay,Augmented (+action buffer + delay values),"(0-10,0-10)",0,10,0,10,1107000,7,20160,0,1.2958503493222506,0.3860564007520184,84,-31.348248363705352,-31.26772473123856,0.3731934329012542,0.020130908116698265,0.0024652706924825907,1.0
stochastic_0_10,"(0-10,0-10)",stochastic,augmented_action_delay,Augmented (+action buffer + delay values),"(0-10,0-10)",0,10,0,10,1107000,7,20160,1,1.2958503493222506,0.3860564007520184,81,-24.130795795470476,-24.09488208964467,0.2979110592033392,0.035913705825805664,0.011890724301338196,1.0
stochastic_0_10,"(0-10,0-10)",stochastic,augmented_action_delay,Augmented (+action buffer + delay values),"(0-10,0-10)",0,10,0,10,1107000,7,20160,2,1.2958503493222506,0.3860564007520184,86,-33.00344507396221,-32.916214015334845,0.38376098923211877,0.014538509771227837,0.0017155089881271124,1.0
stochastic_0_10,"(0-10,0-10)",stochastic,augmented_action_delay,Augmented (+action buffer + delay values),"(0-10,0-10)",0,10,0,10,1107000,7,20160,3,1.2958503493222506,0.3860564007520184,81,-30.59523731074296,-30.59167638933286,0.3777189791449748,0.003560921410098672,0.001836318988353014,1.0
stochastic_0_10,"(0-10,0-10)",stochastic,augmented_action_delay,Augmented (+action buffer + delay values),"(0-10,0-10)",0,10,0,10,1107000,7,20160,4,1.2958503493222506,0.3860564007520184,86,-37.03277635388076,-36.948802173137665,0.43061367853349725,0.013995696790516376,0.0052774157375097275,1.0
stochastic_0_10,"(0-10,0-10)",stochastic,augmented_action_delay,Augmented (+action buffer + delay values),"(0-10,0-10)",0,10,0,10,1107000,7,20160,5,1.2958503493222506,0.3860564007520184,80,-29.938337985659018,-29.938337985659018,0.3742292248207377,0.0023272011894732714,0.002142567653208971,1.0
stochastic_0_10,"(0-10,0-10)",stochastic,augmented_action_delay,Augmented (+action buffer + delay values),"(0-10,0-10)",0,10,0,10,1107000,7,20160,6,1.2958503493222506,0.3860564007520184,83,-32.48460124526173,-32.429417789913714,0.3913807378947196,0.018394485116004944,0.004976019728928804,1.0
stochastic_0_10,"(0-10,0-10)",stochastic,augmented_action_delay,Augmented (+action buffer + delay values),"(0-10,0-10)",0,10,0,10,1107000,7,20160,7,1.2958503493222506,0.3860564007520184,83,-35.37472323188558,-35.36987166444305,0.42620148472151304,0.0016171891475096345,0.0016171891475096345,1.0
stochastic_0_10,"(0-10,0-10)",stochastic,augmented_action_delay,Augmented (+action buffer + delay values),"(0-10,0-10)",0,10,0,10,1108000,8,23040,0,1.2958503493222506,0.3860564007520184,82,-29.684587080962956,-29.623014104552567,0.36200715952393847,0.030786488205194473,0.009283783845603466,1.0
stochastic_0_10,"(0-10,0-10)",stochastic,augmented_action_delay,Augmented (+action buffer + delay values),"(0-10,0-10)",0,10,0,10,1108000,8,23040,1,1.2958503493222506,0.3860564007520184,82,-28.825001245364547,-28.770374117419124,0.35152440543127494,0.027313563972711563,0.0091077396646142,1.0
stochastic_0_10,"(0-10,0-10)",stochastic,augmented_action_delay,Augmented (+action buffer + delay values),"(0-10,0-10)",0,10,0,10,1108000,8,23040,2,1.2958503493222506,0.3860564007520184,82,-23.432371091330424,-23.392908223206177,0.28576062306500516,0.0197314340621233,0.0035505921114236116,1.0
stochastic_0_10,"(0-10,0-10)",stochastic,augmented_action_delay,Augmented (+action buffer + delay values),"(0-10,0-10)",0,10,0,10,1108000,8,23040,3,1.2958503493222506,0.3860564007520184,82,-29.477689472958446,-29.42293550260365,0.35948401796290785,0.027376985177397728,0.005998838692903519,1.0
stochastic_0_10,"(0-10,0-10)",stochastic,augmented_action_delay,Augmented (+action buffer + delay values),"(0-10,0-10)",0,10,0,10,1108000,8,23040,4,1.2958503493222506,0.3860564007520184,84,-27.165327192749828,-27.075491534080356,0.3233967522946408,0.022458914667367935,0.003015481401234865,1.0
stochastic_0_10,"(0-10,0-10)",stochastic,augmented_action_delay,Augmented (+action buffer + delay values),"(0-10,0-10)",0,10,0,10,1108000,8,23040,5,1.2958503493222506,0.3860564007520184,82,-37.253264074679464,-37.194320095237345,0.4543080984717008,0.0294719897210598,0.0026004528626799583,1.0
stochastic_0_10,"(0-10,0-10)",stochastic,augmented_action_delay,Augmented (+action buffer + delay values),"(0-10,0-10)",0,10,0,10,1108000,8,23040,6,1.2958503493222506,0.3860564007520184,85,-27.972978598671034,-27.84077733126469,0.32909386586671807,0.026440253481268883,0.002393491333350539,1.0
stochastic_0_10,"(0-10,0-10)",stochastic,augmented_action_delay,Augmented (+action buffer + delay values),"(0-10,0-10)",0,10,0,10,1108000,8,23040,7,1.2958503493222506,0.3860564007520184,81,-25.227512219920754,-25.20743127912283,0.3114507681471698,0.020080940797924995,0.005445171147584915,1.0
stochastic_0_10,"(0-10,0-10)",stochastic,augmented_action_delay,Augmented (+action buffer + delay values),"(0-10,0-10)",0,10,0,10,1109000,9,25920,0,1.2958503493222506,0.3860564007520184,84,-34.268507161177695,-34.14517212007195,0.40795841858544873,0.030833760276436806,0.0045068454928696156,1.0
stochastic_0_10,"(0-10,0-10)",stochastic,augmented_action_delay,Augmented (+action buffer + delay values),"(0-10,0-10)",0,10,0,10,1109000,9,25920,1,1.2958503493222506,0.3860564007520184,82,-26.59544782130979,-26.585340757621452,0.32433472952816816,0.0050535318441689014,0.003285975893959403,1.0
stochastic_0_10,"(0-10,0-10)",stochastic,augmented_action_delay,Augmented (+action buffer + delay values),"(0-10,0-10)",0,10,0,10,1109000,9,25920,2,1.2958503493222506,0.3860564007520184,85,-27.266772338654846,-27.144061266910285,0.32078555692535116,0.02454221434891224,0.004446962382644415,1.0
stochastic_0_10,"(0-10,0-10)",stochastic,augmented_action_delay,Augmented (+action buffer + delay values),"(0-10,0-10)",0,10,0,10,1109000,9,25920,3,1.2958503493222506,0.3860564007520184,82,-35.742317389231175,-35.69606650574133,0.435881919380868,0.02312544174492359,0.005399866495281458,1.0
stochastic_0_10,"(0-10,0-10)",stochastic,augmented_action_delay,Augmented (+action buffer + delay values),"(0-10,0-10)",0,10,0,10,1109000,9,25920,4,1.2958503493222506,0.3860564007520184,82,-24.63402325042989,-24.591937856166624,0.3004149176881694,0.02104269713163376,0.0016129781724885106,1.0
stochastic_0_10,"(0-10,0-10)",stochastic,augmented_action_delay,Augmented (+action buffer + delay values),"(0-10,0-10)",0,10,0,10,1109000,9,25920,5,1.2958503493222506,0.3860564007520184,84,-29.982039131689817,-29.903667808044702,0.35692903728202163,0.019592830911278725,0.004302219953387976,1.0
stochastic_0_10,"(0-10,0-10)",stochastic,augmented_action_delay,Augmented (+action buffer + delay values),"(0-10,0-10)",0,10,0,10,1109000,9,25920,6,1.2958503493222506,0.3860564007520184,84,-26.67249474581331,-26.588890365324914,0.31752969935492037,0.020901095122098923,0.00451598921790719,1.0
stochastic_0_10,"(0-10,0-10)",stochastic,augmented_action_delay,Augmented (+action buffer + delay values),"(0-10,0-10)",0,10,0,10,1109000,9,25920,7,1.2958503493222506,0.3860564007520184,81,-38.85063602938317,-38.83539942256175,0.47963748184423666,0.015236606821417809,0.0038609139155596495,1.0
stochastic_0_10,"(0-10,0-10)",stochastic,augmented_action_delay,Augmented (+action buffer + delay values),"(0-10,0-10)",0,10,0,10,1110000,10,28800,0,1.2958503493222506,0.3860564007520184,81,-22.966651973314583,-22.95499570481479,0.28353891325079733,0.011656268499791622,0.0105173634365201,1.0
stochastic_0_10,"(0-10,0-10)",stochastic,augmented_action_delay,Augmented (+action buffer + delay values),"(0-10,0-10)",0,10,0,10,1110000,10,28800,1,1.2958503493222506,0.3860564007520184,84,-28.576784720062278,-28.54535025486257,0.3401998180959795,0.007858616299927235,0.0014810626162216067,1.0
stochastic_0_10,"(0-10,0-10)",stochastic,augmented_action_delay,Augmented (+action buffer + delay values),"(0-10,0-10)",0,10,0,10,1110000,10,28800,2,1.2958503493222506,0.3860564007520184,82,-31.21900715632364,-31.207209473010153,0.3807195994673615,0.00589884165674448,0.004919636994600296,1.0
stochastic_0_10,"(0-10,0-10)",stochastic,augmented_action_delay,Augmented (+action buffer + delay values),"(0-10,0-10)",0,10,0,10,1110000,10,28800,3,1.2958503493222506,0.3860564007520184,83,-30.8224743923638,-30.771499652648345,0.37135511316100966,0.01699157990515232,0.0024138677399605513,1.0
stochastic_0_10,"(0-10,0-10)",stochastic,augmented_action_delay,Augmented (+action buffer + delay values),"(0-10,0-10)",0,10,0,10,1110000,10,28800,4,1.2958503493222506,0.3860564007520184,81,-22.948508177651092,-22.88656331296079,0.2833149157734703,0.0619448646903038,0.003645203774794936,0.0
stochastic_0_10,"(0-10,0-10)",stochastic,augmented_action_delay,Augmented (+action buffer + delay values),"(0-10,0-10)",0,10,0,10,1110000,10,28800,5,1.2958503493222506,0.3860564007520184,85,-29.312880226876587,-29.23919421294704,0.3448574144338422,0.014737202785909176,0.0047425273805856705,1.0
stochastic_0_10,"(0-10,0-10)",stochastic,augmented_action_delay,Augmented (+action buffer + delay values),"(0-10,0-10)",0,10,0,10,1110000,10,28800,6,1.2958503493222506,0.3860564007520184,83,-31.843560523353517,-31.817889709956944,0.3836573557030544,0.008556937798857689,0.00835501030087471,1.0
stochastic_0_10,"(0-10,0-10)",stochastic,augmented_action_delay,Augmented (+action buffer + delay values),"(0-10,0-10)",0,10,0,10,1110000,10,28800,7,1.2958503493222506,0.3860564007520184,81,-36.91280965786427,-36.89702992979437,0.45571369947980583,0.015779728069901466,0.004223180934786797,1.0
stochastic_0_10,"(0-10,0-10)",stochastic,augmented_action_delay,Augmented (+action buffer + delay values),"(0-10,0-10)",0,10,0,10,1111000,11,31680,0,1.2958503493222506,0.3860564007520184,80,-34.807165244361386,-34.807165244361386,0.43508956555451733,0.003600337775424123,0.0031247660517692566,1.0
stochastic_0_10,"(0-10,0-10)",stochastic,augmented_action_delay,Augmented (+action buffer + delay values),"(0-10,0-10)",0,10,0,10,1111000,11,31680,1,1.2958503493222506,0.3860564007520184,82,-36.40852315723896,-36.36664595454931,0.4440063799663288,0.020938601344823837,0.01385441143065691,1.0
stochastic_0_10,"(0-10,0-10)",stochastic,augmented_action_delay,Augmented (+action buffer + delay values),"(0-10,0-10)",0,10,0,10,1111000,11,31680,2,1.2958503493222506,0.3860564007520184,85,-35.900703800842166,-35.79412675648928,0.4223612211863784,0.021315408870577812,0.006451695691794157,1.0
stochastic_0_10,"(0-10,0-10)",stochastic,augmented_action_delay,Augmented (+action buffer + delay values),"(0-10,0-10)",0,10,0,10,1111000,11,31680,3,1.2958503493222506,0.3860564007520184,83,-40.577175348997116,-40.49013211205602,0.48888163071080865,0.029014412313699722,0.004162923898547888,1.0
stochastic_0_10,"(0-10,0-10)",stochastic,augmented_action_delay,Augmented (+action buffer + delay values),"(0-10,0-10)",0,10,0,10,1111000,11,31680,4,1.2958503493222506,0.3860564007520184,82,-30.752410030458122,-30.66618604073301,0.37502939061534296,0.04311199486255646,0.0031959619373083115,1.0
stochastic_0_10,"(0-10,0-10)",stochastic,augmented_action_delay,Augmented (+action buffer + delay values),"(0-10,0-10)",0,10,0,10,1111000,11,31680,5,1.2958503493222506,0.3860564007520184,90,-34.94379125442356,-34.587544835172594,0.3882643472713729,0.03562464192509651,0.003953175153583288,1.0
stochastic_0_10,"(0-10,0-10)",stochastic,augmented_action_delay,Augmented (+action buffer + delay values),"(0-10,0-10)",0,10,0,10,1111000,11,31680,6,1.2958503493222506,0.3860564007520184,82,-36.99352199235,-36.93004162260331,0.45114051210182926,0.031740184873342514,0.0011849614093080163,1.0
stochastic_0_10,"(0-10,0-10)",stochastic,augmented_action_delay,Augmented (+action buffer + delay values),"(0-10,0-10)",0,10,0,10,1111000,11,31680,7,1.2958503493222506,0.3860564007520184,83,-31.00459276791662,-30.940565063618124,0.37354931045682677,0.02134256809949875,0.005078118294477463,1.0
stochastic_0_10,"(0-10,0-10)",stochastic,augmented_action_delay,Augmented (+action buffer + delay values),"(0-10,0-10)",0,10,0,10,1112000,12,34560,0,1.2958503493222506,0.3860564007520184,85,-26.734771775547415,-26.642278098035604,0.31452672677114607,0.01849873550236225,0.0030081728473305702,1.0
stochastic_0_10,"(0-10,0-10)",stochastic,augmented_action_delay,Augmented (+action buffer + delay values),"(0-10,0-10)",0,10,0,10,1112000,12,34560,1,1.2958503493222506,0.3860564007520184,81,-32.53130300203338,-32.51709742518142,0.4016210247164615,0.014205576851963997,0.004567515105009079,1.0
stochastic_0_10,"(0-10,0-10)",stochastic,augmented_action_delay,Augmented (+action buffer + delay values),"(0-10,0-10)",0,10,0,10,1112000,12,34560,2,1.2958503493222506,0.3860564007520184,82,-35.03672742983326,-34.99976970395073,0.4272771637784544,0.018478862941265106,0.0017363708466291428,1.0
stochastic_0_10,"(0-10,0-10)",stochastic,augmented_action_delay,Augmented (+action buffer + delay values),"(0-10,0-10)",0,10,0,10,1112000,12,34560,3,1.2958503493222506,0.3860564007520184,86,-34.3193026263034,-34.27232084085699,0.3990616584453883,0.007830297574400902,0.0013306703185662627,1.0
stochastic_0_10,"(0-10,0-10)",stochastic,augmented_action_delay,Augmented (+action buffer + delay values),"(0-10,0-10)",0,10,0,10,1112000,12,34560,4,1.2958503493222506,0.3860564007520184,84,-27.577760939951986,-27.524934431072325,0.32830667785657125,0.01320662721991539,0.004118199925869703,1.0
stochastic_0_10,"(0-10,0-10)",stochastic,augmented_action_delay,Augmented (+action buffer + delay values),"(0-10,0-10)",0,10,0,10,1112000,12,34560,5,1.2958503493222506,0.3860564007520184,85,-31.04579223622568,-30.889562194468454,0.3652446145438315,0.031246008351445198,0.003606106387451291,1.0
stochastic_0_10,"(0-10,0-10)",stochastic,augmented_action_delay,Augmented (+action buffer + delay values),"(0-10,0-10)",0,10,0,10,1112000,12,34560,6,1.2958503493222506,0.3860564007520184,80,-24.143676234409213,-24.143676234409213,0.3017959529301152,0.04688786342740059,0.008841422386467457,1.0
stochastic_0_10,"(0-10,0-10)",stochastic,augmented_action_delay,Augmented (+action buffer + delay values),"(0-10,0-10)",0,10,0,10,1112000,12,34560,7,1.2958503493222506,0.3860564007520184,81,-27.96358153386973,-27.922339947661385,0.3452294016527127,0.041241586208343506,0.003689386649057269,1.0
stochastic_0_10,"(0-10,0-10)",stochastic,augmented_action_delay,Augmented (+action buffer + delay values),"(0-10,0-10)",0,10,0,10,1113000,13,37440,0,1.2958503493222506,0.3860564007520184,83,-28.747506578918546,-28.66634254856035,0.34635550095082585,0.0270546767860651,0.005900172982364893,1.0
stochastic_0_10,"(0-10,0-10)",stochastic,augmented_action_delay,Augmented (+action buffer + delay values),"(0-10,0-10)",0,10,0,10,1113000,13,37440,1,1.2958503493222506,0.3860564007520184,87,-25.970524611882865,-25.906633451581,0.2985117771480789,0.009127308614552021,0.00497817387804389,1.0
stochastic_0_10,"(0-10,0-10)",stochastic,augmented_action_delay,Augmented (+action buffer + delay values),"(0-10,0-10)",0,10,0,10,1113000,13,37440,2,1.2958503493222506,0.3860564007520184,81,-34.477466978132725,-34.46971033420414,0.42564774047077436,0.007756643928587437,0.0014781481586396694,1.0
stochastic_0_10,"(0-10,0-10)",stochastic,augmented_action_delay,Augmented (+action buffer + delay values),"(0-10,0-10)",0,10,0,10,1113000,13,37440,3,1.2958503493222506,0.3860564007520184,84,-32.189897743519396,-32.02395504480228,0.3832130683752309,0.04148567467927933,0.0032049776054918766,1.0
stochastic_0_10,"(0-10,0-10)",stochastic,augmented_action_delay,Augmented (+action buffer + delay values),"(0-10,0-10)",0,10,0,10,1113000,13,37440,4,1.2958503493222506,0.3860564007520184,83,-26.712490496225655,-26.668416261672974,0.321837234894285,0.014691411517560482,0.0025070789270102978,1.0
stochastic_0_10,"(0-10,0-10)",stochastic,augmented_action_delay,Augmented (+action buffer + delay values),"(0-10,0-10)",0,10,0,10,1113000,13,37440,5,1.2958503493222506,0.3860564007520184,81,-35.41152548487298,-35.378293067915365,0.4371793269737405,0.033232416957616806,0.0014086610171943903,1.0
stochastic_0_10,"(0-10,0-10)",stochastic,augmented_action_delay,Augmented (+action buffer + delay values),"(0-10,0-10)",0,10,0,10,1113000,13,37440,6,1.2958503493222506,0.3860564007520184,84,-25.307723108679056,-25.238153282552958,0.30128241796046495,0.017392456531524658,0.0030286600813269615,1.0
stochastic_0_10,"(0-10,0-10)",stochastic,augmented_action_delay,Augmented (+action buffer + delay values),"(0-10,0-10)",0,10,0,10,1113000,13,37440,7,1.2958503493222506,0.3860564007520184,83,-26.292147421394475,-26.260811089654453,0.3167728604987286,0.010445443913340569,0.0013830108800902963,1.0
stochastic_0_10,"(0-10,0-10)",stochastic,augmented_action_delay,Augmented (+action buffer + delay values),"(0-10,0-10)",0,10,0,10,1114000,14,40320,0,1.2958503493222506,0.3860564007520184,82,-26.09960954473354,-26.09388140286319,0.31828792127723826,0.002864070935174823,0.002864070935174823,1.0
stochastic_0_10,"(0-10,0-10)",stochastic,augmented_action_delay,Augmented (+action buffer + delay values),"(0-10,0-10)",0,10,0,10,1114000,14,40320,1,1.2958503493222506,0.3860564007520184,86,-33.329678068403155,-33.197102210018784,0.3875543961442227,0.022095976397395134,0.004506066907197237,1.0
stochastic_0_10,"(0-10,0-10)",stochastic,augmented_action_delay,Augmented (+action buffer + delay values),"(0-10,0-10)",0,10,0,10,1114000,14,40320,2,1.2958503493222506,0.3860564007520184,81,-38.121560527943075,-38.1008751289919,0.47063654972769225,0.02068539895117283,0.005547096952795982,1.0
stochastic_0_10,"(0-10,0-10)",stochastic,augmented_action_delay,Augmented (+action buffer + delay values),"(0-10,0-10)",0,10,0,10,1114000,14,40320,3,1.2958503493222506,0.3860564007520184,85,-33.506404964253306,-33.48163297586143,0.39419299957945064,0.004954397678375244,0.004954397678375244,1.0
stochastic_0_10,"(0-10,0-10)",stochastic,augmented_action_delay,Augmented (+action buffer + delay values),"(0-10,0-10)",0,10,0,10,1114000,14,40320,4,1.2958503493222506,0.3860564007520184,81,-27.049235789570957,-27.03157180408016,0.33394118258729577,0.01766398549079895,0.002147714840248227,1.0
stochastic_0_10,"(0-10,0-10)",stochastic,augmented_action_delay,Augmented (+action buffer + delay values),"(0-10,0-10)",0,10,0,10,1114000,14,40320,5,1.2958503493222506,0.3860564007520184,82,-28.54952475288883,-28.481992876622826,0.34816493601083937,0.03376593813300133,0.004224791657179594,1.0
stochastic_0_10,"(0-10,0-10)",stochastic,augmented_action_delay,Augmented (+action buffer + delay values),"(0-10,0-10)",0,10,0,10,1114000,14,40320,6,1.2958503493222506,0.3860564007520184,81,-29.311576511710882,-29.287689957767725,0.3618713149593936,0.023886553943157196,0.007640504743903875,1.0
stochastic_0_10,"(0-10,0-10)",stochastic,augmented_action_delay,Augmented (+action buffer + delay values),"(0-10,0-10)",0,10,0,10,1114000,14,40320,7,1.2958503493222506,0.3860564007520184,83,-32.343141629360616,-32.28301813174039,0.3896764051730195,0.020041165873408318,0.004366500303149223,1.0
stochastic_0_10,"(0-10,0-10)",stochastic,augmented_action_delay,Augmented (+action buffer + delay values),"(0-10,0-10)",0,10,0,10,1115000,15,43200,0,1.2958503493222506,0.3860564007520184,80,-35.062405130593106,-35.062405130593106,0.4382800641324138,0.008179543539881706,0.0010972601594403386,1.0
stochastic_0_10,"(0-10,0-10)",stochastic,augmented_action_delay,Augmented (+action buffer + delay values),"(0-10,0-10)",0,10,0,10,1115000,15,43200,1,1.2958503493222506,0.3860564007520184,81,-27.05509184114635,-27.034821286797523,0.3340134795203253,0.02027055434882641,0.004025750793516636,1.0
stochastic_0_10,"(0-10,0-10)",stochastic,augmented_action_delay,Augmented (+action buffer + delay values),"(0-10,0-10)",0,10,0,10,1115000,15,43200,2,1.2958503493222506,0.3860564007520184,83,-22.92719970268081,-22.896440015145345,0.2762313217190459,0.010253229178488255,0.00039448399911634624,1.0
stochastic_0_10,"(0-10,0-10)",stochastic,augmented_action_delay,Augmented (+action buffer + delay values),"(0-10,0-10)",0,10,0,10,1115000,15,43200,3,1.2958503493222506,0.3860564007520184,80,-37.18648523371667,-37.18648523371667,0.46483106542145836,0.0026184888556599617,0.0026184888556599617,1.0
stochastic_0_10,"(0-10,0-10)",stochastic,augmented_action_delay,Augmented (+action buffer + delay values),"(0-10,0-10)",0,10,0,10,1115000,15,43200,4,1.2958503493222506,0.3860564007520184,82,-27.745427129557356,-27.712362749269232,0.3383588674336263,0.016532190144062042,0.003467112546786666,1.0
stochastic_0_10,"(0-10,0-10)",stochastic,augmented_action_delay,Augmented (+action buffer + delay values),"(0-10,0-10)",0,10,0,10,1115000,15,43200,5,1.2958503493222506,0.3860564007520184,81,-30.467836542520672,-30.449373040813953,0.3761461301545762,0.0184635017067194,0.004032358527183533,1.0
stochastic_0_10,"(0-10,0-10)",stochastic,augmented_action_delay,Augmented (+action buffer + delay values),"(0-10,0-10)",0,10,0,10,1115000,15,43200,6,1.2958503493222506,0.3860564007520184,83,-29.98406735341996,-29.927114623598754,0.36125382353518026,0.018984243273735046,0.005354714579880238,1.0
stochastic_0_10,"(0-10,0-10)",stochastic,augmented_action_delay,Augmented (+action buffer + delay values),"(0-10,0-10)",0,10,0,10,1115000,15,43200,7,1.2958503493222506,0.3860564007520184,80,-26.465993172023445,-26.465993172023445,0.33082491465029307,0.031019750982522964,0.006125627551227808,1.0
stochastic_0_10,"(0-10,0-10)",stochastic,augmented_action_delay,Augmented (+action buffer + delay values),"(0-10,0-10)",0,10,0,10,1116000,16,46080,0,1.2958503493222506,0.3860564007520184,85,-34.90537372836843,-34.84596477309242,0.41065145562786387,0.011881791055202484,0.0019455552101135254,1.0
stochastic_0_10,"(0-10,0-10)",stochastic,augmented_action_delay,Augmented (+action buffer + delay values),"(0-10,0-10)",0,10,0,10,1116000,16,46080,1,1.2958503493222506,0.3860564007520184,85,-35.576708301436156,-35.504767450969666,0.41854950942866065,0.014388170093297958,0.003886890597641468,1.0
stochastic_0_10,"(0-10,0-10)",stochastic,augmented_action_delay,Augmented (+action buffer + delay values),"(0-10,0-10)",0,10,0,10,1116000,16,46080,2,1.2958503493222506,0.3860564007520184,83,-23.661864864639938,-23.480799953453243,0.2850827092125294,0.06035497039556503,0.008674203418195248,0.0
stochastic_0_10,"(0-10,0-10)",stochastic,augmented_action_delay,Augmented (+action buffer + delay values),"(0-10,0-10)",0,10,0,10,1116000,16,46080,3,1.2958503493222506,0.3860564007520184,85,-29.15631804568693,-29.071596273686737,0.34301550641984624,0.01694435440003872,0.003681264352053404,1.0
stochastic_0_10,"(0-10,0-10)",stochastic,augmented_action_delay,Augmented (+action buffer + delay values),"(0-10,0-10)",0,10,0,10,1116000,16,46080,4,1.2958503493222506,0.3860564007520184,82,-27.5843096813187,-27.573996340855956,0.3363940205038866,0.005156670231372118,0.004701719153672457,1.0
stochastic_0_10,"(0-10,0-10)",stochastic,augmented_action_delay,Augmented (+action buffer + delay values),"(0-10,0-10)",0,10,0,10,1116000,16,46080,5,1.2958503493222506,0.3860564007520184,86,-28.783538922667503,-28.651730690151453,0.33469231305427327,0.021968038752675056,0.015702983364462852,1.0
stochastic_0_10,"(0-10,0-10)",stochastic,augmented_action_delay,Augmented (+action buffer + delay values),"(0-10,0-10)",0,10,0,10,1116000,16,46080,6,1.2958503493222506,0.3860564007520184,83,-33.782369387859944,-33.69045365002239,0.407016498648915,0.03063857927918434,0.0003843842423520982,1.0
stochastic_0_10,"(0-10,0-10)",stochastic,augmented_action_delay,Augmented (+action buffer + delay values),"(0-10,0-10)",0,10,0,10,1116000,16,46080,7,1.2958503493222506,0.3860564007520184,82,-22.625510418554768,-22.558705927571282,0.27592085876286304,0.03340224549174309,0.002867501461878419,1.0
stochastic_0_10,"(0-10,0-10)",stochastic,augmented_action_delay,Augmented (+action buffer + delay values),"(0-10,0-10)",0,10,0,10,1117000,17,48960,0,1.2958503493222506,0.3860564007520184,87,-32.998750478960574,-32.789802248589694,0.3792959825167882,0.029849747195839882,0.0021699247881770134,1.0
stochastic_0_10,"(0-10,0-10)",stochastic,augmented_action_delay,Augmented (+action buffer + delay values),"(0-10,0-10)",0,10,0,10,1117000,17,48960,1,1.2958503493222506,0.3860564007520184,80,-28.989142870297655,-28.989142870297655,0.3623642858787207,0.004191882908344269,0.0011953497305512428,1.0
stochastic_0_10,"(0-10,0-10)",stochastic,augmented_action_delay,Augmented (+action buffer + delay values),"(0-10,0-10)",0,10,0,10,1117000,17,48960,2,1.2958503493222506,0.3860564007520184,80,-27.977049910929054,-27.977049910929054,0.3497131238866132,0.026234950870275497,0.004061650950461626,1.0
stochastic_0_10,"(0-10,0-10)",stochastic,augmented_action_delay,Augmented (+action buffer + delay values),"(0-10,0-10)",0,10,0,10,1117000,17,48960,3,1.2958503493222506,0.3860564007520184,80,-35.97444317815825,-35.97444317815825,0.4496805397269782,0.005981238093227148,0.005981238093227148,1.0
stochastic_0_10,"(0-10,0-10)",stochastic,augmented_action_delay,Augmented (+action buffer + delay values),"(0-10,0-10)",0,10,0,10,1117000,17,48960,4,1.2958503493222506,0.3860564007520184,84,-28.72718983190134,-28.611412659753114,0.34199035514168263,0.028944293037056923,0.005607797298580408,1.0
stochastic_0_10,"(0-10,0-10)",stochastic,augmented_action_delay,Augmented (+action buffer + delay values),"(0-10,0-10)",0,10,0,10,1117000,17,48960,5,1.2958503493222506,0.3860564007520184,85,-32.73096284037456,-32.62754095857963,0.3850701510632301,0.0206843763589859,0.00410516606643796,1.0
stochastic_0_10,"(0-10,0-10)",stochastic,augmented_action_delay,Augmented (+action buffer + delay values),"(0-10,0-10)",0,10,0,10,1117000,17,48960,6,1.2958503493222506,0.3860564007520184,83,-24.990883260965347,-24.93967478349805,0.30109497904777527,0.017069492489099503,0.007621781900525093,1.0
stochastic_0_10,"(0-10,0-10)",stochastic,augmented_action_delay,Augmented (+action buffer + delay values),"(0-10,0-10)",0,10,0,10,1117000,17,48960,7,1.2958503493222506,0.3860564007520184,84,-32.8984343521297,-32.70971679314971,0.391648028001544,0.047179389744997025,0.013397983275353909,1.0
stochastic_0_10,"(0-10,0-10)",stochastic,augmented_action_delay,Augmented (+action buffer + delay values),"(0-10,0-10)",0,10,0,10,1118000,18,51840,0,1.2958503493222506,0.3860564007520184,84,-22.57439718861133,-22.53079589921981,0.26874282367394436,0.01090032234787941,0.004042687360197306,1.0
stochastic_0_10,"(0-10,0-10)",stochastic,augmented_action_delay,Augmented (+action buffer + delay values),"(0-10,0-10)",0,10,0,10,1118000,18,51840,1,1.2958503493222506,0.3860564007520184,84,-26.043938353279373,-25.961455456534168,0.31004688515808776,0.02062072418630123,0.00030033985967747867,1.0
stochastic_0_10,"(0-10,0-10)",stochastic,augmented_action_delay,Augmented (+action buffer + delay values),"(0-10,0-10)",0,10,0,10,1118000,18,51840,2,1.2958503493222506,0.3860564007520184,81,-23.86318478360772,-23.851795352995396,0.2946072195507126,0.011389430612325668,0.0014340756461024284,1.0
stochastic_0_10,"(0-10,0-10)",stochastic,augmented_action_delay,Augmented (+action buffer + delay values),"(0-10,0-10)",0,10,0,10,1118000,18,51840,3,1.2958503493222506,0.3860564007520184,83,-26.64836628700141,-26.5967706941301,0.3210646540602579,0.017198530957102776,0.0011724942596629262,1.0
stochastic_0_10,"(0-10,0-10)",stochastic,augmented_action_delay,Augmented (+action buffer + delay values),"(0-10,0-10)",0,10,0,10,1118000,18,51840,4,1.2958503493222506,0.3860564007520184,83,-25.658604587457376,-25.571205806947546,0.3091398143067154,0.02913292683660984,0.00031017258879728615,1.0
stochastic_0_10,"(0-10,0-10)",stochastic,augmented_action_delay,Augmented (+action buffer + delay values),"(0-10,0-10)",0,10,0,10,1118000,18,51840,5,1.2958503493222506,0.3860564007520184,84,-23.488424599170685,-23.455201752483845,0.2796241023710796,0.008305711671710014,0.0038373577408492565,1.0
stochastic_0_10,"(0-10,0-10)",stochastic,augmented_action_delay,Augmented (+action buffer + delay values),"(0-10,0-10)",0,10,0,10,1118000,18,51840,6,1.2958503493222506,0.3860564007520184,82,-27.22575249383226,-27.194771621841937,0.33202137187600317,0.015490435995161533,0.005121810827404261,1.0
stochastic_0_10,"(0-10,0-10)",stochastic,augmented_action_delay,Augmented (+action buffer + delay values),"(0-10,0-10)",0,10,0,10,1118000,18,51840,7,1.2958503493222506,0.3860564007520184,83,-29.9505604384467,-29.908693614415824,0.3608501257644181,0.013955608010292053,0.004131202585995197,1.0
stochastic_0_10,"(0-10,0-10)",stochastic,augmented_action_delay,Augmented (+action buffer + delay values),"(0-10,0-10)",0,10,0,10,1119000,19,54720,0,1.2958503493222506,0.3860564007520184,80,-27.49226040020585,-27.49226040020585,0.34365325500257315,0.011545863933861256,0.003906693309545517,1.0
stochastic_0_10,"(0-10,0-10)",stochastic,augmented_action_delay,Augmented (+action buffer + delay values),"(0-10,0-10)",0,10,0,10,1119000,19,54720,1,1.2958503493222506,0.3860564007520184,82,-35.62219906877726,-35.58719607349485,0.43441706181435685,0.017501497641205788,0.005914007779210806,1.0
stochastic_0_10,"(0-10,0-10)",stochastic,augmented_action_delay,Augmented (+action buffer + delay values),"(0-10,0-10)",0,10,0,10,1119000,19,54720,2,1.2958503493222506,0.3860564007520184,81,-35.97475748555735,-35.96858921227977,0.444132808463671,0.006168273277580738,0.0028539798222482204,1.0
stochastic_0_10,"(0-10,0-10)",stochastic,augmented_action_delay,Augmented (+action buffer + delay values),"(0-10,0-10)",0,10,0,10,1119000,19,54720,3,1.2958503493222506,0.3860564007520184,80,-36.007899802410975,-36.007899802410975,0.4500987475301372,0.014028990641236305,0.00338960369117558,1.0
stochastic_0_10,"(0-10,0-10)",stochastic,augmented_action_delay,Augmented (+action buffer + delay values),"(0-10,0-10)",0,10,0,10,1119000,19,54720,4,1.2958503493222506,0.3860564007520184,82,-25.062589875422418,-25.045941579155624,0.3056413399441758,0.008324148133397102,0.0016145878471434116,1.0
stochastic_0_10,"(0-10,0-10)",stochastic,augmented_action_delay,Augmented (+action buffer + delay values),"(0-10,0-10)",0,10,0,10,1119000,19,54720,5,1.2958503493222506,0.3860564007520184,85,-29.784847604110837,-29.653610181063414,0.35040997181306865,0.026247484609484673,0.005762191955000162,1.0
stochastic_0_10,"(0-10,0-10)",stochastic,augmented_action_delay,Augmented (+action buffer + delay values),"(0-10,0-10)",0,10,0,10,1119000,19,54720,6,1.2958503493222506,0.3860564007520184,82,-42.953828900819644,-42.858991518383846,0.5238271817173127,0.04741869121789932,0.001113382400944829,1.0
stochastic_0_10,"(0-10,0-10)",stochastic,augmented_action_delay,Augmented (+action buffer + delay values),"(0-10,0-10)",0,10,0,10,1119000,19,54720,7,1.2958503493222506,0.3860564007520184,82,-29.27517308667302,-29.226920053362846,0.35701430593503686,0.02412651665508747,0.009818782098591328,1.0
stochastic_0_10,"(0-10,0-10)",stochastic,augmented_action_delay,Augmented (+action buffer + delay values),"(0-10,0-10)",0,10,0,10,1120000,20,57600,0,1.2958503493222506,0.3860564007520184,83,-34.51048729522154,-34.46526781888679,0.41578900355688597,0.015073158778250217,0.0026699453592300415,1.0
stochastic_0_10,"(0-10,0-10)",stochastic,augmented_action_delay,Augmented (+action buffer + delay values),"(0-10,0-10)",0,10,0,10,1120000,20,57600,1,1.2958503493222506,0.3860564007520184,84,-27.29048852599226,-27.27854554890655,0.3248867681665745,0.002985744271427393,0.002241833135485649,1.0
stochastic_0_10,"(0-10,0-10)",stochastic,augmented_action_delay,Augmented (+action buffer + delay values),"(0-10,0-10)",0,10,0,10,1120000,20,57600,2,1.2958503493222506,0.3860564007520184,82,-26.430335931945592,-26.374386094976217,0.3223211699017755,0.027974918484687805,0.0053582750260829926,1.0
stochastic_0_10,"(0-10,0-10)",stochastic,augmented_action_delay,Augmented (+action buffer + delay values),"(0-10,0-10)",0,10,0,10,1120000,20,57600,3,1.2958503493222506,0.3860564007520184,83,-23.72608772898093,-23.677572563756257,0.2858564786624208,0.01617172174155712,0.0038346159271895885,1.0
stochastic_0_10,"(0-10,0-10)",stochastic,augmented_action_delay,Augmented (+action buffer + delay values),"(0-10,0-10)",0,10,0,10,1120000,20,57600,4,1.2958503493222506,0.3860564007520184,82,-33.25550099462271,-33.231821259483695,0.4055548901783257,0.011839867569506168,0.005009152926504612,1.0
stochastic_0_10,"(0-10,0-10)",stochastic,augmented_action_delay,Augmented (+action buffer + delay values),"(0-10,0-10)",0,10,0,10,1120000,20,57600,5,1.2958503493222506,0.3860564007520184,80,-34.97356616612524,-34.97356616612524,0.43716957707656545,0.018536275252699852,0.004239006899297237,1.0
stochastic_0_10,"(0-10,0-10)",stochastic,augmented_action_delay,Augmented (+action buffer + delay values),"(0-10,0-10)",0,10,0,10,1120000,20,57600,6,1.2958503493222506,0.3860564007520184,87,-24.29053321504034,-24.24099314515479,0.27920153120736024,0.007077152840793133,0.0031132313888520002,1.0
stochastic_0_10,"(0-10,0-10)",stochastic,augmented_action_delay,Augmented (+action buffer + delay values),"(0-10,0-10)",0,10,0,10,1120000,20,57600,7,1.2958503493222506,0.3860564007520184,80,-31.514952207449824,-31.514952207449824,0.3939369025931228,0.017363058403134346,0.004533581435680389,1.0
stochastic_0_10,"(0-10,0-10)",stochastic,augmented_action_delay,Augmented (+action buffer + delay values),"(0-10,0-10)",0,10,0,10,1121000,21,60480,0,1.2958503493222506,0.3860564007520184,84,-31.366259687463753,-31.271540501038544,0.3734078534221875,0.02367979660630226,0.0015843877336010337,1.0
stochastic_0_10,"(0-10,0-10)",stochastic,augmented_action_delay,Augmented (+action buffer + delay values),"(0-10,0-10)",0,10,0,10,1121000,21,60480,1,1.2958503493222506,0.3860564007520184,86,-30.039748555747792,-29.94939609314315,0.3492994018110208,0.015058743767440319,0.00300771975889802,1.0
stochastic_0_10,"(0-10,0-10)",stochastic,augmented_action_delay,Augmented (+action buffer + delay values),"(0-10,0-10)",0,10,0,10,1121000,21,60480,2,1.2958503493222506,0.3860564007520184,82,-31.861020195530728,-31.811167082982138,0.388549026774765,0.024926556274294853,0.0026839589700102806,1.0
stochastic_0_10,"(0-10,0-10)",stochastic,augmented_action_delay,Augmented (+action buffer + delay values),"(0-10,0-10)",0,10,0,10,1121000,21,60480,3,1.2958503493222506,0.3860564007520184,88,-29.406292386353016,-29.020312644541264,0.3341624134812843,0.04824746772646904,0.002906973473727703,1.0
stochastic_0_10,"(0-10,0-10)",stochastic,augmented_action_delay,Augmented (+action buffer + delay values),"(0-10,0-10)",0,10,0,10,1121000,21,60480,4,1.2958503493222506,0.3860564007520184,83,-36.44801602046937,-36.37836642283946,0.43913272313818513,0.023216532543301582,0.0040304996073246,1.0
stochastic_0_10,"(0-10,0-10)",stochastic,augmented_action_delay,Augmented (+action buffer + delay values),"(0-10,0-10)",0,10,0,10,1121000,21,60480,5,1.2958503493222506,0.3860564007520184,82,-26.939451092854142,-26.922645488753915,0.32852989137627003,0.008402802050113678,0.004431639797985554,1.0
stochastic_0_10,"(0-10,0-10)",stochastic,augmented_action_delay,Augmented (+action buffer + delay values),"(0-10,0-10)",0,10,0,10,1121000,21,60480,6,1.2958503493222506,0.3860564007520184,83,-29.222546186792897,-29.1691244119138,0.35207886972039637,0.017807258293032646,0.0003357325040269643,1.0
stochastic_0_10,"(0-10,0-10)",stochastic,augmented_action_delay,Augmented (+action buffer + delay values),"(0-10,0-10)",0,10,0,10,1121000,21,60480,7,1.2958503493222506,0.3860564007520184,84,-28.111160432803445,-28.003961620735936,0.33465667181908865,0.026799703016877174,0.0009076494025066495,1.0
stochastic_0_10,"(0-10,0-10)",stochastic,augmented_action_delay,Augmented (+action buffer + delay values),"(0-10,0-10)",0,10,0,10,1122000,22,63360,0,1.2958503493222506,0.3860564007520184,85,-29.798340583685786,-29.740208075847477,0.35056871274924456,0.011626501567661762,0.0032439562492072582,1.0
stochastic_0_10,"(0-10,0-10)",stochastic,augmented_action_delay,Augmented (+action buffer + delay values),"(0-10,0-10)",0,10,0,10,1122000,22,63360,1,1.2958503493222506,0.3860564007520184,83,-24.984995199600235,-24.966805072734132,0.3010240385494004,0.006063375622034073,0.0019744334276765585,1.0
stochastic_0_10,"(0-10,0-10)",stochastic,augmented_action_delay,Augmented (+action buffer + delay values),"(0-10,0-10)",0,10,0,10,1122000,22,63360,2,1.2958503493222506,0.3860564007520184,82,-29.665007069939747,-29.611474123084918,0.3617683789017042,0.026766473427414894,0.0021701317746192217,1.0
stochastic_0_10,"(0-10,0-10)",stochastic,augmented_action_delay,Augmented (+action buffer + delay values),"(0-10,0-10)",0,10,0,10,1122000,22,63360,3,1.2958503493222506,0.3860564007520184,82,-30.52983748773113,-30.49883276829496,0.37231509131379426,0.015502359718084335,0.004926289431750774,1.0
stochastic_0_10,"(0-10,0-10)",stochastic,augmented_action_delay,Augmented (+action buffer + delay values),"(0-10,0-10)",0,10,0,10,1122000,22,63360,4,1.2958503493222506,0.3860564007520184,85,-31.863846005755477,-31.730366004514508,0.37486877653829975,0.02669600024819374,0.0010843205964192748,1.0
stochastic_0_10,"(0-10,0-10)",stochastic,augmented_action_delay,Augmented (+action buffer + delay values),"(0-10,0-10)",0,10,0,10,1122000,22,63360,5,1.2958503493222506,0.3860564007520184,87,-33.116592787439004,-33.06637530797161,0.3806504918096437,0.0071739256381988525,0.003644931362941861,1.0
stochastic_0_10,"(0-10,0-10)",stochastic,augmented_action_delay,Augmented (+action buffer + delay values),"(0-10,0-10)",0,10,0,10,1122000,22,63360,6,1.2958503493222506,0.3860564007520184,82,-24.79881845205091,-24.781438098987564,0.3024246152689135,0.008690176531672478,0.003391333157196641,1.0
stochastic_0_10,"(0-10,0-10)",stochastic,augmented_action_delay,Augmented (+action buffer + delay values),"(0-10,0-10)",0,10,0,10,1122000,22,63360,7,1.2958503493222506,0.3860564007520184,84,-28.014091653516516,-27.938326155534014,0.33350109111329185,0.018941374495625496,0.003196895821020007,1.0
stochastic_0_10,"(0-10,0-10)",stochastic,augmented_action_delay,Augmented (+action buffer + delay values),"(0-10,0-10)",0,10,0,10,1123000,23,66240,0,1.2958503493222506,0.3860564007520184,82,-29.779193456401117,-29.757790423114784,0.36316089580976973,0.010701516643166542,0.0018640841590240598,1.0
stochastic_0_10,"(0-10,0-10)",stochastic,augmented_action_delay,Augmented (+action buffer + delay values),"(0-10,0-10)",0,10,0,10,1123000,23,66240,1,1.2958503493222506,0.3860564007520184,84,-32.35087742074393,-32.22036709054373,0.3851294931040944,0.03262758255004883,0.0026404024101793766,1.0
stochastic_0_10,"(0-10,0-10)",stochastic,augmented_action_delay,Augmented (+action buffer + delay values),"(0-10,0-10)",0,10,0,10,1123000,23,66240,2,1.2958503493222506,0.3860564007520184,82,-31.710428862366825,-31.640786512289196,0.38671254710203445,0.034821175038814545,0.0049704392440617085,1.0
stochastic_0_10,"(0-10,0-10)",stochastic,augmented_action_delay,Augmented (+action buffer + delay values),"(0-10,0-10)",0,10,0,10,1123000,23,66240,3,1.2958503493222506,0.3860564007520184,84,-36.80982338730246,-36.62671540025622,0.43821218318217214,0.04577699676156044,0.0032657012343406677,1.0
stochastic_0_10,"(0-10,0-10)",stochastic,augmented_action_delay,Augmented (+action buffer + delay values),"(0-10,0-10)",0,10,0,10,1123000,23,66240,4,1.2958503493222506,0.3860564007520184,87,-18.842244140570983,-18.786212767241523,0.21657751885713775,0.00800448190420866,0.003145769238471985,1.0
stochastic_0_10,"(0-10,0-10)",stochastic,augmented_action_delay,Augmented (+action buffer + delay values),"(0-10,0-10)",0,10,0,10,1123000,23,66240,5,1.2958503493222506,0.3860564007520184,83,-32.308987374883145,-32.27598919952288,0.38926490813112224,0.010999391786754131,0.004062749445438385,1.0
stochastic_0_10,"(0-10,0-10)",stochastic,augmented_action_delay,Augmented (+action buffer + delay values),"(0-10,0-10)",0,10,0,10,1123000,23,66240,6,1.2958503493222506,0.3860564007520184,82,-29.759420741116628,-29.752943815896288,0.3629197651355686,0.003238462610170245,0.001141372136771679,1.0
stochastic_0_10,"(0-10,0-10)",stochastic,augmented_action_delay,Augmented (+action buffer + delay values),"(0-10,0-10)",0,10,0,10,1123000,23,66240,7,1.2958503493222506,0.3860564007520184,82,-27.414644037839025,-27.39372128015384,0.33432492729071983,0.01046137884259224,0.002414219779893756,1.0
stochastic_0_10,"(0-10,0-10)",stochastic,augmented_action_delay,Augmented (+action buffer + delay values),"(0-10,0-10)",0,10,0,10,1124000,24,69120,0,1.2958503493222506,0.3860564007520184,82,-32.41321621648967,-32.37277820892632,0.39528312459133746,0.020219003781676292,0.0047314059920609,1.0
stochastic_0_10,"(0-10,0-10)",stochastic,augmented_action_delay,Augmented (+action buffer + delay values),"(0-10,0-10)",0,10,0,10,1124000,24,69120,1,1.2958503493222506,0.3860564007520184,82,-26.588643082417548,-26.4895521113649,0.32425174490753106,0.04954548552632332,0.0030907350592315197,1.0
stochastic_0_10,"(0-10,0-10)",stochastic,augmented_action_delay,Augmented (+action buffer + delay values),"(0-10,0-10)",0,10,0,10,1124000,24,69120,2,1.2958503493222506,0.3860564007520184,83,-29.887023917399347,-29.838121184147894,0.3600846255108355,0.016300911083817482,0.003109970595687628,1.0
stochastic_0_10,"(0-10,0-10)",stochastic,augmented_action_delay,Augmented (+action buffer + delay values),"(0-10,0-10)",0,10,0,10,1124000,24,69120,3,1.2958503493222506,0.3860564007520184,84,-29.017001408559736,-28.981152165157255,0.3454404929590445,0.00896231085062027,0.0008895713253878057,1.0
stochastic_0_10,"(0-10,0-10)",stochastic,augmented_action_delay,Augmented (+action buffer + delay values),"(0-10,0-10)",0,10,0,10,1124000,24,69120,4,1.2958503493222506,0.3860564007520184,81,-25.956282632425427,-25.909319838508964,0.32044793373364727,0.04696279391646385,0.007121950387954712,1.0
stochastic_0_10,"(0-10,0-10)",stochastic,augmented_action_delay,Augmented (+action buffer + delay values),"(0-10,0-10)",0,10,0,10,1124000,24,69120,5,1.2958503493222506,0.3860564007520184,82,-26.425730113172904,-26.39329656236805,0.32226500138015735,0.01621677540242672,0.0038286459166556597,1.0
stochastic_0_10,"(0-10,0-10)",stochastic,augmented_action_delay,Augmented (+action buffer + delay values),"(0-10,0-10)",0,10,0,10,1124000,24,69120,6,1.2958503493222506,0.3860564007520184,85,-34.28901625331491,-34.160534483380616,0.40340019121546955,0.02569635398685932,0.007719736546278,1.0
stochastic_0_10,"(0-10,0-10)",stochastic,augmented_action_delay,Augmented (+action buffer + delay values),"(0-10,0-10)",0,10,0,10,1124000,24,69120,7,1.2958503493222506,0.3860564007520184,82,-25.9092403051327,-25.87892524310155,0.3159663451845451,0.015157531015574932,0.000780189351644367,1.0
stochastic_0_20,"(0-20,0-20)",stochastic,augmented_action_delay,Augmented (+action buffer + delay values),"(0-20,0-20)",0,20,0,20,900000,0,0,0,0.7592573860315994,0.2384058440442351,91,-32.49136723205447,-32.293030358850956,0.35704799156103817,0.018030624836683273,0.0030806150753051043,1.0
stochastic_0_20,"(0-20,0-20)",stochastic,augmented_action_delay,Augmented (+action buffer + delay values),"(0-20,0-20)",0,20,0,20,900000,0,0,1,0.7592573860315994,0.2384058440442351,86,-31.840551734669134,-31.80054493318312,0.3702389736589434,0.00666780024766922,0.003532543545588851,1.0
stochastic_0_20,"(0-20,0-20)",stochastic,augmented_action_delay,Augmented (+action buffer + delay values),"(0-20,0-20)",0,20,0,20,900000,0,0,2,0.7592573860315994,0.2384058440442351,81,-34.632962862960994,-34.61613477859646,0.4275674427526049,0.016828084364533424,0.004759650677442551,1.0
stochastic_0_20,"(0-20,0-20)",stochastic,augmented_action_delay,Augmented (+action buffer + delay values),"(0-20,0-20)",0,20,0,20,900000,0,0,3,0.7592573860315994,0.2384058440442351,87,-32.15616449248046,-32.05522734858096,0.369611086120465,0.01441959198564291,0.004608520306646824,1.0
stochastic_0_20,"(0-20,0-20)",stochastic,augmented_action_delay,Augmented (+action buffer + delay values),"(0-20,0-20)",0,20,0,20,900000,0,0,4,0.7592573860315994,0.2384058440442351,80,-28.884021716658026,-28.884021716658026,0.3610502714582253,0.01417419034987688,0.004547677934169769,1.0
stochastic_0_20,"(0-20,0-20)",stochastic,augmented_action_delay,Augmented (+action buffer + delay values),"(0-20,0-20)",0,20,0,20,900000,0,0,5,0.7592573860315994,0.2384058440442351,81,-30.89314660616219,-30.874977057799697,0.3813968716810147,0.018169548362493515,0.0049379076808691025,1.0
stochastic_0_20,"(0-20,0-20)",stochastic,augmented_action_delay,Augmented (+action buffer + delay values),"(0-20,0-20)",0,20,0,20,900000,0,0,6,0.7592573860315994,0.2384058440442351,85,-28.712282123917248,-28.625846206152346,0.3377915543990265,0.017287183552980423,0.0008425404666922987,1.0
stochastic_0_20,"(0-20,0-20)",stochastic,augmented_action_delay,Augmented (+action buffer + delay values),"(0-20,0-20)",0,20,0,20,900000,0,0,7,0.7592573860315994,0.2384058440442351,88,-40.166465184185654,-40.04362458596006,0.4564371043657461,0.015355074778199196,0.004426008556038141,1.0
stochastic_0_20,"(0-20,0-20)",stochastic,augmented_action_delay,Augmented (+action buffer + delay values),"(0-20,0-20)",0,20,0,20,901000,1,2880,0,1.4620309000639773,0.2685610487604165,90,-38.35158417839557,-38.24826289806515,0.4261287130932841,0.010332128033041954,0.006411783397197723,1.0
stochastic_0_20,"(0-20,0-20)",stochastic,augmented_action_delay,Augmented (+action buffer + delay values),"(0-20,0-20)",0,20,0,20,901000,1,2880,1,1.4620309000639773,0.2685610487604165,80,-30.018845793791115,-30.018845793791115,0.3752355724223889,0.03814906254410744,0.0016931782010942698,1.0
stochastic_0_20,"(0-20,0-20)",stochastic,augmented_action_delay,Augmented (+action buffer + delay values),"(0-20,0-20)",0,20,0,20,901000,1,2880,2,1.4620309000639773,0.2685610487604165,87,-43.17914199223742,-43.014219210948795,0.4963119769222692,0.02356039732694626,0.006918721366673708,1.0
stochastic_0_20,"(0-20,0-20)",stochastic,augmented_action_delay,Augmented (+action buffer + delay values),"(0-20,0-20)",0,20,0,20,901000,1,2880,3,1.4620309000639773,0.2685610487604165,82,-26.935880871489644,-26.923413440585136,0.32848635209133714,0.0062337154522538185,0.0062337154522538185,1.0
stochastic_0_20,"(0-20,0-20)",stochastic,augmented_action_delay,Augmented (+action buffer + delay values),"(0-20,0-20)",0,20,0,20,901000,1,2880,4,1.4620309000639773,0.2685610487604165,85,-45.535269434563816,-45.429206042550504,0.535709052171339,0.021212678402662277,0.010256368666887283,1.0
stochastic_0_20,"(0-20,0-20)",stochastic,augmented_action_delay,Augmented (+action buffer + delay values),"(0-20,0-20)",0,20,0,20,901000,1,2880,5,1.4620309000639773,0.2685610487604165,83,-32.36428693961352,-32.25360568519682,0.3899311679471509,0.036893751472234726,0.0021441513672471046,1.0
stochastic_0_20,"(0-20,0-20)",stochastic,augmented_action_delay,Augmented (+action buffer + delay values),"(0-20,0-20)",0,20,0,20,901000,1,2880,6,1.4620309000639773,0.2685610487604165,81,-50.088683146983385,-50.06218803860247,0.6183788042837455,0.026495108380913734,0.026495108380913734,1.0
stochastic_0_20,"(0-20,0-20)",stochastic,augmented_action_delay,Augmented (+action buffer + delay values),"(0-20,0-20)",0,20,0,20,901000,1,2880,7,1.4620309000639773,0.2685610487604165,82,-28.49450262216851,-28.450928713660687,0.3474939344166892,0.021786954253911972,0.006493204738944769,1.0
stochastic_0_20,"(0-20,0-20)",stochastic,augmented_action_delay,Augmented (+action buffer + delay values),"(0-20,0-20)",0,20,0,20,902000,2,5760,0,1.4901941853539051,0.4233421509754645,83,-34.28505329042673,-34.202624559402466,0.41307293120996064,0.027476243674755096,0.0044579585082829,1.0
stochastic_0_20,"(0-20,0-20)",stochastic,augmented_action_delay,Augmented (+action buffer + delay values),"(0-20,0-20)",0,20,0,20,902000,2,5760,1,1.4901941853539051,0.4233421509754645,86,-27.12534559611231,-26.86241888348013,0.31541099530363154,0.04382111877202988,0.003171432763338089,1.0
stochastic_0_20,"(0-20,0-20)",stochastic,augmented_action_delay,Augmented (+action buffer + delay values),"(0-20,0-20)",0,20,0,20,902000,2,5760,2,1.4901941853539051,0.4233421509754645,80,-32.33388946997002,-32.33388946997002,0.40417361837462523,0.012896311469376087,0.005707188975065947,1.0
stochastic_0_20,"(0-20,0-20)",stochastic,augmented_action_delay,Augmented (+action buffer + delay values),"(0-20,0-20)",0,20,0,20,902000,2,5760,3,1.4901941853539051,0.4233421509754645,84,-25.888878375291824,-25.822382777929306,0.3082009330391884,0.016623899340629578,0.01002087164670229,1.0
stochastic_0_20,"(0-20,0-20)",stochastic,augmented_action_delay,Augmented (+action buffer + delay values),"(0-20,0-20)",0,20,0,20,902000,2,5760,4,1.4901941853539051,0.4233421509754645,84,-36.802519612014294,-36.63983354717493,0.4381252334763606,0.040671516209840775,0.0052114566788077354,1.0
stochastic_0_20,"(0-20,0-20)",stochastic,augmented_action_delay,Augmented (+action buffer + delay values),"(0-20,0-20)",0,20,0,20,902000,2,5760,5,1.4901941853539051,0.4233421509754645,81,-35.0872676121071,-35.07073225919157,0.4331761433593469,0.016535352915525436,0.00634603388607502,1.0
stochastic_0_20,"(0-20,0-20)",stochastic,augmented_action_delay,Augmented (+action buffer + delay values),"(0-20,0-20)",0,20,0,20,902000,2,5760,6,1.4901941853539051,0.4233421509754645,81,-39.44812707207166,-39.41240890300833,0.48701391447002046,0.0357181690633297,0.003626983379945159,1.0
stochastic_0_20,"(0-20,0-20)",stochastic,augmented_action_delay,Augmented (+action buffer + delay values),"(0-20,0-20)",0,20,0,20,902000,2,5760,7,1.4901941853539051,0.4233421509754645,83,-49.147831335663795,-49.046555526554585,0.5921425462128168,0.033758603036403656,0.030001875013113022,1.0
stochastic_0_20,"(0-20,0-20)",stochastic,augmented_action_delay,Augmented (+action buffer + delay values),"(0-20,0-20)",0,20,0,20,903000,3,8640,0,1.4901941853539051,0.4233421509754645,81,-31.51345811691135,-31.49992418382317,0.3890550384803871,0.013533933088183403,0.008086842484772205,1.0
stochastic_0_20,"(0-20,0-20)",stochastic,augmented_action_delay,Augmented (+action buffer + delay values),"(0-20,0-20)",0,20,0,20,903000,3,8640,1,1.4901941853539051,0.4233421509754645,83,-46.93828236311674,-46.84960345365107,0.5655214742544186,0.029559636488556862,0.029559636488556862,1.0
stochastic_0_20,"(0-20,0-20)",stochastic,augmented_action_delay,Augmented (+action buffer + delay values),"(0-20,0-20)",0,20,0,20,903000,3,8640,2,1.4901941853539051,0.4233421509754645,81,-21.714235508814454,-21.70242011360824,0.2680769815903019,0.011815395206212997,0.004550138954073191,1.0
stochastic_0_20,"(0-20,0-20)",stochastic,augmented_action_delay,Augmented (+action buffer + delay values),"(0-20,0-20)",0,20,0,20,903000,3,8640,3,1.4901941853539051,0.4233421509754645,84,-31.9018101580441,-31.76573719456792,0.37978345426242976,0.03401824086904526,0.011852569878101349,1.0
stochastic_0_20,"(0-20,0-20)",stochastic,augmented_action_delay,Augmented (+action buffer + delay values),"(0-20,0-20)",0,20,0,20,903000,3,8640,4,1.4901941853539051,0.4233421509754645,88,-40.8669569529593,-40.51902476325631,0.4643972381018102,0.04349152371287346,0.009454919025301933,1.0
stochastic_0_20,"(0-20,0-20)",stochastic,augmented_action_delay,Augmented (+action buffer + delay values),"(0-20,0-20)",0,20,0,20,903000,3,8640,5,1.4901941853539051,0.4233421509754645,84,-42.14997590845451,-41.91429272061214,0.5017854274816013,0.05892079696059227,0.00365235423669219,1.0
stochastic_0_20,"(0-20,0-20)",stochastic,augmented_action_delay,Augmented (+action buffer + delay values),"(0-20,0-20)",0,20,0,20,903000,3,8640,6,1.4901941853539051,0.4233421509754645,87,-46.53997982479632,-46.45320081431419,0.5349422968367393,0.01239700149744749,0.001205611159093678,1.0
stochastic_0_20,"(0-20,0-20)",stochastic,augmented_action_delay,Augmented (+action buffer + delay values),"(0-20,0-20)",0,20,0,20,903000,3,8640,7,1.4901941853539051,0.4233421509754645,86,-38.44852268695831,-38.257661409676075,0.4470758451971897,0.031810212880373,0.019562996923923492,1.0
stochastic_0_20,"(0-20,0-20)",stochastic,augmented_action_delay,Augmented (+action buffer + delay values),"(0-20,0-20)",0,20,0,20,904000,4,11520,0,1.4901941853539051,0.4233421509754645,90,-53.77013845741749,-53.640541810542345,0.5974459828601943,0.012959664687514305,0.012959664687514305,1.0
stochastic_0_20,"(0-20,0-20)",stochastic,augmented_action_delay,Augmented (+action buffer + delay values),"(0-20,0-20)",0,20,0,20,904000,4,11520,1,1.4901941853539051,0.4233421509754645,82,-29.893317923881114,-29.848620870150626,0.36455265760830624,0.022348526865243912,0.0033149300143122673,1.0
stochastic_0_20,"(0-20,0-20)",stochastic,augmented_action_delay,Augmented (+action buffer + delay values),"(0-20,0-20)",0,20,0,20,904000,4,11520,2,1.4901941853539051,0.4233421509754645,82,-30.920894952258095,-30.86949054314755,0.3770840847836353,0.025702204555273056,0.0024974646512418985,1.0
stochastic_0_20,"(0-20,0-20)",stochastic,augmented_action_delay,Augmented (+action buffer + delay values),"(0-20,0-20)",0,20,0,20,904000,4,11520,3,1.4901941853539051,0.4233421509754645,81,-42.69740774878301,-42.676479449728504,0.5271284907257161,0.02092829905450344,0.002998142968863249,1.0
stochastic_0_20,"(0-20,0-20)",stochastic,augmented_action_delay,Augmented (+action buffer + delay values),"(0-20,0-20)",0,20,0,20,904000,4,11520,4,1.4901941853539051,0.4233421509754645,83,-36.757532534655184,-36.511262317653745,0.44286183776692994,0.08209007233381271,0.0072842189110815525,0.0
stochastic_0_20,"(0-20,0-20)",stochastic,augmented_action_delay,Augmented (+action buffer + delay values),"(0-20,0-20)",0,20,0,20,904000,4,11520,5,1.4901941853539051,0.4233421509754645,82,-39.311116927769035,-39.29135117074475,0.47940386497279314,0.009882878512144089,0.006751400884240866,1.0
stochastic_0_20,"(0-20,0-20)",stochastic,augmented_action_delay,Augmented (+action buffer + delay values),"(0-20,0-20)",0,20,0,20,904000,4,11520,6,1.4901941853539051,0.4233421509754645,85,-47.6315326038748,-47.25221631862223,0.5603709718102918,0.07586325705051422,0.01957051455974579,0.0
stochastic_0_20,"(0-20,0-20)",stochastic,augmented_action_delay,Augmented (+action buffer + delay values),"(0-20,0-20)",0,20,0,20,904000,4,11520,7,1.4901941853539051,0.4233421509754645,84,-39.12554816249758,-39.04487256798893,0.46578033526782836,0.02016889862716198,0.004617670085281134,1.0
stochastic_0_20,"(0-20,0-20)",stochastic,augmented_action_delay,Augmented (+action buffer + delay values),"(0-20,0-20)",0,20,0,20,905000,5,14400,0,1.9699121786873115,0.5759144879115871,82,-38.834899274632335,-38.80231646634638,0.4735963326174675,0.016291404142975807,0.016081413254141808,1.0
stochastic_0_20,"(0-20,0-20)",stochastic,augmented_action_delay,Augmented (+action buffer + delay values),"(0-20,0-20)",0,20,0,20,905000,5,14400,1,1.9699121786873115,0.5759144879115871,84,-26.605363370501436,-26.529570275568403,0.3167305163154933,0.018948273733258247,0.0019073440926149487,1.0
stochastic_0_20,"(0-20,0-20)",stochastic,augmented_action_delay,Augmented (+action buffer + delay values),"(0-20,0-20)",0,20,0,20,905000,5,14400,2,1.9699121786873115,0.5759144879115871,83,-42.21842712117359,-42.12840544199571,0.5086557484478745,0.030007226392626762,0.006592945661395788,1.0
stochastic_0_20,"(0-20,0-20)",stochastic,augmented_action_delay,Augmented (+action buffer + delay values),"(0-20,0-20)",0,20,0,20,905000,5,14400,3,1.9699121786873115,0.5759144879115871,85,-32.122207573615015,-32.0588934244588,0.3779083243954708,0.012662829831242561,0.009349224157631397,1.0
stochastic_0_20,"(0-20,0-20)",stochastic,augmented_action_delay,Augmented (+action buffer + delay values),"(0-20,0-20)",0,20,0,20,905000,5,14400,4,1.9699121786873115,0.5759144879115871,81,-29.327141392044723,-29.311553893610835,0.3620634739758608,0.015587498433887959,0.003101288340985775,1.0
stochastic_0_20,"(0-20,0-20)",stochastic,augmented_action_delay,Augmented (+action buffer + delay values),"(0-20,0-20)",0,20,0,20,905000,5,14400,5,1.9699121786873115,0.5759144879115871,82,-33.83419810794294,-33.79833582229912,0.41261217204808465,0.017931142821907997,0.004505499731749296,1.0
stochastic_0_20,"(0-20,0-20)",stochastic,augmented_action_delay,Augmented (+action buffer + delay values),"(0-20,0-20)",0,20,0,20,905000,5,14400,6,1.9699121786873115,0.5759144879115871,84,-41.52755798213184,-41.48091302253306,0.4943756902634743,0.01166123989969492,0.002601172076538205,1.0
stochastic_0_20,"(0-20,0-20)",stochastic,augmented_action_delay,Augmented (+action buffer + delay values),"(0-20,0-20)",0,20,0,20,905000,5,14400,7,1.9699121786873115,0.5759144879115871,81,-31.201307129114866,-31.17748603411019,0.385201322581665,0.023821095004677773,0.012352952733635902,1.0
stochastic_0_20,"(0-20,0-20)",stochastic,augmented_action_delay,Augmented (+action buffer + delay values),"(0-20,0-20)",0,20,0,20,906000,6,17280,0,1.526028775477364,0.5710793854238486,87,-28.114826737437397,-27.96057912381366,0.3231589280165218,0.022035373374819756,0.004038682207465172,1.0
stochastic_0_20,"(0-20,0-20)",stochastic,augmented_action_delay,Augmented (+action buffer + delay values),"(0-20,0-20)",0,20,0,20,906000,6,17280,1,1.526028775477364,0.5710793854238486,84,-27.317216832190752,-27.267867874354124,0.3252049622879851,0.01233723945915699,0.009213285520672798,1.0
stochastic_0_20,"(0-20,0-20)",stochastic,augmented_action_delay,Augmented (+action buffer + delay values),"(0-20,0-20)",0,20,0,20,906000,6,17280,2,1.526028775477364,0.5710793854238486,84,-32.30505516752601,-32.18675981089473,0.3845839900895953,0.029573839157819748,0.0038370811380445957,1.0
stochastic_0_20,"(0-20,0-20)",stochastic,augmented_action_delay,Augmented (+action buffer + delay values),"(0-20,0-20)",0,20,0,20,906000,6,17280,3,1.526028775477364,0.5710793854238486,83,-46.2475720763905,-46.19252358644735,0.5571996635709698,0.01834949664771557,0.0014580198330804706,1.0
stochastic_0_20,"(0-20,0-20)",stochastic,augmented_action_delay,Augmented (+action buffer + delay values),"(0-20,0-20)",0,20,0,20,906000,6,17280,4,1.526028775477364,0.5710793854238486,82,-27.265213978476822,-27.223577835597098,0.33250260949361976,0.02081807143986225,0.008565441705286503,1.0
stochastic_0_20,"(0-20,0-20)",stochastic,augmented_action_delay,Augmented (+action buffer + delay values),"(0-20,0-20)",0,20,0,20,906000,6,17280,5,1.526028775477364,0.5710793854238486,91,-37.050897900015116,-36.66405674815178,0.4071527241759903,0.035167377442121506,0.021381400525569916,1.0
stochastic_0_20,"(0-20,0-20)",stochastic,augmented_action_delay,Augmented (+action buffer + delay values),"(0-20,0-20)",0,20,0,20,906000,6,17280,6,1.526028775477364,0.5710793854238486,83,-41.59871198423207,-41.47286300547421,0.5011893010148442,0.04194965958595276,0.02833252213895321,1.0
stochastic_0_20,"(0-20,0-20)",stochastic,augmented_action_delay,Augmented (+action buffer + delay values),"(0-20,0-20)",0,20,0,20,906000,6,17280,7,1.526028775477364,0.5710793854238486,86,-38.59446739498526,-38.44532395619899,0.4487728766858751,0.024857239797711372,0.0037521561607718468,1.0
stochastic_0_20,"(0-20,0-20)",stochastic,augmented_action_delay,Augmented (+action buffer + delay values),"(0-20,0-20)",0,20,0,20,907000,7,20160,0,1.3445646604234447,0.615309258162279,84,-30.146027023904026,-29.969922478310764,0.35888127409409554,0.04402613639831543,0.005958851892501116,1.0
stochastic_0_20,"(0-20,0-20)",stochastic,augmented_action_delay,Augmented (+action buffer + delay values),"(0-20,0-20)",0,20,0,20,907000,7,20160,1,1.3445646604234447,0.615309258162279,81,-33.27808718942106,-33.24615438841283,0.41084058258544515,0.03193280100822449,0.007571561262011528,1.0
stochastic_0_20,"(0-20,0-20)",stochastic,augmented_action_delay,Augmented (+action buffer + delay values),"(0-20,0-20)",0,20,0,20,907000,7,20160,2,1.3445646604234447,0.615309258162279,92,-27.784486113116145,-27.48722399584949,0.30200528383821895,0.02477184310555458,0.011258773505687714,1.0
stochastic_0_20,"(0-20,0-20)",stochastic,augmented_action_delay,Augmented (+action buffer + delay values),"(0-20,0-20)",0,20,0,20,907000,7,20160,3,1.3445646604234447,0.615309258162279,81,-34.39550073258579,-34.385587841272354,0.4246358115134048,0.009912891313433647,0.009912891313433647,1.0
stochastic_0_20,"(0-20,0-20)",stochastic,augmented_action_delay,Augmented (+action buffer + delay values),"(0-20,0-20)",0,20,0,20,907000,7,20160,4,1.3445646604234447,0.615309258162279,88,-30.99348038295284,-30.805937899742275,0.35219864071537316,0.023442810401320457,0.0032948977313935757,1.0
stochastic_0_20,"(0-20,0-20)",stochastic,augmented_action_delay,Augmented (+action buffer + delay values),"(0-20,0-20)",0,20,0,20,907000,7,20160,5,1.3445646604234447,0.615309258162279,87,-28.24729760736227,-27.95063791051507,0.3246815816938192,0.0423799566924572,0.01678547076880932,1.0
stochastic_0_20,"(0-20,0-20)",stochastic,augmented_action_delay,Augmented (+action buffer + delay values),"(0-20,0-20)",0,20,0,20,907000,7,20160,6,1.3445646604234447,0.615309258162279,84,-33.20235112309456,-33.131434090435505,0.39526608479874475,0.01772925816476345,0.011038522236049175,1.0
stochastic_0_20,"(0-20,0-20)",stochastic,augmented_action_delay,Augmented (+action buffer + delay values),"(0-20,0-20)",0,20,0,20,907000,7,20160,7,1.3445646604234447,0.615309258162279,82,-37.26544096088037,-37.258148793596774,0.45445659708390695,0.003646083641797304,0.003646083641797304,1.0
stochastic_0_20,"(0-20,0-20)",stochastic,augmented_action_delay,Augmented (+action buffer + delay values),"(0-20,0-20)",0,20,0,20,908000,8,23040,0,1.3445646604234447,0.615309258162279,85,-49.656534100999124,-49.55838093452621,0.5841945188352838,0.019630633294582367,0.0015583225758746266,1.0
stochastic_0_20,"(0-20,0-20)",stochastic,augmented_action_delay,Augmented (+action buffer + delay values),"(0-20,0-20)",0,20,0,20,908000,8,23040,1,1.3445646604234447,0.615309258162279,80,-37.239687166176736,-37.239687166176736,0.4654960895772092,0.021751826629042625,0.007888766936957836,1.0
stochastic_0_20,"(0-20,0-20)",stochastic,augmented_action_delay,Augmented (+action buffer + delay values),"(0-20,0-20)",0,20,0,20,908000,8,23040,2,1.3445646604234447,0.615309258162279,83,-30.005103709641844,-29.944599746260792,0.3615072736101427,0.020167987793684006,0.0016654597129672766,1.0
stochastic_0_20,"(0-20,0-20)",stochastic,augmented_action_delay,Augmented (+action buffer + delay values),"(0-20,0-20)",0,20,0,20,908000,8,23040,3,1.3445646604234447,0.615309258162279,84,-36.77722053322941,-36.75193115416914,0.4378240539670168,0.0063223447650671005,0.003500948892906308,1.0
stochastic_0_20,"(0-20,0-20)",stochastic,augmented_action_delay,Augmented (+action buffer + delay values),"(0-20,0-20)",0,20,0,20,908000,8,23040,4,1.3445646604234447,0.615309258162279,91,-33.34163385012653,-33.21041217853781,0.3663915807706212,0.011929242871701717,0.0015279467916116118,1.0
stochastic_0_20,"(0-20,0-20)",stochastic,augmented_action_delay,Augmented (+action buffer + delay values),"(0-20,0-20)",0,20,0,20,908000,8,23040,5,1.3445646604234447,0.615309258162279,86,-34.56911615678109,-34.51771831535734,0.40196646693931504,0.00856630690395832,0.0026425705291330814,1.0
stochastic_0_20,"(0-20,0-20)",stochastic,augmented_action_delay,Augmented (+action buffer + delay values),"(0-20,0-20)",0,20,0,20,908000,8,23040,6,1.3445646604234447,0.615309258162279,89,-37.61970804259181,-37.47876099310815,0.4226933487931664,0.015660783275961876,0.010825617238879204,1.0
stochastic_0_20,"(0-20,0-20)",stochastic,augmented_action_delay,Augmented (+action buffer + delay values),"(0-20,0-20)",0,20,0,20,908000,8,23040,7,1.3445646604234447,0.615309258162279,85,-41.12615741044283,-40.97795764170587,0.4838371460052098,0.0296399537473917,0.013782701455056667,1.0
stochastic_0_20,"(0-20,0-20)",stochastic,augmented_action_delay,Augmented (+action buffer + delay values),"(0-20,0-20)",0,20,0,20,909000,9,25920,0,1.3445646604234447,0.615309258162279,87,-31.28921930701472,-31.26044689095579,0.35964619893120364,0.004110345151275396,0.0012061882298439741,1.0
stochastic_0_20,"(0-20,0-20)",stochastic,augmented_action_delay,Augmented (+action buffer + delay values),"(0-20,0-20)",0,20,0,20,909000,9,25920,1,1.3445646604234447,0.615309258162279,84,-34.60812244564295,-34.5489794164896,0.4120014576862256,0.014785757288336754,0.014785757288336754,1.0
stochastic_0_20,"(0-20,0-20)",stochastic,augmented_action_delay,Augmented (+action buffer + delay values),"(0-20,0-20)",0,20,0,20,909000,9,25920,2,1.3445646604234447,0.615309258162279,82,-43.869721674127504,-43.799023628933355,0.5349966057820428,0.03534902259707451,0.0038937816862016916,1.0
stochastic_0_20,"(0-20,0-20)",stochastic,augmented_action_delay,Augmented (+action buffer + delay values),"(0-20,0-20)",0,20,0,20,909000,9,25920,3,1.3445646604234447,0.615309258162279,85,-40.74342506378889,-40.69044798519462,0.4793344125151634,0.010595415718853474,0.010595415718853474,1.0
stochastic_0_20,"(0-20,0-20)",stochastic,augmented_action_delay,Augmented (+action buffer + delay values),"(0-20,0-20)",0,20,0,20,909000,9,25920,4,1.3445646604234447,0.615309258162279,80,-30.87635963317007,-30.87635963317007,0.38595449541462584,0.019477229565382004,0.0063255256973207,1.0
stochastic_0_20,"(0-20,0-20)",stochastic,augmented_action_delay,Augmented (+action buffer + delay values),"(0-20,0-20)",0,20,0,20,909000,9,25920,5,1.3445646604234447,0.615309258162279,84,-33.93304505106062,-33.84752023871988,0.4039648220364359,0.021381203085184097,0.00885243434458971,1.0
stochastic_0_20,"(0-20,0-20)",stochastic,augmented_action_delay,Augmented (+action buffer + delay values),"(0-20,0-20)",0,20,0,20,909000,9,25920,6,1.3445646604234447,0.615309258162279,85,-27.79976482782513,-27.731667475774884,0.3270560567979427,0.013619470410048962,0.007078690454363823,1.0
stochastic_0_20,"(0-20,0-20)",stochastic,augmented_action_delay,Augmented (+action buffer + delay values),"(0-20,0-20)",0,20,0,20,909000,9,25920,7,1.3445646604234447,0.615309258162279,83,-35.278238944360055,-35.24614307528827,0.4250390234260248,0.010698623023927212,0.0011674311244860291,1.0
stochastic_0_20,"(0-20,0-20)",stochastic,augmented_action_delay,Augmented (+action buffer + delay values),"(0-20,0-20)",0,20,0,20,910000,10,28800,0,1.3445646604234447,0.615309258162279,86,-29.88384230743395,-29.806337592483032,0.34748653845853433,0.012917452491819859,0.0007132903556339443,1.0
stochastic_0_20,"(0-20,0-20)",stochastic,augmented_action_delay,Augmented (+action buffer + delay values),"(0-20,0-20)",0,20,0,20,910000,10,28800,1,1.3445646604234447,0.615309258162279,83,-23.147615809808485,-23.06698656163644,0.2788869374675721,0.02687641605734825,0.0012783095007762313,1.0
stochastic_0_20,"(0-20,0-20)",stochastic,augmented_action_delay,Augmented (+action buffer + delay values),"(0-20,0-20)",0,20,0,20,910000,10,28800,2,1.3445646604234447,0.615309258162279,83,-36.646270050434396,-36.5853091950994,0.44152132590884813,0.020320285111665726,0.0034248216543346643,1.0
stochastic_0_20,"(0-20,0-20)",stochastic,augmented_action_delay,Augmented (+action buffer + delay values),"(0-20,0-20)",0,20,0,20,910000,10,28800,3,1.3445646604234447,0.615309258162279,81,-39.10709644295275,-39.062513479962945,0.48280365978954015,0.04458296298980713,0.009393060579895973,1.0
stochastic_0_20,"(0-20,0-20)",stochastic,augmented_action_delay,Augmented (+action buffer + delay values),"(0-20,0-20)",0,20,0,20,910000,10,28800,4,1.3445646604234447,0.615309258162279,87,-25.600916522089392,-25.486384137067944,0.29426340829987807,0.016361769288778305,0.002913434524089098,1.0
stochastic_0_20,"(0-20,0-20)",stochastic,augmented_action_delay,Augmented (+action buffer + delay values),"(0-20,0-20)",0,20,0,20,910000,10,28800,5,1.3445646604234447,0.615309258162279,85,-36.757625485770404,-36.677114120684564,0.4324426527737695,0.016102273017168045,0.005735680460929871,1.0
stochastic_0_20,"(0-20,0-20)",stochastic,augmented_action_delay,Augmented (+action buffer + delay values),"(0-20,0-20)",0,20,0,20,910000,10,28800,6,1.3445646604234447,0.615309258162279,83,-37.38732658326626,-37.312243735417724,0.45044971787067783,0.025027615949511528,0.016194285824894905,1.0
stochastic_0_20,"(0-20,0-20)",stochastic,augmented_action_delay,Augmented (+action buffer + delay values),"(0-20,0-20)",0,20,0,20,910000,10,28800,7,1.3445646604234447,0.615309258162279,80,-27.10459250304848,-27.10459250304848,0.338807406288106,0.026966093108057976,0.007857101038098335,1.0
stochastic_0_20,"(0-20,0-20)",stochastic,augmented_action_delay,Augmented (+action buffer + delay values),"(0-20,0-20)",0,20,0,20,911000,11,31680,0,1.3445646604234447,0.615309258162279,85,-38.76854470698163,-38.680873203556985,0.45610052596448974,0.017534300684928894,0.006276576779782772,1.0
stochastic_0_20,"(0-20,0-20)",stochastic,augmented_action_delay,Augmented (+action buffer + delay values),"(0-20,0-20)",0,20,0,20,911000,11,31680,1,1.3445646604234447,0.615309258162279,85,-40.93013132177293,-40.780644027516246,0.4815309567267404,0.029897458851337433,0.02180660143494606,1.0
stochastic_0_20,"(0-20,0-20)",stochastic,augmented_action_delay,Augmented (+action buffer + delay values),"(0-20,0-20)",0,20,0,20,911000,11,31680,2,1.3445646604234447,0.615309258162279,86,-45.06201429711655,-44.89906466798857,0.5239769104315878,0.02715827152132988,0.003998426254838705,1.0
stochastic_0_20,"(0-20,0-20)",stochastic,augmented_action_delay,Augmented (+action buffer + delay values),"(0-20,0-20)",0,20,0,20,911000,11,31680,3,1.3445646604234447,0.615309258162279,82,-42.60249083326198,-42.59619364119135,0.5195425711373413,0.0031485960353165865,0.0012005576863884926,1.0
stochastic_0_20,"(0-20,0-20)",stochastic,augmented_action_delay,Augmented (+action buffer + delay values),"(0-20,0-20)",0,20,0,20,911000,11,31680,4,1.3445646604234447,0.615309258162279,81,-31.701546610333025,-31.690835918299854,0.3913771186460867,0.010710692033171654,0.009033816866576672,1.0
stochastic_0_20,"(0-20,0-20)",stochastic,augmented_action_delay,Augmented (+action buffer + delay values),"(0-20,0-20)",0,20,0,20,911000,11,31680,5,1.3445646604234447,0.615309258162279,86,-32.375967195490375,-32.19292579800822,0.37646473483128345,0.03050689958035946,0.0023387845139950514,1.0
stochastic_0_20,"(0-20,0-20)",stochastic,augmented_action_delay,Augmented (+action buffer + delay values),"(0-20,0-20)",0,20,0,20,911000,11,31680,6,1.3445646604234447,0.615309258162279,86,-31.57109738897998,-31.47351580869872,0.36710578359279045,0.016263596713542938,0.0019022756023332477,1.0
stochastic_0_20,"(0-20,0-20)",stochastic,augmented_action_delay,Augmented (+action buffer + delay values),"(0-20,0-20)",0,20,0,20,911000,11,31680,7,1.3445646604234447,0.615309258162279,81,-35.30001537594944,-35.287239000201225,0.4358026589623388,0.012776375748217106,0.010129502043128014,1.0
stochastic_0_20,"(0-20,0-20)",stochastic,augmented_action_delay,Augmented (+action buffer + delay values),"(0-20,0-20)",0,20,0,20,912000,12,34560,0,1.3445646604234447,0.615309258162279,87,-27.115526761859655,-26.8734571672976,0.3116727214006857,0.034581370651721954,0.011153589934110641,1.0
stochastic_0_20,"(0-20,0-20)",stochastic,augmented_action_delay,Augmented (+action buffer + delay values),"(0-20,0-20)",0,20,0,20,912000,12,34560,1,1.3445646604234447,0.615309258162279,88,-38.710056664422154,-38.47495377250016,0.43988700755025173,0.029387861490249634,0.016061363741755486,1.0
stochastic_0_20,"(0-20,0-20)",stochastic,augmented_action_delay,Augmented (+action buffer + delay values),"(0-20,0-20)",0,20,0,20,912000,12,34560,2,1.3445646604234447,0.615309258162279,84,-37.06177763454616,-36.98323371820152,0.4412116385065019,0.01963597908616066,0.0022741341963410378,1.0
stochastic_0_20,"(0-20,0-20)",stochastic,augmented_action_delay,Augmented (+action buffer + delay values),"(0-20,0-20)",0,20,0,20,912000,12,34560,3,1.3445646604234447,0.615309258162279,87,-38.20366036007181,-38.032830726820976,0.43912253287438857,0.024404233321547508,0.004365622531622648,1.0
stochastic_0_20,"(0-20,0-20)",stochastic,augmented_action_delay,Augmented (+action buffer + delay values),"(0-20,0-20)",0,20,0,20,912000,12,34560,4,1.3445646604234447,0.615309258162279,81,-28.052865885198116,-28.02948805131018,0.34633167759503847,0.023377833887934685,0.012063429690897465,1.0
stochastic_0_20,"(0-20,0-20)",stochastic,augmented_action_delay,Augmented (+action buffer + delay values),"(0-20,0-20)",0,20,0,20,912000,12,34560,5,1.3445646604234447,0.615309258162279,81,-36.19443732872605,-36.16626871563494,0.44684490529291426,0.028168613091111183,0.016765423119068146,1.0
stochastic_0_20,"(0-20,0-20)",stochastic,augmented_action_delay,Augmented (+action buffer + delay values),"(0-20,0-20)",0,20,0,20,912000,12,34560,6,1.3445646604234447,0.615309258162279,82,-26.030670354142785,-25.9403759483248,0.31744719944076566,0.04514720290899277,0.009191140532493591,1.0
stochastic_0_20,"(0-20,0-20)",stochastic,augmented_action_delay,Augmented (+action buffer + delay values),"(0-20,0-20)",0,20,0,20,912000,12,34560,7,1.3445646604234447,0.615309258162279,84,-30.837865543551743,-30.706500303931534,0.36711744694704457,0.032841309905052185,0.008467219769954681,1.0
stochastic_0_20,"(0-20,0-20)",stochastic,augmented_action_delay,Augmented (+action buffer + delay values),"(0-20,0-20)",0,20,0,20,913000,13,37440,0,1.3445646604234447,0.615309258162279,80,-29.497362467925996,-29.497362467925996,0.3687170308490749,0.01941988244652748,0.005700788926333189,1.0
stochastic_0_20,"(0-20,0-20)",stochastic,augmented_action_delay,Augmented (+action buffer + delay values),"(0-20,0-20)",0,20,0,20,913000,13,37440,1,1.3445646604234447,0.615309258162279,82,-40.537045147735626,-40.51991356955841,0.49435420911872713,0.008565789088606834,0.00635175546631217,1.0
stochastic_0_20,"(0-20,0-20)",stochastic,augmented_action_delay,Augmented (+action buffer + delay values),"(0-20,0-20)",0,20,0,20,913000,13,37440,2,1.3445646604234447,0.615309258162279,81,-32.345752036198974,-32.317074451595545,0.3993302720518392,0.02867758460342884,0.012334376573562622,1.0
stochastic_0_20,"(0-20,0-20)",stochastic,augmented_action_delay,Augmented (+action buffer + delay values),"(0-20,0-20)",0,20,0,20,913000,13,37440,3,1.3445646604234447,0.615309258162279,83,-31.66232083970681,-31.61724938219413,0.38147374505670856,0.015023819170892239,0.007702861446887255,1.0
stochastic_0_20,"(0-20,0-20)",stochastic,augmented_action_delay,Augmented (+action buffer + delay values),"(0-20,0-20)",0,20,0,20,913000,13,37440,4,1.3445646604234447,0.615309258162279,83,-41.656596291810274,-41.56751489453018,0.5018867023109671,0.02969379909336567,0.015933597460389137,1.0
stochastic_0_20,"(0-20,0-20)",stochastic,augmented_action_delay,Augmented (+action buffer + delay values),"(0-20,0-20)",0,20,0,20,913000,13,37440,5,1.3445646604234447,0.615309258162279,92,-47.47298865648918,-47.197320534614846,0.5160107462661867,0.022972343489527702,0.0034607185516506433,1.0
stochastic_0_20,"(0-20,0-20)",stochastic,augmented_action_delay,Augmented (+action buffer + delay values),"(0-20,0-20)",0,20,0,20,913000,13,37440,6,1.3445646604234447,0.615309258162279,91,-30.92048832704313,-30.646385581465438,0.33978558601146297,0.024918431416153908,0.003630990395322442,1.0
stochastic_0_20,"(0-20,0-20)",stochastic,augmented_action_delay,Augmented (+action buffer + delay values),"(0-20,0-20)",0,20,0,20,913000,13,37440,7,1.3445646604234447,0.615309258162279,88,-25.64269173052162,-25.44667516555637,0.29139422421047295,0.024502070620656013,0.00502065708860755,1.0
stochastic_0_20,"(0-20,0-20)",stochastic,augmented_action_delay,Augmented (+action buffer + delay values),"(0-20,0-20)",0,20,0,20,914000,14,40320,0,1.3445646604234447,0.615309258162279,89,-35.733280811225995,-35.56755491136573,0.4014975372047865,0.01841398887336254,0.002409851411357522,1.0
stochastic_0_20,"(0-20,0-20)",stochastic,augmented_action_delay,Augmented (+action buffer + delay values),"(0-20,0-20)",0,20,0,20,914000,14,40320,1,1.3445646604234447,0.615309258162279,86,-38.80653596809134,-38.64800537889823,0.4512387903266435,0.026421764865517616,0.004556932020932436,1.0
stochastic_0_20,"(0-20,0-20)",stochastic,augmented_action_delay,Augmented (+action buffer + delay values),"(0-20,0-20)",0,20,0,20,914000,14,40320,2,1.3445646604234447,0.615309258162279,84,-41.83884660061449,-41.690100125037134,0.49808150715017246,0.03718661889433861,0.00745901744812727,1.0
stochastic_0_20,"(0-20,0-20)",stochastic,augmented_action_delay,Augmented (+action buffer + delay values),"(0-20,0-20)",0,20,0,20,914000,14,40320,3,1.3445646604234447,0.615309258162279,83,-45.42545111570507,-45.39624465350062,0.5472945917554828,0.009735487401485443,0.0010948034469038248,1.0
stochastic_0_20,"(0-20,0-20)",stochastic,augmented_action_delay,Augmented (+action buffer + delay values),"(0-20,0-20)",0,20,0,20,914000,14,40320,4,1.3445646604234447,0.615309258162279,85,-30.849789845757186,-30.266836564056575,0.3629387040677316,0.11659065634012222,0.011292063631117344,0.0
stochastic_0_20,"(0-20,0-20)",stochastic,augmented_action_delay,Augmented (+action buffer + delay values),"(0-20,0-20)",0,20,0,20,914000,14,40320,5,1.3445646604234447,0.615309258162279,87,-28.348166435956955,-28.15447754599154,0.3258409935167466,0.027669841423630714,0.00924262497574091,1.0
stochastic_0_20,"(0-20,0-20)",stochastic,augmented_action_delay,Augmented (+action buffer + delay values),"(0-20,0-20)",0,20,0,20,914000,14,40320,6,1.3445646604234447,0.615309258162279,84,-48.87706443760544,-48.72369434032589,0.581869814733398,0.03834252431988716,0.008971418254077435,1.0
stochastic_0_20,"(0-20,0-20)",stochastic,augmented_action_delay,Augmented (+action buffer + delay values),"(0-20,0-20)",0,20,0,20,914000,14,40320,7,1.3445646604234447,0.615309258162279,87,-34.450122045353055,-34.23520003631711,0.39597841431440295,0.030703144147992134,0.01882091909646988,1.0
stochastic_0_20,"(0-20,0-20)",stochastic,augmented_action_delay,Augmented (+action buffer + delay values),"(0-20,0-20)",0,20,0,20,915000,15,43200,0,1.3445646604234447,0.615309258162279,83,-20.89046211913228,-20.79867696017027,0.25169231468834075,0.030595052987337112,0.010418631136417389,1.0
stochastic_0_20,"(0-20,0-20)",stochastic,augmented_action_delay,Augmented (+action buffer + delay values),"(0-20,0-20)",0,20,0,20,915000,15,43200,1,1.3445646604234447,0.615309258162279,83,-29.399978668196127,-29.346725308103487,0.3542166104601943,0.017751120030879974,0.0012091349344700575,1.0
stochastic_0_20,"(0-20,0-20)",stochastic,augmented_action_delay,Augmented (+action buffer + delay values),"(0-20,0-20)",0,20,0,20,915000,15,43200,2,1.3445646604234447,0.615309258162279,84,-37.271310922689736,-37.19250521529466,0.44370608241297305,0.019701426848769188,0.009759265929460526,1.0
stochastic_0_20,"(0-20,0-20)",stochastic,augmented_action_delay,Augmented (+action buffer + delay values),"(0-20,0-20)",0,20,0,20,915000,15,43200,3,1.3445646604234447,0.615309258162279,84,-39.78244126122445,-39.674859817139804,0.473600491205053,0.02689536102116108,0.012047575786709785,1.0
stochastic_0_20,"(0-20,0-20)",stochastic,augmented_action_delay,Augmented (+action buffer + delay values),"(0-20,0-20)",0,20,0,20,915000,15,43200,4,1.3445646604234447,0.615309258162279,82,-27.82863980717957,-27.790648052468896,0.3393736561851167,0.018995877355337143,0.009034648537635803,1.0
stochastic_0_20,"(0-20,0-20)",stochastic,augmented_action_delay,Augmented (+action buffer + delay values),"(0-20,0-20)",0,20,0,20,915000,15,43200,5,1.3445646604234447,0.615309258162279,84,-33.57156390324235,-33.48345596715808,0.3996614750385994,0.02202698402106762,0.017861314117908478,1.0
stochastic_0_20,"(0-20,0-20)",stochastic,augmented_action_delay,Augmented (+action buffer + delay values),"(0-20,0-20)",0,20,0,20,915000,15,43200,6,1.3445646604234447,0.615309258162279,88,-33.53103393409401,-33.12502455804497,0.3810344765237956,0.05075117200613022,0.010488344356417656,1.0
stochastic_0_20,"(0-20,0-20)",stochastic,augmented_action_delay,Augmented (+action buffer + delay values),"(0-20,0-20)",0,20,0,20,915000,15,43200,7,1.3445646604234447,0.615309258162279,83,-39.60187117755413,-39.522473867982626,0.47713097804282084,0.026465769857168198,0.003796237986534834,1.0
stochastic_0_20,"(0-20,0-20)",stochastic,augmented_action_delay,Augmented (+action buffer + delay values),"(0-20,0-20)",0,20,0,20,916000,16,46080,0,1.3445646604234447,0.615309258162279,83,-39.08311340585351,-39.0211289357394,0.4708808844078736,0.0206614900380373,0.0206614900380373,1.0
stochastic_0_20,"(0-20,0-20)",stochastic,augmented_action_delay,Augmented (+action buffer + delay values),"(0-20,0-20)",0,20,0,20,916000,16,46080,1,1.3445646604234447,0.615309258162279,86,-29.905478439293802,-29.79424304049462,0.3477381213871372,0.01853923313319683,0.001995444530621171,1.0
stochastic_0_20,"(0-20,0-20)",stochastic,augmented_action_delay,Augmented (+action buffer + delay values),"(0-20,0-20)",0,20,0,20,916000,16,46080,2,1.3445646604234447,0.615309258162279,83,-32.91287290491164,-32.794646417722106,0.3965406374085739,0.03940882906317711,0.01936606504023075,1.0
stochastic_0_20,"(0-20,0-20)",stochastic,augmented_action_delay,Augmented (+action buffer + delay values),"(0-20,0-20)",0,20,0,20,916000,16,46080,3,1.3445646604234447,0.615309258162279,80,-27.488089946797118,-27.488089946797118,0.343601124334964,0.005164639092981815,0.0019579213112592697,1.0
stochastic_0_20,"(0-20,0-20)",stochastic,augmented_action_delay,Augmented (+action buffer + delay values),"(0-20,0-20)",0,20,0,20,916000,16,46080,4,1.3445646604234447,0.615309258162279,86,-36.18842982687056,-36.13760011643171,0.4207956956612856,0.00847161840647459,0.007981734350323677,1.0
stochastic_0_20,"(0-20,0-20)",stochastic,augmented_action_delay,Augmented (+action buffer + delay values),"(0-20,0-20)",0,20,0,20,916000,16,46080,5,1.3445646604234447,0.615309258162279,81,-42.26800035033375,-42.24599027540535,0.5218271648189352,0.0220100749284029,0.00556744821369648,1.0
stochastic_0_20,"(0-20,0-20)",stochastic,augmented_action_delay,Augmented (+action buffer + delay values),"(0-20,0-20)",0,20,0,20,916000,16,46080,6,1.3445646604234447,0.615309258162279,85,-30.499449795112014,-30.241815423592925,0.35881705641308254,0.05152687430381775,0.0051640477031469345,1.0
stochastic_0_20,"(0-20,0-20)",stochastic,augmented_action_delay,Augmented (+action buffer + delay values),"(0-20,0-20)",0,20,0,20,916000,16,46080,7,1.3445646604234447,0.615309258162279,82,-50.16513060871512,-50.14642788376659,0.6117698854721356,0.009351362474262714,0.009351362474262714,1.0
stochastic_0_20,"(0-20,0-20)",stochastic,augmented_action_delay,Augmented (+action buffer + delay values),"(0-20,0-20)",0,20,0,20,917000,17,48960,0,1.3445646604234447,0.615309258162279,84,-28.876259345328435,-28.761769216274843,0.3437649922062909,0.02862253226339817,0.0018831724300980568,1.0
stochastic_0_20,"(0-20,0-20)",stochastic,augmented_action_delay,Augmented (+action buffer + delay values),"(0-20,0-20)",0,20,0,20,917000,17,48960,1,1.3445646604234447,0.615309258162279,84,-38.16193838743493,-37.95940681127831,0.4543087903266063,0.05063289403915405,0.004932245705276728,1.0
stochastic_0_20,"(0-20,0-20)",stochastic,augmented_action_delay,Augmented (+action buffer + delay values),"(0-20,0-20)",0,20,0,20,917000,17,48960,2,1.3445646604234447,0.615309258162279,80,-44.07169163879007,-44.07169163879007,0.5508961454848759,0.04223332181572914,0.01032556127756834,1.0
stochastic_0_20,"(0-20,0-20)",stochastic,augmented_action_delay,Augmented (+action buffer + delay values),"(0-20,0-20)",0,20,0,20,917000,17,48960,3,1.3445646604234447,0.615309258162279,84,-44.053075668402016,-43.959477809257805,0.5244413770047859,0.023399464786052704,0.012950919568538666,1.0
stochastic_0_20,"(0-20,0-20)",stochastic,augmented_action_delay,Augmented (+action buffer + delay values),"(0-20,0-20)",0,20,0,20,917000,17,48960,4,1.3445646604234447,0.615309258162279,83,-34.46591496723704,-34.42917560483329,0.41525198755707277,0.012246454134583473,0.0038375777658075094,1.0
stochastic_0_20,"(0-20,0-20)",stochastic,augmented_action_delay,Augmented (+action buffer + delay values),"(0-20,0-20)",0,20,0,20,917000,17,48960,5,1.3445646604234447,0.615309258162279,82,-40.961383117130026,-40.87909915833734,0.4995290624040247,0.04114197939634323,0.002210416132584214,1.0
stochastic_0_20,"(0-20,0-20)",stochastic,augmented_action_delay,Augmented (+action buffer + delay values),"(0-20,0-20)",0,20,0,20,917000,17,48960,6,1.3445646604234447,0.615309258162279,83,-24.15557864611037,-24.12601135694422,0.29103106802542617,0.009855763055384159,0.003768323687836528,1.0
stochastic_0_20,"(0-20,0-20)",stochastic,augmented_action_delay,Augmented (+action buffer + delay values),"(0-20,0-20)",0,20,0,20,917000,17,48960,7,1.3445646604234447,0.615309258162279,86,-33.91608915000688,-33.80653813376557,0.3943731296512428,0.018258502706885338,0.0013272681972011924,1.0
stochastic_0_20,"(0-20,0-20)",stochastic,augmented_action_delay,Augmented (+action buffer + delay values),"(0-20,0-20)",0,20,0,20,918000,18,51840,0,1.3445646604234447,0.615309258162279,85,-34.23514333344065,-34.07771675637923,0.40276639215812526,0.031485315412282944,0.0037664559204131365,1.0
stochastic_0_20,"(0-20,0-20)",stochastic,augmented_action_delay,Augmented (+action buffer + delay values),"(0-20,0-20)",0,20,0,20,918000,18,51840,1,1.3445646604234447,0.615309258162279,82,-26.412342227995396,-26.363512076437473,0.3221017344877487,0.02441507577896118,0.012104550376534462,1.0
stochastic_0_20,"(0-20,0-20)",stochastic,augmented_action_delay,Augmented (+action buffer + delay values),"(0-20,0-20)",0,20,0,20,918000,18,51840,2,1.3445646604234447,0.615309258162279,89,-34.349914472782984,-34.175547283375636,0.38595409519980883,0.01937413215637207,0.0034022510517388582,1.0
stochastic_0_20,"(0-20,0-20)",stochastic,augmented_action_delay,Augmented (+action buffer + delay values),"(0-20,0-20)",0,20,0,20,918000,18,51840,3,1.3445646604234447,0.615309258162279,87,-39.96255286317319,-39.855443911626935,0.4593396880824504,0.015301278792321682,0.010031331330537796,1.0
stochastic_0_20,"(0-20,0-20)",stochastic,augmented_action_delay,Augmented (+action buffer + delay values),"(0-20,0-20)",0,20,0,20,918000,18,51840,4,1.3445646604234447,0.615309258162279,83,-31.76562747079879,-31.62129253987223,0.382718403262636,0.04811164364218712,0.003933559637516737,1.0
stochastic_0_20,"(0-20,0-20)",stochastic,augmented_action_delay,Augmented (+action buffer + delay values),"(0-20,0-20)",0,20,0,20,918000,18,51840,5,1.3445646604234447,0.615309258162279,86,-37.28577967360616,-37.1679098084569,0.4335555776000716,0.019644977524876595,0.008728460408747196,1.0
stochastic_0_20,"(0-20,0-20)",stochastic,augmented_action_delay,Augmented (+action buffer + delay values),"(0-20,0-20)",0,20,0,20,918000,18,51840,6,1.3445646604234447,0.615309258162279,86,-37.9710587663576,-37.876400145702064,0.44152393914369303,0.015776436775922775,0.00948911253362894,1.0
stochastic_0_20,"(0-20,0-20)",stochastic,augmented_action_delay,Augmented (+action buffer + delay values),"(0-20,0-20)",0,20,0,20,918000,18,51840,7,1.3445646604234447,0.615309258162279,82,-34.221435806714,-34.17192607279867,0.4173345830087073,0.02475486695766449,0.00792200118303299,1.0
stochastic_0_20,"(0-20,0-20)",stochastic,augmented_action_delay,Augmented (+action buffer + delay values),"(0-20,0-20)",0,20,0,20,919000,19,54720,0,1.3445646604234447,0.615309258162279,87,-33.64313807012513,-33.452946071047336,0.3867027364382199,0.02717028558254242,0.006341610103845596,1.0
stochastic_0_20,"(0-20,0-20)",stochastic,augmented_action_delay,Augmented (+action buffer + delay values),"(0-20,0-20)",0,20,0,20,919000,19,54720,1,1.3445646604234447,0.615309258162279,82,-37.392301658168435,-37.36492851935327,0.4560036787581516,0.013686569407582283,0.013686569407582283,1.0
stochastic_0_20,"(0-20,0-20)",stochastic,augmented_action_delay,Augmented (+action buffer + delay values),"(0-20,0-20)",0,20,0,20,919000,19,54720,2,1.3445646604234447,0.615309258162279,86,-28.608335135504603,-28.448490979149938,0.3326550597151698,0.026640692725777626,0.0054732076823711395,1.0
stochastic_0_20,"(0-20,0-20)",stochastic,augmented_action_delay,Augmented (+action buffer + delay values),"(0-20,0-20)",0,20,0,20,919000,19,54720,3,1.3445646604234447,0.615309258162279,82,-41.8254810879007,-41.79956991691142,0.5100668425353744,0.01295558549463749,0.01295558549463749,1.0
stochastic_0_20,"(0-20,0-20)",stochastic,augmented_action_delay,Augmented (+action buffer + delay values),"(0-20,0-20)",0,20,0,20,919000,19,54720,4,1.3445646604234447,0.615309258162279,82,-31.899765168782324,-31.8590752906166,0.3890215264485649,0.020344939082860947,0.0069753737188875675,1.0
stochastic_0_20,"(0-20,0-20)",stochastic,augmented_action_delay,Augmented (+action buffer + delay values),"(0-20,0-20)",0,20,0,20,919000,19,54720,5,1.3445646604234447,0.615309258162279,92,-32.4458069303073,-32.21622626716271,0.35267181445986195,0.019131721928715706,0.004223200958222151,1.0
stochastic_0_20,"(0-20,0-20)",stochastic,augmented_action_delay,Augmented (+action buffer + delay values),"(0-20,0-20)",0,20,0,20,919000,19,54720,6,1.3445646604234447,0.615309258162279,86,-28.964727519545704,-28.796158886048943,0.3367991572040198,0.02809477224946022,0.004827811848372221,1.0
stochastic_0_20,"(0-20,0-20)",stochastic,augmented_action_delay,Augmented (+action buffer + delay values),"(0-20,0-20)",0,20,0,20,919000,19,54720,7,1.3445646604234447,0.615309258162279,81,-46.91614054091042,-46.900225480494555,0.5792116116161781,0.01591506041586399,0.00067312823375687,1.0
stochastic_0_20,"(0-20,0-20)",stochastic,augmented_action_delay,Augmented (+action buffer + delay values),"(0-20,0-20)",0,20,0,20,920000,20,57600,0,1.3445646604234447,0.615309258162279,84,-26.549396777525544,-26.427783267572522,0.3160642473514946,0.0304033774882555,0.011347401887178421,1.0
stochastic_0_20,"(0-20,0-20)",stochastic,augmented_action_delay,Augmented (+action buffer + delay values),"(0-20,0-20)",0,20,0,20,920000,20,57600,1,1.3445646604234447,0.615309258162279,80,-31.507060636067763,-31.507060636067763,0.39383825795084704,0.028453201055526733,0.0032111548352986574,1.0
stochastic_0_20,"(0-20,0-20)",stochastic,augmented_action_delay,Augmented (+action buffer + delay values),"(0-20,0-20)",0,20,0,20,920000,20,57600,2,1.3445646604234447,0.615309258162279,88,-44.98220552969724,-44.6628059046343,0.5111614264738322,0.03992495313286781,0.013641244731843472,1.0
stochastic_0_20,"(0-20,0-20)",stochastic,augmented_action_delay,Augmented (+action buffer + delay values),"(0-20,0-20)",0,20,0,20,920000,20,57600,3,1.3445646604234447,0.615309258162279,81,-37.86761379474774,-37.81298143649474,0.4675014048734289,0.05463235825300217,0.007649457547813654,1.0
stochastic_0_20,"(0-20,0-20)",stochastic,augmented_action_delay,Augmented (+action buffer + delay values),"(0-20,0-20)",0,20,0,20,920000,20,57600,4,1.3445646604234447,0.615309258162279,82,-30.476481720805168,-30.388982482254505,0.3716644112293313,0.0437496192753315,0.031737539917230606,1.0
stochastic_0_20,"(0-20,0-20)",stochastic,augmented_action_delay,Augmented (+action buffer + delay values),"(0-20,0-20)",0,20,0,20,920000,20,57600,5,1.3445646604234447,0.615309258162279,85,-37.133100060978904,-37.10322530264966,0.4368600007173989,0.005974951665848494,0.003367161611095071,1.0
stochastic_0_20,"(0-20,0-20)",stochastic,augmented_action_delay,Augmented (+action buffer + delay values),"(0-20,0-20)",0,20,0,20,920000,20,57600,6,1.3445646604234447,0.615309258162279,86,-39.14898193953559,-39.038896336685866,0.455220720227158,0.01834760047495365,0.0066232536919415,1.0
stochastic_0_20,"(0-20,0-20)",stochastic,augmented_action_delay,Augmented (+action buffer + delay values),"(0-20,0-20)",0,20,0,20,920000,20,57600,7,1.3445646604234447,0.615309258162279,82,-42.6789620644995,-42.64750183891738,0.5204751471280427,0.0157301127910614,0.0009530557435937226,1.0
stochastic_0_20,"(0-20,0-20)",stochastic,augmented_action_delay,Augmented (+action buffer + delay values),"(0-20,0-20)",0,20,0,20,921000,21,60480,0,1.3445646604234447,0.615309258162279,80,-36.41157666221261,-36.41157666221261,0.45514470827765763,0.06777480989694595,0.012351452372968197,0.0
stochastic_0_20,"(0-20,0-20)",stochastic,augmented_action_delay,Augmented (+action buffer + delay values),"(0-20,0-20)",0,20,0,20,921000,21,60480,1,1.3445646604234447,0.615309258162279,80,-34.405195793602616,-34.405195793602616,0.4300649474200327,0.04780173301696777,0.005211950279772282,1.0
stochastic_0_20,"(0-20,0-20)",stochastic,augmented_action_delay,Augmented (+action buffer + delay values),"(0-20,0-20)",0,20,0,20,921000,21,60480,2,1.3445646604234447,0.615309258162279,87,-39.9572681421414,-39.7811145177111,0.45927894416254483,0.025164803490042686,0.013268982991576195,1.0
stochastic_0_20,"(0-20,0-20)",stochastic,augmented_action_delay,Augmented (+action buffer + delay values),"(0-20,0-20)",0,20,0,20,921000,21,60480,3,1.3445646604234447,0.615309258162279,85,-30.614857790991664,-30.449102954939008,0.3601747975410784,0.033150967210531235,0.013238221406936646,1.0
stochastic_0_20,"(0-20,0-20)",stochastic,augmented_action_delay,Augmented (+action buffer + delay values),"(0-20,0-20)",0,20,0,20,921000,21,60480,4,1.3445646604234447,0.615309258162279,82,-29.19321736181155,-29.151780816260725,0.3560148458757506,0.020718272775411606,0.00355025427415967,1.0
stochastic_0_20,"(0-20,0-20)",stochastic,augmented_action_delay,Augmented (+action buffer + delay values),"(0-20,0-20)",0,20,0,20,921000,21,60480,5,1.3445646604234447,0.615309258162279,87,-32.88213480741251,-32.645862006698735,0.3779555724989944,0.03375325724482536,0.0016646526055410504,1.0
stochastic_0_20,"(0-20,0-20)",stochastic,augmented_action_delay,Augmented (+action buffer + delay values),"(0-20,0-20)",0,20,0,20,921000,21,60480,6,1.3445646604234447,0.615309258162279,86,-36.92341182101518,-36.91665863757953,0.42934199791878114,0.0011255305726081133,0.0011255305726081133,1.0
stochastic_0_20,"(0-20,0-20)",stochastic,augmented_action_delay,Augmented (+action buffer + delay values),"(0-20,0-20)",0,20,0,20,921000,21,60480,7,1.3445646604234447,0.615309258162279,81,-44.14934461261146,-44.11651108483784,0.545053637192734,0.0328335277736187,0.0034551601856946945,1.0
stochastic_0_20,"(0-20,0-20)",stochastic,augmented_action_delay,Augmented (+action buffer + delay values),"(0-20,0-20)",0,20,0,20,922000,22,63360,0,1.3445646604234447,0.615309258162279,91,-46.99591753166169,-46.827779015526175,0.5164386541940845,0.015285319648683071,0.008144785650074482,1.0
stochastic_0_20,"(0-20,0-20)",stochastic,augmented_action_delay,Augmented (+action buffer + delay values),"(0-20,0-20)",0,20,0,20,922000,22,63360,1,1.3445646604234447,0.615309258162279,90,-36.17447137553245,-35.8611357556656,0.40193857083924944,0.0313335619866848,0.011844023130834103,1.0
stochastic_0_20,"(0-20,0-20)",stochastic,augmented_action_delay,Augmented (+action buffer + delay values),"(0-20,0-20)",0,20,0,20,922000,22,63360,2,1.3445646604234447,0.615309258162279,87,-33.05948525213171,-32.85949264385272,0.37999408335783574,0.028570372611284256,0.0017945097060874104,1.0
stochastic_0_20,"(0-20,0-20)",stochastic,augmented_action_delay,Augmented (+action buffer + delay values),"(0-20,0-20)",0,20,0,20,922000,22,63360,3,1.3445646604234447,0.615309258162279,86,-22.6192320054397,-22.489545702002943,0.26301432564464766,0.021614383906126022,0.010130464099347591,1.0
stochastic_0_20,"(0-20,0-20)",stochastic,augmented_action_delay,Augmented (+action buffer + delay values),"(0-20,0-20)",0,20,0,20,922000,22,63360,4,1.3445646604234447,0.615309258162279,83,-48.05201245099306,-47.93866641074419,0.5789399090481092,0.03778201341629028,0.018491070717573166,1.0
stochastic_0_20,"(0-20,0-20)",stochastic,augmented_action_delay,Augmented (+action buffer + delay values),"(0-20,0-20)",0,20,0,20,922000,22,63360,5,1.3445646604234447,0.615309258162279,84,-40.47599173337221,-40.28381871432066,0.4818570444449073,0.048043254762887955,0.03138983994722366,1.0
stochastic_0_20,"(0-20,0-20)",stochastic,augmented_action_delay,Augmented (+action buffer + delay values),"(0-20,0-20)",0,20,0,20,922000,22,63360,6,1.3445646604234447,0.615309258162279,81,-47.476285545155406,-47.428188720718026,0.5861269820389556,0.04809682443737984,0.019074810668826103,1.0
stochastic_0_20,"(0-20,0-20)",stochastic,augmented_action_delay,Augmented (+action buffer + delay values),"(0-20,0-20)",0,20,0,20,922000,22,63360,7,1.3445646604234447,0.615309258162279,85,-30.488505478017032,-30.436310929246247,0.35868829974137684,0.010438909754157066,0.008698762394487858,1.0
stochastic_0_20,"(0-20,0-20)",stochastic,augmented_action_delay,Augmented (+action buffer + delay values),"(0-20,0-20)",0,20,0,20,923000,23,66240,0,1.3445646604234447,0.615309258162279,84,-38.67334476206452,-38.594690398313105,0.460396961453149,0.01966359093785286,0.004520912189036608,1.0
stochastic_0_20,"(0-20,0-20)",stochastic,augmented_action_delay,Augmented (+action buffer + delay values),"(0-20,0-20)",0,20,0,20,923000,23,66240,1,1.3445646604234447,0.615309258162279,82,-29.83388429135084,-29.763075925409794,0.3638278572115956,0.035404182970523834,0.003025216516107321,1.0
stochastic_0_20,"(0-20,0-20)",stochastic,augmented_action_delay,Augmented (+action buffer + delay values),"(0-20,0-20)",0,20,0,20,923000,23,66240,2,1.3445646604234447,0.615309258162279,86,-31.66754976171069,-31.610203115968034,0.3682273228105894,0.009557774290442467,0.002976414980366826,1.0
stochastic_0_20,"(0-20,0-20)",stochastic,augmented_action_delay,Augmented (+action buffer + delay values),"(0-20,0-20)",0,20,0,20,923000,23,66240,3,1.3445646604234447,0.615309258162279,86,-29.98204178735614,-29.711523551493883,0.34862839287623415,0.04508637264370918,0.0025009671226143837,1.0
stochastic_0_20,"(0-20,0-20)",stochastic,augmented_action_delay,Augmented (+action buffer + delay values),"(0-20,0-20)",0,20,0,20,923000,23,66240,4,1.3445646604234447,0.615309258162279,87,-47.9452497549355,-47.76825629360974,0.5510948247693735,0.02528478018939495,0.007437816821038723,1.0
stochastic_0_20,"(0-20,0-20)",stochastic,augmented_action_delay,Augmented (+action buffer + delay values),"(0-20,0-20)",0,20,0,20,923000,23,66240,5,1.3445646604234447,0.615309258162279,85,-26.003448609728366,-25.869164458010346,0.30592292482033373,0.026856830343604088,0.0062932344153523445,1.0
stochastic_0_20,"(0-20,0-20)",stochastic,augmented_action_delay,Augmented (+action buffer + delay values),"(0-20,0-20)",0,20,0,20,923000,23,66240,6,1.3445646604234447,0.615309258162279,82,-32.34464825922623,-32.31311199301854,0.3944469299905638,0.015768133103847504,0.0037080016918480396,1.0
stochastic_0_20,"(0-20,0-20)",stochastic,augmented_action_delay,Augmented (+action buffer + delay values),"(0-20,0-20)",0,20,0,20,923000,23,66240,7,1.3445646604234447,0.615309258162279,86,-34.42590961325914,-34.177734781987965,0.40030127457278064,0.041362471878528595,0.010901464149355888,1.0
stochastic_0_20,"(0-20,0-20)",stochastic,augmented_action_delay,Augmented (+action buffer + delay values),"(0-20,0-20)",0,20,0,20,924000,24,69120,0,1.3445646604234447,0.615309258162279,84,-26.628009088803083,-26.57324577914551,0.3170001082000367,0.013690827414393425,0.002957420889288187,1.0
stochastic_0_20,"(0-20,0-20)",stochastic,augmented_action_delay,Augmented (+action buffer + delay values),"(0-20,0-20)",0,20,0,20,924000,24,69120,1,1.3445646604234447,0.615309258162279,85,-37.45415680296719,-37.30300337262452,0.4406371388584375,0.03023068606853485,0.021896615624427795,1.0
stochastic_0_20,"(0-20,0-20)",stochastic,augmented_action_delay,Augmented (+action buffer + delay values),"(0-20,0-20)",0,20,0,20,924000,24,69120,2,1.3445646604234447,0.615309258162279,83,-33.01352400332689,-32.997132568620145,0.3977533012449023,0.005463811568915844,0.005463811568915844,1.0
stochastic_0_20,"(0-20,0-20)",stochastic,augmented_action_delay,Augmented (+action buffer + delay values),"(0-20,0-20)",0,20,0,20,924000,24,69120,3,1.3445646604234447,0.615309258162279,86,-33.47351111564785,-33.253000722266734,0.38922687343776574,0.03675173223018646,0.015149667859077454,1.0
stochastic_0_20,"(0-20,0-20)",stochastic,augmented_action_delay,Augmented (+action buffer + delay values),"(0-20,0-20)",0,20,0,20,924000,24,69120,4,1.3445646604234447,0.615309258162279,84,-42.54474999103695,-42.50543831381947,0.5064851189409161,0.00982791930437088,0.0027392127085477114,1.0
stochastic_0_20,"(0-20,0-20)",stochastic,augmented_action_delay,Augmented (+action buffer + delay values),"(0-20,0-20)",0,20,0,20,924000,24,69120,5,1.3445646604234447,0.615309258162279,86,-36.19623469840735,-36.080337720923126,0.42088644998148084,0.019316162914037704,0.003597867675125599,1.0
stochastic_0_20,"(0-20,0-20)",stochastic,augmented_action_delay,Augmented (+action buffer + delay values),"(0-20,0-20)",0,20,0,20,924000,24,69120,6,1.3445646604234447,0.615309258162279,84,-29.570268416544423,-29.37937312736176,0.3520270049588622,0.04772382229566574,0.0028914802242070436,1.0
stochastic_0_20,"(0-20,0-20)",stochastic,augmented_action_delay,Augmented (+action buffer + delay values),"(0-20,0-20)",0,20,0,20,924000,24,69120,7,1.3445646604234447,0.615309258162279,81,-27.2442258996889,-27.235366636887193,0.3363484678973938,0.008859262801706791,0.00795230083167553,1.0
stochastic_0_20,"(0-20,0-20)",stochastic,augmented_action_delay,Augmented (+action buffer + delay values),"(0-20,0-20)",0,20,0,20,1000000,0,0,0,0.7592573860315994,0.2384058440442351,87,-46.70513439550996,-46.40003752708435,0.5368406252357466,0.043585266917943954,0.03237243741750717,1.0
stochastic_0_20,"(0-20,0-20)",stochastic,augmented_action_delay,Augmented (+action buffer + delay values),"(0-20,0-20)",0,20,0,20,1000000,0,0,1,0.7592573860315994,0.2384058440442351,82,-25.519375508185476,-25.430851337965578,0.3112118964412863,0.04426208510994911,0.0070244502276182175,1.0
stochastic_0_20,"(0-20,0-20)",stochastic,augmented_action_delay,Augmented (+action buffer + delay values),"(0-20,0-20)",0,20,0,20,1000000,0,0,2,0.7592573860315994,0.2384058440442351,84,-36.533423479646444,-36.469163436442614,0.4349217080910291,0.01606501080095768,0.008535644970834255,1.0
stochastic_0_20,"(0-20,0-20)",stochastic,augmented_action_delay,Augmented (+action buffer + delay values),"(0-20,0-20)",0,20,0,20,1000000,0,0,3,0.7592573860315994,0.2384058440442351,87,-40.669631738215685,-40.35459055006504,0.4674670314737435,0.045005884021520615,0.01812063343822956,1.0
stochastic_0_20,"(0-20,0-20)",stochastic,augmented_action_delay,Augmented (+action buffer + delay values),"(0-20,0-20)",0,20,0,20,1000000,0,0,4,0.7592573860315994,0.2384058440442351,90,-46.74024761049077,-46.32225264189765,0.5193360845610085,0.04179949685931206,0.003708312753587961,1.0
stochastic_0_20,"(0-20,0-20)",stochastic,augmented_action_delay,Augmented (+action buffer + delay values),"(0-20,0-20)",0,20,0,20,1000000,0,0,5,0.7592573860315994,0.2384058440442351,82,-31.883476383518428,-31.869605362880975,0.3888228827258345,0.006935510318726301,0.0035490477457642555,1.0
stochastic_0_20,"(0-20,0-20)",stochastic,augmented_action_delay,Augmented (+action buffer + delay values),"(0-20,0-20)",0,20,0,20,1000000,0,0,6,0.7592573860315994,0.2384058440442351,82,-32.35421600751579,-32.33815886080265,0.3945636098477535,0.008028573356568813,0.008028573356568813,1.0
stochastic_0_20,"(0-20,0-20)",stochastic,augmented_action_delay,Augmented (+action buffer + delay values),"(0-20,0-20)",0,20,0,20,1000000,0,0,7,0.7592573860315994,0.2384058440442351,87,-38.647837239317596,-38.59890801412985,0.44422801424502983,0.006989889312535524,0.006989889312535524,1.0
stochastic_0_20,"(0-20,0-20)",stochastic,augmented_action_delay,Augmented (+action buffer + delay values),"(0-20,0-20)",0,20,0,20,1001000,1,2880,0,0.6291375740598227,0.145007894287765,83,-29.73384097032249,-29.673532439395785,0.3582390478352107,0.020102843642234802,0.002640943042933941,1.0
stochastic_0_20,"(0-20,0-20)",stochastic,augmented_action_delay,Augmented (+action buffer + delay values),"(0-20,0-20)",0,20,0,20,1001000,1,2880,1,0.6291375740598227,0.145007894287765,87,-41.75591849349439,-41.41048955731094,0.47995308613211946,0.04934699088335037,0.015034332871437073,1.0
stochastic_0_20,"(0-20,0-20)",stochastic,augmented_action_delay,Augmented (+action buffer + delay values),"(0-20,0-20)",0,20,0,20,1001000,1,2880,2,0.6291375740598227,0.145007894287765,85,-41.079782876651734,-40.801743022631854,0.4832915632547263,0.05560797080397606,0.007033450063318014,1.0
stochastic_0_20,"(0-20,0-20)",stochastic,augmented_action_delay,Augmented (+action buffer + delay values),"(0-20,0-20)",0,20,0,20,1001000,1,2880,3,0.6291375740598227,0.145007894287765,84,-31.179364421404898,-31.045198881067336,0.3711829097786297,0.03354138508439064,0.005120459944009781,1.0
stochastic_0_20,"(0-20,0-20)",stochastic,augmented_action_delay,Augmented (+action buffer + delay values),"(0-20,0-20)",0,20,0,20,1001000,1,2880,4,0.6291375740598227,0.145007894287765,82,-38.450037468690425,-38.41405999334529,0.46890289595963935,0.017988737672567368,0.0027771517634391785,1.0
stochastic_0_20,"(0-20,0-20)",stochastic,augmented_action_delay,Augmented (+action buffer + delay values),"(0-20,0-20)",0,20,0,20,1001000,1,2880,5,0.6291375740598227,0.145007894287765,84,-39.40006562974304,-39.347589450888336,0.4690484003540838,0.013119044713675976,0.0015973476693034172,1.0
stochastic_0_20,"(0-20,0-20)",stochastic,augmented_action_delay,Augmented (+action buffer + delay values),"(0-20,0-20)",0,20,0,20,1001000,1,2880,6,0.6291375740598227,0.145007894287765,82,-41.434701818507165,-41.371536675374955,0.5053012416891117,0.03158257156610489,0.002810729667544365,1.0
stochastic_0_20,"(0-20,0-20)",stochastic,augmented_action_delay,Augmented (+action buffer + delay values),"(0-20,0-20)",0,20,0,20,1001000,1,2880,7,0.6291375740598227,0.145007894287765,91,-38.973245524801314,-38.662658971734345,0.428277423349465,0.028235141187906265,0.01367288175970316,1.0
stochastic_0_20,"(0-20,0-20)",stochastic,augmented_action_delay,Augmented (+action buffer + delay values),"(0-20,0-20)",0,20,0,20,1002000,2,5760,0,0.6291375740598227,0.145007894287765,83,-40.056335903704166,-39.880675453692675,0.48260645667113455,0.058553483337163925,0.018252480775117874,1.0
stochastic_0_20,"(0-20,0-20)",stochastic,augmented_action_delay,Augmented (+action buffer + delay values),"(0-20,0-20)",0,20,0,20,1002000,2,5760,1,0.6291375740598227,0.145007894287765,81,-49.67487176600844,-49.670648037455976,0.6132700218025733,0.0042237285524606705,0.0042237285524606705,1.0
stochastic_0_20,"(0-20,0-20)",stochastic,augmented_action_delay,Augmented (+action buffer + delay values),"(0-20,0-20)",0,20,0,20,1002000,2,5760,2,0.6291375740598227,0.145007894287765,83,-44.307774318382144,-44.27205832209438,0.533828606245568,0.01190533209592104,0.0015098166186362505,1.0
stochastic_0_20,"(0-20,0-20)",stochastic,augmented_action_delay,Augmented (+action buffer + delay values),"(0-20,0-20)",0,20,0,20,1002000,2,5760,3,0.6291375740598227,0.145007894287765,82,-35.26241717906669,-35.23698434839025,0.4300294777934962,0.012716415338218212,0.0039675794541835785,1.0
stochastic_0_20,"(0-20,0-20)",stochastic,augmented_action_delay,Augmented (+action buffer + delay values),"(0-20,0-20)",0,20,0,20,1002000,2,5760,4,0.6291375740598227,0.145007894287765,87,-51.26794061437249,-50.92366097122431,0.5892866737284195,0.04918280616402626,0.0355864018201828,1.0
stochastic_0_20,"(0-20,0-20)",stochastic,augmented_action_delay,Augmented (+action buffer + delay values),"(0-20,0-20)",0,20,0,20,1002000,2,5760,5,0.6291375740598227,0.145007894287765,86,-42.8333071032539,-42.6863220827654,0.49806171050295234,0.0244975034147501,0.007782601751387119,1.0
stochastic_0_20,"(0-20,0-20)",stochastic,augmented_action_delay,Augmented (+action buffer + delay values),"(0-20,0-20)",0,20,0,20,1002000,2,5760,6,0.6291375740598227,0.145007894287765,87,-42.71396320685744,-42.248771119862795,0.4909650943316947,0.06645601242780685,0.009527621790766716,0.0
stochastic_0_20,"(0-20,0-20)",stochastic,augmented_action_delay,Augmented (+action buffer + delay values),"(0-20,0-20)",0,20,0,20,1002000,2,5760,7,0.6291375740598227,0.145007894287765,82,-38.36408791039139,-38.28188177291304,0.46785473061452915,0.041103068739175797,0.012833365239202976,1.0
stochastic_0_20,"(0-20,0-20)",stochastic,augmented_action_delay,Augmented (+action buffer + delay values),"(0-20,0-20)",0,20,0,20,1003000,3,8640,0,1.2710956403304778,0.27959923135199954,83,-52.54939333721995,-52.53314802143723,0.6331252209303608,0.005415105260908604,0.005415105260908604,1.0
stochastic_0_20,"(0-20,0-20)",stochastic,augmented_action_delay,Augmented (+action buffer + delay values),"(0-20,0-20)",0,20,0,20,1003000,3,8640,1,1.2710956403304778,0.27959923135199954,85,-40.31215279083699,-40.032436220906675,0.47426062106867045,0.055943313986063004,0.013284984044730663,1.0
stochastic_0_20,"(0-20,0-20)",stochastic,augmented_action_delay,Augmented (+action buffer + delay values),"(0-20,0-20)",0,20,0,20,1003000,3,8640,2,1.2710956403304778,0.27959923135199954,85,-52.861298280302435,-52.77568727219477,0.6218976268270875,0.01712220162153244,0.004188316408544779,1.0
stochastic_0_20,"(0-20,0-20)",stochastic,augmented_action_delay,Augmented (+action buffer + delay values),"(0-20,0-20)",0,20,0,20,1003000,3,8640,3,1.2710956403304778,0.27959923135199954,86,-45.462286106310785,-45.411049203015864,0.5286312337943114,0.00853948388248682,0.007746727205812931,1.0
stochastic_0_20,"(0-20,0-20)",stochastic,augmented_action_delay,Augmented (+action buffer + delay values),"(0-20,0-20)",0,20,0,20,1003000,3,8640,4,1.2710956403304778,0.27959923135199954,83,-42.4391069059493,-42.404165808227845,0.5113145410355338,0.01164703257381916,0.0017689253436401486,1.0
stochastic_0_20,"(0-20,0-20)",stochastic,augmented_action_delay,Augmented (+action buffer + delay values),"(0-20,0-20)",0,20,0,20,1003000,3,8640,5,1.2710956403304778,0.27959923135199954,89,-39.86709936428815,-39.49639491084963,0.44794493667739493,0.04118938371539116,0.008339994587004185,1.0
stochastic_0_20,"(0-20,0-20)",stochastic,augmented_action_delay,Augmented (+action buffer + delay values),"(0-20,0-20)",0,20,0,20,1003000,3,8640,6,1.2710956403304778,0.27959923135199954,80,-50.255102997645736,-50.255102997645736,0.6281887874705717,0.050160761922597885,0.02010202407836914,1.0
stochastic_0_20,"(0-20,0-20)",stochastic,augmented_action_delay,Augmented (+action buffer + delay values),"(0-20,0-20)",0,20,0,20,1003000,3,8640,7,1.2710956403304778,0.27959923135199954,87,-27.932182414457202,-27.814313799142838,0.3210595679822667,0.016838373616337776,0.0014336749445647001,1.0
stochastic_0_20,"(0-20,0-20)",stochastic,augmented_action_delay,Augmented (+action buffer + delay values),"(0-20,0-20)",0,20,0,20,1004000,4,11520,0,1.224864939647837,0.33684272677057575,91,-41.42227600840852,-41.136066030245274,0.4551898462462474,0.026019088923931122,0.004522708244621754,1.0
stochastic_0_20,"(0-20,0-20)",stochastic,augmented_action_delay,Augmented (+action buffer + delay values),"(0-20,0-20)",0,20,0,20,1004000,4,11520,1,1.224864939647837,0.33684272677057575,83,-32.17141214525327,-32.11757734930143,0.3876073752440153,0.017944931983947754,0.0033844178542494774,1.0
stochastic_0_20,"(0-20,0-20)",stochastic,augmented_action_delay,Augmented (+action buffer + delay values),"(0-20,0-20)",0,20,0,20,1004000,4,11520,2,1.224864939647837,0.33684272677057575,85,-42.50687949801795,-42.349631753517315,0.5000809352707994,0.03144954890012741,0.003486000234261155,1.0
stochastic_0_20,"(0-20,0-20)",stochastic,augmented_action_delay,Augmented (+action buffer + delay values),"(0-20,0-20)",0,20,0,20,1004000,4,11520,3,1.224864939647837,0.33684272677057575,87,-31.6435869790148,-31.504376698983833,0.3637193905633885,0.019887182861566544,0.0021185020450502634,1.0
stochastic_0_20,"(0-20,0-20)",stochastic,augmented_action_delay,Augmented (+action buffer + delay values),"(0-20,0-20)",0,20,0,20,1004000,4,11520,4,1.224864939647837,0.33684272677057575,87,-39.08168845484033,-39.01866756333038,0.44921480982575096,0.009002984501421452,0.0039407252334058285,1.0
stochastic_0_20,"(0-20,0-20)",stochastic,augmented_action_delay,Augmented (+action buffer + delay values),"(0-20,0-20)",0,20,0,20,1004000,4,11520,5,1.224864939647837,0.33684272677057575,89,-39.61309084575623,-39.54033985733986,0.4450909083792835,0.008083443157374859,0.008083443157374859,1.0
stochastic_0_20,"(0-20,0-20)",stochastic,augmented_action_delay,Augmented (+action buffer + delay values),"(0-20,0-20)",0,20,0,20,1004000,4,11520,6,1.224864939647837,0.33684272677057575,87,-38.49236209271476,-38.42560367146507,0.4424409435944225,0.009536917321383953,0.0022718042600899935,1.0
stochastic_0_20,"(0-20,0-20)",stochastic,augmented_action_delay,Augmented (+action buffer + delay values),"(0-20,0-20)",0,20,0,20,1004000,4,11520,7,1.224864939647837,0.33684272677057575,83,-28.30234745889902,-28.25890250969678,0.34099213805902434,0.014481649734079838,0.005888012237846851,1.0
stochastic_0_20,"(0-20,0-20)",stochastic,augmented_action_delay,Augmented (+action buffer + delay values),"(0-20,0-20)",0,20,0,20,1005000,5,14400,0,1.1347803804380414,0.23528042400231364,83,-32.16626961156726,-32.03447399660945,0.3875454170068344,0.04393187165260315,0.02464834414422512,1.0
stochastic_0_20,"(0-20,0-20)",stochastic,augmented_action_delay,Augmented (+action buffer + delay values),"(0-20,0-20)",0,20,0,20,1005000,5,14400,1,1.1347803804380414,0.23528042400231364,81,-45.461770348250866,-45.435016149654984,0.5612564240524798,0.026754198595881462,0.018659435212612152,1.0
stochastic_0_20,"(0-20,0-20)",stochastic,augmented_action_delay,Augmented (+action buffer + delay values),"(0-20,0-20)",0,20,0,20,1005000,5,14400,2,1.1347803804380414,0.23528042400231364,84,-34.3835504213348,-34.25743976328522,0.4093279812063667,0.03152766451239586,0.011751093901693821,1.0
stochastic_0_20,"(0-20,0-20)",stochastic,augmented_action_delay,Augmented (+action buffer + delay values),"(0-20,0-20)",0,20,0,20,1005000,5,14400,3,1.1347803804380414,0.23528042400231364,83,-31.435303013771772,-31.393729832954705,0.37873859052737074,0.013857726939022541,0.012346276082098484,1.0
stochastic_0_20,"(0-20,0-20)",stochastic,augmented_action_delay,Augmented (+action buffer + delay values),"(0-20,0-20)",0,20,0,20,1005000,5,14400,4,1.1347803804380414,0.23528042400231364,85,-33.09404624812305,-33.03608282189816,0.3893417205661535,0.011592685244977474,0.011312155984342098,1.0
stochastic_0_20,"(0-20,0-20)",stochastic,augmented_action_delay,Augmented (+action buffer + delay values),"(0-20,0-20)",0,20,0,20,1005000,5,14400,5,1.1347803804380414,0.23528042400231364,82,-25.718102329643443,-25.70162336458452,0.31363539426394443,0.008239482529461384,0.00211489200592041,1.0
stochastic_0_20,"(0-20,0-20)",stochastic,augmented_action_delay,Augmented (+action buffer + delay values),"(0-20,0-20)",0,20,0,20,1005000,5,14400,6,1.1347803804380414,0.23528042400231364,89,-36.12701248424128,-35.973855298478156,0.4059214885869806,0.017017465084791183,0.004982041195034981,1.0
stochastic_0_20,"(0-20,0-20)",stochastic,augmented_action_delay,Augmented (+action buffer + delay values),"(0-20,0-20)",0,20,0,20,1005000,5,14400,7,1.1347803804380414,0.23528042400231364,83,-39.50610929913819,-39.38552698306739,0.47597722047154445,0.040194105356931686,0.012920529581606388,1.0
stochastic_0_20,"(0-20,0-20)",stochastic,augmented_action_delay,Augmented (+action buffer + delay values),"(0-20,0-20)",0,20,0,20,1006000,6,17280,0,1.1347803804380414,0.23528042400231364,87,-39.581386633217335,-39.27087599039078,0.4549584670484751,0.04435866326093674,0.01575370505452156,1.0
stochastic_0_20,"(0-20,0-20)",stochastic,augmented_action_delay,Augmented (+action buffer + delay values),"(0-20,0-20)",0,20,0,20,1006000,6,17280,1,1.1347803804380414,0.23528042400231364,83,-41.04465247131884,-40.995260670781136,0.49451388519661255,0.016463933512568474,0.011367954313755035,1.0
stochastic_0_20,"(0-20,0-20)",stochastic,augmented_action_delay,Augmented (+action buffer + delay values),"(0-20,0-20)",0,20,0,20,1006000,6,17280,2,1.1347803804380414,0.23528042400231364,85,-40.599473075941205,-40.547963929362595,0.47764085971695536,0.010301829315721989,0.010301829315721989,1.0
stochastic_0_20,"(0-20,0-20)",stochastic,augmented_action_delay,Augmented (+action buffer + delay values),"(0-20,0-20)",0,20,0,20,1006000,6,17280,3,1.1347803804380414,0.23528042400231364,84,-50.063219737727195,-49.856431764084846,0.595990711163419,0.05169699341058731,0.0046780831180512905,1.0
stochastic_0_20,"(0-20,0-20)",stochastic,augmented_action_delay,Augmented (+action buffer + delay values),"(0-20,0-20)",0,20,0,20,1006000,6,17280,4,1.1347803804380414,0.23528042400231364,83,-38.896319893188775,-38.83214750047773,0.4686303601589009,0.021390797570347786,0.009715058840811253,1.0
stochastic_0_20,"(0-20,0-20)",stochastic,augmented_action_delay,Augmented (+action buffer + delay values),"(0-20,0-20)",0,20,0,20,1006000,6,17280,5,1.1347803804380414,0.23528042400231364,82,-37.39034000551328,-37.33256878843531,0.4559797561647961,0.028885608538985252,0.006392680574208498,1.0
stochastic_0_20,"(0-20,0-20)",stochastic,augmented_action_delay,Augmented (+action buffer + delay values),"(0-20,0-20)",0,20,0,20,1006000,6,17280,6,1.1347803804380414,0.23528042400231364,85,-38.61262427084148,-38.4460159894079,0.4542661678922527,0.03332165628671646,0.016322391107678413,1.0
stochastic_0_20,"(0-20,0-20)",stochastic,augmented_action_delay,Augmented (+action buffer + delay values),"(0-20,0-20)",0,20,0,20,1006000,6,17280,7,1.1347803804380414,0.23528042400231364,83,-29.55348376184702,-29.319954998791218,0.3560660694198436,0.07784292101860046,0.015491621568799019,0.0
stochastic_0_20,"(0-20,0-20)",stochastic,augmented_action_delay,Augmented (+action buffer + delay values),"(0-20,0-20)",0,20,0,20,1007000,7,20160,0,1.1347803804380414,0.23528042400231364,88,-40.96685518883169,-40.62080486677587,0.4655324453276328,0.04325629025697708,0.007960215210914612,1.0
stochastic_0_20,"(0-20,0-20)",stochastic,augmented_action_delay,Augmented (+action buffer + delay values),"(0-20,0-20)",0,20,0,20,1007000,7,20160,1,1.1347803804380414,0.23528042400231364,87,-49.34336254838854,-48.949457922019064,0.5671650867630866,0.05627208948135376,0.008631166070699692,1.0
stochastic_0_20,"(0-20,0-20)",stochastic,augmented_action_delay,Augmented (+action buffer + delay values),"(0-20,0-20)",0,20,0,20,1007000,7,20160,2,1.1347803804380414,0.23528042400231364,86,-36.51286675594747,-36.3949368763715,0.42456821809241246,0.019654979929327965,0.00390188442543149,1.0
stochastic_0_20,"(0-20,0-20)",stochastic,augmented_action_delay,Augmented (+action buffer + delay values),"(0-20,0-20)",0,20,0,20,1007000,7,20160,3,1.1347803804380414,0.23528042400231364,84,-46.692917024716735,-46.59376657567918,0.5558680598180563,0.02478761225938797,0.006685500033199787,1.0
stochastic_0_20,"(0-20,0-20)",stochastic,augmented_action_delay,Augmented (+action buffer + delay values),"(0-20,0-20)",0,20,0,20,1007000,7,20160,4,1.1347803804380414,0.23528042400231364,85,-44.74531824490987,-44.59290358959697,0.5264155087636455,0.030482931062579155,0.0034256887156516314,1.0
stochastic_0_20,"(0-20,0-20)",stochastic,augmented_action_delay,Augmented (+action buffer + delay values),"(0-20,0-20)",0,20,0,20,1007000,7,20160,5,1.1347803804380414,0.23528042400231364,92,-27.552899114554748,-27.224541432922706,0.299488033853856,0.027363140136003494,0.002218973357230425,1.0
stochastic_0_20,"(0-20,0-20)",stochastic,augmented_action_delay,Augmented (+action buffer + delay values),"(0-20,0-20)",0,20,0,20,1007000,7,20160,6,1.1347803804380414,0.23528042400231364,81,-49.057792051229626,-49.029135548043996,0.6056517537188842,0.028656503185629845,0.007197563070803881,1.0
stochastic_0_20,"(0-20,0-20)",stochastic,augmented_action_delay,Augmented (+action buffer + delay values),"(0-20,0-20)",0,20,0,20,1007000,7,20160,7,1.1347803804380414,0.23528042400231364,84,-23.93931359378621,-23.893494739662856,0.28499182849745486,0.01145471353083849,0.005123914685100317,1.0
stochastic_0_20,"(0-20,0-20)",stochastic,augmented_action_delay,Augmented (+action buffer + delay values),"(0-20,0-20)",0,20,0,20,1008000,8,23040,0,1.1347803804380414,0.23528042400231364,89,-56.04716225527227,-55.51494432799518,0.6297433961266548,0.059135325253009796,0.0108796376734972,1.0
stochastic_0_20,"(0-20,0-20)",stochastic,augmented_action_delay,Augmented (+action buffer + delay values),"(0-20,0-20)",0,20,0,20,1008000,8,23040,1,1.1347803804380414,0.23528042400231364,83,-31.790747641585767,-31.783482601866126,0.38302105592272007,0.0024216799065470695,0.0024216799065470695,1.0
stochastic_0_20,"(0-20,0-20)",stochastic,augmented_action_delay,Augmented (+action buffer + delay values),"(0-20,0-20)",0,20,0,20,1008000,8,23040,2,1.1347803804380414,0.23528042400231364,85,-45.750744039192796,-45.38680195249617,0.5382440475199153,0.07278841733932495,0.02880735881626606,0.0
stochastic_0_20,"(0-20,0-20)",stochastic,augmented_action_delay,Augmented (+action buffer + delay values),"(0-20,0-20)",0,20,0,20,1008000,8,23040,3,1.1347803804380414,0.23528042400231364,84,-42.57511973474175,-42.52825277019292,0.5068466635088303,0.011716741137206554,0.0025974931195378304,1.0
stochastic_0_20,"(0-20,0-20)",stochastic,augmented_action_delay,Augmented (+action buffer + delay values),"(0-20,0-20)",0,20,0,20,1008000,8,23040,4,1.1347803804380414,0.23528042400231364,86,-42.91193405678496,-42.872838764917105,0.49897597740447625,0.0065158819779753685,0.0065158819779753685,1.0
stochastic_0_20,"(0-20,0-20)",stochastic,augmented_action_delay,Augmented (+action buffer + delay values),"(0-20,0-20)",0,20,0,20,1008000,8,23040,5,1.1347803804380414,0.23528042400231364,84,-30.17156393826008,-30.047007501125336,0.35918528497928665,0.031139109283685684,0.01328614354133606,1.0
stochastic_0_20,"(0-20,0-20)",stochastic,augmented_action_delay,Augmented (+action buffer + delay values),"(0-20,0-20)",0,20,0,20,1008000,8,23040,6,1.1347803804380414,0.23528042400231364,84,-27.804445064626634,-27.714251725934446,0.3310052983884123,0.022548334673047066,0.008413616567850113,1.0
stochastic_0_20,"(0-20,0-20)",stochastic,augmented_action_delay,Augmented (+action buffer + delay values),"(0-20,0-20)",0,20,0,20,1008000,8,23040,7,1.1347803804380414,0.23528042400231364,84,-44.32274727150798,-44.22391822561622,0.5276517532322378,0.024707261472940445,0.014573808759450912,1.0
stochastic_0_20,"(0-20,0-20)",stochastic,augmented_action_delay,Augmented (+action buffer + delay values),"(0-20,0-20)",0,20,0,20,1009000,9,25920,0,1.1347803804380414,0.23528042400231364,83,-38.567826986312866,-38.51450972259045,0.4646726142929261,0.01777242124080658,0.009399382397532463,1.0
stochastic_0_20,"(0-20,0-20)",stochastic,augmented_action_delay,Augmented (+action buffer + delay values),"(0-20,0-20)",0,20,0,20,1009000,9,25920,1,1.1347803804380414,0.23528042400231364,83,-39.49080629646778,-39.386272329837084,0.475792846945395,0.03484465554356575,0.017528099939227104,1.0
stochastic_0_20,"(0-20,0-20)",stochastic,augmented_action_delay,Augmented (+action buffer + delay values),"(0-20,0-20)",0,20,0,20,1009000,9,25920,2,1.1347803804380414,0.23528042400231364,84,-39.42141658999026,-39.278330544009805,0.469302578452265,0.03577151149511337,0.022035948932170868,1.0
stochastic_0_20,"(0-20,0-20)",stochastic,augmented_action_delay,Augmented (+action buffer + delay values),"(0-20,0-20)",0,20,0,20,1009000,9,25920,3,1.1347803804380414,0.23528042400231364,84,-43.79493574332446,-43.568017731420696,0.5213682826586246,0.056729502975940704,0.004705680534243584,1.0
stochastic_0_20,"(0-20,0-20)",stochastic,augmented_action_delay,Augmented (+action buffer + delay values),"(0-20,0-20)",0,20,0,20,1009000,9,25920,4,1.1347803804380414,0.23528042400231364,82,-42.61773705249652,-42.58930265670642,0.5197285006402015,0.014217197895050049,0.0021704905666410923,1.0
stochastic_0_20,"(0-20,0-20)",stochastic,augmented_action_delay,Augmented (+action buffer + delay values),"(0-20,0-20)",0,20,0,20,1009000,9,25920,5,1.1347803804380414,0.23528042400231364,87,-47.82827279251069,-47.62476935517043,0.5497502619828815,0.02907191962003708,0.004747155122458935,1.0
stochastic_0_20,"(0-20,0-20)",stochastic,augmented_action_delay,Augmented (+action buffer + delay values),"(0-20,0-20)",0,20,0,20,1009000,9,25920,6,1.1347803804380414,0.23528042400231364,82,-33.60703550768085,-33.5734165397007,0.4098418964351323,0.016809483990073204,0.0034711493644863367,1.0
stochastic_0_20,"(0-20,0-20)",stochastic,augmented_action_delay,Augmented (+action buffer + delay values),"(0-20,0-20)",0,20,0,20,1009000,9,25920,7,1.1347803804380414,0.23528042400231364,82,-36.2633097525686,-36.24563382938504,0.442235484787422,0.008837961591780186,0.008837961591780186,1.0
stochastic_0_20,"(0-20,0-20)",stochastic,augmented_action_delay,Augmented (+action buffer + delay values),"(0-20,0-20)",0,20,0,20,1010000,10,28800,0,1.1347803804380414,0.23528042400231364,82,-47.691206962335855,-47.63754437165335,0.5816000849065348,0.02683129534125328,0.007366734091192484,1.0
stochastic_0_20,"(0-20,0-20)",stochastic,augmented_action_delay,Augmented (+action buffer + delay values),"(0-20,0-20)",0,20,0,20,1010000,10,28800,1,1.1347803804380414,0.23528042400231364,86,-39.64469491690397,-39.44180793315172,0.4609848246151625,0.03381449729204178,0.005588890053331852,1.0
stochastic_0_20,"(0-20,0-20)",stochastic,augmented_action_delay,Augmented (+action buffer + delay values),"(0-20,0-20)",0,20,0,20,1010000,10,28800,2,1.1347803804380414,0.23528042400231364,88,-41.61365545494482,-40.87107027275488,0.47288244835164567,0.09282314777374268,0.005295935086905956,0.0
stochastic_0_20,"(0-20,0-20)",stochastic,augmented_action_delay,Augmented (+action buffer + delay values),"(0-20,0-20)",0,20,0,20,1010000,10,28800,3,1.1347803804380414,0.23528042400231364,83,-26.258091925643384,-26.147905538789928,0.31636255332100466,0.03672879561781883,0.012600376270711422,1.0
stochastic_0_20,"(0-20,0-20)",stochastic,augmented_action_delay,Augmented (+action buffer + delay values),"(0-20,0-20)",0,20,0,20,1010000,10,28800,4,1.1347803804380414,0.23528042400231364,88,-38.601500254590064,-38.34618700714782,0.438653411983978,0.031914155930280685,0.005188180599361658,1.0
stochastic_0_20,"(0-20,0-20)",stochastic,augmented_action_delay,Augmented (+action buffer + delay values),"(0-20,0-20)",0,20,0,20,1010000,10,28800,5,1.1347803804380414,0.23528042400231364,87,-43.66053210711107,-43.59835676336661,0.5018451966334605,0.008882191963493824,0.005397534463554621,1.0
stochastic_0_20,"(0-20,0-20)",stochastic,augmented_action_delay,Augmented (+action buffer + delay values),"(0-20,0-20)",0,20,0,20,1010000,10,28800,6,1.1347803804380414,0.23528042400231364,87,-40.57554584182799,-40.52546077175066,0.46638558438882743,0.007155010011047125,0.007155010011047125,1.0
stochastic_0_20,"(0-20,0-20)",stochastic,augmented_action_delay,Augmented (+action buffer + delay values),"(0-20,0-20)",0,20,0,20,1010000,10,28800,7,1.1347803804380414,0.23528042400231364,80,-27.331007700879127,-27.331007700879127,0.3416375962609891,0.034101784229278564,0.00610575033351779,1.0
stochastic_0_20,"(0-20,0-20)",stochastic,augmented_action_delay,Augmented (+action buffer + delay values),"(0-20,0-20)",0,20,0,20,1011000,11,31680,0,1.1347803804380414,0.23528042400231364,86,-31.718007038114592,-31.517924058018252,0.36881403532691387,0.03334716334939003,0.003516983473673463,1.0
stochastic_0_20,"(0-20,0-20)",stochastic,augmented_action_delay,Augmented (+action buffer + delay values),"(0-20,0-20)",0,20,0,20,1011000,11,31680,1,1.1347803804380414,0.23528042400231364,84,-25.85474588535726,-25.788716858252883,0.3077945938733007,0.016507256776094437,0.007991848513484001,1.0
stochastic_0_20,"(0-20,0-20)",stochastic,augmented_action_delay,Augmented (+action buffer + delay values),"(0-20,0-20)",0,20,0,20,1011000,11,31680,2,1.1347803804380414,0.23528042400231364,88,-38.08526653237641,-37.61603102274239,0.43278711968609557,0.05865443870425224,0.012234346009790897,1.0
stochastic_0_20,"(0-20,0-20)",stochastic,augmented_action_delay,Augmented (+action buffer + delay values),"(0-20,0-20)",0,20,0,20,1011000,11,31680,3,1.1347803804380414,0.23528042400231364,87,-36.42619681917131,-35.887477515265346,0.41869191746173917,0.07695990055799484,0.0037194425240159035,0.0
stochastic_0_20,"(0-20,0-20)",stochastic,augmented_action_delay,Augmented (+action buffer + delay values),"(0-20,0-20)",0,20,0,20,1011000,11,31680,4,1.1347803804380414,0.23528042400231364,86,-36.01022850908339,-35.852724043652415,0.41872358731492315,0.026250744238495827,0.020655205473303795,1.0
stochastic_0_20,"(0-20,0-20)",stochastic,augmented_action_delay,Augmented (+action buffer + delay values),"(0-20,0-20)",0,20,0,20,1011000,11,31680,5,1.1347803804380414,0.23528042400231364,87,-36.48098306823522,-36.2263908656314,0.4193216444624738,0.03637031465768814,0.009901500307023525,1.0
stochastic_0_20,"(0-20,0-20)",stochastic,augmented_action_delay,Augmented (+action buffer + delay values),"(0-20,0-20)",0,20,0,20,1011000,11,31680,6,1.1347803804380414,0.23528042400231364,85,-35.75227107014507,-35.57474897336215,0.4206149537664126,0.03550441935658455,0.008214318193495274,1.0
stochastic_0_20,"(0-20,0-20)",stochastic,augmented_action_delay,Augmented (+action buffer + delay values),"(0-20,0-20)",0,20,0,20,1011000,11,31680,7,1.1347803804380414,0.23528042400231364,82,-38.725108213722706,-38.67291407287121,0.4722574172405208,0.026097070425748825,0.019361140206456184,1.0
stochastic_0_20,"(0-20,0-20)",stochastic,augmented_action_delay,Augmented (+action buffer + delay values),"(0-20,0-20)",0,20,0,20,1012000,12,34560,0,1.1347803804380414,0.23528042400231364,83,-43.15366793889552,-43.043902412988245,0.519923710107175,0.036588508635759354,0.009023074992001057,1.0
stochastic_0_20,"(0-20,0-20)",stochastic,augmented_action_delay,Augmented (+action buffer + delay values),"(0-20,0-20)",0,20,0,20,1012000,12,34560,1,1.1347803804380414,0.23528042400231364,84,-44.219565745443106,-43.98787350580096,0.5264234017314655,0.05792305991053581,0.005910707637667656,1.0
stochastic_0_20,"(0-20,0-20)",stochastic,augmented_action_delay,Augmented (+action buffer + delay values),"(0-20,0-20)",0,20,0,20,1012000,12,34560,2,1.1347803804380414,0.23528042400231364,81,-27.985222520306706,-27.959110844880342,0.34549657432477415,0.026111675426363945,0.020868880674242973,1.0
stochastic_0_20,"(0-20,0-20)",stochastic,augmented_action_delay,Augmented (+action buffer + delay values),"(0-20,0-20)",0,20,0,20,1012000,12,34560,3,1.1347803804380414,0.23528042400231364,87,-42.44924772530794,-42.42259209603071,0.48792238764721774,0.003807947039604187,0.003807947039604187,1.0
stochastic_0_20,"(0-20,0-20)",stochastic,augmented_action_delay,Augmented (+action buffer + delay values),"(0-20,0-20)",0,20,0,20,1012000,12,34560,4,1.1347803804380414,0.23528042400231364,83,-37.59519580763299,-37.56787835538853,0.45295416635702396,0.009105817414820194,0.0006370266200974584,1.0
stochastic_0_20,"(0-20,0-20)",stochastic,augmented_action_delay,Augmented (+action buffer + delay values),"(0-20,0-20)",0,20,0,20,1012000,12,34560,5,1.1347803804380414,0.23528042400231364,86,-27.75396591401659,-27.571193285053596,0.3227205338839138,0.030462104827165604,0.0030592645052820444,1.0
stochastic_0_20,"(0-20,0-20)",stochastic,augmented_action_delay,Augmented (+action buffer + delay values),"(0-20,0-20)",0,20,0,20,1012000,12,34560,6,1.1347803804380414,0.23528042400231364,88,-24.7597119724378,-24.65737400110811,0.2813603633231568,0.012792246416211128,0.011426420882344246,1.0
stochastic_0_20,"(0-20,0-20)",stochastic,augmented_action_delay,Augmented (+action buffer + delay values),"(0-20,0-20)",0,20,0,20,1012000,12,34560,7,1.1347803804380414,0.23528042400231364,87,-43.08876641606912,-42.95619987277314,0.4952731771961968,0.018938077613711357,0.0061380029655992985,1.0
stochastic_0_20,"(0-20,0-20)",stochastic,augmented_action_delay,Augmented (+action buffer + delay values),"(0-20,0-20)",0,20,0,20,1013000,13,37440,0,1.2676123430167734,0.29522271001182077,88,-35.31102729495615,-34.6179314320907,0.4012616738063199,0.086636982858181,0.011232960037887096,0.0
stochastic_0_20,"(0-20,0-20)",stochastic,augmented_action_delay,Augmented (+action buffer + delay values),"(0-20,0-20)",0,20,0,20,1013000,13,37440,1,1.2676123430167734,0.29522271001182077,84,-29.50574593245983,-29.46582481265068,0.35125888014833134,0.009980279952287674,0.00785587728023529,1.0
stochastic_0_20,"(0-20,0-20)",stochastic,augmented_action_delay,Augmented (+action buffer + delay values),"(0-20,0-20)",0,20,0,20,1013000,13,37440,2,1.2676123430167734,0.29522271001182077,88,-30.957423439249396,-30.77197382412851,0.35178890271874314,0.02318120189011097,0.006271872669458389,1.0
stochastic_0_20,"(0-20,0-20)",stochastic,augmented_action_delay,Augmented (+action buffer + delay values),"(0-20,0-20)",0,20,0,20,1013000,13,37440,3,1.2676123430167734,0.29522271001182077,82,-38.551933443173766,-38.45929982326925,0.470145529794802,0.046316809952259064,0.018486011773347855,1.0
stochastic_0_20,"(0-20,0-20)",stochastic,augmented_action_delay,Augmented (+action buffer + delay values),"(0-20,0-20)",0,20,0,20,1013000,13,37440,4,1.2676123430167734,0.29522271001182077,89,-29.243103050161153,-28.953313667792827,0.3285741915748444,0.032198820263147354,0.007596146780997515,1.0
stochastic_0_20,"(0-20,0-20)",stochastic,augmented_action_delay,Augmented (+action buffer + delay values),"(0-20,0-20)",0,20,0,20,1013000,13,37440,5,1.2676123430167734,0.29522271001182077,81,-43.895781829953194,-43.874282060191035,0.5419232324685579,0.021499769762158394,0.004134445916861296,1.0
stochastic_0_20,"(0-20,0-20)",stochastic,augmented_action_delay,Augmented (+action buffer + delay values),"(0-20,0-20)",0,20,0,20,1013000,13,37440,6,1.2676123430167734,0.29522271001182077,83,-35.561847381293774,-35.488729340955615,0.4284559925457081,0.024372680112719536,0.024372680112719536,1.0
stochastic_0_20,"(0-20,0-20)",stochastic,augmented_action_delay,Augmented (+action buffer + delay values),"(0-20,0-20)",0,20,0,20,1013000,13,37440,7,1.2676123430167734,0.29522271001182077,85,-31.616224000696093,-31.414627550635487,0.3719555764787776,0.0403192900121212,0.006945804227143526,1.0
stochastic_0_20,"(0-20,0-20)",stochastic,augmented_action_delay,Augmented (+action buffer + delay values),"(0-20,0-20)",0,20,0,20,1014000,14,40320,0,1.2676123430167734,0.29522271001182077,90,-46.27500312495977,-46.11306304205209,0.5141667013884419,0.01619400829076767,0.008019765838980675,1.0
stochastic_0_20,"(0-20,0-20)",stochastic,augmented_action_delay,Augmented (+action buffer + delay values),"(0-20,0-20)",0,20,0,20,1014000,14,40320,1,1.2676123430167734,0.29522271001182077,86,-31.478534633293748,-31.236438246443868,0.3660294724801599,0.04034939780831337,0.0024623412173241377,1.0
stochastic_0_20,"(0-20,0-20)",stochastic,augmented_action_delay,Augmented (+action buffer + delay values),"(0-20,0-20)",0,20,0,20,1014000,14,40320,2,1.2676123430167734,0.29522271001182077,86,-36.4381422935985,-36.313285609241575,0.4236993289953314,0.020809447392821312,0.004636751487851143,1.0
stochastic_0_20,"(0-20,0-20)",stochastic,augmented_action_delay,Augmented (+action buffer + delay values),"(0-20,0-20)",0,20,0,20,1014000,14,40320,3,1.2676123430167734,0.29522271001182077,82,-42.31790385302156,-42.23375171329826,0.51607199820758,0.04207606986165047,0.013084088452160358,1.0
stochastic_0_20,"(0-20,0-20)",stochastic,augmented_action_delay,Augmented (+action buffer + delay values),"(0-20,0-20)",0,20,0,20,1014000,14,40320,4,1.2676123430167734,0.29522271001182077,81,-39.419060981832445,-39.38391405250877,0.4866550738497833,0.03514692932367325,0.004809449426829815,1.0
stochastic_0_20,"(0-20,0-20)",stochastic,augmented_action_delay,Augmented (+action buffer + delay values),"(0-20,0-20)",0,20,0,20,1014000,14,40320,5,1.2676123430167734,0.29522271001182077,85,-36.340621096256655,-36.285152687865775,0.42753671877949007,0.011093681678175926,0.0008860617526806891,1.0
stochastic_0_20,"(0-20,0-20)",stochastic,augmented_action_delay,Augmented (+action buffer + delay values),"(0-20,0-20)",0,20,0,20,1014000,14,40320,6,1.2676123430167734,0.29522271001182077,86,-34.11270525865257,-34.013234509155154,0.39665936347270425,0.01657845824956894,0.01657845824956894,1.0
stochastic_0_20,"(0-20,0-20)",stochastic,augmented_action_delay,Augmented (+action buffer + delay values),"(0-20,0-20)",0,20,0,20,1014000,14,40320,7,1.2676123430167734,0.29522271001182077,83,-27.466084958286956,-27.290799358161166,0.33091668624442117,0.058428533375263214,0.0031074408907443285,1.0
stochastic_0_20,"(0-20,0-20)",stochastic,augmented_action_delay,Augmented (+action buffer + delay values),"(0-20,0-20)",0,20,0,20,1015000,15,43200,0,1.2676123430167734,0.29522271001182077,84,-29.271907372400165,-29.19462594203651,0.34847508776666863,0.019320357590913773,0.008000996895134449,1.0
stochastic_0_20,"(0-20,0-20)",stochastic,augmented_action_delay,Augmented (+action buffer + delay values),"(0-20,0-20)",0,20,0,20,1015000,15,43200,1,1.2676123430167734,0.29522271001182077,91,-36.932863001246005,-36.62017705338076,0.40585563737632974,0.028425995260477066,0.006067485548555851,1.0
stochastic_0_20,"(0-20,0-20)",stochastic,augmented_action_delay,Augmented (+action buffer + delay values),"(0-20,0-20)",0,20,0,20,1015000,15,43200,2,1.2676123430167734,0.29522271001182077,89,-42.95684501249343,-42.59908013883978,0.48266117991565655,0.039751652628183365,0.008295497857034206,1.0
stochastic_0_20,"(0-20,0-20)",stochastic,augmented_action_delay,Augmented (+action buffer + delay values),"(0-20,0-20)",0,20,0,20,1015000,15,43200,3,1.2676123430167734,0.29522271001182077,86,-34.79397830367088,-34.5937474668026,0.4045811430659405,0.033371806144714355,0.005035171285271645,1.0
stochastic_0_20,"(0-20,0-20)",stochastic,augmented_action_delay,Augmented (+action buffer + delay values),"(0-20,0-20)",0,20,0,20,1015000,15,43200,4,1.2676123430167734,0.29522271001182077,80,-36.53799803741276,-36.53799803741276,0.45672497546765956,0.026757262647151947,0.008308078162372112,1.0
stochastic_0_20,"(0-20,0-20)",stochastic,augmented_action_delay,Augmented (+action buffer + delay values),"(0-20,0-20)",0,20,0,20,1015000,15,43200,5,1.2676123430167734,0.29522271001182077,87,-29.47462203548639,-29.382744567556074,0.3387887590285792,0.013125352561473846,0.0002766685502137989,1.0
stochastic_0_20,"(0-20,0-20)",stochastic,augmented_action_delay,Augmented (+action buffer + delay values),"(0-20,0-20)",0,20,0,20,1015000,15,43200,6,1.2676123430167734,0.29522271001182077,87,-34.447717007948086,-34.19313844363205,0.3959507702062998,0.036368366330862045,0.002642852021381259,1.0
stochastic_0_20,"(0-20,0-20)",stochastic,augmented_action_delay,Augmented (+action buffer + delay values),"(0-20,0-20)",0,20,0,20,1015000,15,43200,7,1.2676123430167734,0.29522271001182077,81,-45.636514646350406,-45.59529726707842,0.5634137610660543,0.0412173792719841,0.0010311183286830783,1.0
stochastic_0_20,"(0-20,0-20)",stochastic,augmented_action_delay,Augmented (+action buffer + delay values),"(0-20,0-20)",0,20,0,20,1016000,16,46080,0,1.2676123430167734,0.29522271001182077,84,-34.87382281571627,-34.754973858594894,0.41516455732995555,0.029712239280343056,0.022662784904241562,1.0
stochastic_0_20,"(0-20,0-20)",stochastic,augmented_action_delay,Augmented (+action buffer + delay values),"(0-20,0-20)",0,20,0,20,1016000,16,46080,1,1.2676123430167734,0.29522271001182077,80,-41.51525806263089,-41.51525806263089,0.5189407257828862,0.029532428830862045,0.016974711790680885,1.0
stochastic_0_20,"(0-20,0-20)",stochastic,augmented_action_delay,Augmented (+action buffer + delay values),"(0-20,0-20)",0,20,0,20,1016000,16,46080,2,1.2676123430167734,0.29522271001182077,85,-44.006634971126914,-43.89018788188696,0.5177251173073755,0.02328941784799099,0.02328941784799099,1.0
stochastic_0_20,"(0-20,0-20)",stochastic,augmented_action_delay,Augmented (+action buffer + delay values),"(0-20,0-20)",0,20,0,20,1016000,16,46080,3,1.2676123430167734,0.29522271001182077,88,-38.95821601618081,-38.716962655074894,0.4427070001838729,0.03015667013823986,0.010022676549851894,1.0
stochastic_0_20,"(0-20,0-20)",stochastic,augmented_action_delay,Augmented (+action buffer + delay values),"(0-20,0-20)",0,20,0,20,1016000,16,46080,4,1.2676123430167734,0.29522271001182077,82,-36.88640894298442,-36.793755310820416,0.449834255402249,0.04632681608200073,0.002828148426488042,1.0
stochastic_0_20,"(0-20,0-20)",stochastic,augmented_action_delay,Augmented (+action buffer + delay values),"(0-20,0-20)",0,20,0,20,1016000,16,46080,5,1.2676123430167734,0.29522271001182077,85,-42.18781057745218,-41.8230963870883,0.4963271832641433,0.0729428380727768,0.0322628878057003,0.0
stochastic_0_20,"(0-20,0-20)",stochastic,augmented_action_delay,Augmented (+action buffer + delay values),"(0-20,0-20)",0,20,0,20,1016000,16,46080,6,1.2676123430167734,0.29522271001182077,93,-40.12588260602206,-39.64963941927999,0.4314611032905598,0.036634091287851334,0.002564515918493271,1.0
stochastic_0_20,"(0-20,0-20)",stochastic,augmented_action_delay,Augmented (+action buffer + delay values),"(0-20,0-20)",0,20,0,20,1016000,16,46080,7,1.2676123430167734,0.29522271001182077,86,-33.681667786091566,-33.46609263494611,0.391647299838274,0.03592919185757637,0.02625683881342411,1.0
stochastic_0_20,"(0-20,0-20)",stochastic,augmented_action_delay,Augmented (+action buffer + delay values),"(0-20,0-20)",0,20,0,20,1017000,17,48960,0,1.2676123430167734,0.29522271001182077,84,-39.779304589144886,-39.65384579729289,0.47356314987077247,0.031364697962999344,0.009508022107183933,1.0
stochastic_0_20,"(0-20,0-20)",stochastic,augmented_action_delay,Augmented (+action buffer + delay values),"(0-20,0-20)",0,20,0,20,1017000,17,48960,1,1.2676123430167734,0.29522271001182077,84,-40.44044370576739,-40.295399751514196,0.481433853640088,0.03626098856329918,0.015313630923628807,1.0
stochastic_0_20,"(0-20,0-20)",stochastic,augmented_action_delay,Augmented (+action buffer + delay values),"(0-20,0-20)",0,20,0,20,1017000,17,48960,2,1.2676123430167734,0.29522271001182077,86,-30.41104860417545,-30.20235121808946,0.3536168442345982,0.03478289768099785,0.020341971889138222,1.0
stochastic_0_20,"(0-20,0-20)",stochastic,augmented_action_delay,Augmented (+action buffer + delay values),"(0-20,0-20)",0,20,0,20,1017000,17,48960,3,1.2676123430167734,0.29522271001182077,84,-36.80966108106077,-36.64539675973356,0.43821025096500915,0.04106608033180237,0.019042234867811203,1.0
stochastic_0_20,"(0-20,0-20)",stochastic,augmented_action_delay,Augmented (+action buffer + delay values),"(0-20,0-20)",0,20,0,20,1017000,17,48960,4,1.2676123430167734,0.29522271001182077,87,-32.59515208657831,-32.49805966205895,0.37465692053538285,0.01387034635990858,0.008497684262692928,1.0
stochastic_0_20,"(0-20,0-20)",stochastic,augmented_action_delay,Augmented (+action buffer + delay values),"(0-20,0-20)",0,20,0,20,1017000,17,48960,5,1.2676123430167734,0.29522271001182077,84,-44.15641714259982,-44.07634136453271,0.5256716326499978,0.020018944516777992,0.009314049035310745,1.0
stochastic_0_20,"(0-20,0-20)",stochastic,augmented_action_delay,Augmented (+action buffer + delay values),"(0-20,0-20)",0,20,0,20,1017000,17,48960,6,1.2676123430167734,0.29522271001182077,87,-44.540815074928105,-44.507515454664826,0.5119633916658403,0.0047570886090397835,0.0047570886090397835,1.0
stochastic_0_20,"(0-20,0-20)",stochastic,augmented_action_delay,Augmented (+action buffer + delay values),"(0-20,0-20)",0,20,0,20,1017000,17,48960,7,1.2676123430167734,0.29522271001182077,83,-39.41978333424777,-39.247847880236804,0.4749371486053948,0.05731181800365448,0.014756347052752972,1.0
stochastic_0_20,"(0-20,0-20)",stochastic,augmented_action_delay,Augmented (+action buffer + delay values),"(0-20,0-20)",0,20,0,20,1018000,18,51840,0,1.2676123430167734,0.29522271001182077,81,-39.3225340154022,-39.29946304671466,0.48546338290619995,0.023070968687534332,0.00914815440773964,1.0
stochastic_0_20,"(0-20,0-20)",stochastic,augmented_action_delay,Augmented (+action buffer + delay values),"(0-20,0-20)",0,20,0,20,1018000,18,51840,1,1.2676123430167734,0.29522271001182077,85,-37.78591226320714,-37.73512924090028,0.44454014427302513,0.010156604461371899,0.002399453893303871,1.0
stochastic_0_20,"(0-20,0-20)",stochastic,augmented_action_delay,Augmented (+action buffer + delay values),"(0-20,0-20)",0,20,0,20,1018000,18,51840,2,1.2676123430167734,0.29522271001182077,82,-41.06215140083805,-40.9132542447187,0.5007579439126592,0.07444857805967331,0.005585359875112772,0.0
stochastic_0_20,"(0-20,0-20)",stochastic,augmented_action_delay,Augmented (+action buffer + delay values),"(0-20,0-20)",0,20,0,20,1018000,18,51840,3,1.2676123430167734,0.29522271001182077,84,-37.82846634229645,-37.60413350304589,0.4503388850273387,0.056083209812641144,0.006172626744955778,1.0
stochastic_0_20,"(0-20,0-20)",stochastic,augmented_action_delay,Augmented (+action buffer + delay values),"(0-20,0-20)",0,20,0,20,1018000,18,51840,4,1.2676123430167734,0.29522271001182077,85,-36.4350576994475,-36.35001815087162,0.4286477376405588,0.01700790971517563,0.0035194677766412497,1.0
stochastic_0_20,"(0-20,0-20)",stochastic,augmented_action_delay,Augmented (+action buffer + delay values),"(0-20,0-20)",0,20,0,20,1018000,18,51840,5,1.2676123430167734,0.29522271001182077,81,-47.23115978576243,-47.20528894662857,0.5831007380958324,0.02587083913385868,0.017261376604437828,1.0
stochastic_0_20,"(0-20,0-20)",stochastic,augmented_action_delay,Augmented (+action buffer + delay values),"(0-20,0-20)",0,20,0,20,1018000,18,51840,6,1.2676123430167734,0.29522271001182077,94,-35.97999428398907,-35.309730956330895,0.3827658966381816,0.04787595197558403,0.01174070406705141,1.0
stochastic_0_20,"(0-20,0-20)",stochastic,augmented_action_delay,Augmented (+action buffer + delay values),"(0-20,0-20)",0,20,0,20,1018000,18,51840,7,1.2676123430167734,0.29522271001182077,85,-44.96059372427408,-44.88664039282594,0.5289481614620479,0.014790666289627552,0.00044496043119579554,1.0
stochastic_0_20,"(0-20,0-20)",stochastic,augmented_action_delay,Augmented (+action buffer + delay values),"(0-20,0-20)",0,20,0,20,1019000,19,54720,0,1.2676123430167734,0.29522271001182077,84,-32.9741022773087,-32.80915929749608,0.3925488366346274,0.04123574495315552,0.009338955394923687,1.0
stochastic_0_20,"(0-20,0-20)",stochastic,augmented_action_delay,Augmented (+action buffer + delay values),"(0-20,0-20)",0,20,0,20,1019000,19,54720,1,1.2676123430167734,0.29522271001182077,84,-33.43813998345286,-32.98092091921717,0.39807309504110544,0.11430476605892181,0.010412095114588737,0.0
stochastic_0_20,"(0-20,0-20)",stochastic,augmented_action_delay,Augmented (+action buffer + delay values),"(0-20,0-20)",0,20,0,20,1019000,19,54720,2,1.2676123430167734,0.29522271001182077,86,-31.830172285437584,-31.70231907069683,0.3701182823888091,0.021308869123458862,0.011405477300286293,1.0
stochastic_0_20,"(0-20,0-20)",stochastic,augmented_action_delay,Augmented (+action buffer + delay values),"(0-20,0-20)",0,20,0,20,1019000,19,54720,3,1.2676123430167734,0.29522271001182077,88,-35.51821332774125,-35.282875191187486,0.4036160605425142,0.029417267069220543,0.001272685592994094,1.0
stochastic_0_20,"(0-20,0-20)",stochastic,augmented_action_delay,Augmented (+action buffer + delay values),"(0-20,0-20)",0,20,0,20,1019000,19,54720,4,1.2676123430167734,0.29522271001182077,82,-40.29436167306267,-40.25164824328385,0.49139465454954473,0.021356714889407158,0.0023202321026474237,1.0
stochastic_0_20,"(0-20,0-20)",stochastic,augmented_action_delay,Augmented (+action buffer + delay values),"(0-20,0-20)",0,20,0,20,1019000,19,54720,5,1.2676123430167734,0.29522271001182077,86,-45.82758434768766,-45.45026870723814,0.53287888776381,0.06288594007492065,0.012483100406825542,0.0
stochastic_0_20,"(0-20,0-20)",stochastic,augmented_action_delay,Augmented (+action buffer + delay values),"(0-20,0-20)",0,20,0,20,1019000,19,54720,6,1.2676123430167734,0.29522271001182077,91,-31.52536507882178,-31.14475871808827,0.3464325832837558,0.034600578248500824,0.02257220633327961,1.0
stochastic_0_20,"(0-20,0-20)",stochastic,augmented_action_delay,Augmented (+action buffer + delay values),"(0-20,0-20)",0,20,0,20,1019000,19,54720,7,1.2676123430167734,0.29522271001182077,84,-47.15991506911814,-47.083361038938165,0.5614275603466445,0.019138507544994354,0.01622062548995018,1.0
stochastic_0_20,"(0-20,0-20)",stochastic,augmented_action_delay,Augmented (+action buffer + delay values),"(0-20,0-20)",0,20,0,20,1020000,20,57600,0,1.2676123430167734,0.29522271001182077,83,-24.133854168700054,-24.10969352000393,0.2907693273337356,0.008053549565374851,0.0033623662311583757,1.0
stochastic_0_20,"(0-20,0-20)",stochastic,augmented_action_delay,Augmented (+action buffer + delay values),"(0-20,0-20)",0,20,0,20,1020000,20,57600,1,1.2676123430167734,0.29522271001182077,84,-37.3046049317345,-37.17954826261848,0.444102439663506,0.03126416727900505,0.004016295075416565,1.0
stochastic_0_20,"(0-20,0-20)",stochastic,augmented_action_delay,Augmented (+action buffer + delay values),"(0-20,0-20)",0,20,0,20,1020000,20,57600,2,1.2676123430167734,0.29522271001182077,87,-44.521327630616724,-43.97143812570721,0.5117393980530658,0.0785556435585022,0.004140902776271105,0.0
stochastic_0_20,"(0-20,0-20)",stochastic,augmented_action_delay,Augmented (+action buffer + delay values),"(0-20,0-20)",0,20,0,20,1020000,20,57600,3,1.2676123430167734,0.29522271001182077,82,-48.59987781196833,-48.566451638937,0.592681436731321,0.016713086515665054,0.010487880557775497,1.0
stochastic_0_20,"(0-20,0-20)",stochastic,augmented_action_delay,Augmented (+action buffer + delay values),"(0-20,0-20)",0,20,0,20,1020000,20,57600,4,1.2676123430167734,0.29522271001182077,83,-45.953910880256444,-45.83515838952735,0.5536615768705596,0.03958416357636452,0.0035602115094661713,1.0
stochastic_0_20,"(0-20,0-20)",stochastic,augmented_action_delay,Augmented (+action buffer + delay values),"(0-20,0-20)",0,20,0,20,1020000,20,57600,5,1.2676123430167734,0.29522271001182077,92,-41.74354165606201,-41.528278132900596,0.4537341484354566,0.017938626930117607,0.009538271464407444,1.0
stochastic_0_20,"(0-20,0-20)",stochastic,augmented_action_delay,Augmented (+action buffer + delay values),"(0-20,0-20)",0,20,0,20,1020000,20,57600,6,1.2676123430167734,0.29522271001182077,83,-27.282220627181232,-27.138160633854568,0.32870145333953293,0.04801999777555466,0.011763080023229122,1.0
stochastic_0_20,"(0-20,0-20)",stochastic,augmented_action_delay,Augmented (+action buffer + delay values),"(0-20,0-20)",0,20,0,20,1020000,20,57600,7,1.2676123430167734,0.29522271001182077,83,-39.342549012973905,-39.27042977139354,0.47400661461414345,0.024039747193455696,0.018152529373764992,1.0
stochastic_0_20,"(0-20,0-20)",stochastic,augmented_action_delay,Augmented (+action buffer + delay values),"(0-20,0-20)",0,20,0,20,1021000,21,60480,0,1.2676123430167734,0.29522271001182077,80,-39.43089481210336,-39.43089481210336,0.492886185151292,0.02327229268848896,0.0063663688488304615,1.0
stochastic_0_20,"(0-20,0-20)",stochastic,augmented_action_delay,Augmented (+action buffer + delay values),"(0-20,0-20)",0,20,0,20,1021000,21,60480,1,1.2676123430167734,0.29522271001182077,85,-38.4075843449682,-37.95459344051778,0.45185393347021413,0.09059818089008331,0.010723051615059376,0.0
stochastic_0_20,"(0-20,0-20)",stochastic,augmented_action_delay,Augmented (+action buffer + delay values),"(0-20,0-20)",0,20,0,20,1021000,21,60480,2,1.2676123430167734,0.29522271001182077,83,-41.263103319332004,-41.19092318043113,0.49714582312448197,0.024060046300292015,0.008379446342587471,1.0
stochastic_0_20,"(0-20,0-20)",stochastic,augmented_action_delay,Augmented (+action buffer + delay values),"(0-20,0-20)",0,20,0,20,1021000,21,60480,3,1.2676123430167734,0.29522271001182077,88,-30.650742732919753,-30.32715352717787,0.3483038946922699,0.04044865071773529,0.011439704336225986,1.0
stochastic_0_20,"(0-20,0-20)",stochastic,augmented_action_delay,Augmented (+action buffer + delay values),"(0-20,0-20)",0,20,0,20,1021000,21,60480,4,1.2676123430167734,0.29522271001182077,84,-38.9303679978475,-38.76943016704172,0.46345676187913687,0.040234457701444626,0.007064272649586201,1.0
stochastic_0_20,"(0-20,0-20)",stochastic,augmented_action_delay,Augmented (+action buffer + delay values),"(0-20,0-20)",0,20,0,20,1021000,21,60480,5,1.2676123430167734,0.29522271001182077,86,-34.318126847501844,-34.09896674519405,0.39904798659885865,0.03652668371796608,0.005238860845565796,1.0
stochastic_0_20,"(0-20,0-20)",stochastic,augmented_action_delay,Augmented (+action buffer + delay values),"(0-20,0-20)",0,20,0,20,1021000,21,60480,6,1.2676123430167734,0.29522271001182077,88,-49.953848879784346,-48.93372206017375,0.567657373633913,0.12751585245132446,0.02302384376525879,0.0
stochastic_0_20,"(0-20,0-20)",stochastic,augmented_action_delay,Augmented (+action buffer + delay values),"(0-20,0-20)",0,20,0,20,1021000,21,60480,7,1.2676123430167734,0.29522271001182077,87,-30.958258977276273,-30.820967041072436,0.3558420572100721,0.019613133743405342,0.0010083020897582173,1.0
stochastic_0_20,"(0-20,0-20)",stochastic,augmented_action_delay,Augmented (+action buffer + delay values),"(0-20,0-20)",0,20,0,20,1022000,22,63360,0,1.0390449867813356,0.3374614701077482,85,-37.916074899432715,-37.74526938929921,0.4460714694050908,0.034161102026700974,0.0006952330586500466,1.0
stochastic_0_20,"(0-20,0-20)",stochastic,augmented_action_delay,Augmented (+action buffer + delay values),"(0-20,0-20)",0,20,0,20,1022000,22,63360,1,1.0390449867813356,0.3374614701077482,86,-30.404594665043987,-30.22835249977652,0.353541798430744,0.029373694211244583,0.001632977626286447,1.0
stochastic_0_20,"(0-20,0-20)",stochastic,augmented_action_delay,Augmented (+action buffer + delay values),"(0-20,0-20)",0,20,0,20,1022000,22,63360,2,1.0390449867813356,0.3374614701077482,83,-47.66190864704549,-47.57114168256521,0.5742398632174156,0.030255654826760292,0.02399311773478985,1.0
stochastic_0_20,"(0-20,0-20)",stochastic,augmented_action_delay,Augmented (+action buffer + delay values),"(0-20,0-20)",0,20,0,20,1022000,22,63360,3,1.0390449867813356,0.3374614701077482,84,-33.13537919521332,-33.04558125138283,0.3944687999430157,0.022449485957622528,0.00786082074046135,1.0
stochastic_0_20,"(0-20,0-20)",stochastic,augmented_action_delay,Augmented (+action buffer + delay values),"(0-20,0-20)",0,20,0,20,1022000,22,63360,4,1.0390449867813356,0.3374614701077482,83,-42.68722952809185,-42.60235969070345,0.514303970217974,0.028289945796132088,0.005745384842157364,1.0
stochastic_0_20,"(0-20,0-20)",stochastic,augmented_action_delay,Augmented (+action buffer + delay values),"(0-20,0-20)",0,20,0,20,1022000,22,63360,5,1.0390449867813356,0.3374614701077482,80,-34.11224337317981,-34.11224337317981,0.4264030421647476,0.0035141559783369303,0.0028851665556430817,1.0
stochastic_0_20,"(0-20,0-20)",stochastic,augmented_action_delay,Augmented (+action buffer + delay values),"(0-20,0-20)",0,20,0,20,1022000,22,63360,6,1.0390449867813356,0.3374614701077482,87,-50.89622944104485,-50.69059682707302,0.5850141315062627,0.029376087710261345,0.0010237086098641157,1.0
stochastic_0_20,"(0-20,0-20)",stochastic,augmented_action_delay,Augmented (+action buffer + delay values),"(0-20,0-20)",0,20,0,20,1022000,22,63360,7,1.0390449867813356,0.3374614701077482,88,-34.43868998810649,-34.150047075003386,0.39134874986484647,0.036080364137887955,0.01306832768023014,1.0
stochastic_0_20,"(0-20,0-20)",stochastic,augmented_action_delay,Augmented (+action buffer + delay values),"(0-20,0-20)",0,20,0,20,1023000,23,66240,0,1.0390449867813356,0.3374614701077482,83,-25.533626023854595,-25.433271408255678,0.30763404848017584,0.033451538532972336,0.0007351161330007017,1.0
stochastic_0_20,"(0-20,0-20)",stochastic,augmented_action_delay,Augmented (+action buffer + delay values),"(0-20,0-20)",0,20,0,20,1023000,23,66240,1,1.0390449867813356,0.3374614701077482,81,-50.61112537328154,-50.555763703770936,0.6248287083121178,0.05536166951060295,0.0074370624497532845,1.0
stochastic_0_20,"(0-20,0-20)",stochastic,augmented_action_delay,Augmented (+action buffer + delay values),"(0-20,0-20)",0,20,0,20,1023000,23,66240,2,1.0390449867813356,0.3374614701077482,82,-35.892777344211936,-35.85614383034408,0.43771679688063336,0.018316756933927536,0.005455227103084326,1.0
stochastic_0_20,"(0-20,0-20)",stochastic,augmented_action_delay,Augmented (+action buffer + delay values),"(0-20,0-20)",0,20,0,20,1023000,23,66240,3,1.0390449867813356,0.3374614701077482,84,-35.00566176418215,-34.908938453532755,0.4167340686212161,0.024180827662348747,0.015355895273387432,1.0
stochastic_0_20,"(0-20,0-20)",stochastic,augmented_action_delay,Augmented (+action buffer + delay values),"(0-20,0-20)",0,20,0,20,1023000,23,66240,4,1.0390449867813356,0.3374614701077482,84,-26.702995696803555,-26.560647705337033,0.31789280591432806,0.035586997866630554,0.0017921989783644676,1.0
stochastic_0_20,"(0-20,0-20)",stochastic,augmented_action_delay,Augmented (+action buffer + delay values),"(0-20,0-20)",0,20,0,20,1023000,23,66240,5,1.0390449867813356,0.3374614701077482,86,-39.103147726505995,-38.93083542212844,0.4546877642616976,0.028718717396259308,0.004738404881209135,1.0
stochastic_0_20,"(0-20,0-20)",stochastic,augmented_action_delay,Augmented (+action buffer + delay values),"(0-20,0-20)",0,20,0,20,1023000,23,66240,6,1.0390449867813356,0.3374614701077482,83,-36.43986227735877,-36.393959385342896,0.43903448526938277,0.015300964005291462,0.011824595741927624,1.0
stochastic_0_20,"(0-20,0-20)",stochastic,augmented_action_delay,Augmented (+action buffer + delay values),"(0-20,0-20)",0,20,0,20,1023000,23,66240,7,1.0390449867813356,0.3374614701077482,82,-29.656179981771857,-29.60445853928104,0.36166073148502265,0.025860721245408058,0.0042891609482467175,1.0
stochastic_0_20,"(0-20,0-20)",stochastic,augmented_action_delay,Augmented (+action buffer + delay values),"(0-20,0-20)",0,20,0,20,1024000,24,69120,0,1.1104870312391768,0.34663339519328623,85,-44.837261512177065,-44.73324333247729,0.5274971942609067,0.02080363593995571,0.0033095695544034243,1.0
stochastic_0_20,"(0-20,0-20)",stochastic,augmented_action_delay,Augmented (+action buffer + delay values),"(0-20,0-20)",0,20,0,20,1024000,24,69120,1,1.1104870312391768,0.34663339519328623,86,-40.747061610687524,-40.62441718997434,0.47380304198473866,0.020440736785531044,0.005293517839163542,1.0
stochastic_0_20,"(0-20,0-20)",stochastic,augmented_action_delay,Augmented (+action buffer + delay values),"(0-20,0-20)",0,20,0,20,1024000,24,69120,2,1.1104870312391768,0.34663339519328623,84,-24.720335750607774,-24.666362504241988,0.2942897113167592,0.0134933115914464,0.0008660926250740886,1.0
stochastic_0_20,"(0-20,0-20)",stochastic,augmented_action_delay,Augmented (+action buffer + delay values),"(0-20,0-20)",0,20,0,20,1024000,24,69120,3,1.1104870312391768,0.34663339519328623,87,-36.574972715228796,-36.394716404378414,0.4204019852325149,0.02575090155005455,0.02575090155005455,1.0
stochastic_0_20,"(0-20,0-20)",stochastic,augmented_action_delay,Augmented (+action buffer + delay values),"(0-20,0-20)",0,20,0,20,1024000,24,69120,4,1.1104870312391768,0.34663339519328623,84,-28.39526329189539,-28.219105802476406,0.33803884871304035,0.044039372354745865,0.012242361903190613,1.0
stochastic_0_20,"(0-20,0-20)",stochastic,augmented_action_delay,Augmented (+action buffer + delay values),"(0-20,0-20)",0,20,0,20,1024000,24,69120,5,1.1104870312391768,0.34663339519328623,80,-33.54026882350445,-33.54026882350445,0.4192533602938056,0.020608043298125267,0.004192695952951908,1.0
stochastic_0_20,"(0-20,0-20)",stochastic,augmented_action_delay,Augmented (+action buffer + delay values),"(0-20,0-20)",0,20,0,20,1024000,24,69120,6,1.1104870312391768,0.34663339519328623,83,-35.10622984683141,-35.05741577735171,0.4229666246606194,0.016271356493234634,0.00472148647531867,1.0
stochastic_0_20,"(0-20,0-20)",stochastic,augmented_action_delay,Augmented (+action buffer + delay values),"(0-20,0-20)",0,20,0,20,1024000,24,69120,7,1.1104870312391768,0.34663339519328623,86,-25.23589498270303,-24.999838550575078,0.29344063933375614,0.039342738687992096,0.005695397034287453,1.0
stochastic_0_20,"(0-20,0-20)",stochastic,augmented_action_delay,Augmented (+action buffer + delay values),"(0-20,0-20)",0,20,0,20,1100000,0,0,0,0.7592573860315994,0.2384058440442351,89,-43.734425843227655,-43.725232917582616,0.4913980431823332,0.001021436182782054,0.001021436182782054,1.0
stochastic_0_20,"(0-20,0-20)",stochastic,augmented_action_delay,Augmented (+action buffer + delay values),"(0-20,0-20)",0,20,0,20,1100000,0,0,1,0.7592573860315994,0.2384058440442351,81,-23.07494312664494,-23.03437534859404,0.2848758410696906,0.040567778050899506,0.00437385868281126,1.0
stochastic_0_20,"(0-20,0-20)",stochastic,augmented_action_delay,Augmented (+action buffer + delay values),"(0-20,0-20)",0,20,0,20,1100000,0,0,2,0.7592573860315994,0.2384058440442351,85,-25.174183486029506,-25.039658838883042,0.2961668645415236,0.02690492942929268,0.009474803693592548,1.0
stochastic_0_20,"(0-20,0-20)",stochastic,augmented_action_delay,Augmented (+action buffer + delay values),"(0-20,0-20)",0,20,0,20,1100000,0,0,3,0.7592573860315994,0.2384058440442351,87,-44.7486807834357,-44.61614137329161,0.514352652683169,0.018934201449155807,0.010344354435801506,1.0
stochastic_0_20,"(0-20,0-20)",stochastic,augmented_action_delay,Augmented (+action buffer + delay values),"(0-20,0-20)",0,20,0,20,1100000,0,0,4,0.7592573860315994,0.2384058440442351,86,-41.1520109588746,-41.06518124253489,0.47851175533575113,0.014471619389951229,0.0010444940999150276,1.0
stochastic_0_20,"(0-20,0-20)",stochastic,augmented_action_delay,Augmented (+action buffer + delay values),"(0-20,0-20)",0,20,0,20,1100000,0,0,5,0.7592573860315994,0.2384058440442351,84,-42.25204504746944,-42.134626475162804,0.5030005362793981,0.02935464307665825,0.01345361489802599,1.0
stochastic_0_20,"(0-20,0-20)",stochastic,augmented_action_delay,Augmented (+action buffer + delay values),"(0-20,0-20)",0,20,0,20,1100000,0,0,6,0.7592573860315994,0.2384058440442351,87,-33.99059275910258,-33.89067450352013,0.390696468495432,0.014274036511778831,0.014274036511778831,1.0
stochastic_0_20,"(0-20,0-20)",stochastic,augmented_action_delay,Augmented (+action buffer + delay values),"(0-20,0-20)",0,20,0,20,1100000,0,0,7,0.7592573860315994,0.2384058440442351,87,-40.43782465811819,-40.202667406760156,0.46480258227722054,0.03359389305114746,0.00481681851670146,1.0
stochastic_0_20,"(0-20,0-20)",stochastic,augmented_action_delay,Augmented (+action buffer + delay values),"(0-20,0-20)",0,20,0,20,1101000,1,2880,0,0.9277106169369742,0.12837904551713364,85,-26.91404665214941,-26.81791511690244,0.31663584296646363,0.019226307049393654,0.004254024941474199,1.0
stochastic_0_20,"(0-20,0-20)",stochastic,augmented_action_delay,Augmented (+action buffer + delay values),"(0-20,0-20)",0,20,0,20,1101000,1,2880,1,0.9277106169369742,0.12837904551713364,85,-56.44767278153449,-56.32032966520637,0.6640902680180528,0.025468623265624046,0.00823173113167286,1.0
stochastic_0_20,"(0-20,0-20)",stochastic,augmented_action_delay,Augmented (+action buffer + delay values),"(0-20,0-20)",0,20,0,20,1101000,1,2880,2,0.9277106169369742,0.12837904551713364,86,-43.67512673325837,-43.350308829918504,0.5078503108518415,0.05413631722331047,0.020964067429304123,1.0
stochastic_0_20,"(0-20,0-20)",stochastic,augmented_action_delay,Augmented (+action buffer + delay values),"(0-20,0-20)",0,20,0,20,1101000,1,2880,3,0.9277106169369742,0.12837904551713364,83,-46.490478709340096,-46.37775485217571,0.5601262495101217,0.03757461905479431,0.010280968621373177,1.0
stochastic_0_20,"(0-20,0-20)",stochastic,augmented_action_delay,Augmented (+action buffer + delay values),"(0-20,0-20)",0,20,0,20,1101000,1,2880,4,0.9277106169369742,0.12837904551713364,82,-33.82282384764403,-33.791512734256685,0.4124734615566345,0.015655556693673134,0.010515856556594372,1.0
stochastic_0_20,"(0-20,0-20)",stochastic,augmented_action_delay,Augmented (+action buffer + delay values),"(0-20,0-20)",0,20,0,20,1101000,1,2880,5,0.9277106169369742,0.12837904551713364,82,-42.690907064359635,-42.6049082535319,0.5206208178580444,0.04299940541386604,0.0045089200139045715,1.0
stochastic_0_20,"(0-20,0-20)",stochastic,augmented_action_delay,Augmented (+action buffer + delay values),"(0-20,0-20)",0,20,0,20,1101000,1,2880,6,0.9277106169369742,0.12837904551713364,89,-34.0655723195523,-33.99654732178897,0.3827592395455315,0.007669444195926189,0.0011076994705945253,1.0
stochastic_0_20,"(0-20,0-20)",stochastic,augmented_action_delay,Augmented (+action buffer + delay values),"(0-20,0-20)",0,20,0,20,1101000,1,2880,7,0.9277106169369742,0.12837904551713364,89,-38.36446092138067,-38.29726630076766,0.4310613586671985,0.007466068957000971,0.007466068957000971,1.0
stochastic_0_20,"(0-20,0-20)",stochastic,augmented_action_delay,Augmented (+action buffer + delay values),"(0-20,0-20)",0,20,0,20,1102000,2,5760,0,0.9446851886199561,0.38460232514722964,85,-32.31188029353507,-32.2646890191827,0.3801397681592361,0.009438254870474339,0.002955755917355418,1.0
stochastic_0_20,"(0-20,0-20)",stochastic,augmented_action_delay,Augmented (+action buffer + delay values),"(0-20,0-20)",0,20,0,20,1102000,2,5760,1,0.9446851886199561,0.38460232514722964,87,-39.46844811178744,-39.14694310538471,0.45366032312399357,0.04592928662896156,0.02200554870069027,1.0
stochastic_0_20,"(0-20,0-20)",stochastic,augmented_action_delay,Augmented (+action buffer + delay values),"(0-20,0-20)",0,20,0,20,1102000,2,5760,2,0.9446851886199561,0.38460232514722964,86,-28.345143214799464,-28.0589379677549,0.32959468854417984,0.047700874507427216,0.0015864023007452488,1.0
stochastic_0_20,"(0-20,0-20)",stochastic,augmented_action_delay,Augmented (+action buffer + delay values),"(0-20,0-20)",0,20,0,20,1102000,2,5760,3,0.9446851886199561,0.38460232514722964,87,-35.673081848653965,-35.55444385658484,0.41003542354774675,0.016948284581303596,0.0011433576000854373,1.0
stochastic_0_20,"(0-20,0-20)",stochastic,augmented_action_delay,Augmented (+action buffer + delay values),"(0-20,0-20)",0,20,0,20,1102000,2,5760,4,0.9446851886199561,0.38460232514722964,85,-30.572669465560466,-30.432699356693774,0.3596784643007114,0.027994021773338318,0.001894095679745078,1.0
stochastic_0_20,"(0-20,0-20)",stochastic,augmented_action_delay,Augmented (+action buffer + delay values),"(0-20,0-20)",0,20,0,20,1102000,2,5760,5,0.9446851886199561,0.38460232514722964,84,-38.47383138304576,-38.39074776088819,0.4580218021791162,0.020770905539393425,0.007192712742835283,1.0
stochastic_0_20,"(0-20,0-20)",stochastic,augmented_action_delay,Augmented (+action buffer + delay values),"(0-20,0-20)",0,20,0,20,1102000,2,5760,6,0.9446851886199561,0.38460232514722964,84,-47.34146722359583,-47.3079511183314,0.5635888955189979,0.00837902631610632,0.005430776625871658,1.0
stochastic_0_20,"(0-20,0-20)",stochastic,augmented_action_delay,Augmented (+action buffer + delay values),"(0-20,0-20)",0,20,0,20,1102000,2,5760,7,0.9446851886199561,0.38460232514722964,84,-25.85314426245168,-25.826046735513955,0.30777552693394855,0.00677438173443079,0.006387050729244947,1.0
stochastic_0_20,"(0-20,0-20)",stochastic,augmented_action_delay,Augmented (+action buffer + delay values),"(0-20,0-20)",0,20,0,20,1103000,3,8640,0,0.9446851886199561,0.38460232514722964,86,-26.370292937383056,-26.27704617008567,0.3066313132253844,0.015541127882897854,0.010802351869642735,1.0
stochastic_0_20,"(0-20,0-20)",stochastic,augmented_action_delay,Augmented (+action buffer + delay values),"(0-20,0-20)",0,20,0,20,1103000,3,8640,1,0.9446851886199561,0.38460232514722964,84,-27.666206816211343,-27.52868195809424,0.3293596049548969,0.034381214529275894,0.029619265347719193,1.0
stochastic_0_20,"(0-20,0-20)",stochastic,augmented_action_delay,Augmented (+action buffer + delay values),"(0-20,0-20)",0,20,0,20,1103000,3,8640,2,0.9446851886199561,0.38460232514722964,81,-32.63886167202145,-32.61631117109209,0.402948909531129,0.02255050092935562,0.009484359994530678,1.0
stochastic_0_20,"(0-20,0-20)",stochastic,augmented_action_delay,Augmented (+action buffer + delay values),"(0-20,0-20)",0,20,0,20,1103000,3,8640,3,0.9446851886199561,0.38460232514722964,83,-33.2166090067476,-33.165196580812335,0.40020010851503135,0.017137475311756134,0.010126796551048756,1.0
stochastic_0_20,"(0-20,0-20)",stochastic,augmented_action_delay,Augmented (+action buffer + delay values),"(0-20,0-20)",0,20,0,20,1103000,3,8640,4,0.9446851886199561,0.38460232514722964,85,-44.6027554650791,-44.50089832628146,0.5247382995891658,0.02037142775952816,0.007204475346952677,1.0
stochastic_0_20,"(0-20,0-20)",stochastic,augmented_action_delay,Augmented (+action buffer + delay values),"(0-20,0-20)",0,20,0,20,1103000,3,8640,5,0.9446851886199561,0.38460232514722964,86,-36.61671525845304,-36.390391959343106,0.4257757588192214,0.03772054985165596,0.005404770839959383,1.0
stochastic_0_20,"(0-20,0-20)",stochastic,augmented_action_delay,Augmented (+action buffer + delay values),"(0-20,0-20)",0,20,0,20,1103000,3,8640,6,0.9446851886199561,0.38460232514722964,86,-32.15193155873567,-31.936522682197392,0.37385966928762404,0.03590147942304611,0.013128976337611675,1.0
stochastic_0_20,"(0-20,0-20)",stochastic,augmented_action_delay,Augmented (+action buffer + delay values),"(0-20,0-20)",0,20,0,20,1103000,3,8640,7,0.9446851886199561,0.38460232514722964,91,-32.495868323603645,-32.40577712026425,0.35709745410553456,0.008190109394490719,0.0014301440678536892,1.0
stochastic_0_20,"(0-20,0-20)",stochastic,augmented_action_delay,Augmented (+action buffer + delay values),"(0-20,0-20)",0,20,0,20,1104000,4,11520,0,0.9446851886199561,0.38460232514722964,87,-41.43856688309461,-41.06115785706788,0.47630536647235183,0.05391557514667511,0.00926276110112667,1.0
stochastic_0_20,"(0-20,0-20)",stochastic,augmented_action_delay,Augmented (+action buffer + delay values),"(0-20,0-20)",0,20,0,20,1104000,4,11520,1,0.9446851886199561,0.38460232514722964,84,-36.33599180355668,-36.20194232836366,0.4325713309947224,0.03351236879825592,0.022003699094057083,1.0
stochastic_0_20,"(0-20,0-20)",stochastic,augmented_action_delay,Augmented (+action buffer + delay values),"(0-20,0-20)",0,20,0,20,1104000,4,11520,2,0.9446851886199561,0.38460232514722964,81,-31.609408940043068,-31.598166340816533,0.39023961654374156,0.011242599226534367,0.0001735071127768606,1.0
stochastic_0_20,"(0-20,0-20)",stochastic,augmented_action_delay,Augmented (+action buffer + delay values),"(0-20,0-20)",0,20,0,20,1104000,4,11520,3,0.9446851886199561,0.38460232514722964,84,-48.76737359724939,-48.60739930532873,0.580563971395826,0.03999357298016548,0.01545739732682705,1.0
stochastic_0_20,"(0-20,0-20)",stochastic,augmented_action_delay,Augmented (+action buffer + delay values),"(0-20,0-20)",0,20,0,20,1104000,4,11520,4,0.9446851886199561,0.38460232514722964,82,-34.569934227503836,-34.53243111167103,0.42158456375004677,0.018751557916402817,0.0021425983868539333,1.0
stochastic_0_20,"(0-20,0-20)",stochastic,augmented_action_delay,Augmented (+action buffer + delay values),"(0-20,0-20)",0,20,0,20,1104000,4,11520,5,0.9446851886199561,0.38460232514722964,90,-46.141910491511226,-45.87688350491226,0.5126878943501247,0.02650269865989685,0.010392838157713413,1.0
stochastic_0_20,"(0-20,0-20)",stochastic,augmented_action_delay,Augmented (+action buffer + delay values),"(0-20,0-20)",0,20,0,20,1104000,4,11520,6,0.9446851886199561,0.38460232514722964,90,-37.795841242652386,-37.58619365794584,0.4199537915850265,0.020964758470654488,0.006148429587483406,1.0
stochastic_0_20,"(0-20,0-20)",stochastic,augmented_action_delay,Augmented (+action buffer + delay values),"(0-20,0-20)",0,20,0,20,1104000,4,11520,7,0.9446851886199561,0.38460232514722964,88,-39.582872295286506,-39.46363401552662,0.4498053669918921,0.014904784969985485,0.005031286273151636,1.0
stochastic_0_20,"(0-20,0-20)",stochastic,augmented_action_delay,Augmented (+action buffer + delay values),"(0-20,0-20)",0,20,0,20,1105000,5,14400,0,1.1139757193492865,0.45872659365925145,86,-33.69451219495386,-33.53980154078454,0.39179665342969605,0.025785109028220177,0.008784357458353043,1.0
stochastic_0_20,"(0-20,0-20)",stochastic,augmented_action_delay,Augmented (+action buffer + delay values),"(0-20,0-20)",0,20,0,20,1105000,5,14400,1,1.1139757193492865,0.45872659365925145,84,-24.066628062631935,-23.99597851326689,0.28650747693609446,0.01766238734126091,0.00695842457935214,1.0
stochastic_0_20,"(0-20,0-20)",stochastic,augmented_action_delay,Augmented (+action buffer + delay values),"(0-20,0-20)",0,20,0,20,1105000,5,14400,2,1.1139757193492865,0.45872659365925145,87,-39.65981312096119,-39.48737980239093,0.45585992093058836,0.02463333122432232,0.008959009312093258,1.0
stochastic_0_20,"(0-20,0-20)",stochastic,augmented_action_delay,Augmented (+action buffer + delay values),"(0-20,0-20)",0,20,0,20,1105000,5,14400,3,1.1139757193492865,0.45872659365925145,88,-45.3856054097414,-45.217107102274895,0.5157455160197887,0.02106228843331337,0.009120109491050243,1.0
stochastic_0_20,"(0-20,0-20)",stochastic,augmented_action_delay,Augmented (+action buffer + delay values),"(0-20,0-20)",0,20,0,20,1105000,5,14400,4,1.1139757193492865,0.45872659365925145,88,-29.900740051059984,-29.622832023887895,0.33978113694386347,0.03473850339651108,0.0001493134768679738,1.0
stochastic_0_20,"(0-20,0-20)",stochastic,augmented_action_delay,Augmented (+action buffer + delay values),"(0-20,0-20)",0,20,0,20,1105000,5,14400,5,1.1139757193492865,0.45872659365925145,86,-44.472844078205526,-44.294129754416645,0.5171260939326224,0.029785720631480217,0.009419246576726437,1.0
stochastic_0_20,"(0-20,0-20)",stochastic,augmented_action_delay,Augmented (+action buffer + delay values),"(0-20,0-20)",0,20,0,20,1105000,5,14400,6,1.1139757193492865,0.45872659365925145,90,-32.982758574420586,-32.909250093856826,0.36647509527133987,0.00735084805637598,0.003149939002469182,1.0
stochastic_0_20,"(0-20,0-20)",stochastic,augmented_action_delay,Augmented (+action buffer + delay values),"(0-20,0-20)",0,20,0,20,1105000,5,14400,7,1.1139757193492865,0.45872659365925145,85,-40.41704898723401,-40.277056731516495,0.47549469396745897,0.02799845114350319,0.00365247274748981,1.0
stochastic_0_20,"(0-20,0-20)",stochastic,augmented_action_delay,Augmented (+action buffer + delay values),"(0-20,0-20)",0,20,0,20,1106000,6,17280,0,1.1139757193492865,0.45872659365925145,82,-30.863885572645813,-30.84270347142592,0.3763888484469002,0.010591050609946251,0.0021969156805425882,1.0
stochastic_0_20,"(0-20,0-20)",stochastic,augmented_action_delay,Augmented (+action buffer + delay values),"(0-20,0-20)",0,20,0,20,1106000,6,17280,1,1.1139757193492865,0.45872659365925145,82,-32.587704992853105,-32.55547810625285,0.3974110364982086,0.016113443300127983,0.006760742515325546,1.0
stochastic_0_20,"(0-20,0-20)",stochastic,augmented_action_delay,Augmented (+action buffer + delay values),"(0-20,0-20)",0,20,0,20,1106000,6,17280,2,1.1139757193492865,0.45872659365925145,85,-37.04916998092085,-36.88213858101517,0.43587258801083356,0.03340627998113632,0.012973652221262455,1.0
stochastic_0_20,"(0-20,0-20)",stochastic,augmented_action_delay,Augmented (+action buffer + delay values),"(0-20,0-20)",0,20,0,20,1106000,6,17280,3,1.1139757193492865,0.45872659365925145,82,-41.47404915327206,-41.3942937576212,0.5057810872350251,0.039877697825431824,0.005758627783507109,1.0
stochastic_0_20,"(0-20,0-20)",stochastic,augmented_action_delay,Augmented (+action buffer + delay values),"(0-20,0-20)",0,20,0,20,1106000,6,17280,4,1.1139757193492865,0.45872659365925145,86,-32.20411536376923,-32.11217418406159,0.3744664577182469,0.015323529951274395,0.014024347998201847,1.0
stochastic_0_20,"(0-20,0-20)",stochastic,augmented_action_delay,Augmented (+action buffer + delay values),"(0-20,0-20)",0,20,0,20,1106000,6,17280,5,1.1139757193492865,0.45872659365925145,88,-40.60820762999356,-40.48462294973433,0.46145690488629043,0.015448085032403469,0.00786634348332882,1.0
stochastic_0_20,"(0-20,0-20)",stochastic,augmented_action_delay,Augmented (+action buffer + delay values),"(0-20,0-20)",0,20,0,20,1106000,6,17280,6,1.1139757193492865,0.45872659365925145,82,-31.107987163588405,-31.045749926939607,0.37936569711693174,0.031118618324398994,0.007965992204844952,1.0
stochastic_0_20,"(0-20,0-20)",stochastic,augmented_action_delay,Augmented (+action buffer + delay values),"(0-20,0-20)",0,20,0,20,1106000,6,17280,7,1.1139757193492865,0.45872659365925145,84,-30.644641145132482,-30.54806751664728,0.3648171564896724,0.024143407121300697,0.00971322599798441,1.0
stochastic_0_20,"(0-20,0-20)",stochastic,augmented_action_delay,Augmented (+action buffer + delay values),"(0-20,0-20)",0,20,0,20,1107000,7,20160,0,1.1139757193492865,0.45872659365925145,83,-42.82556391181424,-42.777232841122895,0.5159706495399307,0.016110356897115707,0.005238882731646299,1.0
stochastic_0_20,"(0-20,0-20)",stochastic,augmented_action_delay,Augmented (+action buffer + delay values),"(0-20,0-20)",0,20,0,20,1107000,7,20160,1,1.1139757193492865,0.45872659365925145,85,-29.686601508408785,-29.381326504051685,0.3492541353930445,0.06105500087141991,0.012487277388572693,0.0
stochastic_0_20,"(0-20,0-20)",stochastic,augmented_action_delay,Augmented (+action buffer + delay values),"(0-20,0-20)",0,20,0,20,1107000,7,20160,2,1.1139757193492865,0.45872659365925145,87,-38.38470072951168,-38.18661132734269,0.44120345666105376,0.02829848602414131,0.008840699680149555,1.0
stochastic_0_20,"(0-20,0-20)",stochastic,augmented_action_delay,Augmented (+action buffer + delay values),"(0-20,0-20)",0,20,0,20,1107000,7,20160,3,1.1139757193492865,0.45872659365925145,87,-27.565543916542083,-27.520190413109958,0.31684533237404694,0.006479071918874979,0.006159784272313118,1.0
stochastic_0_20,"(0-20,0-20)",stochastic,augmented_action_delay,Augmented (+action buffer + delay values),"(0-20,0-20)",0,20,0,20,1107000,7,20160,4,1.1139757193492865,0.45872659365925145,89,-33.62429160065949,-33.46656884253025,0.37780102922089315,0.017524750903248787,0.00972001813352108,1.0
stochastic_0_20,"(0-20,0-20)",stochastic,augmented_action_delay,Augmented (+action buffer + delay values),"(0-20,0-20)",0,20,0,20,1107000,7,20160,5,1.1139757193492865,0.45872659365925145,84,-33.7045984811848,-33.68232053925749,0.4012452200141048,0.005569485481828451,0.00176796386949718,1.0
stochastic_0_20,"(0-20,0-20)",stochastic,augmented_action_delay,Augmented (+action buffer + delay values),"(0-20,0-20)",0,20,0,20,1107000,7,20160,6,1.1139757193492865,0.45872659365925145,82,-44.41435478720814,-44.382411741651595,0.5416384730147334,0.01597152277827263,0.007619442418217659,1.0
stochastic_0_20,"(0-20,0-20)",stochastic,augmented_action_delay,Augmented (+action buffer + delay values),"(0-20,0-20)",0,20,0,20,1107000,7,20160,7,1.1139757193492865,0.45872659365925145,82,-39.800200356170535,-39.70986239425838,0.48536829702646994,0.045168980956077576,0.018299879506230354,1.0
stochastic_0_20,"(0-20,0-20)",stochastic,augmented_action_delay,Augmented (+action buffer + delay values),"(0-20,0-20)",0,20,0,20,1108000,8,23040,0,1.1139757193492865,0.45872659365925145,85,-27.537917296402156,-27.367045699618757,0.32397549760473127,0.034174319356679916,0.008497199043631554,1.0
stochastic_0_20,"(0-20,0-20)",stochastic,augmented_action_delay,Augmented (+action buffer + delay values),"(0-20,0-20)",0,20,0,20,1108000,8,23040,1,1.1139757193492865,0.45872659365925145,84,-23.26517133973539,-23.104647224768996,0.27696632547304034,0.04013102874159813,0.008291269652545452,1.0
stochastic_0_20,"(0-20,0-20)",stochastic,augmented_action_delay,Augmented (+action buffer + delay values),"(0-20,0-20)",0,20,0,20,1108000,8,23040,2,1.1139757193492865,0.45872659365925145,82,-28.182683256454766,-28.143626828677952,0.3436912592250581,0.019528213888406754,0.007587576285004616,1.0
stochastic_0_20,"(0-20,0-20)",stochastic,augmented_action_delay,Augmented (+action buffer + delay values),"(0-20,0-20)",0,20,0,20,1108000,8,23040,3,1.1139757193492865,0.45872659365925145,89,-40.60369518492371,-40.48417421616614,0.4562212942126259,0.013280107639729977,0.004439741373062134,1.0
stochastic_0_20,"(0-20,0-20)",stochastic,augmented_action_delay,Augmented (+action buffer + delay values),"(0-20,0-20)",0,20,0,20,1108000,8,23040,4,1.1139757193492865,0.45872659365925145,92,-41.33840645337477,-40.745010579470545,0.44933050492798665,0.049449656158685684,0.007454684469848871,1.0
stochastic_0_20,"(0-20,0-20)",stochastic,augmented_action_delay,Augmented (+action buffer + delay values),"(0-20,0-20)",0,20,0,20,1108000,8,23040,5,1.1139757193492865,0.45872659365925145,86,-31.433053394779563,-31.330088822171092,0.3655006208695298,0.01716076210141182,0.005862826481461525,1.0
stochastic_0_20,"(0-20,0-20)",stochastic,augmented_action_delay,Augmented (+action buffer + delay values),"(0-20,0-20)",0,20,0,20,1108000,8,23040,6,1.1139757193492865,0.45872659365925145,87,-31.345220676157624,-31.143152023199946,0.360289892829398,0.028866950422525406,0.0005547471810132265,1.0
stochastic_0_20,"(0-20,0-20)",stochastic,augmented_action_delay,Augmented (+action buffer + delay values),"(0-20,0-20)",0,20,0,20,1108000,8,23040,7,1.1139757193492865,0.45872659365925145,86,-43.18973525101319,-43.01731380308047,0.5022062238489906,0.028736907988786697,0.0035004843957722187,1.0
stochastic_0_20,"(0-20,0-20)",stochastic,augmented_action_delay,Augmented (+action buffer + delay values),"(0-20,0-20)",0,20,0,20,1109000,9,25920,0,1.1139757193492865,0.45872659365925145,90,-30.113269036635756,-29.975365662947297,0.33459187818484176,0.01379033736884594,0.01379033736884594,1.0
stochastic_0_20,"(0-20,0-20)",stochastic,augmented_action_delay,Augmented (+action buffer + delay values),"(0-20,0-20)",0,20,0,20,1109000,9,25920,1,1.1139757193492865,0.45872659365925145,82,-35.59042907948606,-35.57237067888491,0.4340296229205617,0.009029200300574303,0.002106694271788001,1.0
stochastic_0_20,"(0-20,0-20)",stochastic,augmented_action_delay,Augmented (+action buffer + delay values),"(0-20,0-20)",0,20,0,20,1109000,9,25920,2,1.1139757193492865,0.45872659365925145,87,-34.58599618822336,-34.39329254068434,0.3975401860715329,0.027529092505574226,0.015402022749185562,1.0
stochastic_0_20,"(0-20,0-20)",stochastic,augmented_action_delay,Augmented (+action buffer + delay values),"(0-20,0-20)",0,20,0,20,1109000,9,25920,3,1.1139757193492865,0.45872659365925145,83,-40.33056815341115,-40.19746405631304,0.4859104596796524,0.04436803236603737,0.01697632670402527,1.0
stochastic_0_20,"(0-20,0-20)",stochastic,augmented_action_delay,Augmented (+action buffer + delay values),"(0-20,0-20)",0,20,0,20,1109000,9,25920,4,1.1139757193492865,0.45872659365925145,85,-27.946915765758604,-27.83070748625323,0.3287872443030424,0.02324165590107441,0.005087959114462137,1.0
stochastic_0_20,"(0-20,0-20)",stochastic,augmented_action_delay,Augmented (+action buffer + delay values),"(0-20,0-20)",0,20,0,20,1109000,9,25920,5,1.1139757193492865,0.45872659365925145,84,-26.408770206966437,-26.337662968435325,0.3143901215115052,0.017776809632778168,0.001692527555860579,1.0
stochastic_0_20,"(0-20,0-20)",stochastic,augmented_action_delay,Augmented (+action buffer + delay values),"(0-20,0-20)",0,20,0,20,1109000,9,25920,6,1.1139757193492865,0.45872659365925145,86,-59.25407867040485,-59.157080615870655,0.6890009147721494,0.016166342422366142,0.009054014459252357,1.0
stochastic_0_20,"(0-20,0-20)",stochastic,augmented_action_delay,Augmented (+action buffer + delay values),"(0-20,0-20)",0,20,0,20,1109000,9,25920,7,1.1139757193492865,0.45872659365925145,86,-40.22368856519461,-40.152250872924924,0.4677173088976117,0.011906282044947147,0.0063804760575294495,1.0
stochastic_0_20,"(0-20,0-20)",stochastic,augmented_action_delay,Augmented (+action buffer + delay values),"(0-20,0-20)",0,20,0,20,1110000,10,28800,0,1.1139757193492865,0.45872659365925145,82,-31.19738141587004,-31.150372897740453,0.3804558709252444,0.023504259064793587,0.0031193578615784645,1.0
stochastic_0_20,"(0-20,0-20)",stochastic,augmented_action_delay,Augmented (+action buffer + delay values),"(0-20,0-20)",0,20,0,20,1110000,10,28800,1,1.1139757193492865,0.45872659365925145,82,-29.63583415839821,-29.605597550980747,0.36141261168778305,0.015118303708732128,0.015118303708732128,1.0
stochastic_0_20,"(0-20,0-20)",stochastic,augmented_action_delay,Augmented (+action buffer + delay values),"(0-20,0-20)",0,20,0,20,1110000,10,28800,2,1.1139757193492865,0.45872659365925145,81,-44.55768946837634,-44.54112651292235,0.5500949317083499,0.01656295545399189,0.010133436881005764,1.0
stochastic_0_20,"(0-20,0-20)",stochastic,augmented_action_delay,Augmented (+action buffer + delay values),"(0-20,0-20)",0,20,0,20,1110000,10,28800,3,1.1139757193492865,0.45872659365925145,81,-39.64355031447485,-39.63898883713409,0.4894265470922821,0.004561477340757847,0.004561477340757847,1.0
stochastic_0_20,"(0-20,0-20)",stochastic,augmented_action_delay,Augmented (+action buffer + delay values),"(0-20,0-20)",0,20,0,20,1110000,10,28800,4,1.1139757193492865,0.45872659365925145,83,-42.497436322271824,-42.31055290624499,0.5120173050876123,0.06229447200894356,0.03876235708594322,0.0
stochastic_0_20,"(0-20,0-20)",stochastic,augmented_action_delay,Augmented (+action buffer + delay values),"(0-20,0-20)",0,20,0,20,1110000,10,28800,5,1.1139757193492865,0.45872659365925145,84,-23.529603625182062,-23.430867391172796,0.280114328871215,0.024684058502316475,0.004331252072006464,1.0
stochastic_0_20,"(0-20,0-20)",stochastic,augmented_action_delay,Augmented (+action buffer + delay values),"(0-20,0-20)",0,20,0,20,1110000,10,28800,6,1.1139757193492865,0.45872659365925145,89,-33.209562447853386,-33.08125991001725,0.37314115109947626,0.01425583753734827,0.010099951177835464,1.0
stochastic_0_20,"(0-20,0-20)",stochastic,augmented_action_delay,Augmented (+action buffer + delay values),"(0-20,0-20)",0,20,0,20,1110000,10,28800,7,1.1139757193492865,0.45872659365925145,86,-34.99697832483798,-34.82539140153676,0.40694160842834864,0.028597820550203323,0.009718307293951511,1.0
stochastic_0_20,"(0-20,0-20)",stochastic,augmented_action_delay,Augmented (+action buffer + delay values),"(0-20,0-20)",0,20,0,20,1111000,11,31680,0,1.1139757193492865,0.45872659365925145,85,-28.407544956426136,-28.367443002643995,0.3342064112520722,0.008020390756428242,0.0017852185992524028,1.0
stochastic_0_20,"(0-20,0-20)",stochastic,augmented_action_delay,Augmented (+action buffer + delay values),"(0-20,0-20)",0,20,0,20,1111000,11,31680,1,1.1139757193492865,0.45872659365925145,82,-41.88628884032369,-41.84398929774761,0.5108084004917522,0.0211497712880373,0.017975157126784325,1.0
stochastic_0_20,"(0-20,0-20)",stochastic,augmented_action_delay,Augmented (+action buffer + delay values),"(0-20,0-20)",0,20,0,20,1111000,11,31680,2,1.1139757193492865,0.45872659365925145,86,-32.72074067220092,-32.500147711485624,0.3804737287465223,0.03676549345254898,0.021488720551133156,1.0
stochastic_0_20,"(0-20,0-20)",stochastic,augmented_action_delay,Augmented (+action buffer + delay values),"(0-20,0-20)",0,20,0,20,1111000,11,31680,3,1.1139757193492865,0.45872659365925145,89,-31.827717253006995,-31.47578936908394,0.3576148005955842,0.03910309821367264,0.00804869830608368,1.0
stochastic_0_20,"(0-20,0-20)",stochastic,augmented_action_delay,Augmented (+action buffer + delay values),"(0-20,0-20)",0,20,0,20,1111000,11,31680,4,1.1139757193492865,0.45872659365925145,86,-24.72371162381023,-24.507196850143373,0.28748501888151434,0.03608579561114311,0.006158953532576561,1.0
stochastic_0_20,"(0-20,0-20)",stochastic,augmented_action_delay,Augmented (+action buffer + delay values),"(0-20,0-20)",0,20,0,20,1111000,11,31680,5,1.1139757193492865,0.45872659365925145,89,-33.730993550270796,-33.43645595386624,0.37899992753113254,0.03272639960050583,0.016037220135331154,1.0
stochastic_0_20,"(0-20,0-20)",stochastic,augmented_action_delay,Augmented (+action buffer + delay values),"(0-20,0-20)",0,20,0,20,1111000,11,31680,6,1.1139757193492865,0.45872659365925145,85,-39.536966872401536,-39.4012637110427,0.4651407867341357,0.027140632271766663,0.005569708999246359,1.0
stochastic_0_20,"(0-20,0-20)",stochastic,augmented_action_delay,Augmented (+action buffer + delay values),"(0-20,0-20)",0,20,0,20,1111000,11,31680,7,1.1139757193492865,0.45872659365925145,83,-32.49938255106099,-32.441248196410015,0.39155882591639746,0.019378118216991425,0.002610935131087899,1.0
stochastic_0_20,"(0-20,0-20)",stochastic,augmented_action_delay,Augmented (+action buffer + delay values),"(0-20,0-20)",0,20,0,20,1112000,12,34560,0,1.1139757193492865,0.45872659365925145,82,-41.83491181069985,-41.81787814432755,0.5101818513499982,0.008516833186149597,0.004008096177130938,1.0
stochastic_0_20,"(0-20,0-20)",stochastic,augmented_action_delay,Augmented (+action buffer + delay values),"(0-20,0-20)",0,20,0,20,1112000,12,34560,1,1.1139757193492865,0.45872659365925145,85,-37.611546996980906,-37.55099579785019,0.4424887881997754,0.012110239826142788,0.004152595065534115,1.0
stochastic_0_20,"(0-20,0-20)",stochastic,augmented_action_delay,Augmented (+action buffer + delay values),"(0-20,0-20)",0,20,0,20,1112000,12,34560,2,1.1139757193492865,0.45872659365925145,87,-35.73441101144999,-35.6051509315148,0.4107403564534482,0.01846572570502758,0.006148901768028736,1.0
stochastic_0_20,"(0-20,0-20)",stochastic,augmented_action_delay,Augmented (+action buffer + delay values),"(0-20,0-20)",0,20,0,20,1112000,12,34560,3,1.1139757193492865,0.45872659365925145,84,-30.23776181647554,-30.20075828069821,0.35997335495804217,0.0092508839443326,0.003155901562422514,1.0
stochastic_0_20,"(0-20,0-20)",stochastic,augmented_action_delay,Augmented (+action buffer + delay values),"(0-20,0-20)",0,20,0,20,1112000,12,34560,4,1.1139757193492865,0.45872659365925145,92,-32.116088618990034,-31.960190472658724,0.3490879197716308,0.012991512194275856,0.007482969667762518,1.0
stochastic_0_20,"(0-20,0-20)",stochastic,augmented_action_delay,Augmented (+action buffer + delay values),"(0-20,0-20)",0,20,0,20,1112000,12,34560,5,1.1139757193492865,0.45872659365925145,86,-38.116229981184006,-37.98187888041139,0.4432119765253954,0.022391850128769875,0.0065428027883172035,1.0
stochastic_0_20,"(0-20,0-20)",stochastic,augmented_action_delay,Augmented (+action buffer + delay values),"(0-20,0-20)",0,20,0,20,1112000,12,34560,6,1.1139757193492865,0.45872659365925145,86,-29.70296297967434,-29.2850192040205,0.34538329046132954,0.06965729594230652,0.013534849509596825,0.0
stochastic_0_20,"(0-20,0-20)",stochastic,augmented_action_delay,Augmented (+action buffer + delay values),"(0-20,0-20)",0,20,0,20,1112000,12,34560,7,1.1139757193492865,0.45872659365925145,86,-40.638929151464254,-40.31941453414038,0.4725456878077239,0.053252436220645905,0.006268099416047335,1.0
stochastic_0_20,"(0-20,0-20)",stochastic,augmented_action_delay,Augmented (+action buffer + delay values),"(0-20,0-20)",0,20,0,20,1113000,13,37440,0,1.1139757193492865,0.45872659365925145,86,-26.83313070051372,-26.655686726793647,0.3120131476803921,0.029573995620012283,0.010258220136165619,1.0
stochastic_0_20,"(0-20,0-20)",stochastic,augmented_action_delay,Augmented (+action buffer + delay values),"(0-20,0-20)",0,20,0,20,1113000,13,37440,1,1.1139757193492865,0.45872659365925145,87,-39.596271514194086,-39.50927621428855,0.45512955763441476,0.012427899986505508,0.0023922480177134275,1.0
stochastic_0_20,"(0-20,0-20)",stochastic,augmented_action_delay,Augmented (+action buffer + delay values),"(0-20,0-20)",0,20,0,20,1113000,13,37440,2,1.1139757193492865,0.45872659365925145,85,-37.528168914839625,-37.47064641863108,0.4415078695863485,0.01150449924170971,0.006294056307524443,1.0
stochastic_0_20,"(0-20,0-20)",stochastic,augmented_action_delay,Augmented (+action buffer + delay values),"(0-20,0-20)",0,20,0,20,1113000,13,37440,3,1.1139757193492865,0.45872659365925145,83,-42.33180521521717,-42.19955501053482,0.5100217495809298,0.044083401560783386,0.008734490722417831,1.0
stochastic_0_20,"(0-20,0-20)",stochastic,augmented_action_delay,Augmented (+action buffer + delay values),"(0-20,0-20)",0,20,0,20,1113000,13,37440,4,1.1139757193492865,0.45872659365925145,89,-25.653401711490005,-25.38233626028523,0.288240468668427,0.030118383467197418,0.004261875059455633,1.0
stochastic_0_20,"(0-20,0-20)",stochastic,augmented_action_delay,Augmented (+action buffer + delay values),"(0-20,0-20)",0,20,0,20,1113000,13,37440,5,1.1139757193492865,0.45872659365925145,85,-35.587556996848434,-35.54060061601922,0.41867714113939336,0.00939127616584301,0.003316232468932867,1.0
stochastic_0_20,"(0-20,0-20)",stochastic,augmented_action_delay,Augmented (+action buffer + delay values),"(0-20,0-20)",0,20,0,20,1113000,13,37440,6,1.1139757193492865,0.45872659365925145,91,-43.99796168040484,-43.82155754510313,0.4834940844000532,0.016036739572882652,0.0021707655396312475,1.0
stochastic_0_20,"(0-20,0-20)",stochastic,augmented_action_delay,Augmented (+action buffer + delay values),"(0-20,0-20)",0,20,0,20,1113000,13,37440,7,1.1139757193492865,0.45872659365925145,86,-38.2184710400179,-38.15182660613209,0.4444008260467198,0.01110740564763546,0.007252857089042664,1.0
stochastic_0_20,"(0-20,0-20)",stochastic,augmented_action_delay,Augmented (+action buffer + delay values),"(0-20,0-20)",0,20,0,20,1114000,14,40320,0,1.1139757193492865,0.45872659365925145,85,-30.15646202582866,-30.11829671310261,0.3547819061862195,0.007633062545210123,0.007633062545210123,1.0
stochastic_0_20,"(0-20,0-20)",stochastic,augmented_action_delay,Augmented (+action buffer + delay values),"(0-20,0-20)",0,20,0,20,1114000,14,40320,1,1.1139757193492865,0.45872659365925145,89,-27.67880820762366,-27.568155024200678,0.31099784502947936,0.012294798158109188,0.003191521158441901,1.0
stochastic_0_20,"(0-20,0-20)",stochastic,augmented_action_delay,Augmented (+action buffer + delay values),"(0-20,0-20)",0,20,0,20,1114000,14,40320,2,1.1139757193492865,0.45872659365925145,89,-31.24253642372787,-31.053433580324054,0.35103973509806596,0.02101142704486847,0.02101142704486847,1.0
stochastic_0_20,"(0-20,0-20)",stochastic,augmented_action_delay,Augmented (+action buffer + delay values),"(0-20,0-20)",0,20,0,20,1114000,14,40320,3,1.1139757193492865,0.45872659365925145,83,-39.122170904651284,-39.07038627192378,0.4713514566825456,0.01726154424250126,0.013922246173024178,1.0
stochastic_0_20,"(0-20,0-20)",stochastic,augmented_action_delay,Augmented (+action buffer + delay values),"(0-20,0-20)",0,20,0,20,1114000,14,40320,4,1.1139757193492865,0.45872659365925145,86,-24.828296592459083,-24.695963876321912,0.28870112316812885,0.022055452689528465,0.0036207386292517185,1.0
stochastic_0_20,"(0-20,0-20)",stochastic,augmented_action_delay,Augmented (+action buffer + delay values),"(0-20,0-20)",0,20,0,20,1114000,14,40320,5,1.1139757193492865,0.45872659365925145,83,-28.61763287417125,-28.499983833055012,0.34479075752013555,0.03921634703874588,0.001742240390740335,1.0
stochastic_0_20,"(0-20,0-20)",stochastic,augmented_action_delay,Augmented (+action buffer + delay values),"(0-20,0-20)",0,20,0,20,1114000,14,40320,6,1.1139757193492865,0.45872659365925145,88,-46.68796802870929,-46.23488019220531,0.5305450912353329,0.05663597956299782,0.02047957479953766,1.0
stochastic_0_20,"(0-20,0-20)",stochastic,augmented_action_delay,Augmented (+action buffer + delay values),"(0-20,0-20)",0,20,0,20,1114000,14,40320,7,1.1139757193492865,0.45872659365925145,87,-33.56190887815319,-33.4202198588755,0.3857690675649792,0.02024128846824169,0.002139858203008771,1.0
stochastic_0_20,"(0-20,0-20)",stochastic,augmented_action_delay,Augmented (+action buffer + delay values),"(0-20,0-20)",0,20,0,20,1115000,15,43200,0,1.1139757193492865,0.45872659365925145,87,-38.60293999733403,-38.53756710747257,0.4437119539923452,0.0093389842659235,0.00364862522110343,1.0
stochastic_0_20,"(0-20,0-20)",stochastic,augmented_action_delay,Augmented (+action buffer + delay values),"(0-20,0-20)",0,20,0,20,1115000,15,43200,1,1.1139757193492865,0.45872659365925145,82,-39.59162247995846,-39.539969467325136,0.4828246643897373,0.025826506316661835,0.0036135746631771326,1.0
stochastic_0_20,"(0-20,0-20)",stochastic,augmented_action_delay,Augmented (+action buffer + delay values),"(0-20,0-20)",0,20,0,20,1115000,15,43200,2,1.1139757193492865,0.45872659365925145,84,-33.258348635878065,-33.25744827762537,0.3959327218556912,0.0002250895631732419,0.0002250895631732419,1.0
stochastic_0_20,"(0-20,0-20)",stochastic,augmented_action_delay,Augmented (+action buffer + delay values),"(0-20,0-20)",0,20,0,20,1115000,15,43200,3,1.1139757193492865,0.45872659365925145,85,-37.70596082205884,-37.61987489531748,0.44359953908304517,0.017217185348272324,0.0034901199396699667,1.0
stochastic_0_20,"(0-20,0-20)",stochastic,augmented_action_delay,Augmented (+action buffer + delay values),"(0-20,0-20)",0,20,0,20,1115000,15,43200,4,1.1139757193492865,0.45872659365925145,82,-36.80269539868459,-36.78454566327855,0.44881335852054377,0.009074867703020573,0.004852475132793188,1.0
stochastic_0_20,"(0-20,0-20)",stochastic,augmented_action_delay,Augmented (+action buffer + delay values),"(0-20,0-20)",0,20,0,20,1115000,15,43200,5,1.1139757193492865,0.45872659365925145,86,-44.29512495175004,-44.01131046935916,0.5150595924622098,0.04730241373181343,0.004688207060098648,1.0
stochastic_0_20,"(0-20,0-20)",stochastic,augmented_action_delay,Augmented (+action buffer + delay values),"(0-20,0-20)",0,20,0,20,1115000,15,43200,6,1.1139757193492865,0.45872659365925145,82,-34.67591541912407,-34.643830872140825,0.42287701730639105,0.016042273491621017,0.010770425200462341,1.0
stochastic_0_20,"(0-20,0-20)",stochastic,augmented_action_delay,Augmented (+action buffer + delay values),"(0-20,0-20)",0,20,0,20,1115000,15,43200,7,1.1139757193492865,0.45872659365925145,91,-34.416132064769045,-34.14220185787417,0.37819925345900046,0.024902746081352234,0.0023277171421796083,1.0
stochastic_0_20,"(0-20,0-20)",stochastic,augmented_action_delay,Augmented (+action buffer + delay values),"(0-20,0-20)",0,20,0,20,1116000,16,46080,0,1.1139757193492865,0.45872659365925145,85,-29.16586745157838,-29.09033016860485,0.34312785237151033,0.015107456594705582,0.005222722887992859,1.0
stochastic_0_20,"(0-20,0-20)",stochastic,augmented_action_delay,Augmented (+action buffer + delay values),"(0-20,0-20)",0,20,0,20,1116000,16,46080,1,1.1139757193492865,0.45872659365925145,85,-36.73282432835549,-36.590158264152706,0.43215087445124106,0.0285332128405571,0.0033227335661649704,1.0
stochastic_0_20,"(0-20,0-20)",stochastic,augmented_action_delay,Augmented (+action buffer + delay values),"(0-20,0-20)",0,20,0,20,1116000,16,46080,2,1.1139757193492865,0.45872659365925145,84,-40.96875490993261,-40.66622402518988,0.487723272737293,0.0756327211856842,0.007526625879108906,0.0
stochastic_0_20,"(0-20,0-20)",stochastic,augmented_action_delay,Augmented (+action buffer + delay values),"(0-20,0-20)",0,20,0,20,1116000,16,46080,3,1.1139757193492865,0.45872659365925145,85,-30.704584922641516,-30.63145050778985,0.36123041085460605,0.0146268829703331,0.0044899615459144115,1.0
stochastic_0_20,"(0-20,0-20)",stochastic,augmented_action_delay,Augmented (+action buffer + delay values),"(0-20,0-20)",0,20,0,20,1116000,16,46080,4,1.1139757193492865,0.45872659365925145,83,-36.91479766834527,-36.867919019423425,0.44475659841379844,0.015626216307282448,0.012316321022808552,1.0
stochastic_0_20,"(0-20,0-20)",stochastic,augmented_action_delay,Augmented (+action buffer + delay values),"(0-20,0-20)",0,20,0,20,1116000,16,46080,5,1.1139757193492865,0.45872659365925145,84,-52.834155298769474,-52.73012278974056,0.6289780392710652,0.026008127257227898,0.019475212320685387,1.0
stochastic_0_20,"(0-20,0-20)",stochastic,augmented_action_delay,Augmented (+action buffer + delay values),"(0-20,0-20)",0,20,0,20,1116000,16,46080,6,1.1139757193492865,0.45872659365925145,86,-33.478107646107674,-33.16089230775833,0.3892803214663683,0.052869223058223724,0.010148588567972183,1.0
stochastic_0_20,"(0-20,0-20)",stochastic,augmented_action_delay,Augmented (+action buffer + delay values),"(0-20,0-20)",0,20,0,20,1116000,16,46080,7,1.1139757193492865,0.45872659365925145,83,-38.04803728777915,-37.94498719740659,0.4584100878045681,0.03435003012418747,0.007748118601739407,1.0
stochastic_0_20,"(0-20,0-20)",stochastic,augmented_action_delay,Augmented (+action buffer + delay values),"(0-20,0-20)",0,20,0,20,1117000,17,48960,0,1.1139757193492865,0.45872659365925145,88,-36.103014280088246,-35.939694543369114,0.4102615259100937,0.020414967089891434,0.004688720218837261,1.0
stochastic_0_20,"(0-20,0-20)",stochastic,augmented_action_delay,Augmented (+action buffer + delay values),"(0-20,0-20)",0,20,0,20,1117000,17,48960,1,1.1139757193492865,0.45872659365925145,85,-25.124138666549698,-25.092155140126124,0.2955781019594082,0.006396705284714699,0.0036462985444813967,1.0
stochastic_0_20,"(0-20,0-20)",stochastic,augmented_action_delay,Augmented (+action buffer + delay values),"(0-20,0-20)",0,20,0,20,1117000,17,48960,2,1.1139757193492865,0.45872659365925145,88,-42.650257610017434,-42.399721555644646,0.48466201829565264,0.031317006796598434,0.0025355021934956312,1.0
stochastic_0_20,"(0-20,0-20)",stochastic,augmented_action_delay,Augmented (+action buffer + delay values),"(0-20,0-20)",0,20,0,20,1117000,17,48960,3,1.1139757193492865,0.45872659365925145,82,-31.136790816672146,-31.110242533497512,0.3797169611789286,0.01327414158731699,0.01327414158731699,1.0
stochastic_0_20,"(0-20,0-20)",stochastic,augmented_action_delay,Augmented (+action buffer + delay values),"(0-20,0-20)",0,20,0,20,1117000,17,48960,4,1.1139757193492865,0.45872659365925145,82,-29.17151372693479,-29.087377874180675,0.3557501674016438,0.04206792637705803,0.007898756302893162,1.0
stochastic_0_20,"(0-20,0-20)",stochastic,augmented_action_delay,Augmented (+action buffer + delay values),"(0-20,0-20)",0,20,0,20,1117000,17,48960,5,1.1139757193492865,0.45872659365925145,88,-25.547785386443138,-25.392440125346184,0.2903157430277629,0.019418157637119293,0.014137692749500275,1.0
stochastic_0_20,"(0-20,0-20)",stochastic,augmented_action_delay,Augmented (+action buffer + delay values),"(0-20,0-20)",0,20,0,20,1117000,17,48960,6,1.1139757193492865,0.45872659365925145,87,-55.0374501356855,-54.871591554023325,0.6326143693756955,0.023694083094596863,0.011622787453234196,1.0
stochastic_0_20,"(0-20,0-20)",stochastic,augmented_action_delay,Augmented (+action buffer + delay values),"(0-20,0-20)",0,20,0,20,1117000,17,48960,7,1.1139757193492865,0.45872659365925145,85,-35.84450589586049,-35.544014257378876,0.42170006936306464,0.060098327696323395,0.013819209299981594,0.0
stochastic_0_20,"(0-20,0-20)",stochastic,augmented_action_delay,Augmented (+action buffer + delay values),"(0-20,0-20)",0,20,0,20,1118000,18,51840,0,0.9438230687362966,0.26060780952083157,84,-27.205965067259967,-27.11314036231488,0.3238805365149996,0.023206176236271858,0.004218374378979206,1.0
stochastic_0_20,"(0-20,0-20)",stochastic,augmented_action_delay,Augmented (+action buffer + delay values),"(0-20,0-20)",0,20,0,20,1118000,18,51840,1,0.9438230687362966,0.26060780952083157,81,-30.923242509365082,-30.871235001832247,0.3817684260415442,0.05200750753283501,0.010698709636926651,1.0
stochastic_0_20,"(0-20,0-20)",stochastic,augmented_action_delay,Augmented (+action buffer + delay values),"(0-20,0-20)",0,20,0,20,1118000,18,51840,2,0.9438230687362966,0.26060780952083157,81,-38.544298785272986,-38.54070100490935,0.47585554055892576,0.0035977803636342287,0.0035977803636342287,1.0
stochastic_0_20,"(0-20,0-20)",stochastic,augmented_action_delay,Augmented (+action buffer + delay values),"(0-20,0-20)",0,20,0,20,1118000,18,51840,3,0.9438230687362966,0.26060780952083157,82,-32.11077109258622,-32.07316223438829,0.3915947694217832,0.018804429098963737,0.011916182935237885,1.0
stochastic_0_20,"(0-20,0-20)",stochastic,augmented_action_delay,Augmented (+action buffer + delay values),"(0-20,0-20)",0,20,0,20,1118000,18,51840,4,0.9438230687362966,0.26060780952083157,80,-59.80683158989996,-59.80683158989996,0.7475853948737494,0.04872286692261696,0.013862197287380695,1.0
stochastic_0_20,"(0-20,0-20)",stochastic,augmented_action_delay,Augmented (+action buffer + delay values),"(0-20,0-20)",0,20,0,20,1118000,18,51840,5,0.9438230687362966,0.26060780952083157,85,-27.279257649555802,-27.212095205672085,0.32093244293595063,0.013432488776743412,0.009991247206926346,1.0
stochastic_0_20,"(0-20,0-20)",stochastic,augmented_action_delay,Augmented (+action buffer + delay values),"(0-20,0-20)",0,20,0,20,1118000,18,51840,6,0.9438230687362966,0.26060780952083157,83,-40.71765257511288,-40.655872534029186,0.49057412741099854,0.020593347027897835,0.005467218346893787,1.0
stochastic_0_20,"(0-20,0-20)",stochastic,augmented_action_delay,Augmented (+action buffer + delay values),"(0-20,0-20)",0,20,0,20,1118000,18,51840,7,0.9438230687362966,0.26060780952083157,86,-31.282468931749463,-31.23620980605483,0.3637496387412728,0.007709854282438755,0.0050619300454854965,1.0
stochastic_0_20,"(0-20,0-20)",stochastic,augmented_action_delay,Augmented (+action buffer + delay values),"(0-20,0-20)",0,20,0,20,1119000,19,54720,0,0.9438230687362966,0.26060780952083157,86,-34.32750033354387,-34.213587877806276,0.39915698062260313,0.018985409289598465,0.0021472694352269173,1.0
stochastic_0_20,"(0-20,0-20)",stochastic,augmented_action_delay,Augmented (+action buffer + delay values),"(0-20,0-20)",0,20,0,20,1119000,19,54720,1,0.9438230687362966,0.26060780952083157,80,-40.643016875721514,-40.643016875721514,0.508037710946519,0.011758239008486271,0.011758239008486271,1.0
stochastic_0_20,"(0-20,0-20)",stochastic,augmented_action_delay,Augmented (+action buffer + delay values),"(0-20,0-20)",0,20,0,20,1119000,19,54720,2,0.9438230687362966,0.26060780952083157,84,-39.53433813992888,-39.49985279608518,0.4706468826182009,0.008621335960924625,0.005822130478918552,1.0
stochastic_0_20,"(0-20,0-20)",stochastic,augmented_action_delay,Augmented (+action buffer + delay values),"(0-20,0-20)",0,20,0,20,1119000,19,54720,3,0.9438230687362966,0.26060780952083157,82,-42.42252719216049,-42.360739247873425,0.517347892587323,0.030893972143530846,0.01676332578063011,1.0
stochastic_0_20,"(0-20,0-20)",stochastic,augmented_action_delay,Augmented (+action buffer + delay values),"(0-20,0-20)",0,20,0,20,1119000,19,54720,4,0.9438230687362966,0.26060780952083157,90,-34.070789985358715,-33.955182548612356,0.3785643331706524,0.011560743674635887,0.008746463805437088,1.0
stochastic_0_20,"(0-20,0-20)",stochastic,augmented_action_delay,Augmented (+action buffer + delay values),"(0-20,0-20)",0,20,0,20,1119000,19,54720,5,0.9438230687362966,0.26060780952083157,83,-39.99532363843173,-39.89817416202277,0.48187136913773165,0.032383158802986145,0.01244654506444931,1.0
stochastic_0_20,"(0-20,0-20)",stochastic,augmented_action_delay,Augmented (+action buffer + delay values),"(0-20,0-20)",0,20,0,20,1119000,19,54720,6,0.9438230687362966,0.26060780952083157,84,-47.57243234291673,-47.2659386433661,0.5663384802728182,0.07662342488765717,0.023220472037792206,0.0
stochastic_0_20,"(0-20,0-20)",stochastic,augmented_action_delay,Augmented (+action buffer + delay values),"(0-20,0-20)",0,20,0,20,1119000,19,54720,7,0.9438230687362966,0.26060780952083157,82,-46.544203128665686,-46.45305098965764,0.5676122332764107,0.0455760695040226,0.0404277965426445,1.0
stochastic_0_20,"(0-20,0-20)",stochastic,augmented_action_delay,Augmented (+action buffer + delay values),"(0-20,0-20)",0,20,0,20,1120000,20,57600,0,0.9438230687362966,0.26060780952083157,85,-36.3561226692982,-36.21956017659977,0.4277190902270377,0.027312498539686203,0.002921472303569317,1.0
stochastic_0_20,"(0-20,0-20)",stochastic,augmented_action_delay,Augmented (+action buffer + delay values),"(0-20,0-20)",0,20,0,20,1120000,20,57600,1,0.9438230687362966,0.26060780952083157,81,-42.37494315253571,-42.362832660321146,0.5231474463276014,0.012110492214560509,0.003967061173170805,1.0
stochastic_0_20,"(0-20,0-20)",stochastic,augmented_action_delay,Augmented (+action buffer + delay values),"(0-20,0-20)",0,20,0,20,1120000,20,57600,2,0.9438230687362966,0.26060780952083157,82,-26.10324647091329,-26.03739778511226,0.31833227403552794,0.0329243429005146,0.02328549139201641,1.0
stochastic_0_20,"(0-20,0-20)",stochastic,augmented_action_delay,Augmented (+action buffer + delay values),"(0-20,0-20)",0,20,0,20,1120000,20,57600,3,0.9438230687362966,0.26060780952083157,81,-36.71766811888665,-36.711778707336634,0.45330454467761294,0.005889411550015211,0.005889411550015211,1.0
stochastic_0_20,"(0-20,0-20)",stochastic,augmented_action_delay,Augmented (+action buffer + delay values),"(0-20,0-20)",0,20,0,20,1120000,20,57600,4,0.9438230687362966,0.26060780952083157,80,-43.420249009504914,-43.420249009504914,0.5427531126188114,0.03301677107810974,0.008374329656362534,1.0
stochastic_0_20,"(0-20,0-20)",stochastic,augmented_action_delay,Augmented (+action buffer + delay values),"(0-20,0-20)",0,20,0,20,1120000,20,57600,5,0.9438230687362966,0.26060780952083157,85,-34.19173958315514,-34.100239207735285,0.40225575980182515,0.018300075083971024,0.0014390774304047227,1.0
stochastic_0_20,"(0-20,0-20)",stochastic,augmented_action_delay,Augmented (+action buffer + delay values),"(0-20,0-20)",0,20,0,20,1120000,20,57600,6,0.9438230687362966,0.26060780952083157,85,-29.271835044957697,-29.181315743364394,0.3443745299406788,0.018103860318660736,0.008529390208423138,1.0
stochastic_0_20,"(0-20,0-20)",stochastic,augmented_action_delay,Augmented (+action buffer + delay values),"(0-20,0-20)",0,20,0,20,1120000,20,57600,7,0.9438230687362966,0.26060780952083157,87,-46.982888935133815,-45.995603112503886,0.5400332061509634,0.1410408318042755,0.030638890340924263,0.0
stochastic_0_20,"(0-20,0-20)",stochastic,augmented_action_delay,Augmented (+action buffer + delay values),"(0-20,0-20)",0,20,0,20,1121000,21,60480,0,0.9725965198017628,0.2600690254718684,80,-29.080134769901633,-29.080134769901633,0.3635016846237704,0.029637381434440613,0.012956446036696434,1.0
stochastic_0_20,"(0-20,0-20)",stochastic,augmented_action_delay,Augmented (+action buffer + delay values),"(0-20,0-20)",0,20,0,20,1121000,21,60480,1,0.9725965198017628,0.2600690254718684,83,-31.488521771039814,-31.457971879746765,0.3793797803739737,0.010183297097682953,0.0030688056722283363,1.0
stochastic_0_20,"(0-20,0-20)",stochastic,augmented_action_delay,Augmented (+action buffer + delay values),"(0-20,0-20)",0,20,0,20,1121000,21,60480,2,0.9725965198017628,0.2600690254718684,83,-59.91198865510523,-59.82666556350887,0.7218311886157257,0.02844103053212166,0.018637018278241158,1.0
stochastic_0_20,"(0-20,0-20)",stochastic,augmented_action_delay,Augmented (+action buffer + delay values),"(0-20,0-20)",0,20,0,20,1121000,21,60480,3,0.9725965198017628,0.2600690254718684,82,-32.83471885509789,-32.68482653982937,0.4004234006719255,0.07494615763425827,0.025823721662163734,0.0
stochastic_0_20,"(0-20,0-20)",stochastic,augmented_action_delay,Augmented (+action buffer + delay values),"(0-20,0-20)",0,20,0,20,1121000,21,60480,4,0.9725965198017628,0.2600690254718684,83,-44.77128852950409,-44.66803255723789,0.5394131148133023,0.034418657422065735,0.007019823882728815,1.0
stochastic_0_20,"(0-20,0-20)",stochastic,augmented_action_delay,Augmented (+action buffer + delay values),"(0-20,0-20)",0,20,0,20,1121000,21,60480,5,0.9725965198017628,0.2600690254718684,89,-41.17558818683028,-40.91965056210756,0.46264705827899194,0.02843751385807991,0.013369531370699406,1.0
stochastic_0_20,"(0-20,0-20)",stochastic,augmented_action_delay,Augmented (+action buffer + delay values),"(0-20,0-20)",0,20,0,20,1121000,21,60480,6,0.9725965198017628,0.2600690254718684,84,-38.419444577768445,-38.34595471806824,0.4573743402115291,0.018372464925050735,0.011589828878641129,1.0
stochastic_0_20,"(0-20,0-20)",stochastic,augmented_action_delay,Augmented (+action buffer + delay values),"(0-20,0-20)",0,20,0,20,1121000,21,60480,7,0.9725965198017628,0.2600690254718684,89,-24.12077187653631,-23.880432386882603,0.2710199087251271,0.026704387739300728,0.0029093287885189056,1.0
stochastic_0_20,"(0-20,0-20)",stochastic,augmented_action_delay,Augmented (+action buffer + delay values),"(0-20,0-20)",0,20,0,20,1122000,22,63360,0,0.9725965198017628,0.2600690254718684,85,-35.209283410105854,-35.087081669364125,0.4142268636483042,0.024440348148345947,0.004396792035549879,1.0
stochastic_0_20,"(0-20,0-20)",stochastic,augmented_action_delay,Augmented (+action buffer + delay values),"(0-20,0-20)",0,20,0,20,1122000,22,63360,1,0.9725965198017628,0.2600690254718684,82,-44.044429442379624,-44.029683927539736,0.5371271883217027,0.0073727574199438095,0.0051650782115757465,1.0
stochastic_0_20,"(0-20,0-20)",stochastic,augmented_action_delay,Augmented (+action buffer + delay values),"(0-20,0-20)",0,20,0,20,1122000,22,63360,2,0.9725965198017628,0.2600690254718684,82,-34.10738512407988,-34.04517430346459,0.4159437210253644,0.031105410307645798,0.005139777436852455,1.0
stochastic_0_20,"(0-20,0-20)",stochastic,augmented_action_delay,Augmented (+action buffer + delay values),"(0-20,0-20)",0,20,0,20,1122000,22,63360,3,0.9725965198017628,0.2600690254718684,87,-49.78864492662251,-49.647601222619414,0.5722832750186495,0.020149100571870804,0.015721525996923447,1.0
stochastic_0_20,"(0-20,0-20)",stochastic,augmented_action_delay,Augmented (+action buffer + delay values),"(0-20,0-20)",0,20,0,20,1122000,22,63360,4,0.9725965198017628,0.2600690254718684,87,-39.9183291583322,-39.73403892619535,0.4588313696360023,0.02632717601954937,0.004556247498840094,1.0
stochastic_0_20,"(0-20,0-20)",stochastic,augmented_action_delay,Augmented (+action buffer + delay values),"(0-20,0-20)",0,20,0,20,1122000,22,63360,5,0.9725965198017628,0.2600690254718684,82,-30.781550887972116,-30.733293145895004,0.3753847669264892,0.0241288710385561,0.008789079263806343,1.0
stochastic_0_20,"(0-20,0-20)",stochastic,augmented_action_delay,Augmented (+action buffer + delay values),"(0-20,0-20)",0,20,0,20,1122000,22,63360,6,0.9725965198017628,0.2600690254718684,81,-28.739970457740128,-28.72524541988969,0.3548144500955571,0.014725037850439548,0.010975963436067104,1.0
stochastic_0_20,"(0-20,0-20)",stochastic,augmented_action_delay,Augmented (+action buffer + delay values),"(0-20,0-20)",0,20,0,20,1122000,22,63360,7,0.9725965198017628,0.2600690254718684,90,-47.043619364500046,-46.77324679121375,0.5227068818277782,0.027037257328629494,0.0033969786018133163,1.0
stochastic_0_20,"(0-20,0-20)",stochastic,augmented_action_delay,Augmented (+action buffer + delay values),"(0-20,0-20)",0,20,0,20,1123000,23,66240,0,0.9725965198017628,0.2600690254718684,82,-35.73232803540304,-35.69751852797344,0.43576009799272003,0.01740475371479988,0.006094636861234903,1.0
stochastic_0_20,"(0-20,0-20)",stochastic,augmented_action_delay,Augmented (+action buffer + delay values),"(0-20,0-20)",0,20,0,20,1123000,23,66240,1,0.9725965198017628,0.2600690254718684,85,-45.93979425355792,-45.80652449838817,0.5404681676889167,0.026653951033949852,0.025824405252933502,1.0
stochastic_0_20,"(0-20,0-20)",stochastic,augmented_action_delay,Augmented (+action buffer + delay values),"(0-20,0-20)",0,20,0,20,1123000,23,66240,2,0.9725965198017628,0.2600690254718684,82,-48.15348130464554,-48.067972876131535,0.5872375768859212,0.04275421425700188,0.018599823117256165,1.0
stochastic_0_20,"(0-20,0-20)",stochastic,augmented_action_delay,Augmented (+action buffer + delay values),"(0-20,0-20)",0,20,0,20,1123000,23,66240,3,0.9725965198017628,0.2600690254718684,81,-31.715281488373876,-31.669767970219254,0.3915466850416528,0.045513518154621124,0.017659438773989677,1.0
stochastic_0_20,"(0-20,0-20)",stochastic,augmented_action_delay,Augmented (+action buffer + delay values),"(0-20,0-20)",0,20,0,20,1123000,23,66240,4,0.9725965198017628,0.2600690254718684,84,-30.64635948650539,-30.595307318493724,0.36483761293458794,0.012763042002916336,0.0049552228301763535,1.0
stochastic_0_20,"(0-20,0-20)",stochastic,augmented_action_delay,Augmented (+action buffer + delay values),"(0-20,0-20)",0,20,0,20,1123000,23,66240,5,0.9725965198017628,0.2600690254718684,87,-46.57182656787336,-46.40935733541846,0.5353083513548662,0.023209890350699425,0.006261767353862524,1.0
stochastic_0_20,"(0-20,0-20)",stochastic,augmented_action_delay,Augmented (+action buffer + delay values),"(0-20,0-20)",0,20,0,20,1123000,23,66240,6,0.9725965198017628,0.2600690254718684,81,-44.39069780509453,-44.38794189423788,0.548033306235735,0.0027559108566492796,0.00026032247114926577,1.0
stochastic_0_20,"(0-20,0-20)",stochastic,augmented_action_delay,Augmented (+action buffer + delay values),"(0-20,0-20)",0,20,0,20,1123000,23,66240,7,0.9725965198017628,0.2600690254718684,92,-44.146545650437474,-43.860145496204495,0.4798537570699725,0.0238666795194149,0.02294161170721054,1.0
stochastic_0_20,"(0-20,0-20)",stochastic,augmented_action_delay,Augmented (+action buffer + delay values),"(0-20,0-20)",0,20,0,20,1124000,24,69120,0,0.9725965198017628,0.2600690254718684,81,-32.74678289145231,-32.712341621518135,0.40428127026484334,0.0344412699341774,0.026761557906866074,1.0
stochastic_0_20,"(0-20,0-20)",stochastic,augmented_action_delay,Augmented (+action buffer + delay values),"(0-20,0-20)",0,20,0,20,1124000,24,69120,1,0.9725965198017628,0.2600690254718684,87,-39.23850191524252,-38.92979139601812,0.4510172633935922,0.04410150274634361,0.0061818016692996025,1.0
stochastic_0_20,"(0-20,0-20)",stochastic,augmented_action_delay,Augmented (+action buffer + delay values),"(0-20,0-20)",0,20,0,20,1124000,24,69120,2,0.9725965198017628,0.2600690254718684,81,-44.8685840703547,-44.825015891343355,0.5539331366710457,0.04356817901134491,0.03421640396118164,1.0
stochastic_0_20,"(0-20,0-20)",stochastic,augmented_action_delay,Augmented (+action buffer + delay values),"(0-20,0-20)",0,20,0,20,1124000,24,69120,3,0.9725965198017628,0.2600690254718684,84,-45.9714320236817,-45.91354385111481,0.5472789526628774,0.01447204314172268,0.014242368750274181,1.0
stochastic_0_20,"(0-20,0-20)",stochastic,augmented_action_delay,Augmented (+action buffer + delay values),"(0-20,0-20)",0,20,0,20,1124000,24,69120,4,0.9725965198017628,0.2600690254718684,84,-31.7181777684018,-31.57894356828183,0.3775973543857357,0.03480855002999306,0.008914223872125149,1.0
stochastic_0_20,"(0-20,0-20)",stochastic,augmented_action_delay,Augmented (+action buffer + delay values),"(0-20,0-20)",0,20,0,20,1124000,24,69120,5,0.9725965198017628,0.2600690254718684,82,-35.560191330034286,-35.49168723495677,0.4336608698784669,0.034252047538757324,0.006085144821554422,1.0
stochastic_0_20,"(0-20,0-20)",stochastic,augmented_action_delay,Augmented (+action buffer + delay values),"(0-20,0-20)",0,20,0,20,1124000,24,69120,6,0.9725965198017628,0.2600690254718684,83,-45.25948164239526,-45.013006415218115,0.5452949595469309,0.0821584090590477,0.013632731512188911,0.0
stochastic_0_20,"(0-20,0-20)",stochastic,augmented_action_delay,Augmented (+action buffer + delay values),"(0-20,0-20)",0,20,0,20,1124000,24,69120,7,0.9725965198017628,0.2600690254718684,84,-48.54342301283032,-48.293030814267695,0.5778978930098847,0.06259804964065552,0.012892660684883595,0.0
stochastic_0_0,"(0-0,0-0)",stochastic,augmented_action_delay,Augmented (+action buffer + delay values),"(0,0)",0,0,0,0,900000,0,0,0,0.7592573860315994,0.2384058440442351,80,-36.15355084137991,-36.15355084137991,0.45191938551724886,0.004994887392967939,0.004994887392967939,1.0
stochastic_0_0,"(0-0,0-0)",stochastic,augmented_action_delay,Augmented (+action buffer + delay values),"(0,0)",0,0,0,0,900000,0,0,1,0.7592573860315994,0.2384058440442351,80,-33.38231652230024,-33.38231652230024,0.417278956528753,0.012511222623288631,0.012511222623288631,1.0
stochastic_0_0,"(0-0,0-0)",stochastic,augmented_action_delay,Augmented (+action buffer + delay values),"(0,0)",0,0,0,0,900000,0,0,2,0.7592573860315994,0.2384058440442351,80,-36.06155969854444,-36.06155969854444,0.4507694962318055,0.02147352695465088,0.013196563348174095,1.0
stochastic_0_0,"(0-0,0-0)",stochastic,augmented_action_delay,Augmented (+action buffer + delay values),"(0,0)",0,0,0,0,900000,0,0,3,0.7592573860315994,0.2384058440442351,80,-32.49001277144998,-32.49001277144998,0.4061251596431248,0.002575111109763384,0.002575111109763384,1.0
stochastic_0_0,"(0-0,0-0)",stochastic,augmented_action_delay,Augmented (+action buffer + delay values),"(0,0)",0,0,0,0,900000,0,0,4,0.7592573860315994,0.2384058440442351,80,-28.535139459185302,-28.535139459185302,0.35668924323981627,0.017040982842445374,0.011022830381989479,1.0
stochastic_0_0,"(0-0,0-0)",stochastic,augmented_action_delay,Augmented (+action buffer + delay values),"(0,0)",0,0,0,0,900000,0,0,5,0.7592573860315994,0.2384058440442351,80,-31.862686849664897,-31.862686849664897,0.39828358562081123,0.018762925639748573,0.005888683255761862,1.0
stochastic_0_0,"(0-0,0-0)",stochastic,augmented_action_delay,Augmented (+action buffer + delay values),"(0,0)",0,0,0,0,900000,0,0,6,0.7592573860315994,0.2384058440442351,80,-30.681514654308558,-30.681514654308558,0.383518933178857,0.020704859867691994,0.004008616786450148,1.0
stochastic_0_0,"(0-0,0-0)",stochastic,augmented_action_delay,Augmented (+action buffer + delay values),"(0,0)",0,0,0,0,900000,0,0,7,0.7592573860315994,0.2384058440442351,80,-35.107249496504664,-35.107249496504664,0.4388406187063083,0.024047790095210075,0.018330814316868782,1.0
stochastic_0_0,"(0-0,0-0)",stochastic,augmented_action_delay,Augmented (+action buffer + delay values),"(0,0)",0,0,0,0,901000,1,2880,0,2.5750878881074355,0.6334797682779069,80,-21.66409860807471,-21.66409860807471,0.27080123260093386,0.015314037911593914,0.0028632439207285643,1.0
stochastic_0_0,"(0-0,0-0)",stochastic,augmented_action_delay,Augmented (+action buffer + delay values),"(0,0)",0,0,0,0,901000,1,2880,1,2.5750878881074355,0.6334797682779069,80,-20.13060191576369,-20.13060191576369,0.25163252394704616,0.02334023267030716,0.0017183248419314623,1.0
stochastic_0_0,"(0-0,0-0)",stochastic,augmented_action_delay,Augmented (+action buffer + delay values),"(0,0)",0,0,0,0,901000,1,2880,2,2.5750878881074355,0.6334797682779069,80,-19.43537834053859,-19.43537834053859,0.2429422292567324,0.005919566843658686,0.003644076641649008,1.0
stochastic_0_0,"(0-0,0-0)",stochastic,augmented_action_delay,Augmented (+action buffer + delay values),"(0,0)",0,0,0,0,901000,1,2880,3,2.5750878881074355,0.6334797682779069,80,-22.655662899720483,-22.655662899720483,0.28319578624650604,0.010742615908384323,0.0011045588180422783,1.0
stochastic_0_0,"(0-0,0-0)",stochastic,augmented_action_delay,Augmented (+action buffer + delay values),"(0,0)",0,0,0,0,901000,1,2880,4,2.5750878881074355,0.6334797682779069,80,-27.309351672418416,-27.309351672418416,0.34136689590523017,0.010704493150115013,0.0007052458822727203,1.0
stochastic_0_0,"(0-0,0-0)",stochastic,augmented_action_delay,Augmented (+action buffer + delay values),"(0,0)",0,0,0,0,901000,1,2880,5,2.5750878881074355,0.6334797682779069,80,-19.01357175956946,-19.01357175956946,0.23766964699461823,0.015825169160962105,0.0010165214771404862,1.0
stochastic_0_0,"(0-0,0-0)",stochastic,augmented_action_delay,Augmented (+action buffer + delay values),"(0,0)",0,0,0,0,901000,1,2880,6,2.5750878881074355,0.6334797682779069,80,-28.275539193477016,-28.275539193477016,0.3534442399184627,0.013124867342412472,0.0005942832794971764,1.0
stochastic_0_0,"(0-0,0-0)",stochastic,augmented_action_delay,Augmented (+action buffer + delay values),"(0,0)",0,0,0,0,901000,1,2880,7,2.5750878881074355,0.6334797682779069,80,-21.588502713828348,-21.588502713828348,0.2698562839228543,0.0035777748562395573,0.001910309656523168,1.0
stochastic_0_0,"(0-0,0-0)",stochastic,augmented_action_delay,Augmented (+action buffer + delay values),"(0,0)",0,0,0,0,902000,2,5760,0,1.7133920352483294,0.328123851679704,80,-24.481751656276174,-24.481751656276174,0.3060218957034522,0.014911758713424206,0.001726651913486421,1.0
stochastic_0_0,"(0-0,0-0)",stochastic,augmented_action_delay,Augmented (+action buffer + delay values),"(0,0)",0,0,0,0,902000,2,5760,1,1.7133920352483294,0.328123851679704,80,-22.565080986358225,-22.565080986358225,0.2820635123294778,0.025807637721300125,0.002527170581743121,1.0
stochastic_0_0,"(0-0,0-0)",stochastic,augmented_action_delay,Augmented (+action buffer + delay values),"(0,0)",0,0,0,0,902000,2,5760,2,1.7133920352483294,0.328123851679704,80,-24.536033890442923,-24.536033890442923,0.3067004236305365,0.0023839683271944523,0.0023839683271944523,1.0
stochastic_0_0,"(0-0,0-0)",stochastic,augmented_action_delay,Augmented (+action buffer + delay values),"(0,0)",0,0,0,0,902000,2,5760,3,1.7133920352483294,0.328123851679704,80,-23.518293120898306,-23.518293120898306,0.29397866401122885,0.004684289451688528,0.004684289451688528,1.0
stochastic_0_0,"(0-0,0-0)",stochastic,augmented_action_delay,Augmented (+action buffer + delay values),"(0,0)",0,0,0,0,902000,2,5760,4,1.7133920352483294,0.328123851679704,80,-22.713844067649916,-22.713844067649916,0.28392305084562397,0.0027154115960001945,0.0025344439782202244,1.0
stochastic_0_0,"(0-0,0-0)",stochastic,augmented_action_delay,Augmented (+action buffer + delay values),"(0,0)",0,0,0,0,902000,2,5760,5,1.7133920352483294,0.328123851679704,80,-24.43876509880647,-24.43876509880647,0.30548456373508087,0.006642877124249935,0.0013616187497973442,1.0
stochastic_0_0,"(0-0,0-0)",stochastic,augmented_action_delay,Augmented (+action buffer + delay values),"(0,0)",0,0,0,0,902000,2,5760,6,1.7133920352483294,0.328123851679704,80,-22.08468247950077,-22.08468247950077,0.27605853099375965,0.013250897638499737,0.00391205633059144,1.0
stochastic_0_0,"(0-0,0-0)",stochastic,augmented_action_delay,Augmented (+action buffer + delay values),"(0,0)",0,0,0,0,902000,2,5760,7,1.7133920352483294,0.328123851679704,80,-20.689399193273857,-20.689399193273857,0.2586174899159232,0.014899100176990032,0.0009447121992707253,1.0
stochastic_0_0,"(0-0,0-0)",stochastic,augmented_action_delay,Augmented (+action buffer + delay values),"(0,0)",0,0,0,0,903000,3,8640,0,1.7133920352483294,0.328123851679704,80,-21.655057357624173,-21.655057357624173,0.27068821697030215,0.005481325555592775,0.005481325555592775,1.0
stochastic_0_0,"(0-0,0-0)",stochastic,augmented_action_delay,Augmented (+action buffer + delay values),"(0,0)",0,0,0,0,903000,3,8640,1,1.7133920352483294,0.328123851679704,80,-24.016358675668016,-24.016358675668016,0.3002044834458502,0.019869523122906685,0.0026668079663068056,1.0
stochastic_0_0,"(0-0,0-0)",stochastic,augmented_action_delay,Augmented (+action buffer + delay values),"(0,0)",0,0,0,0,903000,3,8640,2,1.7133920352483294,0.328123851679704,80,-19.03780888125766,-19.03780888125766,0.23797261101572076,0.004800922237336636,0.0010968666756525636,1.0
stochastic_0_0,"(0-0,0-0)",stochastic,augmented_action_delay,Augmented (+action buffer + delay values),"(0,0)",0,0,0,0,903000,3,8640,3,1.7133920352483294,0.328123851679704,80,-24.39490968035534,-24.39490968035534,0.30493637100444176,0.012019672431051731,0.002567454008385539,1.0
stochastic_0_0,"(0-0,0-0)",stochastic,augmented_action_delay,Augmented (+action buffer + delay values),"(0,0)",0,0,0,0,903000,3,8640,4,1.7133920352483294,0.328123851679704,80,-23.293451111065224,-23.293451111065224,0.2911681388883153,0.019725251942873,0.0036195104476064444,1.0
stochastic_0_0,"(0-0,0-0)",stochastic,augmented_action_delay,Augmented (+action buffer + delay values),"(0,0)",0,0,0,0,903000,3,8640,5,1.7133920352483294,0.328123851679704,80,-22.35439500422217,-22.35439500422217,0.2794299375527771,0.006147261708974838,0.003092630300670862,1.0
stochastic_0_0,"(0-0,0-0)",stochastic,augmented_action_delay,Augmented (+action buffer + delay values),"(0,0)",0,0,0,0,903000,3,8640,6,1.7133920352483294,0.328123851679704,80,-27.660786862950772,-27.660786862950772,0.34575983578688463,0.00535620329901576,0.0016849974635988474,1.0
stochastic_0_0,"(0-0,0-0)",stochastic,augmented_action_delay,Augmented (+action buffer + delay values),"(0,0)",0,0,0,0,903000,3,8640,7,1.7133920352483294,0.328123851679704,80,-24.340580131160095,-24.340580131160095,0.3042572516395012,0.024584956467151642,0.0032088421285152435,1.0
stochastic_0_0,"(0-0,0-0)",stochastic,augmented_action_delay,Augmented (+action buffer + delay values),"(0,0)",0,0,0,0,904000,4,11520,0,3.101149672037368,0.6738325251591603,80,-23.379603419743944,-23.379603419743944,0.2922450427467993,0.0029902863316237926,0.0006504546036012471,1.0
stochastic_0_0,"(0-0,0-0)",stochastic,augmented_action_delay,Augmented (+action buffer + delay values),"(0,0)",0,0,0,0,904000,4,11520,1,3.101149672037368,0.6738325251591603,80,-25.589012179523706,-25.589012179523706,0.3198626522440463,0.009520433843135834,0.0016443661879748106,1.0
stochastic_0_0,"(0-0,0-0)",stochastic,augmented_action_delay,Augmented (+action buffer + delay values),"(0,0)",0,0,0,0,904000,4,11520,2,3.101149672037368,0.6738325251591603,80,-24.592739166444517,-24.592739166444517,0.30740923958055644,0.009084667079150677,0.0002020506508415565,1.0
stochastic_0_0,"(0-0,0-0)",stochastic,augmented_action_delay,Augmented (+action buffer + delay values),"(0,0)",0,0,0,0,904000,4,11520,3,3.101149672037368,0.6738325251591603,80,-27.045393529813737,-27.045393529813737,0.3380674191226717,0.005578234791755676,0.0039638192392885685,1.0
stochastic_0_0,"(0-0,0-0)",stochastic,augmented_action_delay,Augmented (+action buffer + delay values),"(0,0)",0,0,0,0,904000,4,11520,4,3.101149672037368,0.6738325251591603,80,-19.882047536812024,-19.882047536812024,0.2485255942101503,0.01239053625613451,0.00046724421554245055,1.0
stochastic_0_0,"(0-0,0-0)",stochastic,augmented_action_delay,Augmented (+action buffer + delay values),"(0,0)",0,0,0,0,904000,4,11520,5,3.101149672037368,0.6738325251591603,80,-20.14849997696001,-20.14849997696001,0.25185624971200016,0.0020438004285097122,0.001440004212781787,1.0
stochastic_0_0,"(0-0,0-0)",stochastic,augmented_action_delay,Augmented (+action buffer + delay values),"(0,0)",0,0,0,0,904000,4,11520,6,3.101149672037368,0.6738325251591603,80,-25.908032320032362,-25.908032320032362,0.32385040400040455,0.013202905654907227,0.0008441461832262576,1.0
stochastic_0_0,"(0-0,0-0)",stochastic,augmented_action_delay,Augmented (+action buffer + delay values),"(0,0)",0,0,0,0,904000,4,11520,7,3.101149672037368,0.6738325251591603,80,-20.32718490588013,-20.32718490588013,0.2540898113235016,0.006214097607880831,0.00102415366563946,1.0
stochastic_0_0,"(0-0,0-0)",stochastic,augmented_action_delay,Augmented (+action buffer + delay values),"(0,0)",0,0,0,0,905000,5,14400,0,3.101149672037368,0.6738325251591603,80,-24.805453993962146,-24.805453993962146,0.3100681749245268,0.01826479844748974,0.0011431357124820352,1.0
stochastic_0_0,"(0-0,0-0)",stochastic,augmented_action_delay,Augmented (+action buffer + delay values),"(0,0)",0,0,0,0,905000,5,14400,1,3.101149672037368,0.6738325251591603,80,-20.56920341681689,-20.56920341681689,0.25711504271021113,0.002926754532381892,0.001961595844477415,1.0
stochastic_0_0,"(0-0,0-0)",stochastic,augmented_action_delay,Augmented (+action buffer + delay values),"(0,0)",0,0,0,0,905000,5,14400,2,3.101149672037368,0.6738325251591603,80,-20.71905677043833,-20.71905677043833,0.2589882096304791,0.0013846568763256073,0.0013846568763256073,1.0
stochastic_0_0,"(0-0,0-0)",stochastic,augmented_action_delay,Augmented (+action buffer + delay values),"(0,0)",0,0,0,0,905000,5,14400,3,3.101149672037368,0.6738325251591603,80,-23.018509488436393,-23.018509488436393,0.2877313686054549,0.0074695018120110035,0.0012500743614509702,1.0
stochastic_0_0,"(0-0,0-0)",stochastic,augmented_action_delay,Augmented (+action buffer + delay values),"(0,0)",0,0,0,0,905000,5,14400,4,3.101149672037368,0.6738325251591603,80,-19.298001372022554,-19.298001372022554,0.24122501715028194,0.006093293894082308,0.0006998006720095873,1.0
stochastic_0_0,"(0-0,0-0)",stochastic,augmented_action_delay,Augmented (+action buffer + delay values),"(0,0)",0,0,0,0,905000,5,14400,5,3.101149672037368,0.6738325251591603,80,-21.82496277219616,-21.82496277219616,0.27281203465245196,0.0064229597337543964,0.0012705817352980375,1.0
stochastic_0_0,"(0-0,0-0)",stochastic,augmented_action_delay,Augmented (+action buffer + delay values),"(0,0)",0,0,0,0,905000,5,14400,6,3.101149672037368,0.6738325251591603,80,-24.299176825094037,-24.299176825094037,0.30373971031367547,0.016901420429348946,0.0009518931619822979,1.0
stochastic_0_0,"(0-0,0-0)",stochastic,augmented_action_delay,Augmented (+action buffer + delay values),"(0,0)",0,0,0,0,905000,5,14400,7,3.101149672037368,0.6738325251591603,80,-24.520546091138385,-24.520546091138385,0.3065068261392298,0.016269974410533905,0.0011485012946650386,1.0
stochastic_0_0,"(0-0,0-0)",stochastic,augmented_action_delay,Augmented (+action buffer + delay values),"(0,0)",0,0,0,0,906000,6,17280,0,3.101149672037368,0.6738325251591603,80,-21.51798703876557,-21.51798703876557,0.2689748379845696,0.017386214807629585,0.0008503888384439051,1.0
stochastic_0_0,"(0-0,0-0)",stochastic,augmented_action_delay,Augmented (+action buffer + delay values),"(0,0)",0,0,0,0,906000,6,17280,1,3.101149672037368,0.6738325251591603,80,-20.48571205904591,-20.48571205904591,0.2560714007380739,0.006602536421269178,0.0003935144923161715,1.0
stochastic_0_0,"(0-0,0-0)",stochastic,augmented_action_delay,Augmented (+action buffer + delay values),"(0,0)",0,0,0,0,906000,6,17280,2,3.101149672037368,0.6738325251591603,80,-24.185789136681706,-24.185789136681706,0.3023223642085213,0.01561756245791912,0.0013807653449475765,1.0
stochastic_0_0,"(0-0,0-0)",stochastic,augmented_action_delay,Augmented (+action buffer + delay values),"(0,0)",0,0,0,0,906000,6,17280,3,3.101149672037368,0.6738325251591603,80,-23.59565919463057,-23.59565919463057,0.29494573993288214,0.0056929681450128555,0.0017341397469863296,1.0
stochastic_0_0,"(0-0,0-0)",stochastic,augmented_action_delay,Augmented (+action buffer + delay values),"(0,0)",0,0,0,0,906000,6,17280,4,3.101149672037368,0.6738325251591603,80,-18.14744980679825,-18.14744980679825,0.22684312258497813,0.01265246793627739,0.0026995304506272078,1.0
stochastic_0_0,"(0-0,0-0)",stochastic,augmented_action_delay,Augmented (+action buffer + delay values),"(0,0)",0,0,0,0,906000,6,17280,5,3.101149672037368,0.6738325251591603,80,-21.658191857161,-21.658191857161,0.2707273982145125,0.01334470696747303,0.0021473446395248175,1.0
stochastic_0_0,"(0-0,0-0)",stochastic,augmented_action_delay,Augmented (+action buffer + delay values),"(0,0)",0,0,0,0,906000,6,17280,6,3.101149672037368,0.6738325251591603,80,-18.731331072980538,-18.731331072980538,0.23414163841225671,0.00825602374970913,0.0020009493455290794,1.0
stochastic_0_0,"(0-0,0-0)",stochastic,augmented_action_delay,Augmented (+action buffer + delay values),"(0,0)",0,0,0,0,906000,6,17280,7,3.101149672037368,0.6738325251591603,80,-20.536009401024785,-20.536009401024785,0.2567001175128098,0.010378082282841206,0.0004290190408937633,1.0
stochastic_0_0,"(0-0,0-0)",stochastic,augmented_action_delay,Augmented (+action buffer + delay values),"(0,0)",0,0,0,0,907000,7,20160,0,3.101149672037368,0.6738325251591603,80,-22.010722454986535,-22.010722454986535,0.27513403068733167,0.015171059407293797,0.0006756341317668557,1.0
stochastic_0_0,"(0-0,0-0)",stochastic,augmented_action_delay,Augmented (+action buffer + delay values),"(0,0)",0,0,0,0,907000,7,20160,1,3.101149672037368,0.6738325251591603,80,-20.22465946781449,-20.22465946781449,0.25280824334768115,0.00916038267314434,0.0020663754548877478,1.0
stochastic_0_0,"(0-0,0-0)",stochastic,augmented_action_delay,Augmented (+action buffer + delay values),"(0,0)",0,0,0,0,907000,7,20160,2,3.101149672037368,0.6738325251591603,80,-20.82182147935964,-20.82182147935964,0.26027276849199554,0.005432912148535252,0.002130467677488923,1.0
stochastic_0_0,"(0-0,0-0)",stochastic,augmented_action_delay,Augmented (+action buffer + delay values),"(0,0)",0,0,0,0,907000,7,20160,3,3.101149672037368,0.6738325251591603,80,-21.333456617372576,-21.333456617372576,0.2666682077171572,0.01004704087972641,0.0008906042785383761,1.0
stochastic_0_0,"(0-0,0-0)",stochastic,augmented_action_delay,Augmented (+action buffer + delay values),"(0,0)",0,0,0,0,907000,7,20160,4,3.101149672037368,0.6738325251591603,80,-21.268626366741955,-21.268626366741955,0.26585782958427445,0.018416237086057663,0.0013720636488869786,1.0
stochastic_0_0,"(0-0,0-0)",stochastic,augmented_action_delay,Augmented (+action buffer + delay values),"(0,0)",0,0,0,0,907000,7,20160,5,3.101149672037368,0.6738325251591603,80,-22.364266648422927,-22.364266648422927,0.27955333310528657,0.028164399787783623,0.0025102284271270037,1.0
stochastic_0_0,"(0-0,0-0)",stochastic,augmented_action_delay,Augmented (+action buffer + delay values),"(0,0)",0,0,0,0,907000,7,20160,6,3.101149672037368,0.6738325251591603,80,-24.230162809195463,-24.230162809195463,0.3028770351149433,0.006069272756576538,0.0007619645330123603,1.0
stochastic_0_0,"(0-0,0-0)",stochastic,augmented_action_delay,Augmented (+action buffer + delay values),"(0,0)",0,0,0,0,907000,7,20160,7,3.101149672037368,0.6738325251591603,80,-26.60567799746059,-26.60567799746059,0.3325709749682574,0.007351159118115902,0.0025901030749082565,1.0
stochastic_0_0,"(0-0,0-0)",stochastic,augmented_action_delay,Augmented (+action buffer + delay values),"(0,0)",0,0,0,0,908000,8,23040,0,3.101149672037368,0.6738325251591603,80,-25.977849525166675,-25.977849525166675,0.32472311906458345,0.01275260653346777,0.0009031756781041622,1.0
stochastic_0_0,"(0-0,0-0)",stochastic,augmented_action_delay,Augmented (+action buffer + delay values),"(0,0)",0,0,0,0,908000,8,23040,1,3.101149672037368,0.6738325251591603,80,-21.293712068116292,-21.293712068116292,0.26617140085145363,0.01186572015285492,0.0033771104644984007,1.0
stochastic_0_0,"(0-0,0-0)",stochastic,augmented_action_delay,Augmented (+action buffer + delay values),"(0,0)",0,0,0,0,908000,8,23040,2,3.101149672037368,0.6738325251591603,80,-17.40669916034676,-17.40669916034676,0.21758373950433452,0.013739592395722866,0.0018395959632471204,1.0
stochastic_0_0,"(0-0,0-0)",stochastic,augmented_action_delay,Augmented (+action buffer + delay values),"(0,0)",0,0,0,0,908000,8,23040,3,3.101149672037368,0.6738325251591603,80,-20.490227868314832,-20.490227868314832,0.25612784835393543,0.0012962138280272484,0.0012962138280272484,1.0
stochastic_0_0,"(0-0,0-0)",stochastic,augmented_action_delay,Augmented (+action buffer + delay values),"(0,0)",0,0,0,0,908000,8,23040,4,3.101149672037368,0.6738325251591603,80,-22.684387863846496,-22.684387863846496,0.2835548482980812,0.004608224146068096,0.002285824855789542,1.0
stochastic_0_0,"(0-0,0-0)",stochastic,augmented_action_delay,Augmented (+action buffer + delay values),"(0,0)",0,0,0,0,908000,8,23040,5,3.101149672037368,0.6738325251591603,80,-25.419033188954927,-25.419033188954927,0.3177379148619366,0.0221233032643795,0.001370187266729772,1.0
stochastic_0_0,"(0-0,0-0)",stochastic,augmented_action_delay,Augmented (+action buffer + delay values),"(0,0)",0,0,0,0,908000,8,23040,6,3.101149672037368,0.6738325251591603,80,-24.791574345435947,-24.791574345435947,0.30989467931794934,0.0081806480884552,0.0027197564486414194,1.0
stochastic_0_0,"(0-0,0-0)",stochastic,augmented_action_delay,Augmented (+action buffer + delay values),"(0,0)",0,0,0,0,908000,8,23040,7,3.101149672037368,0.6738325251591603,80,-25.831999575311784,-25.831999575311784,0.3228999946913973,0.015943346545100212,0.0006175273447297513,1.0
stochastic_0_0,"(0-0,0-0)",stochastic,augmented_action_delay,Augmented (+action buffer + delay values),"(0,0)",0,0,0,0,909000,9,25920,0,3.101149672037368,0.6738325251591603,80,-20.35782920802012,-20.35782920802012,0.2544728651002515,0.01228039339184761,0.0010298670968040824,1.0
stochastic_0_0,"(0-0,0-0)",stochastic,augmented_action_delay,Augmented (+action buffer + delay values),"(0,0)",0,0,0,0,909000,9,25920,1,3.101149672037368,0.6738325251591603,80,-20.23695176653564,-20.23695176653564,0.2529618970816955,0.013142182491719723,0.0011119234841316938,1.0
stochastic_0_0,"(0-0,0-0)",stochastic,augmented_action_delay,Augmented (+action buffer + delay values),"(0,0)",0,0,0,0,909000,9,25920,2,3.101149672037368,0.6738325251591603,80,-25.090303876088,-25.090303876088,0.31362879845110003,0.0026651916559785604,0.0016719837440177798,1.0
stochastic_0_0,"(0-0,0-0)",stochastic,augmented_action_delay,Augmented (+action buffer + delay values),"(0,0)",0,0,0,0,909000,9,25920,3,3.101149672037368,0.6738325251591603,80,-22.211123780580238,-22.211123780580238,0.27763904725725297,0.0077796317636966705,0.0010765629122033715,1.0
stochastic_0_0,"(0-0,0-0)",stochastic,augmented_action_delay,Augmented (+action buffer + delay values),"(0,0)",0,0,0,0,909000,9,25920,4,3.101149672037368,0.6738325251591603,80,-23.318235586979426,-23.318235586979426,0.2914779448372428,0.011562309227883816,0.0006310363532975316,1.0
stochastic_0_0,"(0-0,0-0)",stochastic,augmented_action_delay,Augmented (+action buffer + delay values),"(0,0)",0,0,0,0,909000,9,25920,5,3.101149672037368,0.6738325251591603,80,-22.82965406170115,-22.82965406170115,0.28537067577126435,0.007014896720647812,0.0021402037236839533,1.0
stochastic_0_0,"(0-0,0-0)",stochastic,augmented_action_delay,Augmented (+action buffer + delay values),"(0,0)",0,0,0,0,909000,9,25920,6,3.101149672037368,0.6738325251591603,80,-22.1471591378795,-22.1471591378795,0.2768394892234937,0.0035814756993204355,0.0016326342010870576,1.0
stochastic_0_0,"(0-0,0-0)",stochastic,augmented_action_delay,Augmented (+action buffer + delay values),"(0,0)",0,0,0,0,909000,9,25920,7,3.101149672037368,0.6738325251591603,80,-17.82288229756523,-17.82288229756523,0.22278602871956538,0.021619465202093124,0.0013016232987865806,1.0
stochastic_0_0,"(0-0,0-0)",stochastic,augmented_action_delay,Augmented (+action buffer + delay values),"(0,0)",0,0,0,0,910000,10,28800,0,3.101149672037368,0.6738325251591603,80,-19.923208843450993,-19.923208843450993,0.2490401105431374,0.0054688649252057076,0.003189796581864357,1.0
stochastic_0_0,"(0-0,0-0)",stochastic,augmented_action_delay,Augmented (+action buffer + delay values),"(0,0)",0,0,0,0,910000,10,28800,1,3.101149672037368,0.6738325251591603,80,-20.989153235947015,-20.989153235947015,0.2623644154493377,0.02070772461593151,0.000260341475950554,1.0
stochastic_0_0,"(0-0,0-0)",stochastic,augmented_action_delay,Augmented (+action buffer + delay values),"(0,0)",0,0,0,0,910000,10,28800,2,3.101149672037368,0.6738325251591603,80,-22.116143305087462,-22.116143305087462,0.27645179131359326,0.013041013851761818,0.002272046869620681,1.0
stochastic_0_0,"(0-0,0-0)",stochastic,augmented_action_delay,Augmented (+action buffer + delay values),"(0,0)",0,0,0,0,910000,10,28800,3,3.101149672037368,0.6738325251591603,80,-23.633211174979806,-23.633211174979806,0.2954151396872476,0.011012320406734943,0.0012191205751150846,1.0
stochastic_0_0,"(0-0,0-0)",stochastic,augmented_action_delay,Augmented (+action buffer + delay values),"(0,0)",0,0,0,0,910000,10,28800,4,3.101149672037368,0.6738325251591603,80,-21.983233245147858,-21.983233245147858,0.27479041556434824,0.0014990369090810418,0.0006876098341308534,1.0
stochastic_0_0,"(0-0,0-0)",stochastic,augmented_action_delay,Augmented (+action buffer + delay values),"(0,0)",0,0,0,0,910000,10,28800,5,3.101149672037368,0.6738325251591603,80,-25.830749064683914,-25.830749064683914,0.3228843633085489,0.00757140526548028,0.0028783194720745087,1.0
stochastic_0_0,"(0-0,0-0)",stochastic,augmented_action_delay,Augmented (+action buffer + delay values),"(0,0)",0,0,0,0,910000,10,28800,6,3.101149672037368,0.6738325251591603,80,-20.947777443332598,-20.947777443332598,0.26184721804165745,0.007396708242595196,0.0016292417421936989,1.0
stochastic_0_0,"(0-0,0-0)",stochastic,augmented_action_delay,Augmented (+action buffer + delay values),"(0,0)",0,0,0,0,910000,10,28800,7,3.101149672037368,0.6738325251591603,80,-22.126708887168206,-22.126708887168206,0.2765838610896026,0.0074113719165325165,0.0011464109411463141,1.0
stochastic_0_0,"(0-0,0-0)",stochastic,augmented_action_delay,Augmented (+action buffer + delay values),"(0,0)",0,0,0,0,911000,11,31680,0,3.101149672037368,0.6738325251591603,80,-24.664834342780523,-24.664834342780523,0.30831042928475655,0.005155143328011036,0.001250819186680019,1.0
stochastic_0_0,"(0-0,0-0)",stochastic,augmented_action_delay,Augmented (+action buffer + delay values),"(0,0)",0,0,0,0,911000,11,31680,1,3.101149672037368,0.6738325251591603,80,-24.172415510984138,-24.172415510984138,0.3021551938873017,0.007535521872341633,0.0024513222742825747,1.0
stochastic_0_0,"(0-0,0-0)",stochastic,augmented_action_delay,Augmented (+action buffer + delay values),"(0,0)",0,0,0,0,911000,11,31680,2,3.101149672037368,0.6738325251591603,80,-22.45350290602073,-22.45350290602073,0.28066878632525916,0.013816631399095058,0.0016105840913951397,1.0
stochastic_0_0,"(0-0,0-0)",stochastic,augmented_action_delay,Augmented (+action buffer + delay values),"(0,0)",0,0,0,0,911000,11,31680,3,3.101149672037368,0.6738325251591603,80,-24.812082707649097,-24.812082707649097,0.3101510338456137,0.002770630642771721,0.0016223960556089878,1.0
stochastic_0_0,"(0-0,0-0)",stochastic,augmented_action_delay,Augmented (+action buffer + delay values),"(0,0)",0,0,0,0,911000,11,31680,4,3.101149672037368,0.6738325251591603,80,-19.951485247467645,-19.951485247467645,0.24939356559334555,0.004850261379033327,0.0015551290707662702,1.0
stochastic_0_0,"(0-0,0-0)",stochastic,augmented_action_delay,Augmented (+action buffer + delay values),"(0,0)",0,0,0,0,911000,11,31680,5,3.101149672037368,0.6738325251591603,80,-18.450253861024976,-18.450253861024976,0.2306281732628122,0.010560857132077217,0.0030779505614191294,1.0
stochastic_0_0,"(0-0,0-0)",stochastic,augmented_action_delay,Augmented (+action buffer + delay values),"(0,0)",0,0,0,0,911000,11,31680,6,3.101149672037368,0.6738325251591603,80,-22.461906931828707,-22.461906931828707,0.2807738366478588,0.0025912905111908913,0.0010171381291002035,1.0
stochastic_0_0,"(0-0,0-0)",stochastic,augmented_action_delay,Augmented (+action buffer + delay values),"(0,0)",0,0,0,0,911000,11,31680,7,3.101149672037368,0.6738325251591603,80,-22.359249075874686,-22.359249075874686,0.27949061344843357,0.007533363997936249,0.0018617778550833464,1.0
stochastic_0_0,"(0-0,0-0)",stochastic,augmented_action_delay,Augmented (+action buffer + delay values),"(0,0)",0,0,0,0,912000,12,34560,0,3.101149672037368,0.6738325251591603,80,-16.931045548873954,-16.931045548873954,0.2116380693609244,0.007416997104883194,0.0014425228582695127,1.0
stochastic_0_0,"(0-0,0-0)",stochastic,augmented_action_delay,Augmented (+action buffer + delay values),"(0,0)",0,0,0,0,912000,12,34560,1,3.101149672037368,0.6738325251591603,80,-20.700286694802344,-20.700286694802344,0.2587535836850293,0.012950756587088108,0.001654486870393157,1.0
stochastic_0_0,"(0-0,0-0)",stochastic,augmented_action_delay,Augmented (+action buffer + delay values),"(0,0)",0,0,0,0,912000,12,34560,2,3.101149672037368,0.6738325251591603,80,-19.250812000478618,-19.250812000478618,0.24063515000598273,0.0023958408273756504,0.0015127660008147359,1.0
stochastic_0_0,"(0-0,0-0)",stochastic,augmented_action_delay,Augmented (+action buffer + delay values),"(0,0)",0,0,0,0,912000,12,34560,3,3.101149672037368,0.6738325251591603,80,-21.183863547397777,-21.183863547397777,0.2647982943424722,0.008731505833566189,0.0037955681327730417,1.0
stochastic_0_0,"(0-0,0-0)",stochastic,augmented_action_delay,Augmented (+action buffer + delay values),"(0,0)",0,0,0,0,912000,12,34560,4,3.101149672037368,0.6738325251591603,80,-21.962124632380437,-21.962124632380437,0.27452655790475544,0.012204854749143124,0.0009034555987454951,1.0
stochastic_0_0,"(0-0,0-0)",stochastic,augmented_action_delay,Augmented (+action buffer + delay values),"(0,0)",0,0,0,0,912000,12,34560,5,3.101149672037368,0.6738325251591603,80,-21.62031044345349,-21.62031044345349,0.2702538805431686,0.01154304575175047,0.002542397240176797,1.0
stochastic_0_0,"(0-0,0-0)",stochastic,augmented_action_delay,Augmented (+action buffer + delay values),"(0,0)",0,0,0,0,912000,12,34560,6,3.101149672037368,0.6738325251591603,80,-22.755282209298457,-22.755282209298457,0.2844410276162307,0.013137557543814182,0.00013900156773161143,1.0
stochastic_0_0,"(0-0,0-0)",stochastic,augmented_action_delay,Augmented (+action buffer + delay values),"(0,0)",0,0,0,0,912000,12,34560,7,3.101149672037368,0.6738325251591603,80,-19.33130449782766,-19.33130449782766,0.24164130622284574,0.011872919276356697,0.00016734165546949953,1.0
stochastic_0_0,"(0-0,0-0)",stochastic,augmented_action_delay,Augmented (+action buffer + delay values),"(0,0)",0,0,0,0,913000,13,37440,0,3.101149672037368,0.6738325251591603,80,-21.110633444739506,-21.110633444739506,0.2638829180592438,0.014591917395591736,0.0025517563335597515,1.0
stochastic_0_0,"(0-0,0-0)",stochastic,augmented_action_delay,Augmented (+action buffer + delay values),"(0,0)",0,0,0,0,913000,13,37440,1,3.101149672037368,0.6738325251591603,80,-24.005884128506295,-24.005884128506295,0.3000735516063287,0.006365680601447821,0.000722744851373136,1.0
stochastic_0_0,"(0-0,0-0)",stochastic,augmented_action_delay,Augmented (+action buffer + delay values),"(0,0)",0,0,0,0,913000,13,37440,2,3.101149672037368,0.6738325251591603,80,-24.09193349815905,-24.09193349815905,0.30114916872698816,0.01687716506421566,0.0025122405495494604,1.0
stochastic_0_0,"(0-0,0-0)",stochastic,augmented_action_delay,Augmented (+action buffer + delay values),"(0,0)",0,0,0,0,913000,13,37440,3,3.101149672037368,0.6738325251591603,80,-20.572808168712072,-20.572808168712072,0.2571601021089009,0.0021982816979289055,0.0013668183237314224,1.0
stochastic_0_0,"(0-0,0-0)",stochastic,augmented_action_delay,Augmented (+action buffer + delay values),"(0,0)",0,0,0,0,913000,13,37440,4,3.101149672037368,0.6738325251591603,80,-22.58155877329409,-22.58155877329409,0.28226948466617613,0.025658423081040382,0.002127197105437517,1.0
stochastic_0_0,"(0-0,0-0)",stochastic,augmented_action_delay,Augmented (+action buffer + delay values),"(0,0)",0,0,0,0,913000,13,37440,5,3.101149672037368,0.6738325251591603,80,-20.70553567528259,-20.70553567528259,0.25881919594103237,0.01563674584031105,0.0003455772530287504,1.0
stochastic_0_0,"(0-0,0-0)",stochastic,augmented_action_delay,Augmented (+action buffer + delay values),"(0,0)",0,0,0,0,913000,13,37440,6,3.101149672037368,0.6738325251591603,80,-19.343636175850406,-19.343636175850406,0.2417954521981301,0.008554454892873764,0.0022780192084610462,1.0
stochastic_0_0,"(0-0,0-0)",stochastic,augmented_action_delay,Augmented (+action buffer + delay values),"(0,0)",0,0,0,0,913000,13,37440,7,3.101149672037368,0.6738325251591603,80,-20.814320248377044,-20.814320248377044,0.26017900310471304,0.013561789877712727,0.000745484430808574,1.0
stochastic_0_0,"(0-0,0-0)",stochastic,augmented_action_delay,Augmented (+action buffer + delay values),"(0,0)",0,0,0,0,914000,14,40320,0,3.101149672037368,0.6738325251591603,80,-17.383750099805184,-17.383750099805184,0.2172968762475648,0.025391975417733192,0.00186512793879956,1.0
stochastic_0_0,"(0-0,0-0)",stochastic,augmented_action_delay,Augmented (+action buffer + delay values),"(0,0)",0,0,0,0,914000,14,40320,1,3.101149672037368,0.6738325251591603,80,-23.856674761744216,-23.856674761744216,0.2982084345218027,0.021883295848965645,0.0016725317109376192,1.0
stochastic_0_0,"(0-0,0-0)",stochastic,augmented_action_delay,Augmented (+action buffer + delay values),"(0,0)",0,0,0,0,914000,14,40320,2,3.101149672037368,0.6738325251591603,80,-24.106028915499337,-24.106028915499337,0.3013253614437417,0.007163699250668287,0.0010211914777755737,1.0
stochastic_0_0,"(0-0,0-0)",stochastic,augmented_action_delay,Augmented (+action buffer + delay values),"(0,0)",0,0,0,0,914000,14,40320,3,3.101149672037368,0.6738325251591603,80,-25.399967365548946,-25.399967365548946,0.31749959206936185,0.005024239420890808,0.0012379063991829753,1.0
stochastic_0_0,"(0-0,0-0)",stochastic,augmented_action_delay,Augmented (+action buffer + delay values),"(0,0)",0,0,0,0,914000,14,40320,4,3.101149672037368,0.6738325251591603,80,-20.59282895346405,-20.59282895346405,0.25741036191830063,0.01615479402244091,0.0006863403250463307,1.0
stochastic_0_0,"(0-0,0-0)",stochastic,augmented_action_delay,Augmented (+action buffer + delay values),"(0,0)",0,0,0,0,914000,14,40320,5,3.101149672037368,0.6738325251591603,80,-22.08767941466067,-22.08767941466067,0.27609599268325835,0.01618288829922676,0.000395300448872149,1.0
stochastic_0_0,"(0-0,0-0)",stochastic,augmented_action_delay,Augmented (+action buffer + delay values),"(0,0)",0,0,0,0,914000,14,40320,6,3.101149672037368,0.6738325251591603,80,-22.991046031122096,-22.991046031122096,0.2873880753890262,0.008622195571660995,0.001309179118834436,1.0
stochastic_0_0,"(0-0,0-0)",stochastic,augmented_action_delay,Augmented (+action buffer + delay values),"(0,0)",0,0,0,0,914000,14,40320,7,3.101149672037368,0.6738325251591603,80,-20.37741849804297,-20.37741849804297,0.25471773122553715,0.017449170351028442,0.0010396097786724567,1.0
stochastic_0_0,"(0-0,0-0)",stochastic,augmented_action_delay,Augmented (+action buffer + delay values),"(0,0)",0,0,0,0,915000,15,43200,0,3.101149672037368,0.6738325251591603,80,-18.261539908358827,-18.261539908358827,0.22826924885448535,0.015356470830738544,0.001075493753887713,1.0
stochastic_0_0,"(0-0,0-0)",stochastic,augmented_action_delay,Augmented (+action buffer + delay values),"(0,0)",0,0,0,0,915000,15,43200,1,3.101149672037368,0.6738325251591603,80,-20.68441346520558,-20.68441346520558,0.25855516831506975,0.006993148475885391,0.0010635164799168706,1.0
stochastic_0_0,"(0-0,0-0)",stochastic,augmented_action_delay,Augmented (+action buffer + delay values),"(0,0)",0,0,0,0,915000,15,43200,2,3.101149672037368,0.6738325251591603,80,-24.34823075425811,-24.34823075425811,0.3043528844282264,0.010077632032334805,0.001108928699977696,1.0
stochastic_0_0,"(0-0,0-0)",stochastic,augmented_action_delay,Augmented (+action buffer + delay values),"(0,0)",0,0,0,0,915000,15,43200,3,3.101149672037368,0.6738325251591603,80,-19.420678790542297,-19.420678790542297,0.2427584848817787,0.018446816131472588,0.0007139610825106502,1.0
stochastic_0_0,"(0-0,0-0)",stochastic,augmented_action_delay,Augmented (+action buffer + delay values),"(0,0)",0,0,0,0,915000,15,43200,4,3.101149672037368,0.6738325251591603,80,-17.942275548819453,-17.942275548819453,0.22427844436024316,0.008145141415297985,0.0019592635799199343,1.0
stochastic_0_0,"(0-0,0-0)",stochastic,augmented_action_delay,Augmented (+action buffer + delay values),"(0,0)",0,0,0,0,915000,15,43200,5,3.101149672037368,0.6738325251591603,80,-24.789070828526746,-24.789070828526746,0.3098633853565843,0.004458394832909107,0.00046562677016481757,1.0
stochastic_0_0,"(0-0,0-0)",stochastic,augmented_action_delay,Augmented (+action buffer + delay values),"(0,0)",0,0,0,0,915000,15,43200,6,3.101149672037368,0.6738325251591603,80,-23.803194529842585,-23.803194529842585,0.2975399316230323,0.031694818288087845,0.0007667678873986006,1.0
stochastic_0_0,"(0-0,0-0)",stochastic,augmented_action_delay,Augmented (+action buffer + delay values),"(0,0)",0,0,0,0,915000,15,43200,7,3.101149672037368,0.6738325251591603,80,-22.520231670932844,-22.520231670932844,0.28150289588666055,0.01523365918546915,0.0010835432913154364,1.0
stochastic_0_0,"(0-0,0-0)",stochastic,augmented_action_delay,Augmented (+action buffer + delay values),"(0,0)",0,0,0,0,916000,16,46080,0,3.101149672037368,0.6738325251591603,80,-24.39473101287149,-24.39473101287149,0.3049341376608936,0.004997619893401861,0.002213067840784788,1.0
stochastic_0_0,"(0-0,0-0)",stochastic,augmented_action_delay,Augmented (+action buffer + delay values),"(0,0)",0,0,0,0,916000,16,46080,1,3.101149672037368,0.6738325251591603,80,-21.98480328277219,-21.98480328277219,0.2748100410346524,0.004237369634211063,0.0015140686882659793,1.0
stochastic_0_0,"(0-0,0-0)",stochastic,augmented_action_delay,Augmented (+action buffer + delay values),"(0,0)",0,0,0,0,916000,16,46080,2,3.101149672037368,0.6738325251591603,80,-21.729238550469745,-21.729238550469745,0.2716154818808718,0.01245796587318182,0.0006756897200830281,1.0
stochastic_0_0,"(0-0,0-0)",stochastic,augmented_action_delay,Augmented (+action buffer + delay values),"(0,0)",0,0,0,0,916000,16,46080,3,3.101149672037368,0.6738325251591603,80,-18.89067130413605,-18.89067130413605,0.2361333913017006,0.008220414631068707,0.0004712824593298137,1.0
stochastic_0_0,"(0-0,0-0)",stochastic,augmented_action_delay,Augmented (+action buffer + delay values),"(0,0)",0,0,0,0,916000,16,46080,4,3.101149672037368,0.6738325251591603,80,-23.226086784969084,-23.226086784969084,0.2903260848121135,0.008517701178789139,0.0011553518706932664,1.0
stochastic_0_0,"(0-0,0-0)",stochastic,augmented_action_delay,Augmented (+action buffer + delay values),"(0,0)",0,0,0,0,916000,16,46080,5,3.101149672037368,0.6738325251591603,80,-25.70821140985936,-25.70821140985936,0.321352642623242,0.01329239271581173,0.002132104244083166,1.0
stochastic_0_0,"(0-0,0-0)",stochastic,augmented_action_delay,Augmented (+action buffer + delay values),"(0,0)",0,0,0,0,916000,16,46080,6,3.101149672037368,0.6738325251591603,80,-22.589767654630123,-22.589767654630123,0.2823720956828765,0.01575266569852829,0.00048718680045567453,1.0
stochastic_0_0,"(0-0,0-0)",stochastic,augmented_action_delay,Augmented (+action buffer + delay values),"(0,0)",0,0,0,0,916000,16,46080,7,3.101149672037368,0.6738325251591603,80,-26.26375429343898,-26.26375429343898,0.3282969286679872,0.007375410757958889,0.0007072119042277336,1.0
stochastic_0_0,"(0-0,0-0)",stochastic,augmented_action_delay,Augmented (+action buffer + delay values),"(0,0)",0,0,0,0,917000,17,48960,0,3.101149672037368,0.6738325251591603,80,-19.956407681689598,-19.956407681689598,0.24945509602111998,0.01571623422205448,0.0012807929888367653,1.0
stochastic_0_0,"(0-0,0-0)",stochastic,augmented_action_delay,Augmented (+action buffer + delay values),"(0,0)",0,0,0,0,917000,17,48960,1,3.101149672037368,0.6738325251591603,80,-21.072564664762467,-21.072564664762467,0.2634070583095308,0.01280310656875372,0.0006525125354528427,1.0
stochastic_0_0,"(0-0,0-0)",stochastic,augmented_action_delay,Augmented (+action buffer + delay values),"(0,0)",0,0,0,0,917000,17,48960,2,3.101149672037368,0.6738325251591603,80,-24.11369031004142,-24.11369031004142,0.30142112887551775,0.015185082331299782,0.0014031536411494017,1.0
stochastic_0_0,"(0-0,0-0)",stochastic,augmented_action_delay,Augmented (+action buffer + delay values),"(0,0)",0,0,0,0,917000,17,48960,3,3.101149672037368,0.6738325251591603,80,-23.318917813914595,-23.318917813914595,0.29148647267393246,0.01206851378083229,0.00024426201707683504,1.0
stochastic_0_0,"(0-0,0-0)",stochastic,augmented_action_delay,Augmented (+action buffer + delay values),"(0,0)",0,0,0,0,917000,17,48960,4,3.101149672037368,0.6738325251591603,80,-20.21191703295335,-20.21191703295335,0.2526489629119169,0.001627083052881062,0.00056586938444525,1.0
stochastic_0_0,"(0-0,0-0)",stochastic,augmented_action_delay,Augmented (+action buffer + delay values),"(0,0)",0,0,0,0,917000,17,48960,5,3.101149672037368,0.6738325251591603,80,-25.257497387530748,-25.257497387530748,0.31571871734413437,0.01037414651364088,0.0005382312810979784,1.0
stochastic_0_0,"(0-0,0-0)",stochastic,augmented_action_delay,Augmented (+action buffer + delay values),"(0,0)",0,0,0,0,917000,17,48960,6,3.101149672037368,0.6738325251591603,80,-17.823598339804448,-17.823598339804448,0.2227949792475556,0.00534238712862134,0.0014931454788893461,1.0
stochastic_0_0,"(0-0,0-0)",stochastic,augmented_action_delay,Augmented (+action buffer + delay values),"(0,0)",0,0,0,0,917000,17,48960,7,3.101149672037368,0.6738325251591603,80,-25.999377909349278,-25.999377909349278,0.324992223866866,0.010980379767715931,0.002390204928815365,1.0
stochastic_0_0,"(0-0,0-0)",stochastic,augmented_action_delay,Augmented (+action buffer + delay values),"(0,0)",0,0,0,0,918000,18,51840,0,3.101149672037368,0.6738325251591603,80,-23.21469955611974,-23.21469955611974,0.29018374445149675,0.004853069316595793,0.0011108117178082466,1.0
stochastic_0_0,"(0-0,0-0)",stochastic,augmented_action_delay,Augmented (+action buffer + delay values),"(0,0)",0,0,0,0,918000,18,51840,1,3.101149672037368,0.6738325251591603,80,-21.11164456757251,-21.11164456757251,0.2638955570946564,0.016194816678762436,0.0010243455180898309,1.0
stochastic_0_0,"(0-0,0-0)",stochastic,augmented_action_delay,Augmented (+action buffer + delay values),"(0,0)",0,0,0,0,918000,18,51840,2,3.101149672037368,0.6738325251591603,80,-23.442491776542738,-23.442491776542738,0.29303114720678425,0.009225773625075817,0.0016634501516819,1.0
stochastic_0_0,"(0-0,0-0)",stochastic,augmented_action_delay,Augmented (+action buffer + delay values),"(0,0)",0,0,0,0,918000,18,51840,3,3.101149672037368,0.6738325251591603,80,-21.67957889358513,-21.67957889358513,0.2709947361698141,0.009242771193385124,0.001026393729262054,1.0
stochastic_0_0,"(0-0,0-0)",stochastic,augmented_action_delay,Augmented (+action buffer + delay values),"(0,0)",0,0,0,0,918000,18,51840,4,3.101149672037368,0.6738325251591603,80,-18.67556354543194,-18.67556354543194,0.23344454431789927,0.021507805213332176,0.0012820949777960777,1.0
stochastic_0_0,"(0-0,0-0)",stochastic,augmented_action_delay,Augmented (+action buffer + delay values),"(0,0)",0,0,0,0,918000,18,51840,5,3.101149672037368,0.6738325251591603,80,-20.649777185288258,-20.649777185288258,0.2581222148161032,0.008531429804861546,0.0011072998167946935,1.0
stochastic_0_0,"(0-0,0-0)",stochastic,augmented_action_delay,Augmented (+action buffer + delay values),"(0,0)",0,0,0,0,918000,18,51840,6,3.101149672037368,0.6738325251591603,80,-21.35850624574232,-21.35850624574232,0.266981328071779,0.0004589592863339931,0.00024395654327236116,1.0
stochastic_0_0,"(0-0,0-0)",stochastic,augmented_action_delay,Augmented (+action buffer + delay values),"(0,0)",0,0,0,0,918000,18,51840,7,3.101149672037368,0.6738325251591603,80,-19.899133628161508,-19.899133628161508,0.24873917035201884,0.017058776691555977,0.00021516943525057286,1.0
stochastic_0_0,"(0-0,0-0)",stochastic,augmented_action_delay,Augmented (+action buffer + delay values),"(0,0)",0,0,0,0,919000,19,54720,0,3.101149672037368,0.6738325251591603,80,-23.829578705888707,-23.829578705888707,0.2978697338236088,0.007845033891499043,0.000664694991428405,1.0
stochastic_0_0,"(0-0,0-0)",stochastic,augmented_action_delay,Augmented (+action buffer + delay values),"(0,0)",0,0,0,0,919000,19,54720,1,3.101149672037368,0.6738325251591603,80,-22.26525172253605,-22.26525172253605,0.2783156465317006,0.013661234639585018,0.0018052152590826154,1.0
stochastic_0_0,"(0-0,0-0)",stochastic,augmented_action_delay,Augmented (+action buffer + delay values),"(0,0)",0,0,0,0,919000,19,54720,2,3.101149672037368,0.6738325251591603,80,-22.49981860932894,-22.49981860932894,0.28124773261661173,0.023328930139541626,0.00105569651350379,1.0
stochastic_0_0,"(0-0,0-0)",stochastic,augmented_action_delay,Augmented (+action buffer + delay values),"(0,0)",0,0,0,0,919000,19,54720,3,3.101149672037368,0.6738325251591603,80,-23.648630570038222,-23.648630570038222,0.2956078821254778,0.005627546925097704,0.0010581674287095666,1.0
stochastic_0_0,"(0-0,0-0)",stochastic,augmented_action_delay,Augmented (+action buffer + delay values),"(0,0)",0,0,0,0,919000,19,54720,4,3.101149672037368,0.6738325251591603,80,-19.969261706341058,-19.969261706341058,0.24961577132926321,0.012057660147547722,0.002808037679642439,1.0
stochastic_0_0,"(0-0,0-0)",stochastic,augmented_action_delay,Augmented (+action buffer + delay values),"(0,0)",0,0,0,0,919000,19,54720,5,3.101149672037368,0.6738325251591603,80,-22.69911262509413,-22.69911262509413,0.2837389078136766,0.011498942039906979,0.0016263914294540882,1.0
stochastic_0_0,"(0-0,0-0)",stochastic,augmented_action_delay,Augmented (+action buffer + delay values),"(0,0)",0,0,0,0,919000,19,54720,6,3.101149672037368,0.6738325251591603,80,-20.588759132486302,-20.588759132486302,0.25735948915607876,0.015980422496795654,0.0003272644826211035,1.0
stochastic_0_0,"(0-0,0-0)",stochastic,augmented_action_delay,Augmented (+action buffer + delay values),"(0,0)",0,0,0,0,919000,19,54720,7,3.101149672037368,0.6738325251591603,80,-26.667285758638172,-26.667285758638172,0.33334107198297713,0.013319532386958599,0.0001686096511548385,1.0
stochastic_0_0,"(0-0,0-0)",stochastic,augmented_action_delay,Augmented (+action buffer + delay values),"(0,0)",0,0,0,0,920000,20,57600,0,3.101149672037368,0.6738325251591603,80,-20.275907678646035,-20.275907678646035,0.25344884598307543,0.0046756514348089695,0.0012898503337055445,1.0
stochastic_0_0,"(0-0,0-0)",stochastic,augmented_action_delay,Augmented (+action buffer + delay values),"(0,0)",0,0,0,0,920000,20,57600,1,3.101149672037368,0.6738325251591603,80,-23.319901417009532,-23.319901417009532,0.2914987677126192,0.020561503246426582,0.002095795003697276,1.0
stochastic_0_0,"(0-0,0-0)",stochastic,augmented_action_delay,Augmented (+action buffer + delay values),"(0,0)",0,0,0,0,920000,20,57600,2,3.101149672037368,0.6738325251591603,80,-20.6582397359889,-20.6582397359889,0.25822799669986124,0.017247959971427917,0.0015278724022209644,1.0
stochastic_0_0,"(0-0,0-0)",stochastic,augmented_action_delay,Augmented (+action buffer + delay values),"(0,0)",0,0,0,0,920000,20,57600,3,3.101149672037368,0.6738325251591603,80,-24.107405206246767,-24.107405206246767,0.3013425650780846,0.017495322972536087,0.0004175680805929005,1.0
stochastic_0_0,"(0-0,0-0)",stochastic,augmented_action_delay,Augmented (+action buffer + delay values),"(0,0)",0,0,0,0,920000,20,57600,4,3.101149672037368,0.6738325251591603,80,-22.254727822495624,-22.254727822495624,0.2781840977811953,0.016528112813830376,0.0012736759381368756,1.0
stochastic_0_0,"(0-0,0-0)",stochastic,augmented_action_delay,Augmented (+action buffer + delay values),"(0,0)",0,0,0,0,920000,20,57600,5,3.101149672037368,0.6738325251591603,80,-24.097078180115204,-24.097078180115204,0.30121347725144004,0.006555481813848019,0.0005741745117120445,1.0
stochastic_0_0,"(0-0,0-0)",stochastic,augmented_action_delay,Augmented (+action buffer + delay values),"(0,0)",0,0,0,0,920000,20,57600,6,3.101149672037368,0.6738325251591603,80,-19.694256522576325,-19.694256522576325,0.24617820653220407,0.005858899559825659,0.001616460969671607,1.0
stochastic_0_0,"(0-0,0-0)",stochastic,augmented_action_delay,Augmented (+action buffer + delay values),"(0,0)",0,0,0,0,920000,20,57600,7,3.101149672037368,0.6738325251591603,80,-24.020188897382468,-24.020188897382468,0.3002523612172808,0.015837550163269043,0.0032906238920986652,1.0
stochastic_0_0,"(0-0,0-0)",stochastic,augmented_action_delay,Augmented (+action buffer + delay values),"(0,0)",0,0,0,0,921000,21,60480,0,3.101149672037368,0.6738325251591603,80,-20.385055748280138,-20.385055748280138,0.25481319685350173,0.009211665019392967,0.001309871324338019,1.0
stochastic_0_0,"(0-0,0-0)",stochastic,augmented_action_delay,Augmented (+action buffer + delay values),"(0,0)",0,0,0,0,921000,21,60480,1,3.101149672037368,0.6738325251591603,80,-20.333815323654562,-20.333815323654562,0.254172691545682,0.013480599969625473,0.00211026007309556,1.0
stochastic_0_0,"(0-0,0-0)",stochastic,augmented_action_delay,Augmented (+action buffer + delay values),"(0,0)",0,0,0,0,921000,21,60480,2,3.101149672037368,0.6738325251591603,80,-22.149034075206146,-22.149034075206146,0.27686292594007683,0.010122551582753658,0.0011904065031558275,1.0
stochastic_0_0,"(0-0,0-0)",stochastic,augmented_action_delay,Augmented (+action buffer + delay values),"(0,0)",0,0,0,0,921000,21,60480,3,3.101149672037368,0.6738325251591603,80,-25.209446896566078,-25.209446896566078,0.315118086207076,0.022360332310199738,0.0035186046734452248,1.0
stochastic_0_0,"(0-0,0-0)",stochastic,augmented_action_delay,Augmented (+action buffer + delay values),"(0,0)",0,0,0,0,921000,21,60480,4,3.101149672037368,0.6738325251591603,80,-21.82371178586618,-21.82371178586618,0.2727963973233273,0.017804376780986786,0.0003345689328853041,1.0
stochastic_0_0,"(0-0,0-0)",stochastic,augmented_action_delay,Augmented (+action buffer + delay values),"(0,0)",0,0,0,0,921000,21,60480,5,3.101149672037368,0.6738325251591603,80,-23.128681307425722,-23.128681307425722,0.28910851634282153,0.017785144969820976,0.0006530371028929949,1.0
stochastic_0_0,"(0-0,0-0)",stochastic,augmented_action_delay,Augmented (+action buffer + delay values),"(0,0)",0,0,0,0,921000,21,60480,6,3.101149672037368,0.6738325251591603,80,-21.413790168066043,-21.413790168066043,0.26767237710082553,0.011935289949178696,0.00039054855005815625,1.0
stochastic_0_0,"(0-0,0-0)",stochastic,augmented_action_delay,Augmented (+action buffer + delay values),"(0,0)",0,0,0,0,921000,21,60480,7,3.101149672037368,0.6738325251591603,80,-26.546669078525156,-26.546669078525156,0.33183336348156445,0.019839338958263397,0.0019733821973204613,1.0
stochastic_0_0,"(0-0,0-0)",stochastic,augmented_action_delay,Augmented (+action buffer + delay values),"(0,0)",0,0,0,0,922000,22,63360,0,3.101149672037368,0.6738325251591603,80,-21.29680973221548,-21.29680973221548,0.2662101216526935,0.009662782773375511,0.0034254349302500486,1.0
stochastic_0_0,"(0-0,0-0)",stochastic,augmented_action_delay,Augmented (+action buffer + delay values),"(0,0)",0,0,0,0,922000,22,63360,1,3.101149672037368,0.6738325251591603,80,-21.418687240220606,-21.418687240220606,0.2677335905027576,0.008508842438459396,0.002457803813740611,1.0
stochastic_0_0,"(0-0,0-0)",stochastic,augmented_action_delay,Augmented (+action buffer + delay values),"(0,0)",0,0,0,0,922000,22,63360,2,3.101149672037368,0.6738325251591603,80,-23.168737161089666,-23.168737161089666,0.2896092145136208,0.009183922782540321,0.0011345306411385536,1.0
stochastic_0_0,"(0-0,0-0)",stochastic,augmented_action_delay,Augmented (+action buffer + delay values),"(0,0)",0,0,0,0,922000,22,63360,3,3.101149672037368,0.6738325251591603,80,-20.46935297944583,-20.46935297944583,0.2558669122430729,0.015524175018072128,0.002187947044149041,1.0
stochastic_0_0,"(0-0,0-0)",stochastic,augmented_action_delay,Augmented (+action buffer + delay values),"(0,0)",0,0,0,0,922000,22,63360,4,3.101149672037368,0.6738325251591603,80,-25.550212575122714,-25.550212575122714,0.31937765718903394,0.0008181184530258179,0.0008181184530258179,1.0
stochastic_0_0,"(0-0,0-0)",stochastic,augmented_action_delay,Augmented (+action buffer + delay values),"(0,0)",0,0,0,0,922000,22,63360,5,3.101149672037368,0.6738325251591603,80,-24.668785255402327,-24.668785255402327,0.30835981569252907,0.012894127517938614,0.003711190540343523,1.0
stochastic_0_0,"(0-0,0-0)",stochastic,augmented_action_delay,Augmented (+action buffer + delay values),"(0,0)",0,0,0,0,922000,22,63360,6,3.101149672037368,0.6738325251591603,80,-23.413239306770265,-23.413239306770265,0.2926654913346283,0.0036167986690998077,0.001979774795472622,1.0
stochastic_0_0,"(0-0,0-0)",stochastic,augmented_action_delay,Augmented (+action buffer + delay values),"(0,0)",0,0,0,0,922000,22,63360,7,3.101149672037368,0.6738325251591603,80,-21.331988218356855,-21.331988218356855,0.2666498527294607,0.005798685364425182,0.0016425036592409015,1.0
stochastic_0_0,"(0-0,0-0)",stochastic,augmented_action_delay,Augmented (+action buffer + delay values),"(0,0)",0,0,0,0,923000,23,66240,0,3.101149672037368,0.6738325251591603,80,-23.222546631586738,-23.222546631586738,0.2902818328948342,0.01567525416612625,0.001784475869499147,1.0
stochastic_0_0,"(0-0,0-0)",stochastic,augmented_action_delay,Augmented (+action buffer + delay values),"(0,0)",0,0,0,0,923000,23,66240,1,3.101149672037368,0.6738325251591603,80,-19.586738173733465,-19.586738173733465,0.2448342271716683,0.016101356595754623,0.00170246756169945,1.0
stochastic_0_0,"(0-0,0-0)",stochastic,augmented_action_delay,Augmented (+action buffer + delay values),"(0,0)",0,0,0,0,923000,23,66240,2,3.101149672037368,0.6738325251591603,80,-22.591904900269583,-22.591904900269583,0.2823988112533698,0.010016475804150105,0.001981414621695876,1.0
stochastic_0_0,"(0-0,0-0)",stochastic,augmented_action_delay,Augmented (+action buffer + delay values),"(0,0)",0,0,0,0,923000,23,66240,3,3.101149672037368,0.6738325251591603,80,-22.284035986638628,-22.284035986638628,0.2785504498329828,0.01589547097682953,0.0007831478724256158,1.0
stochastic_0_0,"(0-0,0-0)",stochastic,augmented_action_delay,Augmented (+action buffer + delay values),"(0,0)",0,0,0,0,923000,23,66240,4,3.101149672037368,0.6738325251591603,80,-28.400504002696835,-28.400504002696835,0.3550063000337104,0.01738893985748291,0.001739372848533094,1.0
stochastic_0_0,"(0-0,0-0)",stochastic,augmented_action_delay,Augmented (+action buffer + delay values),"(0,0)",0,0,0,0,923000,23,66240,5,3.101149672037368,0.6738325251591603,80,-19.61509996210225,-19.61509996210225,0.24518874952627812,0.025737330317497253,0.003051143605262041,1.0
stochastic_0_0,"(0-0,0-0)",stochastic,augmented_action_delay,Augmented (+action buffer + delay values),"(0,0)",0,0,0,0,923000,23,66240,6,3.101149672037368,0.6738325251591603,80,-19.827688163000857,-19.827688163000857,0.24784610203751073,0.006298654247075319,0.00039939614362083375,1.0
stochastic_0_0,"(0-0,0-0)",stochastic,augmented_action_delay,Augmented (+action buffer + delay values),"(0,0)",0,0,0,0,923000,23,66240,7,3.101149672037368,0.6738325251591603,80,-23.262930600438267,-23.262930600438267,0.2907866325054783,0.016932707279920578,0.003617847803980112,1.0
stochastic_0_0,"(0-0,0-0)",stochastic,augmented_action_delay,Augmented (+action buffer + delay values),"(0,0)",0,0,0,0,924000,24,69120,0,3.101149672037368,0.6738325251591603,80,-22.68526744225528,-22.68526744225528,0.283565843028191,0.003580125980079174,0.0010642457054927945,1.0
stochastic_0_0,"(0-0,0-0)",stochastic,augmented_action_delay,Augmented (+action buffer + delay values),"(0,0)",0,0,0,0,924000,24,69120,1,3.101149672037368,0.6738325251591603,80,-27.791850430774502,-27.791850430774502,0.34739813038468126,0.01947587914764881,0.0013591382885351777,1.0
stochastic_0_0,"(0-0,0-0)",stochastic,augmented_action_delay,Augmented (+action buffer + delay values),"(0,0)",0,0,0,0,924000,24,69120,2,3.101149672037368,0.6738325251591603,80,-22.27291177562438,-22.27291177562438,0.2784113971953047,0.011007046326994896,0.0024179399479180574,1.0
stochastic_0_0,"(0-0,0-0)",stochastic,augmented_action_delay,Augmented (+action buffer + delay values),"(0,0)",0,0,0,0,924000,24,69120,3,3.101149672037368,0.6738325251591603,80,-23.26562593015842,-23.26562593015842,0.2908203241269803,0.014030597172677517,0.0030013483483344316,1.0
stochastic_0_0,"(0-0,0-0)",stochastic,augmented_action_delay,Augmented (+action buffer + delay values),"(0,0)",0,0,0,0,924000,24,69120,4,3.101149672037368,0.6738325251591603,80,-23.521418460062705,-23.521418460062705,0.2940177307507838,0.01736713945865631,0.000521354260854423,1.0
stochastic_0_0,"(0-0,0-0)",stochastic,augmented_action_delay,Augmented (+action buffer + delay values),"(0,0)",0,0,0,0,924000,24,69120,5,3.101149672037368,0.6738325251591603,80,-23.196113765006885,-23.196113765006885,0.28995142206258606,0.008645376190543175,0.0019611301831901073,1.0
stochastic_0_0,"(0-0,0-0)",stochastic,augmented_action_delay,Augmented (+action buffer + delay values),"(0,0)",0,0,0,0,924000,24,69120,6,3.101149672037368,0.6738325251591603,80,-19.48804032872431,-19.48804032872431,0.24360050410905387,0.014991112053394318,0.001176912453956902,1.0
stochastic_0_0,"(0-0,0-0)",stochastic,augmented_action_delay,Augmented (+action buffer + delay values),"(0,0)",0,0,0,0,924000,24,69120,7,3.101149672037368,0.6738325251591603,80,-20.58762738551013,-20.58762738551013,0.2573453423188766,0.007548762485384941,0.0015369741013273597,1.0
stochastic_0_0,"(0-0,0-0)",stochastic,augmented_action_delay,Augmented (+action buffer + delay values),"(0,0)",0,0,0,0,1000000,0,0,0,0.7592573860315994,0.2384058440442351,80,-37.03361543780193,-37.03361543780193,0.46292019297252407,0.012843934819102287,0.0041908095590770245,1.0
stochastic_0_0,"(0-0,0-0)",stochastic,augmented_action_delay,Augmented (+action buffer + delay values),"(0,0)",0,0,0,0,1000000,0,0,1,0.7592573860315994,0.2384058440442351,80,-30.972789822146297,-30.972789822146297,0.38715987277682873,0.031591352075338364,0.020497888326644897,1.0
stochastic_0_0,"(0-0,0-0)",stochastic,augmented_action_delay,Augmented (+action buffer + delay values),"(0,0)",0,0,0,0,1000000,0,0,2,0.7592573860315994,0.2384058440442351,80,-34.08696440793574,-34.08696440793574,0.42608705509919675,0.020803062245249748,0.020803062245249748,1.0
stochastic_0_0,"(0-0,0-0)",stochastic,augmented_action_delay,Augmented (+action buffer + delay values),"(0,0)",0,0,0,0,1000000,0,0,3,0.7592573860315994,0.2384058440442351,80,-33.306673779152334,-33.306673779152334,0.41633342223940417,0.02859121933579445,0.002746306359767914,1.0
stochastic_0_0,"(0-0,0-0)",stochastic,augmented_action_delay,Augmented (+action buffer + delay values),"(0,0)",0,0,0,0,1000000,0,0,4,0.7592573860315994,0.2384058440442351,80,-36.819605274591595,-36.819605274591595,0.46024506593239495,0.029309123754501343,0.007258133962750435,1.0
stochastic_0_0,"(0-0,0-0)",stochastic,augmented_action_delay,Augmented (+action buffer + delay values),"(0,0)",0,0,0,0,1000000,0,0,5,0.7592573860315994,0.2384058440442351,80,-33.79595833271742,-33.79595833271742,0.42244947915896774,0.01392475888133049,0.010069537907838821,1.0
stochastic_0_0,"(0-0,0-0)",stochastic,augmented_action_delay,Augmented (+action buffer + delay values),"(0,0)",0,0,0,0,1000000,0,0,6,0.7592573860315994,0.2384058440442351,80,-32.30043955013389,-32.30043955013389,0.4037554943766736,0.004906156565994024,0.0006247826968319714,1.0
stochastic_0_0,"(0-0,0-0)",stochastic,augmented_action_delay,Augmented (+action buffer + delay values),"(0,0)",0,0,0,0,1000000,0,0,7,0.7592573860315994,0.2384058440442351,80,-32.348626057617366,-32.348626057617366,0.40435782572021706,0.013338892720639706,0.013338892720639706,1.0
stochastic_0_0,"(0-0,0-0)",stochastic,augmented_action_delay,Augmented (+action buffer + delay values),"(0,0)",0,0,0,0,1001000,1,2880,0,2.556331726360363,0.6675063931871399,80,-19.776016896765213,-19.776016896765213,0.24720021120956517,0.004724263213574886,0.0006082485779188573,1.0
stochastic_0_0,"(0-0,0-0)",stochastic,augmented_action_delay,Augmented (+action buffer + delay values),"(0,0)",0,0,0,0,1001000,1,2880,1,2.556331726360363,0.6675063931871399,80,-18.98647139663808,-18.98647139663808,0.237330892457976,0.028202051296830177,0.0009487036149948835,1.0
stochastic_0_0,"(0-0,0-0)",stochastic,augmented_action_delay,Augmented (+action buffer + delay values),"(0,0)",0,0,0,0,1001000,1,2880,2,2.556331726360363,0.6675063931871399,80,-20.89794231450651,-20.89794231450651,0.2612242789313314,0.017492113634943962,0.0003974364371970296,1.0
stochastic_0_0,"(0-0,0-0)",stochastic,augmented_action_delay,Augmented (+action buffer + delay values),"(0,0)",0,0,0,0,1001000,1,2880,3,2.556331726360363,0.6675063931871399,80,-26.2839067686582,-26.2839067686582,0.3285488346082275,0.012057523243129253,0.0015467734774574637,1.0
stochastic_0_0,"(0-0,0-0)",stochastic,augmented_action_delay,Augmented (+action buffer + delay values),"(0,0)",0,0,0,0,1001000,1,2880,4,2.556331726360363,0.6675063931871399,80,-23.897426581475884,-23.897426581475884,0.29871783226844856,0.00912335142493248,0.001285524107515812,1.0
stochastic_0_0,"(0-0,0-0)",stochastic,augmented_action_delay,Augmented (+action buffer + delay values),"(0,0)",0,0,0,0,1001000,1,2880,5,2.556331726360363,0.6675063931871399,80,-22.06146101298509,-22.06146101298509,0.27576826266231363,0.0075578042306005955,0.0007378991576842964,1.0
stochastic_0_0,"(0-0,0-0)",stochastic,augmented_action_delay,Augmented (+action buffer + delay values),"(0,0)",0,0,0,0,1001000,1,2880,6,2.556331726360363,0.6675063931871399,80,-24.680053156684153,-24.680053156684153,0.3085006644585519,0.017692001536488533,0.0017855354817584157,1.0
stochastic_0_0,"(0-0,0-0)",stochastic,augmented_action_delay,Augmented (+action buffer + delay values),"(0,0)",0,0,0,0,1001000,1,2880,7,2.556331726360363,0.6675063931871399,80,-19.110876917256974,-19.110876917256974,0.23888596146571217,0.006842687260359526,0.0009496021084487438,1.0
stochastic_0_0,"(0-0,0-0)",stochastic,augmented_action_delay,Augmented (+action buffer + delay values),"(0,0)",0,0,0,0,1002000,2,5760,0,3.546636376640117,0.2505462485288504,80,-21.281958065461367,-21.281958065461367,0.2660244758182671,0.022983532398939133,0.001252551912330091,1.0
stochastic_0_0,"(0-0,0-0)",stochastic,augmented_action_delay,Augmented (+action buffer + delay values),"(0,0)",0,0,0,0,1002000,2,5760,1,3.546636376640117,0.2505462485288504,80,-22.694969273754396,-22.694969273754396,0.28368711592192997,0.020763540640473366,0.0014558251714333892,1.0
stochastic_0_0,"(0-0,0-0)",stochastic,augmented_action_delay,Augmented (+action buffer + delay values),"(0,0)",0,0,0,0,1002000,2,5760,2,3.546636376640117,0.2505462485288504,80,-23.492273629410192,-23.492273629410192,0.2936534203676274,0.007506172638386488,0.0015652398578822613,1.0
stochastic_0_0,"(0-0,0-0)",stochastic,augmented_action_delay,Augmented (+action buffer + delay values),"(0,0)",0,0,0,0,1002000,2,5760,3,3.546636376640117,0.2505462485288504,80,-19.48387593892403,-19.48387593892403,0.24354844923655036,0.006401723716408014,0.00039335101610049605,1.0
stochastic_0_0,"(0-0,0-0)",stochastic,augmented_action_delay,Augmented (+action buffer + delay values),"(0,0)",0,0,0,0,1002000,2,5760,4,3.546636376640117,0.2505462485288504,80,-23.59326382703148,-23.59326382703148,0.29491579783789346,0.01449624914675951,0.0024882794823497534,1.0
stochastic_0_0,"(0-0,0-0)",stochastic,augmented_action_delay,Augmented (+action buffer + delay values),"(0,0)",0,0,0,0,1002000,2,5760,5,3.546636376640117,0.2505462485288504,80,-26.090903882519342,-26.090903882519342,0.3261362985314918,0.0113243842497468,0.0014113910729065537,1.0
stochastic_0_0,"(0-0,0-0)",stochastic,augmented_action_delay,Augmented (+action buffer + delay values),"(0,0)",0,0,0,0,1002000,2,5760,6,3.546636376640117,0.2505462485288504,80,-21.534365223138593,-21.534365223138593,0.2691795652892324,0.014809321612119675,0.0017018998041749,1.0
stochastic_0_0,"(0-0,0-0)",stochastic,augmented_action_delay,Augmented (+action buffer + delay values),"(0,0)",0,0,0,0,1002000,2,5760,7,3.546636376640117,0.2505462485288504,80,-25.244474691338837,-25.244474691338837,0.31555593364173545,0.009697135537862778,0.0015635445015504956,1.0
stochastic_0_0,"(0-0,0-0)",stochastic,augmented_action_delay,Augmented (+action buffer + delay values),"(0,0)",0,0,0,0,1003000,3,8640,0,3.546636376640117,0.2505462485288504,80,-21.55875574599486,-21.55875574599486,0.2694844468249357,0.009982964023947716,0.001461534178815782,1.0
stochastic_0_0,"(0-0,0-0)",stochastic,augmented_action_delay,Augmented (+action buffer + delay values),"(0,0)",0,0,0,0,1003000,3,8640,1,3.546636376640117,0.2505462485288504,80,-20.905722399125807,-20.905722399125807,0.2613215299890726,0.01414464134722948,0.0016911752754822373,1.0
stochastic_0_0,"(0-0,0-0)",stochastic,augmented_action_delay,Augmented (+action buffer + delay values),"(0,0)",0,0,0,0,1003000,3,8640,2,3.546636376640117,0.2505462485288504,80,-24.55386353144422,-24.55386353144422,0.30692329414305275,0.0113507229834795,0.0014610060025006533,1.0
stochastic_0_0,"(0-0,0-0)",stochastic,augmented_action_delay,Augmented (+action buffer + delay values),"(0,0)",0,0,0,0,1003000,3,8640,3,3.546636376640117,0.2505462485288504,80,-23.3200460083317,-23.3200460083317,0.2915005751041463,0.007873202674090862,0.0002613465767353773,1.0
stochastic_0_0,"(0-0,0-0)",stochastic,augmented_action_delay,Augmented (+action buffer + delay values),"(0,0)",0,0,0,0,1003000,3,8640,4,3.546636376640117,0.2505462485288504,80,-20.890223137219436,-20.890223137219436,0.26112778921524293,0.011605814099311829,0.001335436594672501,1.0
stochastic_0_0,"(0-0,0-0)",stochastic,augmented_action_delay,Augmented (+action buffer + delay values),"(0,0)",0,0,0,0,1003000,3,8640,5,3.546636376640117,0.2505462485288504,80,-25.14304210958653,-25.14304210958653,0.31428802636983166,0.019978288561105728,0.0003785206063184887,1.0
stochastic_0_0,"(0-0,0-0)",stochastic,augmented_action_delay,Augmented (+action buffer + delay values),"(0,0)",0,0,0,0,1003000,3,8640,6,3.546636376640117,0.2505462485288504,80,-25.502183597534895,-25.502183597534895,0.31877729496918616,0.0293959379196167,0.0014300954062491655,1.0
stochastic_0_0,"(0-0,0-0)",stochastic,augmented_action_delay,Augmented (+action buffer + delay values),"(0,0)",0,0,0,0,1003000,3,8640,7,3.546636376640117,0.2505462485288504,80,-21.80825875181472,-21.80825875181472,0.27260323439768397,0.016103435307741165,0.0004225150332786143,1.0
stochastic_0_0,"(0-0,0-0)",stochastic,augmented_action_delay,Augmented (+action buffer + delay values),"(0,0)",0,0,0,0,1004000,4,11520,0,3.546636376640117,0.2505462485288504,80,-21.329799410304986,-21.329799410304986,0.2666224926288123,0.0004470435669645667,0.0004470435669645667,1.0
stochastic_0_0,"(0-0,0-0)",stochastic,augmented_action_delay,Augmented (+action buffer + delay values),"(0,0)",0,0,0,0,1004000,4,11520,1,3.546636376640117,0.2505462485288504,80,-22.053378613083623,-22.053378613083623,0.2756672326635453,0.00832329597324133,0.0010568572906777263,1.0
stochastic_0_0,"(0-0,0-0)",stochastic,augmented_action_delay,Augmented (+action buffer + delay values),"(0,0)",0,0,0,0,1004000,4,11520,2,3.546636376640117,0.2505462485288504,80,-22.02348149579484,-22.02348149579484,0.2752935186974355,0.014138452708721161,0.0014692009426653385,1.0
stochastic_0_0,"(0-0,0-0)",stochastic,augmented_action_delay,Augmented (+action buffer + delay values),"(0,0)",0,0,0,0,1004000,4,11520,3,3.546636376640117,0.2505462485288504,80,-21.374696202517953,-21.374696202517953,0.2671837025314744,0.00998674426227808,0.0005271522677503526,1.0
stochastic_0_0,"(0-0,0-0)",stochastic,augmented_action_delay,Augmented (+action buffer + delay values),"(0,0)",0,0,0,0,1004000,4,11520,4,3.546636376640117,0.2505462485288504,80,-23.251799283199944,-23.251799283199944,0.2906474910399993,0.018860455602407455,0.0011997516267001629,1.0
stochastic_0_0,"(0-0,0-0)",stochastic,augmented_action_delay,Augmented (+action buffer + delay values),"(0,0)",0,0,0,0,1004000,4,11520,5,3.546636376640117,0.2505462485288504,80,-26.308986926451325,-26.308986926451325,0.32886233658064157,0.0037471179384738207,0.0005456171929836273,1.0
stochastic_0_0,"(0-0,0-0)",stochastic,augmented_action_delay,Augmented (+action buffer + delay values),"(0,0)",0,0,0,0,1004000,4,11520,6,3.546636376640117,0.2505462485288504,80,-21.778138969559222,-21.778138969559222,0.2722267371194903,0.009365499019622803,0.0013574921758845448,1.0
stochastic_0_0,"(0-0,0-0)",stochastic,augmented_action_delay,Augmented (+action buffer + delay values),"(0,0)",0,0,0,0,1004000,4,11520,7,3.546636376640117,0.2505462485288504,80,-21.721951433457434,-21.721951433457434,0.27152439291821795,0.018004992976784706,0.0010633771307766438,1.0
stochastic_0_0,"(0-0,0-0)",stochastic,augmented_action_delay,Augmented (+action buffer + delay values),"(0,0)",0,0,0,0,1005000,5,14400,0,2.4255080512011236,0.18375053577417558,80,-26.306717950908933,-26.306717950908933,0.32883397438636164,0.013883071020245552,0.0006914171972312033,1.0
stochastic_0_0,"(0-0,0-0)",stochastic,augmented_action_delay,Augmented (+action buffer + delay values),"(0,0)",0,0,0,0,1005000,5,14400,1,2.4255080512011236,0.18375053577417558,80,-21.380436895880848,-21.380436895880848,0.2672554611985106,0.007165854796767235,0.002507628407329321,1.0
stochastic_0_0,"(0-0,0-0)",stochastic,augmented_action_delay,Augmented (+action buffer + delay values),"(0,0)",0,0,0,0,1005000,5,14400,2,2.4255080512011236,0.18375053577417558,80,-20.849517016438767,-20.849517016438767,0.26061896270548457,0.011632348410785198,0.00315427640452981,1.0
stochastic_0_0,"(0-0,0-0)",stochastic,augmented_action_delay,Augmented (+action buffer + delay values),"(0,0)",0,0,0,0,1005000,5,14400,3,2.4255080512011236,0.18375053577417558,80,-21.916710575227626,-21.916710575227626,0.2739588821903453,0.001766810892149806,0.0015465285396203399,1.0
stochastic_0_0,"(0-0,0-0)",stochastic,augmented_action_delay,Augmented (+action buffer + delay values),"(0,0)",0,0,0,0,1005000,5,14400,4,2.4255080512011236,0.18375053577417558,80,-22.30469155870378,-22.30469155870378,0.2788086444837973,0.00722183333709836,0.001388084376230836,1.0
stochastic_0_0,"(0-0,0-0)",stochastic,augmented_action_delay,Augmented (+action buffer + delay values),"(0,0)",0,0,0,0,1005000,5,14400,5,2.4255080512011236,0.18375053577417558,80,-21.05428870092146,-21.05428870092146,0.2631786087615183,0.012823122553527355,0.002255524042993784,1.0
stochastic_0_0,"(0-0,0-0)",stochastic,augmented_action_delay,Augmented (+action buffer + delay values),"(0,0)",0,0,0,0,1005000,5,14400,6,2.4255080512011236,0.18375053577417558,80,-21.04533923685085,-21.04533923685085,0.2630667404606356,0.01498184073716402,0.0015078885480761528,1.0
stochastic_0_0,"(0-0,0-0)",stochastic,augmented_action_delay,Augmented (+action buffer + delay values),"(0,0)",0,0,0,0,1005000,5,14400,7,2.4255080512011236,0.18375053577417558,80,-24.23496686120052,-24.23496686120052,0.3029370857650065,0.014922462403774261,0.0009914897382259369,1.0
stochastic_0_0,"(0-0,0-0)",stochastic,augmented_action_delay,Augmented (+action buffer + delay values),"(0,0)",0,0,0,0,1006000,6,17280,0,2.4255080512011236,0.18375053577417558,80,-22.75058411702048,-22.75058411702048,0.284382301462756,0.015208203345537186,0.001886606914922595,1.0
stochastic_0_0,"(0-0,0-0)",stochastic,augmented_action_delay,Augmented (+action buffer + delay values),"(0,0)",0,0,0,0,1006000,6,17280,1,2.4255080512011236,0.18375053577417558,80,-18.987482975353487,-18.987482975353487,0.23734353719191859,0.007049113046377897,0.00132655946072191,1.0
stochastic_0_0,"(0-0,0-0)",stochastic,augmented_action_delay,Augmented (+action buffer + delay values),"(0,0)",0,0,0,0,1006000,6,17280,2,2.4255080512011236,0.18375053577417558,80,-23.092760304687545,-23.092760304687545,0.2886595038085943,0.009304283186793327,0.0035947414580732584,1.0
stochastic_0_0,"(0-0,0-0)",stochastic,augmented_action_delay,Augmented (+action buffer + delay values),"(0,0)",0,0,0,0,1006000,6,17280,3,2.4255080512011236,0.18375053577417558,80,-26.837350971996784,-26.837350971996784,0.3354668871499598,0.011403278447687626,0.0026054985355585814,1.0
stochastic_0_0,"(0-0,0-0)",stochastic,augmented_action_delay,Augmented (+action buffer + delay values),"(0,0)",0,0,0,0,1006000,6,17280,4,2.4255080512011236,0.18375053577417558,80,-22.283965518698096,-22.283965518698096,0.2785495689837262,0.019985675811767578,0.002630582544952631,1.0
stochastic_0_0,"(0-0,0-0)",stochastic,augmented_action_delay,Augmented (+action buffer + delay values),"(0,0)",0,0,0,0,1006000,6,17280,5,2.4255080512011236,0.18375053577417558,80,-20.217827013810165,-20.217827013810165,0.25272283767262704,0.01846287027001381,0.0017259219894185662,1.0
stochastic_0_0,"(0-0,0-0)",stochastic,augmented_action_delay,Augmented (+action buffer + delay values),"(0,0)",0,0,0,0,1006000,6,17280,6,2.4255080512011236,0.18375053577417558,80,-25.949978988384828,-25.949978988384828,0.32437473735481037,0.0076494342647492886,0.0010675268713384867,1.0
stochastic_0_0,"(0-0,0-0)",stochastic,augmented_action_delay,Augmented (+action buffer + delay values),"(0,0)",0,0,0,0,1006000,6,17280,7,2.4255080512011236,0.18375053577417558,80,-23.209940688917413,-23.209940688917413,0.2901242586114677,0.008634435012936592,0.0012451454531401396,1.0
stochastic_0_0,"(0-0,0-0)",stochastic,augmented_action_delay,Augmented (+action buffer + delay values),"(0,0)",0,0,0,0,1007000,7,20160,0,2.4255080512011236,0.18375053577417558,80,-20.2723549985094,-20.2723549985094,0.2534044374813675,0.012282793410122395,0.0013377538416534662,1.0
stochastic_0_0,"(0-0,0-0)",stochastic,augmented_action_delay,Augmented (+action buffer + delay values),"(0,0)",0,0,0,0,1007000,7,20160,1,2.4255080512011236,0.18375053577417558,80,-21.147242066217586,-21.147242066217586,0.26434052582771983,0.01765153929591179,0.002005192916840315,1.0
stochastic_0_0,"(0-0,0-0)",stochastic,augmented_action_delay,Augmented (+action buffer + delay values),"(0,0)",0,0,0,0,1007000,7,20160,2,2.4255080512011236,0.18375053577417558,80,-21.703107894281857,-21.703107894281857,0.2712888486785232,0.018237901851534843,0.001675518462434411,1.0
stochastic_0_0,"(0-0,0-0)",stochastic,augmented_action_delay,Augmented (+action buffer + delay values),"(0,0)",0,0,0,0,1007000,7,20160,3,2.4255080512011236,0.18375053577417558,80,-24.817039117915556,-24.817039117915556,0.31021298897394445,0.013440807349979877,0.002043631160631776,1.0
stochastic_0_0,"(0-0,0-0)",stochastic,augmented_action_delay,Augmented (+action buffer + delay values),"(0,0)",0,0,0,0,1007000,7,20160,4,2.4255080512011236,0.18375053577417558,80,-23.1867596959637,-23.1867596959637,0.28983449619954627,0.021826747804880142,0.00015755961067043245,1.0
stochastic_0_0,"(0-0,0-0)",stochastic,augmented_action_delay,Augmented (+action buffer + delay values),"(0,0)",0,0,0,0,1007000,7,20160,5,2.4255080512011236,0.18375053577417558,80,-18.86373847234063,-18.86373847234063,0.23579673090425785,0.013034719042479992,0.001865072175860405,1.0
stochastic_0_0,"(0-0,0-0)",stochastic,augmented_action_delay,Augmented (+action buffer + delay values),"(0,0)",0,0,0,0,1007000,7,20160,6,2.4255080512011236,0.18375053577417558,80,-23.180192436440848,-23.180192436440848,0.2897524054555106,0.01198666263371706,0.0010523932287469506,1.0
stochastic_0_0,"(0-0,0-0)",stochastic,augmented_action_delay,Augmented (+action buffer + delay values),"(0,0)",0,0,0,0,1007000,7,20160,7,2.4255080512011236,0.18375053577417558,80,-17.953488322906196,-17.953488322906196,0.22441860403632746,0.012371338903903961,0.0017889656592160463,1.0
stochastic_0_0,"(0-0,0-0)",stochastic,augmented_action_delay,Augmented (+action buffer + delay values),"(0,0)",0,0,0,0,1008000,8,23040,0,2.4255080512011236,0.18375053577417558,80,-26.65739515167661,-26.65739515167661,0.3332174393959576,0.006255113985389471,0.003015270922333002,1.0
stochastic_0_0,"(0-0,0-0)",stochastic,augmented_action_delay,Augmented (+action buffer + delay values),"(0,0)",0,0,0,0,1008000,8,23040,1,2.4255080512011236,0.18375053577417558,80,-22.532469755620696,-22.532469755620696,0.2816558719452587,0.012659412808716297,0.001519571291282773,1.0
stochastic_0_0,"(0-0,0-0)",stochastic,augmented_action_delay,Augmented (+action buffer + delay values),"(0,0)",0,0,0,0,1008000,8,23040,2,2.4255080512011236,0.18375053577417558,80,-20.573444489156827,-20.573444489156827,0.25716805611446036,0.030316514894366264,0.0022912570275366306,1.0
stochastic_0_0,"(0-0,0-0)",stochastic,augmented_action_delay,Augmented (+action buffer + delay values),"(0,0)",0,0,0,0,1008000,8,23040,3,2.4255080512011236,0.18375053577417558,80,-20.458962057018653,-20.458962057018653,0.25573702571273316,0.002517961198464036,0.0024417084641754627,1.0
stochastic_0_0,"(0-0,0-0)",stochastic,augmented_action_delay,Augmented (+action buffer + delay values),"(0,0)",0,0,0,0,1008000,8,23040,4,2.4255080512011236,0.18375053577417558,80,-27.036160295945592,-27.036160295945592,0.3379520036993199,0.005379119422286749,0.0015522533794865012,1.0
stochastic_0_0,"(0-0,0-0)",stochastic,augmented_action_delay,Augmented (+action buffer + delay values),"(0,0)",0,0,0,0,1008000,8,23040,5,2.4255080512011236,0.18375053577417558,80,-20.973533268086612,-20.973533268086612,0.26216916585108263,0.02261509746313095,0.0014964101137593389,1.0
stochastic_0_0,"(0-0,0-0)",stochastic,augmented_action_delay,Augmented (+action buffer + delay values),"(0,0)",0,0,0,0,1008000,8,23040,6,2.4255080512011236,0.18375053577417558,80,-20.640551281539956,-20.640551281539956,0.25800689101924945,0.007721537724137306,0.0003132795973215252,1.0
stochastic_0_0,"(0-0,0-0)",stochastic,augmented_action_delay,Augmented (+action buffer + delay values),"(0,0)",0,0,0,0,1008000,8,23040,7,2.4255080512011236,0.18375053577417558,80,-24.369539341016207,-24.369539341016207,0.3046192417627026,0.007854107767343521,0.000951440364588052,1.0
stochastic_0_0,"(0-0,0-0)",stochastic,augmented_action_delay,Augmented (+action buffer + delay values),"(0,0)",0,0,0,0,1009000,9,25920,0,2.4255080512011236,0.18375053577417558,80,-19.326190426712856,-19.326190426712856,0.24157738033391069,0.009331347420811653,0.0026439325883984566,1.0
stochastic_0_0,"(0-0,0-0)",stochastic,augmented_action_delay,Augmented (+action buffer + delay values),"(0,0)",0,0,0,0,1009000,9,25920,1,2.4255080512011236,0.18375053577417558,80,-19.555607406888157,-19.555607406888157,0.24444509258610198,0.004387263208627701,0.004387263208627701,1.0
stochastic_0_0,"(0-0,0-0)",stochastic,augmented_action_delay,Augmented (+action buffer + delay values),"(0,0)",0,0,0,0,1009000,9,25920,2,2.4255080512011236,0.18375053577417558,80,-25.3345667005633,-25.3345667005633,0.31668208375704127,0.01947649195790291,0.0008041216642595828,1.0
stochastic_0_0,"(0-0,0-0)",stochastic,augmented_action_delay,Augmented (+action buffer + delay values),"(0,0)",0,0,0,0,1009000,9,25920,3,2.4255080512011236,0.18375053577417558,80,-19.77514503779821,-19.77514503779821,0.24718931297247765,0.0296400785446167,0.0024763031397014856,1.0
stochastic_0_0,"(0-0,0-0)",stochastic,augmented_action_delay,Augmented (+action buffer + delay values),"(0,0)",0,0,0,0,1009000,9,25920,4,2.4255080512011236,0.18375053577417558,80,-26.471023216843605,-26.471023216843605,0.33088779021054504,0.008028233423829079,0.002171239582821727,1.0
stochastic_0_0,"(0-0,0-0)",stochastic,augmented_action_delay,Augmented (+action buffer + delay values),"(0,0)",0,0,0,0,1009000,9,25920,5,2.4255080512011236,0.18375053577417558,80,-22.272240455960855,-22.272240455960855,0.2784030056995107,0.013564585708081722,0.0027109822258353233,1.0
stochastic_0_0,"(0-0,0-0)",stochastic,augmented_action_delay,Augmented (+action buffer + delay values),"(0,0)",0,0,0,0,1009000,9,25920,6,2.4255080512011236,0.18375053577417558,80,-22.204732489190064,-22.204732489190064,0.2775591561148758,0.007941555231809616,0.0011662961915135384,1.0
stochastic_0_0,"(0-0,0-0)",stochastic,augmented_action_delay,Augmented (+action buffer + delay values),"(0,0)",0,0,0,0,1009000,9,25920,7,2.4255080512011236,0.18375053577417558,80,-24.463890539831482,-24.463890539831482,0.3057986317478935,0.0012753269402310252,0.0012753269402310252,1.0
stochastic_0_0,"(0-0,0-0)",stochastic,augmented_action_delay,Augmented (+action buffer + delay values),"(0,0)",0,0,0,0,1010000,10,28800,0,2.4255080512011236,0.18375053577417558,80,-22.80622351774946,-22.80622351774946,0.2850777939718682,0.0157522801309824,0.002205044496804476,1.0
stochastic_0_0,"(0-0,0-0)",stochastic,augmented_action_delay,Augmented (+action buffer + delay values),"(0,0)",0,0,0,0,1010000,10,28800,1,2.4255080512011236,0.18375053577417558,80,-21.3084432692267,-21.3084432692267,0.26635554086533375,0.02888430655002594,0.002919241786003113,1.0
stochastic_0_0,"(0-0,0-0)",stochastic,augmented_action_delay,Augmented (+action buffer + delay values),"(0,0)",0,0,0,0,1010000,10,28800,2,2.4255080512011236,0.18375053577417558,80,-25.827483812579885,-25.827483812579885,0.32284354765724854,0.0393214151263237,0.0020434774924069643,1.0
stochastic_0_0,"(0-0,0-0)",stochastic,augmented_action_delay,Augmented (+action buffer + delay values),"(0,0)",0,0,0,0,1010000,10,28800,3,2.4255080512011236,0.18375053577417558,80,-19.972764514852315,-19.972764514852315,0.24965955643565393,0.013477048836648464,0.0030850209295749664,1.0
stochastic_0_0,"(0-0,0-0)",stochastic,augmented_action_delay,Augmented (+action buffer + delay values),"(0,0)",0,0,0,0,1010000,10,28800,4,2.4255080512011236,0.18375053577417558,80,-20.027504162630066,-20.027504162630066,0.2503438020328758,0.01582300290465355,0.0032744682393968105,1.0
stochastic_0_0,"(0-0,0-0)",stochastic,augmented_action_delay,Augmented (+action buffer + delay values),"(0,0)",0,0,0,0,1010000,10,28800,5,2.4255080512011236,0.18375053577417558,80,-21.027504684519954,-21.027504684519954,0.2628438085564994,0.006800915580242872,0.00043973629362881184,1.0
stochastic_0_0,"(0-0,0-0)",stochastic,augmented_action_delay,Augmented (+action buffer + delay values),"(0,0)",0,0,0,0,1010000,10,28800,6,2.4255080512011236,0.18375053577417558,80,-26.020397344604135,-26.020397344604135,0.32525496680755167,0.01542161125689745,0.002020025160163641,1.0
stochastic_0_0,"(0-0,0-0)",stochastic,augmented_action_delay,Augmented (+action buffer + delay values),"(0,0)",0,0,0,0,1010000,10,28800,7,2.4255080512011236,0.18375053577417558,80,-23.922828605398536,-23.922828605398536,0.2990353575674817,0.021618740633130074,0.003578007686883211,1.0
stochastic_0_0,"(0-0,0-0)",stochastic,augmented_action_delay,Augmented (+action buffer + delay values),"(0,0)",0,0,0,0,1011000,11,31680,0,2.4255080512011236,0.18375053577417558,80,-22.443647250212962,-22.443647250212962,0.28054559062766204,0.007820113562047482,0.0004734958347398788,1.0
stochastic_0_0,"(0-0,0-0)",stochastic,augmented_action_delay,Augmented (+action buffer + delay values),"(0,0)",0,0,0,0,1011000,11,31680,1,2.4255080512011236,0.18375053577417558,80,-18.748440014431253,-18.748440014431253,0.23435550018039067,0.0065720113925635815,0.0006534942658618093,1.0
stochastic_0_0,"(0-0,0-0)",stochastic,augmented_action_delay,Augmented (+action buffer + delay values),"(0,0)",0,0,0,0,1011000,11,31680,2,2.4255080512011236,0.18375053577417558,80,-22.6919681817526,-22.6919681817526,0.2836496022719075,0.020908968523144722,0.0008617426501587033,1.0
stochastic_0_0,"(0-0,0-0)",stochastic,augmented_action_delay,Augmented (+action buffer + delay values),"(0,0)",0,0,0,0,1011000,11,31680,3,2.4255080512011236,0.18375053577417558,80,-17.93192731263116,-17.93192731263116,0.2241490914078895,0.008042098954319954,0.003936458844691515,1.0
stochastic_0_0,"(0-0,0-0)",stochastic,augmented_action_delay,Augmented (+action buffer + delay values),"(0,0)",0,0,0,0,1011000,11,31680,4,2.4255080512011236,0.18375053577417558,80,-22.236526111257263,-22.236526111257263,0.2779565763907158,0.016553757712244987,0.001837575458921492,1.0
stochastic_0_0,"(0-0,0-0)",stochastic,augmented_action_delay,Augmented (+action buffer + delay values),"(0,0)",0,0,0,0,1011000,11,31680,5,2.4255080512011236,0.18375053577417558,80,-23.701152121066116,-23.701152121066116,0.29626440151332645,0.02234882116317749,0.0019259556429460645,1.0
stochastic_0_0,"(0-0,0-0)",stochastic,augmented_action_delay,Augmented (+action buffer + delay values),"(0,0)",0,0,0,0,1011000,11,31680,6,2.4255080512011236,0.18375053577417558,80,-19.276425031013787,-19.276425031013787,0.24095531288767233,0.024498717859387398,0.0010720145655795932,1.0
stochastic_0_0,"(0-0,0-0)",stochastic,augmented_action_delay,Augmented (+action buffer + delay values),"(0,0)",0,0,0,0,1011000,11,31680,7,2.4255080512011236,0.18375053577417558,80,-25.290415562543785,-25.290415562543785,0.3161301945317973,0.00913936085999012,0.000271559547400102,1.0
stochastic_0_0,"(0-0,0-0)",stochastic,augmented_action_delay,Augmented (+action buffer + delay values),"(0,0)",0,0,0,0,1012000,12,34560,0,2.4255080512011236,0.18375053577417558,80,-24.719056420610286,-24.719056420610286,0.3089882052576286,0.002652399707585573,0.000976760988123715,1.0
stochastic_0_0,"(0-0,0-0)",stochastic,augmented_action_delay,Augmented (+action buffer + delay values),"(0,0)",0,0,0,0,1012000,12,34560,1,2.4255080512011236,0.18375053577417558,80,-24.05546966328984,-24.05546966328984,0.300693370791123,0.015592037700116634,0.0006760802934877574,1.0
stochastic_0_0,"(0-0,0-0)",stochastic,augmented_action_delay,Augmented (+action buffer + delay values),"(0,0)",0,0,0,0,1012000,12,34560,2,2.4255080512011236,0.18375053577417558,80,-21.975992715684697,-21.975992715684697,0.2746999089460587,0.01661059819161892,0.0009370286716148257,1.0
stochastic_0_0,"(0-0,0-0)",stochastic,augmented_action_delay,Augmented (+action buffer + delay values),"(0,0)",0,0,0,0,1012000,12,34560,3,2.4255080512011236,0.18375053577417558,80,-22.48401790484786,-22.48401790484786,0.28105022381059824,0.012594059109687805,0.002409048145636916,1.0
stochastic_0_0,"(0-0,0-0)",stochastic,augmented_action_delay,Augmented (+action buffer + delay values),"(0,0)",0,0,0,0,1012000,12,34560,4,2.4255080512011236,0.18375053577417558,80,-20.468761544441804,-20.468761544441804,0.25585951930552253,0.011010940186679363,0.0024925710167735815,1.0
stochastic_0_0,"(0-0,0-0)",stochastic,augmented_action_delay,Augmented (+action buffer + delay values),"(0,0)",0,0,0,0,1012000,12,34560,5,2.4255080512011236,0.18375053577417558,80,-20.934337529499317,-20.934337529499317,0.2616792191187415,0.01999768242239952,0.0004461327625904232,1.0
stochastic_0_0,"(0-0,0-0)",stochastic,augmented_action_delay,Augmented (+action buffer + delay values),"(0,0)",0,0,0,0,1012000,12,34560,6,2.4255080512011236,0.18375053577417558,80,-21.96307757915929,-21.96307757915929,0.27453846973949114,0.008926434442400932,0.0031967756804078817,1.0
stochastic_0_0,"(0-0,0-0)",stochastic,augmented_action_delay,Augmented (+action buffer + delay values),"(0,0)",0,0,0,0,1012000,12,34560,7,2.4255080512011236,0.18375053577417558,80,-24.14951993775321,-24.14951993775321,0.3018689992219151,0.002999886404722929,0.0008868281147442758,1.0
stochastic_0_0,"(0-0,0-0)",stochastic,augmented_action_delay,Augmented (+action buffer + delay values),"(0,0)",0,0,0,0,1013000,13,37440,0,2.4255080512011236,0.18375053577417558,80,-20.618016147753224,-20.618016147753224,0.2577252018469153,0.0069286455400288105,0.0016977349296212196,1.0
stochastic_0_0,"(0-0,0-0)",stochastic,augmented_action_delay,Augmented (+action buffer + delay values),"(0,0)",0,0,0,0,1013000,13,37440,1,2.4255080512011236,0.18375053577417558,80,-21.425431068171747,-21.425431068171747,0.2678178883521468,0.011817344464361668,0.0018633651779964566,1.0
stochastic_0_0,"(0-0,0-0)",stochastic,augmented_action_delay,Augmented (+action buffer + delay values),"(0,0)",0,0,0,0,1013000,13,37440,2,2.4255080512011236,0.18375053577417558,80,-24.261064978083596,-24.261064978083596,0.30326331222604497,0.014905450865626335,0.0024048343766480684,1.0
stochastic_0_0,"(0-0,0-0)",stochastic,augmented_action_delay,Augmented (+action buffer + delay values),"(0,0)",0,0,0,0,1013000,13,37440,3,2.4255080512011236,0.18375053577417558,80,-24.94568046927452,-24.94568046927452,0.31182100586593153,0.006674604956060648,0.0016598589718341827,1.0
stochastic_0_0,"(0-0,0-0)",stochastic,augmented_action_delay,Augmented (+action buffer + delay values),"(0,0)",0,0,0,0,1013000,13,37440,4,2.4255080512011236,0.18375053577417558,80,-19.521631757263094,-19.521631757263094,0.24402039696578867,0.01103870291262865,0.0015908901114016771,1.0
stochastic_0_0,"(0-0,0-0)",stochastic,augmented_action_delay,Augmented (+action buffer + delay values),"(0,0)",0,0,0,0,1013000,13,37440,5,2.4255080512011236,0.18375053577417558,80,-24.456316503463313,-24.456316503463313,0.3057039562932914,0.0107932323589921,0.002777443965896964,1.0
stochastic_0_0,"(0-0,0-0)",stochastic,augmented_action_delay,Augmented (+action buffer + delay values),"(0,0)",0,0,0,0,1013000,13,37440,6,2.4255080512011236,0.18375053577417558,80,-22.16079500433989,-22.16079500433989,0.27700993755424863,0.009609675034880638,0.0029718957375735044,1.0
stochastic_0_0,"(0-0,0-0)",stochastic,augmented_action_delay,Augmented (+action buffer + delay values),"(0,0)",0,0,0,0,1013000,13,37440,7,2.4255080512011236,0.18375053577417558,80,-20.384396840585396,-20.384396840585396,0.25480496050731744,0.0071876379661262035,0.0019613844342529774,1.0
stochastic_0_0,"(0-0,0-0)",stochastic,augmented_action_delay,Augmented (+action buffer + delay values),"(0,0)",0,0,0,0,1014000,14,40320,0,2.4255080512011236,0.18375053577417558,80,-24.50747306854464,-24.50747306854464,0.30634341335680804,0.011564780957996845,0.0010042311623692513,1.0
stochastic_0_0,"(0-0,0-0)",stochastic,augmented_action_delay,Augmented (+action buffer + delay values),"(0,0)",0,0,0,0,1014000,14,40320,1,2.4255080512011236,0.18375053577417558,80,-26.410602237912826,-26.410602237912826,0.33013252797391035,0.0317375510931015,0.0010286940960213542,1.0
stochastic_0_0,"(0-0,0-0)",stochastic,augmented_action_delay,Augmented (+action buffer + delay values),"(0,0)",0,0,0,0,1014000,14,40320,2,2.4255080512011236,0.18375053577417558,80,-21.41629857721273,-21.41629857721273,0.2677037322151591,0.014986356720328331,0.0007176505168899894,1.0
stochastic_0_0,"(0-0,0-0)",stochastic,augmented_action_delay,Augmented (+action buffer + delay values),"(0,0)",0,0,0,0,1014000,14,40320,3,2.4255080512011236,0.18375053577417558,80,-27.939345310325734,-27.939345310325734,0.3492418163790717,0.020110931247472763,0.001367836375720799,1.0
stochastic_0_0,"(0-0,0-0)",stochastic,augmented_action_delay,Augmented (+action buffer + delay values),"(0,0)",0,0,0,0,1014000,14,40320,4,2.4255080512011236,0.18375053577417558,80,-20.422518566949293,-20.422518566949293,0.2552814820868662,0.0029544613789767027,0.0013571931049227715,1.0
stochastic_0_0,"(0-0,0-0)",stochastic,augmented_action_delay,Augmented (+action buffer + delay values),"(0,0)",0,0,0,0,1014000,14,40320,5,2.4255080512011236,0.18375053577417558,80,-22.983228674624115,-22.983228674624115,0.28729035843280143,0.018674127757549286,0.001759946346282959,1.0
stochastic_0_0,"(0-0,0-0)",stochastic,augmented_action_delay,Augmented (+action buffer + delay values),"(0,0)",0,0,0,0,1014000,14,40320,6,2.4255080512011236,0.18375053577417558,80,-24.381012090481818,-24.381012090481818,0.30476265113102274,0.01782567799091339,0.003252145368605852,1.0
stochastic_0_0,"(0-0,0-0)",stochastic,augmented_action_delay,Augmented (+action buffer + delay values),"(0,0)",0,0,0,0,1014000,14,40320,7,2.4255080512011236,0.18375053577417558,80,-18.764404648623895,-18.764404648623895,0.2345550581077987,0.01249292679131031,0.0008702799095772207,1.0
stochastic_0_0,"(0-0,0-0)",stochastic,augmented_action_delay,Augmented (+action buffer + delay values),"(0,0)",0,0,0,0,1015000,15,43200,0,2.4255080512011236,0.18375053577417558,80,-23.89018406829564,-23.89018406829564,0.2986273008536955,0.016481660306453705,0.0004591105389408767,1.0
stochastic_0_0,"(0-0,0-0)",stochastic,augmented_action_delay,Augmented (+action buffer + delay values),"(0,0)",0,0,0,0,1015000,15,43200,1,2.4255080512011236,0.18375053577417558,80,-23.70248881563748,-23.70248881563748,0.2962811101954685,0.005329748149961233,7.134454062907025e-05,1.0
stochastic_0_0,"(0-0,0-0)",stochastic,augmented_action_delay,Augmented (+action buffer + delay values),"(0,0)",0,0,0,0,1015000,15,43200,2,2.4255080512011236,0.18375053577417558,80,-25.89975965290796,-25.89975965290796,0.3237469956613495,0.017110761255025864,0.001320711220614612,1.0
stochastic_0_0,"(0-0,0-0)",stochastic,augmented_action_delay,Augmented (+action buffer + delay values),"(0,0)",0,0,0,0,1015000,15,43200,3,2.4255080512011236,0.18375053577417558,80,-23.831477879313752,-23.831477879313752,0.2978934734914219,0.015299361199140549,0.0019229438621550798,1.0
stochastic_0_0,"(0-0,0-0)",stochastic,augmented_action_delay,Augmented (+action buffer + delay values),"(0,0)",0,0,0,0,1015000,15,43200,4,2.4255080512011236,0.18375053577417558,80,-19.581461157649755,-19.581461157649755,0.24476826447062194,0.007137332111597061,0.0031451734248548746,1.0
stochastic_0_0,"(0-0,0-0)",stochastic,augmented_action_delay,Augmented (+action buffer + delay values),"(0,0)",0,0,0,0,1015000,15,43200,5,2.4255080512011236,0.18375053577417558,80,-22.1277899556153,-22.1277899556153,0.2765973744451912,0.0047544073313474655,0.00034075582516379654,1.0
stochastic_0_0,"(0-0,0-0)",stochastic,augmented_action_delay,Augmented (+action buffer + delay values),"(0,0)",0,0,0,0,1015000,15,43200,6,2.4255080512011236,0.18375053577417558,80,-19.178535104030743,-19.178535104030743,0.23973168880038428,0.011980020441114902,0.0025749867781996727,1.0
stochastic_0_0,"(0-0,0-0)",stochastic,augmented_action_delay,Augmented (+action buffer + delay values),"(0,0)",0,0,0,0,1015000,15,43200,7,2.4255080512011236,0.18375053577417558,80,-20.754668374196626,-20.754668374196626,0.2594333546774578,0.013358251191675663,0.0012778918026015162,1.0
stochastic_0_0,"(0-0,0-0)",stochastic,augmented_action_delay,Augmented (+action buffer + delay values),"(0,0)",0,0,0,0,1016000,16,46080,0,2.4255080512011236,0.18375053577417558,80,-23.121767563279718,-23.121767563279718,0.2890220945409965,0.009104433469474316,0.004238222260028124,1.0
stochastic_0_0,"(0-0,0-0)",stochastic,augmented_action_delay,Augmented (+action buffer + delay values),"(0,0)",0,0,0,0,1016000,16,46080,1,2.4255080512011236,0.18375053577417558,80,-24.355457906611264,-24.355457906611264,0.3044432238326408,0.0014789619017392397,0.0014789619017392397,1.0
stochastic_0_0,"(0-0,0-0)",stochastic,augmented_action_delay,Augmented (+action buffer + delay values),"(0,0)",0,0,0,0,1016000,16,46080,2,2.4255080512011236,0.18375053577417558,80,-25.82890750048682,-25.82890750048682,0.3228613437560853,0.0038476712070405483,0.0023817801848053932,1.0
stochastic_0_0,"(0-0,0-0)",stochastic,augmented_action_delay,Augmented (+action buffer + delay values),"(0,0)",0,0,0,0,1016000,16,46080,3,2.4255080512011236,0.18375053577417558,80,-23.794168022228405,-23.794168022228405,0.29742710027785507,0.010180000215768814,0.0022978626657277346,1.0
stochastic_0_0,"(0-0,0-0)",stochastic,augmented_action_delay,Augmented (+action buffer + delay values),"(0,0)",0,0,0,0,1016000,16,46080,4,2.4255080512011236,0.18375053577417558,80,-21.162965548341163,-21.162965548341163,0.2645370693542645,0.013933651149272919,0.0018978723092004657,1.0
stochastic_0_0,"(0-0,0-0)",stochastic,augmented_action_delay,Augmented (+action buffer + delay values),"(0,0)",0,0,0,0,1016000,16,46080,5,2.4255080512011236,0.18375053577417558,80,-23.151366464793682,-23.151366464793682,0.289392080809921,0.013991319574415684,0.0017286166548728943,1.0
stochastic_0_0,"(0-0,0-0)",stochastic,augmented_action_delay,Augmented (+action buffer + delay values),"(0,0)",0,0,0,0,1016000,16,46080,6,2.4255080512011236,0.18375053577417558,80,-18.469651542429347,-18.469651542429347,0.23087064428036683,0.018929224461317062,0.00039729959098622203,1.0
stochastic_0_0,"(0-0,0-0)",stochastic,augmented_action_delay,Augmented (+action buffer + delay values),"(0,0)",0,0,0,0,1016000,16,46080,7,2.4255080512011236,0.18375053577417558,80,-23.43373381055426,-23.43373381055426,0.29292167263192825,0.018217913806438446,0.001190794282592833,1.0
stochastic_0_0,"(0-0,0-0)",stochastic,augmented_action_delay,Augmented (+action buffer + delay values),"(0,0)",0,0,0,0,1017000,17,48960,0,2.4255080512011236,0.18375053577417558,80,-24.327622786702705,-24.327622786702705,0.3040952848337838,0.014699114486575127,0.00018004119920078665,1.0
stochastic_0_0,"(0-0,0-0)",stochastic,augmented_action_delay,Augmented (+action buffer + delay values),"(0,0)",0,0,0,0,1017000,17,48960,1,2.4255080512011236,0.18375053577417558,80,-21.685095158754848,-21.685095158754848,0.2710636894844356,0.004713672678917646,0.0009962315671145916,1.0
stochastic_0_0,"(0-0,0-0)",stochastic,augmented_action_delay,Augmented (+action buffer + delay values),"(0,0)",0,0,0,0,1017000,17,48960,2,2.4255080512011236,0.18375053577417558,80,-22.03639788425062,-22.03639788425062,0.27545497355313275,0.018478013575077057,0.0013978033093735576,1.0
stochastic_0_0,"(0-0,0-0)",stochastic,augmented_action_delay,Augmented (+action buffer + delay values),"(0,0)",0,0,0,0,1017000,17,48960,3,2.4255080512011236,0.18375053577417558,80,-20.741770851891488,-20.741770851891488,0.2592721356486436,0.03011607751250267,0.0022604363039135933,1.0
stochastic_0_0,"(0-0,0-0)",stochastic,augmented_action_delay,Augmented (+action buffer + delay values),"(0,0)",0,0,0,0,1017000,17,48960,4,2.4255080512011236,0.18375053577417558,80,-17.33330622536596,-17.33330622536596,0.21666632781707448,0.005466768983751535,0.0010376863647252321,1.0
stochastic_0_0,"(0-0,0-0)",stochastic,augmented_action_delay,Augmented (+action buffer + delay values),"(0,0)",0,0,0,0,1017000,17,48960,5,2.4255080512011236,0.18375053577417558,80,-24.911909773363732,-24.911909773363732,0.31139887216704665,0.011401292867958546,0.0014586482429876924,1.0
stochastic_0_0,"(0-0,0-0)",stochastic,augmented_action_delay,Augmented (+action buffer + delay values),"(0,0)",0,0,0,0,1017000,17,48960,6,2.4255080512011236,0.18375053577417558,80,-27.092424172791652,-27.092424172791652,0.33865530215989564,0.00494168559089303,0.0005821828963235021,1.0
stochastic_0_0,"(0-0,0-0)",stochastic,augmented_action_delay,Augmented (+action buffer + delay values),"(0,0)",0,0,0,0,1017000,17,48960,7,2.4255080512011236,0.18375053577417558,80,-23.680550900055096,-23.680550900055096,0.2960068862506887,0.010729040019214153,0.0027508928906172514,1.0
stochastic_0_0,"(0-0,0-0)",stochastic,augmented_action_delay,Augmented (+action buffer + delay values),"(0,0)",0,0,0,0,1018000,18,51840,0,2.4255080512011236,0.18375053577417558,80,-21.570347934262827,-21.570347934262827,0.26962934917828535,0.00315460585989058,0.0009219062048941851,1.0
stochastic_0_0,"(0-0,0-0)",stochastic,augmented_action_delay,Augmented (+action buffer + delay values),"(0,0)",0,0,0,0,1018000,18,51840,1,2.4255080512011236,0.18375053577417558,80,-23.572219491936266,-23.572219491936266,0.29465274364920335,0.017139337956905365,0.002275989856570959,1.0
stochastic_0_0,"(0-0,0-0)",stochastic,augmented_action_delay,Augmented (+action buffer + delay values),"(0,0)",0,0,0,0,1018000,18,51840,2,2.4255080512011236,0.18375053577417558,80,-24.243189419154078,-24.243189419154078,0.303039867739426,0.0016055700834840536,0.0016055700834840536,1.0
stochastic_0_0,"(0-0,0-0)",stochastic,augmented_action_delay,Augmented (+action buffer + delay values),"(0,0)",0,0,0,0,1018000,18,51840,3,2.4255080512011236,0.18375053577417558,80,-19.132801022031344,-19.132801022031344,0.2391600127753918,0.01721433736383915,0.0010914849117398262,1.0
stochastic_0_0,"(0-0,0-0)",stochastic,augmented_action_delay,Augmented (+action buffer + delay values),"(0,0)",0,0,0,0,1018000,18,51840,4,2.4255080512011236,0.18375053577417558,80,-24.43309824366588,-24.43309824366588,0.3054137280458235,0.007340356707572937,0.001866043428890407,1.0
stochastic_0_0,"(0-0,0-0)",stochastic,augmented_action_delay,Augmented (+action buffer + delay values),"(0,0)",0,0,0,0,1018000,18,51840,5,2.4255080512011236,0.18375053577417558,80,-20.355835644935723,-20.355835644935723,0.25444794556169653,0.013158898800611496,0.000941644364502281,1.0
stochastic_0_0,"(0-0,0-0)",stochastic,augmented_action_delay,Augmented (+action buffer + delay values),"(0,0)",0,0,0,0,1018000,18,51840,6,2.4255080512011236,0.18375053577417558,80,-26.798621399560943,-26.798621399560943,0.3349827674945118,0.023084476590156555,0.003505029948428273,1.0
stochastic_0_0,"(0-0,0-0)",stochastic,augmented_action_delay,Augmented (+action buffer + delay values),"(0,0)",0,0,0,0,1018000,18,51840,7,2.4255080512011236,0.18375053577417558,80,-26.140982608892955,-26.140982608892955,0.3267622826111619,0.011014501564204693,0.0009895872790366411,1.0
stochastic_0_0,"(0-0,0-0)",stochastic,augmented_action_delay,Augmented (+action buffer + delay values),"(0,0)",0,0,0,0,1019000,19,54720,0,2.4255080512011236,0.18375053577417558,80,-20.505596697796136,-20.505596697796136,0.2563199587224517,0.013174799270927906,0.002290144329890609,1.0
stochastic_0_0,"(0-0,0-0)",stochastic,augmented_action_delay,Augmented (+action buffer + delay values),"(0,0)",0,0,0,0,1019000,19,54720,1,2.4255080512011236,0.18375053577417558,80,-20.44973311200738,-20.44973311200738,0.2556216639000922,0.02256017178297043,0.0023362389765679836,1.0
stochastic_0_0,"(0-0,0-0)",stochastic,augmented_action_delay,Augmented (+action buffer + delay values),"(0,0)",0,0,0,0,1019000,19,54720,2,2.4255080512011236,0.18375053577417558,80,-20.311825228156522,-20.311825228156522,0.25389781535195655,0.01046022493392229,0.0023619092535227537,1.0
stochastic_0_0,"(0-0,0-0)",stochastic,augmented_action_delay,Augmented (+action buffer + delay values),"(0,0)",0,0,0,0,1019000,19,54720,3,2.4255080512011236,0.18375053577417558,80,-20.062421077862382,-20.062421077862382,0.25078026347327975,0.006787651684135199,0.002181806368753314,1.0
stochastic_0_0,"(0-0,0-0)",stochastic,augmented_action_delay,Augmented (+action buffer + delay values),"(0,0)",0,0,0,0,1019000,19,54720,4,2.4255080512011236,0.18375053577417558,80,-24.35055687779095,-24.35055687779095,0.3043819609723869,0.021776076406240463,0.0015833930810913444,1.0
stochastic_0_0,"(0-0,0-0)",stochastic,augmented_action_delay,Augmented (+action buffer + delay values),"(0,0)",0,0,0,0,1019000,19,54720,5,2.4255080512011236,0.18375053577417558,80,-23.663402756676078,-23.663402756676078,0.295792534458451,0.010163823142647743,0.004465397913008928,1.0
stochastic_0_0,"(0-0,0-0)",stochastic,augmented_action_delay,Augmented (+action buffer + delay values),"(0,0)",0,0,0,0,1019000,19,54720,6,2.4255080512011236,0.18375053577417558,80,-20.697253185790032,-20.697253185790032,0.2587156648223754,0.009236731566488743,0.00279068760573864,1.0
stochastic_0_0,"(0-0,0-0)",stochastic,augmented_action_delay,Augmented (+action buffer + delay values),"(0,0)",0,0,0,0,1019000,19,54720,7,2.4255080512011236,0.18375053577417558,80,-21.00722525944002,-21.00722525944002,0.26259031574300024,0.02996060438454151,0.0013291146606206894,1.0
stochastic_0_0,"(0-0,0-0)",stochastic,augmented_action_delay,Augmented (+action buffer + delay values),"(0,0)",0,0,0,0,1020000,20,57600,0,2.5431449384412943,0.2047703521938821,80,-21.3071814046707,-21.3071814046707,0.26633976755838373,0.015118591487407684,0.0011246803915128112,1.0
stochastic_0_0,"(0-0,0-0)",stochastic,augmented_action_delay,Augmented (+action buffer + delay values),"(0,0)",0,0,0,0,1020000,20,57600,1,2.5431449384412943,0.2047703521938821,80,-25.562163711176254,-25.562163711176254,0.3195270463897032,0.014357277192175388,0.0009849739726632833,1.0
stochastic_0_0,"(0-0,0-0)",stochastic,augmented_action_delay,Augmented (+action buffer + delay values),"(0,0)",0,0,0,0,1020000,20,57600,2,2.5431449384412943,0.2047703521938821,80,-20.532101963530295,-20.532101963530295,0.25665127454412867,0.012462100014090538,0.0014659560984000564,1.0
stochastic_0_0,"(0-0,0-0)",stochastic,augmented_action_delay,Augmented (+action buffer + delay values),"(0,0)",0,0,0,0,1020000,20,57600,3,2.5431449384412943,0.2047703521938821,80,-24.849416774173733,-24.849416774173733,0.31061770967717167,0.012745748274028301,0.0008635925478301942,1.0
stochastic_0_0,"(0-0,0-0)",stochastic,augmented_action_delay,Augmented (+action buffer + delay values),"(0,0)",0,0,0,0,1020000,20,57600,4,2.5431449384412943,0.2047703521938821,80,-24.717929257138167,-24.717929257138167,0.30897411571422706,0.009158198721706867,0.0007907067774794996,1.0
stochastic_0_0,"(0-0,0-0)",stochastic,augmented_action_delay,Augmented (+action buffer + delay values),"(0,0)",0,0,0,0,1020000,20,57600,5,2.5431449384412943,0.2047703521938821,80,-21.02162696683081,-21.02162696683081,0.2627703370853851,0.012128910049796104,0.0007017150637693703,1.0
stochastic_0_0,"(0-0,0-0)",stochastic,augmented_action_delay,Augmented (+action buffer + delay values),"(0,0)",0,0,0,0,1020000,20,57600,6,2.5431449384412943,0.2047703521938821,80,-23.508849301491864,-23.508849301491864,0.2938606162686483,0.013474312610924244,0.0015440703136846423,1.0
stochastic_0_0,"(0-0,0-0)",stochastic,augmented_action_delay,Augmented (+action buffer + delay values),"(0,0)",0,0,0,0,1020000,20,57600,7,2.5431449384412943,0.2047703521938821,80,-24.764636024134234,-24.764636024134234,0.30955795030167793,0.009688119404017925,0.0017008811701089144,1.0
stochastic_0_0,"(0-0,0-0)",stochastic,augmented_action_delay,Augmented (+action buffer + delay values),"(0,0)",0,0,0,0,1021000,21,60480,0,2.5431449384412943,0.2047703521938821,80,-21.23169075755868,-21.23169075755868,0.2653961344694835,0.020260397344827652,0.0015472463564947248,1.0
stochastic_0_0,"(0-0,0-0)",stochastic,augmented_action_delay,Augmented (+action buffer + delay values),"(0,0)",0,0,0,0,1021000,21,60480,1,2.5431449384412943,0.2047703521938821,80,-23.377146106096916,-23.377146106096916,0.29221432632621147,0.00896813441067934,0.0017638822318986058,1.0
stochastic_0_0,"(0-0,0-0)",stochastic,augmented_action_delay,Augmented (+action buffer + delay values),"(0,0)",0,0,0,0,1021000,21,60480,2,2.5431449384412943,0.2047703521938821,80,-26.51073971448932,-26.51073971448932,0.33138424643111647,0.010296501219272614,0.0014117960818111897,1.0
stochastic_0_0,"(0-0,0-0)",stochastic,augmented_action_delay,Augmented (+action buffer + delay values),"(0,0)",0,0,0,0,1021000,21,60480,3,2.5431449384412943,0.2047703521938821,80,-22.65047023491934,-22.65047023491934,0.2831308779364917,0.009220200590789318,0.0048902807757258415,1.0
stochastic_0_0,"(0-0,0-0)",stochastic,augmented_action_delay,Augmented (+action buffer + delay values),"(0,0)",0,0,0,0,1021000,21,60480,4,2.5431449384412943,0.2047703521938821,80,-21.800051565747708,-21.800051565747708,0.27250064457184636,0.018623964861035347,0.004038895945996046,1.0
stochastic_0_0,"(0-0,0-0)",stochastic,augmented_action_delay,Augmented (+action buffer + delay values),"(0,0)",0,0,0,0,1021000,21,60480,5,2.5431449384412943,0.2047703521938821,80,-19.165946501889266,-19.165946501889266,0.23957433127361583,0.011421631090342999,0.0016142390668392181,1.0
stochastic_0_0,"(0-0,0-0)",stochastic,augmented_action_delay,Augmented (+action buffer + delay values),"(0,0)",0,0,0,0,1021000,21,60480,6,2.5431449384412943,0.2047703521938821,80,-20.653531675459817,-20.653531675459817,0.2581691459432477,0.02098306268453598,0.0016755295218899846,1.0
stochastic_0_0,"(0-0,0-0)",stochastic,augmented_action_delay,Augmented (+action buffer + delay values),"(0,0)",0,0,0,0,1021000,21,60480,7,2.5431449384412943,0.2047703521938821,80,-19.528359592077322,-19.528359592077322,0.24410449490096653,0.001277715084142983,0.001277715084142983,1.0
stochastic_0_0,"(0-0,0-0)",stochastic,augmented_action_delay,Augmented (+action buffer + delay values),"(0,0)",0,0,0,0,1022000,22,63360,0,2.5431449384412943,0.2047703521938821,80,-20.689833195181563,-20.689833195181563,0.2586229149397695,0.00846371240913868,0.0008551052305847406,1.0
stochastic_0_0,"(0-0,0-0)",stochastic,augmented_action_delay,Augmented (+action buffer + delay values),"(0,0)",0,0,0,0,1022000,22,63360,1,2.5431449384412943,0.2047703521938821,80,-20.02591298520565,-20.02591298520565,0.2503239123150706,0.010240194387733936,0.003912134561687708,1.0
stochastic_0_0,"(0-0,0-0)",stochastic,augmented_action_delay,Augmented (+action buffer + delay values),"(0,0)",0,0,0,0,1022000,22,63360,2,2.5431449384412943,0.2047703521938821,80,-24.58336944086477,-24.58336944086477,0.30729211801080963,0.006248414516448975,0.002527985256165266,1.0
stochastic_0_0,"(0-0,0-0)",stochastic,augmented_action_delay,Augmented (+action buffer + delay values),"(0,0)",0,0,0,0,1022000,22,63360,3,2.5431449384412943,0.2047703521938821,80,-18.579821803723462,-18.579821803723462,0.23224777254654327,0.0192766934633255,0.0012385689187794924,1.0
stochastic_0_0,"(0-0,0-0)",stochastic,augmented_action_delay,Augmented (+action buffer + delay values),"(0,0)",0,0,0,0,1022000,22,63360,4,2.5431449384412943,0.2047703521938821,80,-20.060297645861283,-20.060297645861283,0.25075372057326606,0.009061602875590324,0.0016772241797298193,1.0
stochastic_0_0,"(0-0,0-0)",stochastic,augmented_action_delay,Augmented (+action buffer + delay values),"(0,0)",0,0,0,0,1022000,22,63360,5,2.5431449384412943,0.2047703521938821,80,-19.733242271933705,-19.733242271933705,0.2466655283991713,0.008455980569124222,0.004554001148790121,1.0
stochastic_0_0,"(0-0,0-0)",stochastic,augmented_action_delay,Augmented (+action buffer + delay values),"(0,0)",0,0,0,0,1022000,22,63360,6,2.5431449384412943,0.2047703521938821,80,-21.791546448366717,-21.791546448366717,0.27239433060458396,0.014975190162658691,0.0017480850219726562,1.0
stochastic_0_0,"(0-0,0-0)",stochastic,augmented_action_delay,Augmented (+action buffer + delay values),"(0,0)",0,0,0,0,1022000,22,63360,7,2.5431449384412943,0.2047703521938821,80,-23.693061338737607,-23.693061338737607,0.2961632667342201,0.01659497804939747,0.003615211695432663,1.0
stochastic_0_0,"(0-0,0-0)",stochastic,augmented_action_delay,Augmented (+action buffer + delay values),"(0,0)",0,0,0,0,1023000,23,66240,0,2.5431449384412943,0.2047703521938821,80,-20.58830599708017,-20.58830599708017,0.2573538249635021,0.022625256329774857,0.0014630977530032396,1.0
stochastic_0_0,"(0-0,0-0)",stochastic,augmented_action_delay,Augmented (+action buffer + delay values),"(0,0)",0,0,0,0,1023000,23,66240,1,2.5431449384412943,0.2047703521938821,80,-26.18711634504143,-26.18711634504143,0.3273389543130179,0.014446983113884926,0.001682507456280291,1.0
stochastic_0_0,"(0-0,0-0)",stochastic,augmented_action_delay,Augmented (+action buffer + delay values),"(0,0)",0,0,0,0,1023000,23,66240,2,2.5431449384412943,0.2047703521938821,80,-24.708180458750576,-24.708180458750576,0.3088522557343822,0.0064247683621943,0.001213536597788334,1.0
stochastic_0_0,"(0-0,0-0)",stochastic,augmented_action_delay,Augmented (+action buffer + delay values),"(0,0)",0,0,0,0,1023000,23,66240,3,2.5431449384412943,0.2047703521938821,80,-20.968221992254257,-20.968221992254257,0.26210277490317824,0.012007121928036213,0.004059253726154566,1.0
stochastic_0_0,"(0-0,0-0)",stochastic,augmented_action_delay,Augmented (+action buffer + delay values),"(0,0)",0,0,0,0,1023000,23,66240,4,2.5431449384412943,0.2047703521938821,80,-20.924743804964237,-20.924743804964237,0.261559297562053,0.022156374529004097,0.001077966415323317,1.0
stochastic_0_0,"(0-0,0-0)",stochastic,augmented_action_delay,Augmented (+action buffer + delay values),"(0,0)",0,0,0,0,1023000,23,66240,5,2.5431449384412943,0.2047703521938821,80,-18.5574180141557,-18.5574180141557,0.23196772517694625,0.006808851379901171,0.0018303676042705774,1.0
stochastic_0_0,"(0-0,0-0)",stochastic,augmented_action_delay,Augmented (+action buffer + delay values),"(0,0)",0,0,0,0,1023000,23,66240,6,2.5431449384412943,0.2047703521938821,80,-21.79303625714965,-21.79303625714965,0.27241295321437065,0.008585235103964806,0.002029287163168192,1.0
stochastic_0_0,"(0-0,0-0)",stochastic,augmented_action_delay,Augmented (+action buffer + delay values),"(0,0)",0,0,0,0,1023000,23,66240,7,2.5431449384412943,0.2047703521938821,80,-21.926687879837118,-21.926687879837118,0.274083598497964,0.005473089404404163,0.0011113873915746808,1.0
stochastic_0_0,"(0-0,0-0)",stochastic,augmented_action_delay,Augmented (+action buffer + delay values),"(0,0)",0,0,0,0,1024000,24,69120,0,2.5431449384412943,0.2047703521938821,80,-23.69706790719647,-23.69706790719647,0.29621334883995587,0.012455231510102749,0.0017995339585468173,1.0
stochastic_0_0,"(0-0,0-0)",stochastic,augmented_action_delay,Augmented (+action buffer + delay values),"(0,0)",0,0,0,0,1024000,24,69120,1,2.5431449384412943,0.2047703521938821,80,-23.274892441928387,-23.274892441928387,0.29093615552410484,0.0056581199169158936,0.002615450182929635,1.0
stochastic_0_0,"(0-0,0-0)",stochastic,augmented_action_delay,Augmented (+action buffer + delay values),"(0,0)",0,0,0,0,1024000,24,69120,2,2.5431449384412943,0.2047703521938821,80,-21.601338067092,-21.601338067092,0.27001672583865,0.009602654725313187,0.0015673530288040638,1.0
stochastic_0_0,"(0-0,0-0)",stochastic,augmented_action_delay,Augmented (+action buffer + delay values),"(0,0)",0,0,0,0,1024000,24,69120,3,2.5431449384412943,0.2047703521938821,80,-22.97662178275641,-22.97662178275641,0.28720777228445515,0.00552855571731925,0.0019232603954151273,1.0
stochastic_0_0,"(0-0,0-0)",stochastic,augmented_action_delay,Augmented (+action buffer + delay values),"(0,0)",0,0,0,0,1024000,24,69120,4,2.5431449384412943,0.2047703521938821,80,-22.544592446414754,-22.544592446414754,0.2818074055801844,0.014787193387746811,0.0015703330282121897,1.0
stochastic_0_0,"(0-0,0-0)",stochastic,augmented_action_delay,Augmented (+action buffer + delay values),"(0,0)",0,0,0,0,1024000,24,69120,5,2.5431449384412943,0.2047703521938821,80,-24.695164221338928,-24.695164221338928,0.3086895527667366,0.008097494021058083,0.0013823702465742826,1.0
stochastic_0_0,"(0-0,0-0)",stochastic,augmented_action_delay,Augmented (+action buffer + delay values),"(0,0)",0,0,0,0,1024000,24,69120,6,2.5431449384412943,0.2047703521938821,80,-20.908914417261258,-20.908914417261258,0.26136143021576574,0.003444473724812269,0.00037970650009810925,1.0
stochastic_0_0,"(0-0,0-0)",stochastic,augmented_action_delay,Augmented (+action buffer + delay values),"(0,0)",0,0,0,0,1024000,24,69120,7,2.5431449384412943,0.2047703521938821,80,-17.548916048486717,-17.548916048486717,0.21936145060608397,0.01860073395073414,0.0017356894677504897,1.0
stochastic_0_0,"(0-0,0-0)",stochastic,augmented_action_delay,Augmented (+action buffer + delay values),"(0,0)",0,0,0,0,1100000,0,0,0,0.7592573860315994,0.2384058440442351,80,-32.27104413928464,-32.27104413928464,0.403388051741058,0.004939730744808912,0.004939730744808912,1.0
stochastic_0_0,"(0-0,0-0)",stochastic,augmented_action_delay,Augmented (+action buffer + delay values),"(0,0)",0,0,0,0,1100000,0,0,1,0.7592573860315994,0.2384058440442351,80,-26.757137228385545,-26.757137228385545,0.3344642153548193,0.014043721370398998,0.001535717980004847,1.0
stochastic_0_0,"(0-0,0-0)",stochastic,augmented_action_delay,Augmented (+action buffer + delay values),"(0,0)",0,0,0,0,1100000,0,0,2,0.7592573860315994,0.2384058440442351,80,-30.55742079950869,-30.55742079950869,0.3819677599938586,0.041425835341215134,0.014098209328949451,1.0
stochastic_0_0,"(0-0,0-0)",stochastic,augmented_action_delay,Augmented (+action buffer + delay values),"(0,0)",0,0,0,0,1100000,0,0,3,0.7592573860315994,0.2384058440442351,80,-34.30959830712527,-34.30959830712527,0.42886997883906586,0.024846279993653297,0.012354676611721516,1.0
stochastic_0_0,"(0-0,0-0)",stochastic,augmented_action_delay,Augmented (+action buffer + delay values),"(0,0)",0,0,0,0,1100000,0,0,4,0.7592573860315994,0.2384058440442351,80,-31.96692967833951,-31.96692967833951,0.3995866209792439,0.0024355724453926086,0.0024355724453926086,1.0
stochastic_0_0,"(0-0,0-0)",stochastic,augmented_action_delay,Augmented (+action buffer + delay values),"(0,0)",0,0,0,0,1100000,0,0,5,0.7592573860315994,0.2384058440442351,80,-35.14045196399093,-35.14045196399093,0.4392556495498866,0.042319826781749725,0.042319826781749725,1.0
stochastic_0_0,"(0-0,0-0)",stochastic,augmented_action_delay,Augmented (+action buffer + delay values),"(0,0)",0,0,0,0,1100000,0,0,6,0.7592573860315994,0.2384058440442351,80,-36.28521064123197,-36.28521064123197,0.45356513301539964,9.18806908885017e-05,9.18806908885017e-05,1.0
stochastic_0_0,"(0-0,0-0)",stochastic,augmented_action_delay,Augmented (+action buffer + delay values),"(0,0)",0,0,0,0,1100000,0,0,7,0.7592573860315994,0.2384058440442351,80,-35.34048915654421,-35.34048915654421,0.44175611445680263,0.03381199762225151,0.024500489234924316,1.0
stochastic_0_0,"(0-0,0-0)",stochastic,augmented_action_delay,Augmented (+action buffer + delay values),"(0,0)",0,0,0,0,1101000,1,2880,0,2.1608574241331837,0.5142979758609466,80,-19.09440419956809,-19.09440419956809,0.2386800524946011,0.010562640614807606,0.0007344874902628362,1.0
stochastic_0_0,"(0-0,0-0)",stochastic,augmented_action_delay,Augmented (+action buffer + delay values),"(0,0)",0,0,0,0,1101000,1,2880,1,2.1608574241331837,0.5142979758609466,80,-25.990002653270494,-25.990002653270494,0.3248750331658812,0.013412486761808395,0.0007032539579086006,1.0
stochastic_0_0,"(0-0,0-0)",stochastic,augmented_action_delay,Augmented (+action buffer + delay values),"(0,0)",0,0,0,0,1101000,1,2880,2,2.1608574241331837,0.5142979758609466,80,-22.979592057294212,-22.979592057294212,0.28724490071617764,0.014934077858924866,0.0013484081719070673,1.0
stochastic_0_0,"(0-0,0-0)",stochastic,augmented_action_delay,Augmented (+action buffer + delay values),"(0,0)",0,0,0,0,1101000,1,2880,3,2.1608574241331837,0.5142979758609466,80,-24.216289503732696,-24.216289503732696,0.3027036187966587,0.010843079537153244,0.0038236237596720457,1.0
stochastic_0_0,"(0-0,0-0)",stochastic,augmented_action_delay,Augmented (+action buffer + delay values),"(0,0)",0,0,0,0,1101000,1,2880,4,2.1608574241331837,0.5142979758609466,80,-21.214492957806215,-21.214492957806215,0.2651811619725777,0.01606273464858532,0.0020796284079551697,1.0
stochastic_0_0,"(0-0,0-0)",stochastic,augmented_action_delay,Augmented (+action buffer + delay values),"(0,0)",0,0,0,0,1101000,1,2880,5,2.1608574241331837,0.5142979758609466,80,-27.470023636473343,-27.470023636473343,0.3433752954559168,0.021175097674131393,0.002623974112793803,1.0
stochastic_0_0,"(0-0,0-0)",stochastic,augmented_action_delay,Augmented (+action buffer + delay values),"(0,0)",0,0,0,0,1101000,1,2880,6,2.1608574241331837,0.5142979758609466,80,-22.921727102715522,-22.921727102715522,0.286521588783944,0.004358538426458836,0.0024924804456532,1.0
stochastic_0_0,"(0-0,0-0)",stochastic,augmented_action_delay,Augmented (+action buffer + delay values),"(0,0)",0,0,0,0,1101000,1,2880,7,2.1608574241331837,0.5142979758609466,80,-22.77988611999899,-22.77988611999899,0.2847485764999874,0.004181676544249058,0.0022347699850797653,1.0
stochastic_0_0,"(0-0,0-0)",stochastic,augmented_action_delay,Augmented (+action buffer + delay values),"(0,0)",0,0,0,0,1102000,2,5760,0,2.7451948024124433,0.6548311035773383,80,-21.868529309984297,-21.868529309984297,0.2733566163748037,0.005836493335664272,0.001132884295657277,1.0
stochastic_0_0,"(0-0,0-0)",stochastic,augmented_action_delay,Augmented (+action buffer + delay values),"(0,0)",0,0,0,0,1102000,2,5760,1,2.7451948024124433,0.6548311035773383,80,-22.73032594891265,-22.73032594891265,0.2841290743614081,0.0009658533381298184,0.0007757482817396522,1.0
stochastic_0_0,"(0-0,0-0)",stochastic,augmented_action_delay,Augmented (+action buffer + delay values),"(0,0)",0,0,0,0,1102000,2,5760,2,2.7451948024124433,0.6548311035773383,80,-18.86933881533332,-18.86933881533332,0.2358667351916665,0.01028202474117279,0.003320601535961032,1.0
stochastic_0_0,"(0-0,0-0)",stochastic,augmented_action_delay,Augmented (+action buffer + delay values),"(0,0)",0,0,0,0,1102000,2,5760,3,2.7451948024124433,0.6548311035773383,80,-25.527137625496835,-25.527137625496835,0.31908922031871045,0.015329835005104542,0.001294712070375681,1.0
stochastic_0_0,"(0-0,0-0)",stochastic,augmented_action_delay,Augmented (+action buffer + delay values),"(0,0)",0,0,0,0,1102000,2,5760,4,2.7451948024124433,0.6548311035773383,80,-19.239853623555973,-19.239853623555973,0.24049817029444967,0.01265267375856638,0.002282956149429083,1.0
stochastic_0_0,"(0-0,0-0)",stochastic,augmented_action_delay,Augmented (+action buffer + delay values),"(0,0)",0,0,0,0,1102000,2,5760,5,2.7451948024124433,0.6548311035773383,80,-24.733801950584166,-24.733801950584166,0.3091725243823021,0.006813433486968279,0.0018906755140051246,1.0
stochastic_0_0,"(0-0,0-0)",stochastic,augmented_action_delay,Augmented (+action buffer + delay values),"(0,0)",0,0,0,0,1102000,2,5760,6,2.7451948024124433,0.6548311035773383,80,-20.313237133901566,-20.313237133901566,0.2539154641737696,0.014776178635656834,0.002002365654334426,1.0
stochastic_0_0,"(0-0,0-0)",stochastic,augmented_action_delay,Augmented (+action buffer + delay values),"(0,0)",0,0,0,0,1102000,2,5760,7,2.7451948024124433,0.6548311035773383,80,-18.183681066380814,-18.183681066380814,0.22729601332976018,0.0036088235210627317,0.001482395688071847,1.0
stochastic_0_0,"(0-0,0-0)",stochastic,augmented_action_delay,Augmented (+action buffer + delay values),"(0,0)",0,0,0,0,1103000,3,8640,0,2.7451948024124433,0.6548311035773383,80,-22.48410114319995,-22.48410114319995,0.2810512642899994,0.009644239209592342,0.0037616845220327377,1.0
stochastic_0_0,"(0-0,0-0)",stochastic,augmented_action_delay,Augmented (+action buffer + delay values),"(0,0)",0,0,0,0,1103000,3,8640,1,2.7451948024124433,0.6548311035773383,80,-24.10282002214808,-24.10282002214808,0.301285250276851,0.009978110902011395,0.000647646957077086,1.0
stochastic_0_0,"(0-0,0-0)",stochastic,augmented_action_delay,Augmented (+action buffer + delay values),"(0,0)",0,0,0,0,1103000,3,8640,2,2.7451948024124433,0.6548311035773383,80,-20.732146643684246,-20.732146643684246,0.25915183304605305,0.012267005629837513,0.0005057041998952627,1.0
stochastic_0_0,"(0-0,0-0)",stochastic,augmented_action_delay,Augmented (+action buffer + delay values),"(0,0)",0,0,0,0,1103000,3,8640,3,2.7451948024124433,0.6548311035773383,80,-20.569461419188883,-20.569461419188883,0.257118267739861,0.008257286623120308,0.0008617860148660839,1.0
stochastic_0_0,"(0-0,0-0)",stochastic,augmented_action_delay,Augmented (+action buffer + delay values),"(0,0)",0,0,0,0,1103000,3,8640,4,2.7451948024124433,0.6548311035773383,80,-22.137075713137165,-22.137075713137165,0.2767134464142146,0.014000998809933662,0.0016971260774880648,1.0
stochastic_0_0,"(0-0,0-0)",stochastic,augmented_action_delay,Augmented (+action buffer + delay values),"(0,0)",0,0,0,0,1103000,3,8640,5,2.7451948024124433,0.6548311035773383,80,-25.3110889128875,-25.3110889128875,0.31638861141109376,0.009831168688833714,0.000910298665985465,1.0
stochastic_0_0,"(0-0,0-0)",stochastic,augmented_action_delay,Augmented (+action buffer + delay values),"(0,0)",0,0,0,0,1103000,3,8640,6,2.7451948024124433,0.6548311035773383,80,-20.32588856096845,-20.32588856096845,0.25407360701210563,0.01049104519188404,0.0012976009165868163,1.0
stochastic_0_0,"(0-0,0-0)",stochastic,augmented_action_delay,Augmented (+action buffer + delay values),"(0,0)",0,0,0,0,1103000,3,8640,7,2.7451948024124433,0.6548311035773383,80,-20.236030745436437,-20.236030745436437,0.25295038431795547,0.007617578841745853,0.0017179121496155858,1.0
stochastic_0_0,"(0-0,0-0)",stochastic,augmented_action_delay,Augmented (+action buffer + delay values),"(0,0)",0,0,0,0,1104000,4,11520,0,2.7451948024124433,0.6548311035773383,80,-25.1261454540072,-25.1261454540072,0.31407681817509003,0.009992743842303753,0.0011777897598221898,1.0
stochastic_0_0,"(0-0,0-0)",stochastic,augmented_action_delay,Augmented (+action buffer + delay values),"(0,0)",0,0,0,0,1104000,4,11520,1,2.7451948024124433,0.6548311035773383,80,-23.049748088233173,-23.049748088233173,0.28812185110291466,0.00821011234074831,0.0022972985170781612,1.0
stochastic_0_0,"(0-0,0-0)",stochastic,augmented_action_delay,Augmented (+action buffer + delay values),"(0,0)",0,0,0,0,1104000,4,11520,2,2.7451948024124433,0.6548311035773383,80,-23.98628293426009,-23.98628293426009,0.2998285366782511,0.018823103979229927,0.0008308303658850491,1.0
stochastic_0_0,"(0-0,0-0)",stochastic,augmented_action_delay,Augmented (+action buffer + delay values),"(0,0)",0,0,0,0,1104000,4,11520,3,2.7451948024124433,0.6548311035773383,80,-24.83114191587083,-24.83114191587083,0.3103892739483854,0.013310244306921959,0.002600528998300433,1.0
stochastic_0_0,"(0-0,0-0)",stochastic,augmented_action_delay,Augmented (+action buffer + delay values),"(0,0)",0,0,0,0,1104000,4,11520,4,2.7451948024124433,0.6548311035773383,80,-21.660186114138924,-21.660186114138924,0.2707523264267365,0.00447499006986618,0.0016981778899207711,1.0
stochastic_0_0,"(0-0,0-0)",stochastic,augmented_action_delay,Augmented (+action buffer + delay values),"(0,0)",0,0,0,0,1104000,4,11520,5,2.7451948024124433,0.6548311035773383,80,-21.44972544547636,-21.44972544547636,0.2681215680684545,0.012999980710446835,0.0016519887140020728,1.0
stochastic_0_0,"(0-0,0-0)",stochastic,augmented_action_delay,Augmented (+action buffer + delay values),"(0,0)",0,0,0,0,1104000,4,11520,6,2.7451948024124433,0.6548311035773383,80,-21.564671048312448,-21.564671048312448,0.2695583881039056,0.017784232273697853,0.0010752097005024552,1.0
stochastic_0_0,"(0-0,0-0)",stochastic,augmented_action_delay,Augmented (+action buffer + delay values),"(0,0)",0,0,0,0,1104000,4,11520,7,2.7451948024124433,0.6548311035773383,80,-23.78416628576815,-23.78416628576815,0.2973020785721019,0.0066224355250597,0.0024777317885309458,1.0
stochastic_0_0,"(0-0,0-0)",stochastic,augmented_action_delay,Augmented (+action buffer + delay values),"(0,0)",0,0,0,0,1105000,5,14400,0,2.7451948024124433,0.6548311035773383,80,-17.68967855372466,-17.68967855372466,0.22112098192155827,0.009773475117981434,0.0011608513304963708,1.0
stochastic_0_0,"(0-0,0-0)",stochastic,augmented_action_delay,Augmented (+action buffer + delay values),"(0,0)",0,0,0,0,1105000,5,14400,1,2.7451948024124433,0.6548311035773383,80,-19.87421886238735,-19.87421886238735,0.2484277357798419,0.004591486416757107,0.0013735919492319226,1.0
stochastic_0_0,"(0-0,0-0)",stochastic,augmented_action_delay,Augmented (+action buffer + delay values),"(0,0)",0,0,0,0,1105000,5,14400,2,2.7451948024124433,0.6548311035773383,80,-21.414278723765165,-21.414278723765165,0.26767848404706457,0.005966465920209885,0.002684849314391613,1.0
stochastic_0_0,"(0-0,0-0)",stochastic,augmented_action_delay,Augmented (+action buffer + delay values),"(0,0)",0,0,0,0,1105000,5,14400,3,2.7451948024124433,0.6548311035773383,80,-28.136006237240508,-28.136006237240508,0.35170007796550634,0.012134636752307415,0.0009259170619770885,1.0
stochastic_0_0,"(0-0,0-0)",stochastic,augmented_action_delay,Augmented (+action buffer + delay values),"(0,0)",0,0,0,0,1105000,5,14400,4,2.7451948024124433,0.6548311035773383,80,-25.864363757078536,-25.864363757078536,0.3233045469634817,0.0023173794616013765,0.001347342156805098,1.0
stochastic_0_0,"(0-0,0-0)",stochastic,augmented_action_delay,Augmented (+action buffer + delay values),"(0,0)",0,0,0,0,1105000,5,14400,5,2.7451948024124433,0.6548311035773383,80,-26.8235069491202,-26.8235069491202,0.3352938368640025,0.013667304068803787,0.001897182664833963,1.0
stochastic_0_0,"(0-0,0-0)",stochastic,augmented_action_delay,Augmented (+action buffer + delay values),"(0,0)",0,0,0,0,1105000,5,14400,6,2.7451948024124433,0.6548311035773383,80,-22.710188376135193,-22.710188376135193,0.2838773547016899,0.013108759187161922,0.0008270667167380452,1.0
stochastic_0_0,"(0-0,0-0)",stochastic,augmented_action_delay,Augmented (+action buffer + delay values),"(0,0)",0,0,0,0,1105000,5,14400,7,2.7451948024124433,0.6548311035773383,80,-20.332565003831405,-20.332565003831405,0.25415706254789255,0.007867437787353992,0.0005030324100516737,1.0
stochastic_0_0,"(0-0,0-0)",stochastic,augmented_action_delay,Augmented (+action buffer + delay values),"(0,0)",0,0,0,0,1106000,6,17280,0,2.7451948024124433,0.6548311035773383,80,-23.552221892983653,-23.552221892983653,0.29440277366229567,0.0115553243085742,0.0011370583670213819,1.0
stochastic_0_0,"(0-0,0-0)",stochastic,augmented_action_delay,Augmented (+action buffer + delay values),"(0,0)",0,0,0,0,1106000,6,17280,1,2.7451948024124433,0.6548311035773383,80,-24.76690497295931,-24.76690497295931,0.3095863121619914,0.005492277443408966,0.004611199256032705,1.0
stochastic_0_0,"(0-0,0-0)",stochastic,augmented_action_delay,Augmented (+action buffer + delay values),"(0,0)",0,0,0,0,1106000,6,17280,2,2.7451948024124433,0.6548311035773383,80,-20.722966675879434,-20.722966675879434,0.2590370834484929,0.001685519004240632,0.001685519004240632,1.0
stochastic_0_0,"(0-0,0-0)",stochastic,augmented_action_delay,Augmented (+action buffer + delay values),"(0,0)",0,0,0,0,1106000,6,17280,3,2.7451948024124433,0.6548311035773383,80,-24.402046466246247,-24.402046466246247,0.30502558082807807,0.014292349107563496,0.0021518392022699118,1.0
stochastic_0_0,"(0-0,0-0)",stochastic,augmented_action_delay,Augmented (+action buffer + delay values),"(0,0)",0,0,0,0,1106000,6,17280,4,2.7451948024124433,0.6548311035773383,80,-25.550048776669428,-25.550048776669428,0.31937560970836787,0.015512309968471527,0.002185015007853508,1.0
stochastic_0_0,"(0-0,0-0)",stochastic,augmented_action_delay,Augmented (+action buffer + delay values),"(0,0)",0,0,0,0,1106000,6,17280,5,2.7451948024124433,0.6548311035773383,80,-27.760047940770164,-27.760047940770164,0.34700059925962706,0.0019973672460764647,0.0019493426661938429,1.0
stochastic_0_0,"(0-0,0-0)",stochastic,augmented_action_delay,Augmented (+action buffer + delay values),"(0,0)",0,0,0,0,1106000,6,17280,6,2.7451948024124433,0.6548311035773383,80,-16.805365548236296,-16.805365548236296,0.2100670693529537,0.002205729018896818,0.0021306572016328573,1.0
stochastic_0_0,"(0-0,0-0)",stochastic,augmented_action_delay,Augmented (+action buffer + delay values),"(0,0)",0,0,0,0,1106000,6,17280,7,2.7451948024124433,0.6548311035773383,80,-19.27558785211295,-19.27558785211295,0.24094484815141187,0.005053416360169649,0.0022355038672685623,1.0
stochastic_0_0,"(0-0,0-0)",stochastic,augmented_action_delay,Augmented (+action buffer + delay values),"(0,0)",0,0,0,0,1107000,7,20160,0,2.7451948024124433,0.6548311035773383,80,-22.723541473969817,-22.723541473969817,0.2840442684246227,0.018464626744389534,0.0009062723256647587,1.0
stochastic_0_0,"(0-0,0-0)",stochastic,augmented_action_delay,Augmented (+action buffer + delay values),"(0,0)",0,0,0,0,1107000,7,20160,1,2.7451948024124433,0.6548311035773383,80,-19.209768902044743,-19.209768902044743,0.2401221112755593,0.017851637676358223,0.002677045064046979,1.0
stochastic_0_0,"(0-0,0-0)",stochastic,augmented_action_delay,Augmented (+action buffer + delay values),"(0,0)",0,0,0,0,1107000,7,20160,2,2.7451948024124433,0.6548311035773383,80,-23.658005334204063,-23.658005334204063,0.2957250666775508,0.0017702088225632906,0.0008425485575571656,1.0
stochastic_0_0,"(0-0,0-0)",stochastic,augmented_action_delay,Augmented (+action buffer + delay values),"(0,0)",0,0,0,0,1107000,7,20160,3,2.7451948024124433,0.6548311035773383,80,-22.65054038798553,-22.65054038798553,0.2831317548498191,0.0014815329341217875,0.000326571665937081,1.0
stochastic_0_0,"(0-0,0-0)",stochastic,augmented_action_delay,Augmented (+action buffer + delay values),"(0,0)",0,0,0,0,1107000,7,20160,4,2.7451948024124433,0.6548311035773383,80,-26.07111196871847,-26.07111196871847,0.3258888996089809,0.011569402180612087,0.0022361173760145903,1.0
stochastic_0_0,"(0-0,0-0)",stochastic,augmented_action_delay,Augmented (+action buffer + delay values),"(0,0)",0,0,0,0,1107000,7,20160,5,2.7451948024124433,0.6548311035773383,80,-26.689093358349055,-26.689093358349055,0.3336136669793632,0.008944017812609673,0.0009502884931862354,1.0
stochastic_0_0,"(0-0,0-0)",stochastic,augmented_action_delay,Augmented (+action buffer + delay values),"(0,0)",0,0,0,0,1107000,7,20160,6,2.7451948024124433,0.6548311035773383,80,-24.123707629041746,-24.123707629041746,0.30154634536302183,0.011129307560622692,0.001890106825158,1.0
stochastic_0_0,"(0-0,0-0)",stochastic,augmented_action_delay,Augmented (+action buffer + delay values),"(0,0)",0,0,0,0,1107000,7,20160,7,2.7451948024124433,0.6548311035773383,80,-24.67869486194104,-24.67869486194104,0.308483685774263,0.004124235827475786,0.004124235827475786,1.0
stochastic_0_0,"(0-0,0-0)",stochastic,augmented_action_delay,Augmented (+action buffer + delay values),"(0,0)",0,0,0,0,1108000,8,23040,0,2.7451948024124433,0.6548311035773383,80,-18.299259584280662,-18.299259584280662,0.22874074480350828,0.020002972334623337,0.0014797340845689178,1.0
stochastic_0_0,"(0-0,0-0)",stochastic,augmented_action_delay,Augmented (+action buffer + delay values),"(0,0)",0,0,0,0,1108000,8,23040,1,2.7451948024124433,0.6548311035773383,80,-21.09183312690584,-21.09183312690584,0.263647914086323,0.01629376783967018,0.0006667775451205671,1.0
stochastic_0_0,"(0-0,0-0)",stochastic,augmented_action_delay,Augmented (+action buffer + delay values),"(0,0)",0,0,0,0,1108000,8,23040,2,2.7451948024124433,0.6548311035773383,80,-22.4942939580651,-22.4942939580651,0.28117867447581374,0.01136759202927351,0.0017035937635228038,1.0
stochastic_0_0,"(0-0,0-0)",stochastic,augmented_action_delay,Augmented (+action buffer + delay values),"(0,0)",0,0,0,0,1108000,8,23040,3,2.7451948024124433,0.6548311035773383,80,-21.63862494204659,-21.63862494204659,0.27048281177558237,0.010943002067506313,0.00145787897054106,1.0
stochastic_0_0,"(0-0,0-0)",stochastic,augmented_action_delay,Augmented (+action buffer + delay values),"(0,0)",0,0,0,0,1108000,8,23040,4,2.7451948024124433,0.6548311035773383,80,-21.343983294791542,-21.343983294791542,0.2667997911848943,0.017033087089657784,0.001697760191746056,1.0
stochastic_0_0,"(0-0,0-0)",stochastic,augmented_action_delay,Augmented (+action buffer + delay values),"(0,0)",0,0,0,0,1108000,8,23040,5,2.7451948024124433,0.6548311035773383,80,-21.189221215900034,-21.189221215900034,0.2648652651987504,0.012863527052104473,0.0012922377791255713,1.0
stochastic_0_0,"(0-0,0-0)",stochastic,augmented_action_delay,Augmented (+action buffer + delay values),"(0,0)",0,0,0,0,1108000,8,23040,6,2.7451948024124433,0.6548311035773383,80,-22.234427482355386,-22.234427482355386,0.27793034352944235,0.02496934123337269,0.0017356510506942868,1.0
stochastic_0_0,"(0-0,0-0)",stochastic,augmented_action_delay,Augmented (+action buffer + delay values),"(0,0)",0,0,0,0,1108000,8,23040,7,2.7451948024124433,0.6548311035773383,80,-20.488980027555954,-20.488980027555954,0.2561122503444494,0.006396182347089052,0.000936185650061816,1.0
stochastic_0_0,"(0-0,0-0)",stochastic,augmented_action_delay,Augmented (+action buffer + delay values),"(0,0)",0,0,0,0,1109000,9,25920,0,2.7451948024124433,0.6548311035773383,80,-20.696454653399996,-20.696454653399996,0.2587056831675,0.007193058729171753,0.0009968121303245425,1.0
stochastic_0_0,"(0-0,0-0)",stochastic,augmented_action_delay,Augmented (+action buffer + delay values),"(0,0)",0,0,0,0,1109000,9,25920,1,2.7451948024124433,0.6548311035773383,80,-23.848149375524372,-23.848149375524372,0.2981018671940546,0.003821374848484993,0.001013760338537395,1.0
stochastic_0_0,"(0-0,0-0)",stochastic,augmented_action_delay,Augmented (+action buffer + delay values),"(0,0)",0,0,0,0,1109000,9,25920,2,2.7451948024124433,0.6548311035773383,80,-20.664317916322034,-20.664317916322034,0.25830397395402543,0.006436052266508341,0.0003531280090101063,1.0
stochastic_0_0,"(0-0,0-0)",stochastic,augmented_action_delay,Augmented (+action buffer + delay values),"(0,0)",0,0,0,0,1109000,9,25920,3,2.7451948024124433,0.6548311035773383,80,-20.61180567368865,-20.61180567368865,0.2576475709211081,0.006719285622239113,0.004470651037991047,1.0
stochastic_0_0,"(0-0,0-0)",stochastic,augmented_action_delay,Augmented (+action buffer + delay values),"(0,0)",0,0,0,0,1109000,9,25920,4,2.7451948024124433,0.6548311035773383,80,-21.181838325690478,-21.181838325690478,0.26477297907113095,0.009718416258692741,0.0023281138855963945,1.0
stochastic_0_0,"(0-0,0-0)",stochastic,augmented_action_delay,Augmented (+action buffer + delay values),"(0,0)",0,0,0,0,1109000,9,25920,5,2.7451948024124433,0.6548311035773383,80,-19.821365360578056,-19.821365360578056,0.2477670670072257,0.013659064657986164,0.0005316833849065006,1.0
stochastic_0_0,"(0-0,0-0)",stochastic,augmented_action_delay,Augmented (+action buffer + delay values),"(0,0)",0,0,0,0,1109000,9,25920,6,2.7451948024124433,0.6548311035773383,80,-25.49913335661404,-25.49913335661404,0.31873916695767546,0.013564368709921837,0.0019728054758161306,1.0
stochastic_0_0,"(0-0,0-0)",stochastic,augmented_action_delay,Augmented (+action buffer + delay values),"(0,0)",0,0,0,0,1109000,9,25920,7,2.7451948024124433,0.6548311035773383,80,-24.01372054743115,-24.01372054743115,0.30017150684288935,0.016154488548636436,0.0016232162015512586,1.0
stochastic_0_0,"(0-0,0-0)",stochastic,augmented_action_delay,Augmented (+action buffer + delay values),"(0,0)",0,0,0,0,1110000,10,28800,0,2.7451948024124433,0.6548311035773383,80,-18.89164101611823,-18.89164101611823,0.23614551270147785,0.01713799685239792,0.003910812549293041,1.0
stochastic_0_0,"(0-0,0-0)",stochastic,augmented_action_delay,Augmented (+action buffer + delay values),"(0,0)",0,0,0,0,1110000,10,28800,1,2.7451948024124433,0.6548311035773383,80,-21.040584062808193,-21.040584062808193,0.2630073007851024,0.014730503782629967,0.001019880292005837,1.0
stochastic_0_0,"(0-0,0-0)",stochastic,augmented_action_delay,Augmented (+action buffer + delay values),"(0,0)",0,0,0,0,1110000,10,28800,2,2.7451948024124433,0.6548311035773383,80,-20.183959393645637,-20.183959393645637,0.2522994924205705,0.009686609730124474,0.0013039143523201346,1.0
stochastic_0_0,"(0-0,0-0)",stochastic,augmented_action_delay,Augmented (+action buffer + delay values),"(0,0)",0,0,0,0,1110000,10,28800,3,2.7451948024124433,0.6548311035773383,80,-23.60276334977243,-23.60276334977243,0.2950345418721554,0.005497948732227087,0.001648953533731401,1.0
stochastic_0_0,"(0-0,0-0)",stochastic,augmented_action_delay,Augmented (+action buffer + delay values),"(0,0)",0,0,0,0,1110000,10,28800,4,2.7451948024124433,0.6548311035773383,80,-21.704567584441975,-21.704567584441975,0.2713070948055247,0.02388606406748295,0.0034108555410057306,1.0
stochastic_0_0,"(0-0,0-0)",stochastic,augmented_action_delay,Augmented (+action buffer + delay values),"(0,0)",0,0,0,0,1110000,10,28800,5,2.7451948024124433,0.6548311035773383,80,-21.550433352123946,-21.550433352123946,0.26938041690154935,0.01137776393443346,0.001537746051326394,1.0
stochastic_0_0,"(0-0,0-0)",stochastic,augmented_action_delay,Augmented (+action buffer + delay values),"(0,0)",0,0,0,0,1110000,10,28800,6,2.7451948024124433,0.6548311035773383,80,-22.319576010049786,-22.319576010049786,0.27899470012562233,0.00629808846861124,0.0007938986527733505,1.0
stochastic_0_0,"(0-0,0-0)",stochastic,augmented_action_delay,Augmented (+action buffer + delay values),"(0,0)",0,0,0,0,1110000,10,28800,7,2.7451948024124433,0.6548311035773383,80,-25.08825226186309,-25.08825226186309,0.31360315327328864,0.015137364156544209,0.0014728253008797765,1.0
stochastic_0_0,"(0-0,0-0)",stochastic,augmented_action_delay,Augmented (+action buffer + delay values),"(0,0)",0,0,0,0,1111000,11,31680,0,2.7451948024124433,0.6548311035773383,80,-21.913993957743514,-21.913993957743514,0.27392492447179395,0.005845511332154274,0.0007064991514198482,1.0
stochastic_0_0,"(0-0,0-0)",stochastic,augmented_action_delay,Augmented (+action buffer + delay values),"(0,0)",0,0,0,0,1111000,11,31680,1,2.7451948024124433,0.6548311035773383,80,-27.362584342248738,-27.362584342248738,0.3420323042781092,0.007146459072828293,0.0026960610412061214,1.0
stochastic_0_0,"(0-0,0-0)",stochastic,augmented_action_delay,Augmented (+action buffer + delay values),"(0,0)",0,0,0,0,1111000,11,31680,2,2.7451948024124433,0.6548311035773383,80,-26.36890868388582,-26.36890868388582,0.32961135854857276,0.009883120656013489,0.0017487158766016364,1.0
stochastic_0_0,"(0-0,0-0)",stochastic,augmented_action_delay,Augmented (+action buffer + delay values),"(0,0)",0,0,0,0,1111000,11,31680,3,2.7451948024124433,0.6548311035773383,80,-25.12078004446812,-25.12078004446812,0.3140097505558515,0.020653946325182915,0.0010844209464266896,1.0
stochastic_0_0,"(0-0,0-0)",stochastic,augmented_action_delay,Augmented (+action buffer + delay values),"(0,0)",0,0,0,0,1111000,11,31680,4,2.7451948024124433,0.6548311035773383,80,-20.534744104370475,-20.534744104370475,0.25668430130463094,0.016055148094892502,0.0011556290555745363,1.0
stochastic_0_0,"(0-0,0-0)",stochastic,augmented_action_delay,Augmented (+action buffer + delay values),"(0,0)",0,0,0,0,1111000,11,31680,5,2.7451948024124433,0.6548311035773383,80,-26.569184927328024,-26.569184927328024,0.3321148115916003,0.008085828274488449,0.000695200462359935,1.0
stochastic_0_0,"(0-0,0-0)",stochastic,augmented_action_delay,Augmented (+action buffer + delay values),"(0,0)",0,0,0,0,1111000,11,31680,6,2.7451948024124433,0.6548311035773383,80,-24.099120101542212,-24.099120101542212,0.30123900126927766,0.014239568263292313,0.000977225019596517,1.0
stochastic_0_0,"(0-0,0-0)",stochastic,augmented_action_delay,Augmented (+action buffer + delay values),"(0,0)",0,0,0,0,1111000,11,31680,7,2.7451948024124433,0.6548311035773383,80,-27.406872975756414,-27.406872975756414,0.34258591219695517,0.013433954678475857,0.001259636483155191,1.0
stochastic_0_0,"(0-0,0-0)",stochastic,augmented_action_delay,Augmented (+action buffer + delay values),"(0,0)",0,0,0,0,1112000,12,34560,0,2.7451948024124433,0.6548311035773383,80,-23.54869750456419,-23.54869750456419,0.29435871880705233,0.005107374396175146,0.0019072560826316476,1.0
stochastic_0_0,"(0-0,0-0)",stochastic,augmented_action_delay,Augmented (+action buffer + delay values),"(0,0)",0,0,0,0,1112000,12,34560,1,2.7451948024124433,0.6548311035773383,80,-24.217935128952377,-24.217935128952377,0.3027241891119047,0.010077683255076408,0.0018273155437782407,1.0
stochastic_0_0,"(0-0,0-0)",stochastic,augmented_action_delay,Augmented (+action buffer + delay values),"(0,0)",0,0,0,0,1112000,12,34560,2,2.7451948024124433,0.6548311035773383,80,-23.336100092506967,-23.336100092506967,0.2917012511563371,0.010324489325284958,0.0017770208651199937,1.0
stochastic_0_0,"(0-0,0-0)",stochastic,augmented_action_delay,Augmented (+action buffer + delay values),"(0,0)",0,0,0,0,1112000,12,34560,3,2.7451948024124433,0.6548311035773383,80,-21.08754988736473,-21.08754988736473,0.2635943735920591,0.005030632484704256,0.00105387344956398,1.0
stochastic_0_0,"(0-0,0-0)",stochastic,augmented_action_delay,Augmented (+action buffer + delay values),"(0,0)",0,0,0,0,1112000,12,34560,4,2.7451948024124433,0.6548311035773383,80,-24.112674054398667,-24.112674054398667,0.3014084256799833,0.003838261356577277,0.000855355232488364,1.0
stochastic_0_0,"(0-0,0-0)",stochastic,augmented_action_delay,Augmented (+action buffer + delay values),"(0,0)",0,0,0,0,1112000,12,34560,5,2.7451948024124433,0.6548311035773383,80,-27.505995164450724,-27.505995164450724,0.34382493955563403,0.010622135363519192,0.0005466007278300822,1.0
stochastic_0_0,"(0-0,0-0)",stochastic,augmented_action_delay,Augmented (+action buffer + delay values),"(0,0)",0,0,0,0,1112000,12,34560,6,2.7451948024124433,0.6548311035773383,80,-22.601982068270445,-22.601982068270445,0.28252477585338054,0.02210659720003605,0.001382550224661827,1.0
stochastic_0_0,"(0-0,0-0)",stochastic,augmented_action_delay,Augmented (+action buffer + delay values),"(0,0)",0,0,0,0,1112000,12,34560,7,2.7451948024124433,0.6548311035773383,80,-24.217913086526096,-24.217913086526096,0.3027239135815762,0.021721065044403076,0.00208044471219182,1.0
stochastic_0_0,"(0-0,0-0)",stochastic,augmented_action_delay,Augmented (+action buffer + delay values),"(0,0)",0,0,0,0,1113000,13,37440,0,2.7451948024124433,0.6548311035773383,80,-21.584122999571264,-21.584122999571264,0.2698015374946408,0.011120641604065895,0.005609845742583275,1.0
stochastic_0_0,"(0-0,0-0)",stochastic,augmented_action_delay,Augmented (+action buffer + delay values),"(0,0)",0,0,0,0,1113000,13,37440,1,2.7451948024124433,0.6548311035773383,80,-23.38430301717017,-23.38430301717017,0.2923037877146271,0.004423905164003372,0.001179233775474131,1.0
stochastic_0_0,"(0-0,0-0)",stochastic,augmented_action_delay,Augmented (+action buffer + delay values),"(0,0)",0,0,0,0,1113000,13,37440,2,2.7451948024124433,0.6548311035773383,80,-22.37108590680873,-22.37108590680873,0.27963857383510915,0.004196100868284702,0.000715597125235945,1.0
stochastic_0_0,"(0-0,0-0)",stochastic,augmented_action_delay,Augmented (+action buffer + delay values),"(0,0)",0,0,0,0,1113000,13,37440,3,2.7451948024124433,0.6548311035773383,80,-20.61244208109565,-20.61244208109565,0.2576555260136956,0.028083011507987976,0.0021227181423455477,1.0
stochastic_0_0,"(0-0,0-0)",stochastic,augmented_action_delay,Augmented (+action buffer + delay values),"(0,0)",0,0,0,0,1113000,13,37440,4,2.7451948024124433,0.6548311035773383,80,-22.693448578356765,-22.693448578356765,0.28366810722945957,0.014490876346826553,0.0016218050150200725,1.0
stochastic_0_0,"(0-0,0-0)",stochastic,augmented_action_delay,Augmented (+action buffer + delay values),"(0,0)",0,0,0,0,1113000,13,37440,5,2.7451948024124433,0.6548311035773383,80,-25.761569029302336,-25.761569029302336,0.3220196128662792,0.01394219882786274,0.00017127289902418852,1.0
stochastic_0_0,"(0-0,0-0)",stochastic,augmented_action_delay,Augmented (+action buffer + delay values),"(0,0)",0,0,0,0,1113000,13,37440,6,2.7451948024124433,0.6548311035773383,80,-24.01252036925871,-24.01252036925871,0.30015650461573384,0.013130515813827515,0.0009654845343902707,1.0
stochastic_0_0,"(0-0,0-0)",stochastic,augmented_action_delay,Augmented (+action buffer + delay values),"(0,0)",0,0,0,0,1113000,13,37440,7,2.7451948024124433,0.6548311035773383,80,-24.993764987855684,-24.993764987855684,0.31242206234819603,0.015323151834309101,0.0009438911802135408,1.0
stochastic_0_0,"(0-0,0-0)",stochastic,augmented_action_delay,Augmented (+action buffer + delay values),"(0,0)",0,0,0,0,1114000,14,40320,0,2.7451948024124433,0.6548311035773383,80,-18.451869095559232,-18.451869095559232,0.2306483636944904,0.007336713839322329,0.0017230975208804011,1.0
stochastic_0_0,"(0-0,0-0)",stochastic,augmented_action_delay,Augmented (+action buffer + delay values),"(0,0)",0,0,0,0,1114000,14,40320,1,2.7451948024124433,0.6548311035773383,80,-20.993446174194105,-20.993446174194105,0.2624180771774263,0.015717225149273872,0.00157716975081712,1.0
stochastic_0_0,"(0-0,0-0)",stochastic,augmented_action_delay,Augmented (+action buffer + delay values),"(0,0)",0,0,0,0,1114000,14,40320,2,2.7451948024124433,0.6548311035773383,80,-24.021600239444524,-24.021600239444524,0.30027000299305656,0.01266538631170988,0.0022689281031489372,1.0
stochastic_0_0,"(0-0,0-0)",stochastic,augmented_action_delay,Augmented (+action buffer + delay values),"(0,0)",0,0,0,0,1114000,14,40320,3,2.7451948024124433,0.6548311035773383,80,-21.35125964746112,-21.35125964746112,0.266890745593264,0.013575746677815914,0.0009243359672836959,1.0
stochastic_0_0,"(0-0,0-0)",stochastic,augmented_action_delay,Augmented (+action buffer + delay values),"(0,0)",0,0,0,0,1114000,14,40320,4,2.7451948024124433,0.6548311035773383,80,-19.551407793769613,-19.551407793769613,0.24439259742212016,0.0055334861390292645,0.0024330713786184788,1.0
stochastic_0_0,"(0-0,0-0)",stochastic,augmented_action_delay,Augmented (+action buffer + delay values),"(0,0)",0,0,0,0,1114000,14,40320,5,2.7451948024124433,0.6548311035773383,80,-17.843006922514178,-17.843006922514178,0.22303758653142722,0.00839606299996376,0.001738147926516831,1.0
stochastic_0_0,"(0-0,0-0)",stochastic,augmented_action_delay,Augmented (+action buffer + delay values),"(0,0)",0,0,0,0,1114000,14,40320,6,2.7451948024124433,0.6548311035773383,80,-25.198875634232536,-25.198875634232536,0.3149859454279067,0.013516285456717014,0.0015047092456370592,1.0
stochastic_0_0,"(0-0,0-0)",stochastic,augmented_action_delay,Augmented (+action buffer + delay values),"(0,0)",0,0,0,0,1114000,14,40320,7,2.7451948024124433,0.6548311035773383,80,-20.86964576889295,-20.86964576889295,0.2608705721111619,0.009671579115092754,0.0014116315869614482,1.0
stochastic_0_0,"(0-0,0-0)",stochastic,augmented_action_delay,Augmented (+action buffer + delay values),"(0,0)",0,0,0,0,1115000,15,43200,0,2.7451948024124433,0.6548311035773383,80,-24.935429529985413,-24.935429529985413,0.31169286912481764,0.010771230794489384,0.001779451034963131,1.0
stochastic_0_0,"(0-0,0-0)",stochastic,augmented_action_delay,Augmented (+action buffer + delay values),"(0,0)",0,0,0,0,1115000,15,43200,1,2.7451948024124433,0.6548311035773383,80,-24.96805798180867,-24.96805798180867,0.31210072477260836,0.017546234652400017,0.0013989496510475874,1.0
stochastic_0_0,"(0-0,0-0)",stochastic,augmented_action_delay,Augmented (+action buffer + delay values),"(0,0)",0,0,0,0,1115000,15,43200,2,2.7451948024124433,0.6548311035773383,80,-19.843492393381894,-19.843492393381894,0.24804365491727368,0.004365467466413975,0.002616340760141611,1.0
stochastic_0_0,"(0-0,0-0)",stochastic,augmented_action_delay,Augmented (+action buffer + delay values),"(0,0)",0,0,0,0,1115000,15,43200,3,2.7451948024124433,0.6548311035773383,80,-22.319035931373946,-22.319035931373946,0.27898794914217434,0.004164726939052343,0.0006898419233039021,1.0
stochastic_0_0,"(0-0,0-0)",stochastic,augmented_action_delay,Augmented (+action buffer + delay values),"(0,0)",0,0,0,0,1115000,15,43200,4,2.7451948024124433,0.6548311035773383,80,-19.44528849166818,-19.44528849166818,0.24306610614585225,0.005302841775119305,0.0015308010624721646,1.0
stochastic_0_0,"(0-0,0-0)",stochastic,augmented_action_delay,Augmented (+action buffer + delay values),"(0,0)",0,0,0,0,1115000,15,43200,5,2.7451948024124433,0.6548311035773383,80,-23.37002746501821,-23.37002746501821,0.29212534331272766,0.0070022642612457275,0.00022733464720658958,1.0
stochastic_0_0,"(0-0,0-0)",stochastic,augmented_action_delay,Augmented (+action buffer + delay values),"(0,0)",0,0,0,0,1115000,15,43200,6,2.7451948024124433,0.6548311035773383,80,-23.007454856764525,-23.007454856764525,0.28759318570955655,0.007236589211970568,0.00017820694483816624,1.0
stochastic_0_0,"(0-0,0-0)",stochastic,augmented_action_delay,Augmented (+action buffer + delay values),"(0,0)",0,0,0,0,1115000,15,43200,7,2.7451948024124433,0.6548311035773383,80,-19.87002162123099,-19.87002162123099,0.24837527026538736,0.019701039418578148,0.0039655365981161594,1.0
stochastic_0_0,"(0-0,0-0)",stochastic,augmented_action_delay,Augmented (+action buffer + delay values),"(0,0)",0,0,0,0,1116000,16,46080,0,2.7451948024124433,0.6548311035773383,80,-18.435169491218403,-18.435169491218403,0.23043961864023005,0.015489444136619568,0.0008804247481748462,1.0
stochastic_0_0,"(0-0,0-0)",stochastic,augmented_action_delay,Augmented (+action buffer + delay values),"(0,0)",0,0,0,0,1116000,16,46080,1,2.7451948024124433,0.6548311035773383,80,-21.79532180703245,-21.79532180703245,0.27244152258790566,0.008966916240751743,0.0013499936321750283,1.0
stochastic_0_0,"(0-0,0-0)",stochastic,augmented_action_delay,Augmented (+action buffer + delay values),"(0,0)",0,0,0,0,1116000,16,46080,2,2.7451948024124433,0.6548311035773383,80,-22.394199518603273,-22.394199518603273,0.2799274939825409,0.017727205529808998,0.0005955217638984323,1.0
stochastic_0_0,"(0-0,0-0)",stochastic,augmented_action_delay,Augmented (+action buffer + delay values),"(0,0)",0,0,0,0,1116000,16,46080,3,2.7451948024124433,0.6548311035773383,80,-23.757034970913082,-23.757034970913082,0.29696293713641353,0.016795525327324867,0.0015750692691653967,1.0
stochastic_0_0,"(0-0,0-0)",stochastic,augmented_action_delay,Augmented (+action buffer + delay values),"(0,0)",0,0,0,0,1116000,16,46080,4,2.7451948024124433,0.6548311035773383,80,-21.15836767340079,-21.15836767340079,0.26447959591750986,0.006676788907498121,0.003947398625314236,1.0
stochastic_0_0,"(0-0,0-0)",stochastic,augmented_action_delay,Augmented (+action buffer + delay values),"(0,0)",0,0,0,0,1116000,16,46080,5,2.7451948024124433,0.6548311035773383,80,-19.40199455921538,-19.40199455921538,0.24252493199019226,0.01546517200767994,0.0011334959417581558,1.0
stochastic_0_0,"(0-0,0-0)",stochastic,augmented_action_delay,Augmented (+action buffer + delay values),"(0,0)",0,0,0,0,1116000,16,46080,6,2.7451948024124433,0.6548311035773383,80,-24.854421773576178,-24.854421773576178,0.31068027216970223,0.015223002061247826,0.0016475332668051124,1.0
stochastic_0_0,"(0-0,0-0)",stochastic,augmented_action_delay,Augmented (+action buffer + delay values),"(0,0)",0,0,0,0,1116000,16,46080,7,2.7451948024124433,0.6548311035773383,80,-20.42192891961895,-20.42192891961895,0.2552741114952369,0.0022502911742776632,0.0022502911742776632,1.0
stochastic_0_0,"(0-0,0-0)",stochastic,augmented_action_delay,Augmented (+action buffer + delay values),"(0,0)",0,0,0,0,1117000,17,48960,0,2.7451948024124433,0.6548311035773383,80,-19.4753831702983,-19.4753831702983,0.24344228962872877,0.011165402829647064,0.0013419559691101313,1.0
stochastic_0_0,"(0-0,0-0)",stochastic,augmented_action_delay,Augmented (+action buffer + delay values),"(0,0)",0,0,0,0,1117000,17,48960,1,2.7451948024124433,0.6548311035773383,80,-19.28116269723978,-19.28116269723978,0.24101453371549725,0.0016909699188545346,0.0012048243079334497,1.0
stochastic_0_0,"(0-0,0-0)",stochastic,augmented_action_delay,Augmented (+action buffer + delay values),"(0,0)",0,0,0,0,1117000,17,48960,2,2.7451948024124433,0.6548311035773383,80,-20.560185756577994,-20.560185756577994,0.25700232195722494,0.012387428432703018,0.0002059557446045801,1.0
stochastic_0_0,"(0-0,0-0)",stochastic,augmented_action_delay,Augmented (+action buffer + delay values),"(0,0)",0,0,0,0,1117000,17,48960,3,2.7451948024124433,0.6548311035773383,80,-20.691357236006297,-20.691357236006297,0.2586419654500787,0.012038868851959705,0.0011580773862078786,1.0
stochastic_0_0,"(0-0,0-0)",stochastic,augmented_action_delay,Augmented (+action buffer + delay values),"(0,0)",0,0,0,0,1117000,17,48960,4,2.7451948024124433,0.6548311035773383,80,-23.084076915401965,-23.084076915401965,0.28855096144252457,0.015409549698233604,0.0020456998609006405,1.0
stochastic_0_0,"(0-0,0-0)",stochastic,augmented_action_delay,Augmented (+action buffer + delay values),"(0,0)",0,0,0,0,1117000,17,48960,5,2.7451948024124433,0.6548311035773383,80,-18.283541549695656,-18.283541549695656,0.2285442693711957,0.018643908202648163,0.0030193685088306665,1.0
stochastic_0_0,"(0-0,0-0)",stochastic,augmented_action_delay,Augmented (+action buffer + delay values),"(0,0)",0,0,0,0,1117000,17,48960,6,2.7451948024124433,0.6548311035773383,80,-23.563138534897007,-23.563138534897007,0.2945392316862126,0.006998570170253515,0.0013956637121737003,1.0
stochastic_0_0,"(0-0,0-0)",stochastic,augmented_action_delay,Augmented (+action buffer + delay values),"(0,0)",0,0,0,0,1117000,17,48960,7,2.7451948024124433,0.6548311035773383,80,-23.24108985438943,-23.24108985438943,0.29051362317986784,0.023347781971096992,0.0040084789507091045,1.0
stochastic_0_0,"(0-0,0-0)",stochastic,augmented_action_delay,Augmented (+action buffer + delay values),"(0,0)",0,0,0,0,1118000,18,51840,0,2.7451948024124433,0.6548311035773383,80,-16.75013257621322,-16.75013257621322,0.20937665720266524,0.004991382360458374,0.0008162168087437749,1.0
stochastic_0_0,"(0-0,0-0)",stochastic,augmented_action_delay,Augmented (+action buffer + delay values),"(0,0)",0,0,0,0,1118000,18,51840,1,2.7451948024124433,0.6548311035773383,80,-19.998756859917194,-19.998756859917194,0.2499844607489649,0.015715884044766426,0.0012630540877580643,1.0
stochastic_0_0,"(0-0,0-0)",stochastic,augmented_action_delay,Augmented (+action buffer + delay values),"(0,0)",0,0,0,0,1118000,18,51840,2,2.7451948024124433,0.6548311035773383,80,-19.376616213761736,-19.376616213761736,0.24220770267202169,0.00722742173820734,0.0006027161725796759,1.0
stochastic_0_0,"(0-0,0-0)",stochastic,augmented_action_delay,Augmented (+action buffer + delay values),"(0,0)",0,0,0,0,1118000,18,51840,3,2.7451948024124433,0.6548311035773383,80,-19.75943009671755,-19.75943009671755,0.2469928762089694,0.00586342578753829,0.0017179101705551147,1.0
stochastic_0_0,"(0-0,0-0)",stochastic,augmented_action_delay,Augmented (+action buffer + delay values),"(0,0)",0,0,0,0,1118000,18,51840,4,2.7451948024124433,0.6548311035773383,80,-21.850658624083735,-21.850658624083735,0.2731332328010467,0.010193112306296825,0.0014526491286233068,1.0
stochastic_0_0,"(0-0,0-0)",stochastic,augmented_action_delay,Augmented (+action buffer + delay values),"(0,0)",0,0,0,0,1118000,18,51840,5,2.7451948024124433,0.6548311035773383,80,-17.42671125056222,-17.42671125056222,0.21783389063202777,0.01515453215688467,0.0020534854847937822,1.0
stochastic_0_0,"(0-0,0-0)",stochastic,augmented_action_delay,Augmented (+action buffer + delay values),"(0,0)",0,0,0,0,1118000,18,51840,6,2.7451948024124433,0.6548311035773383,80,-20.82259692659136,-20.82259692659136,0.260282461582392,0.01111187506467104,0.0005561126163229346,1.0
stochastic_0_0,"(0-0,0-0)",stochastic,augmented_action_delay,Augmented (+action buffer + delay values),"(0,0)",0,0,0,0,1118000,18,51840,7,2.7451948024124433,0.6548311035773383,80,-23.77356331847841,-23.77356331847841,0.2971695414809801,0.017863279208540916,0.0007167542935349047,1.0
stochastic_0_0,"(0-0,0-0)",stochastic,augmented_action_delay,Augmented (+action buffer + delay values),"(0,0)",0,0,0,0,1119000,19,54720,0,2.7451948024124433,0.6548311035773383,80,-22.672838455531746,-22.672838455531746,0.2834104806941468,0.017490435391664505,0.0011365136597305536,1.0
stochastic_0_0,"(0-0,0-0)",stochastic,augmented_action_delay,Augmented (+action buffer + delay values),"(0,0)",0,0,0,0,1119000,19,54720,1,2.7451948024124433,0.6548311035773383,80,-25.78377318813,-25.78377318813,0.32229716485162496,0.005754171870648861,0.001083053881302476,1.0
stochastic_0_0,"(0-0,0-0)",stochastic,augmented_action_delay,Augmented (+action buffer + delay values),"(0,0)",0,0,0,0,1119000,19,54720,2,2.7451948024124433,0.6548311035773383,80,-24.374252456706017,-24.374252456706017,0.3046781557088252,0.012773034162819386,0.004727866034954786,1.0
stochastic_0_0,"(0-0,0-0)",stochastic,augmented_action_delay,Augmented (+action buffer + delay values),"(0,0)",0,0,0,0,1119000,19,54720,3,2.7451948024124433,0.6548311035773383,80,-27.155609462759458,-27.155609462759458,0.3394451182844932,0.003360445611178875,0.0016682475106790662,1.0
stochastic_0_0,"(0-0,0-0)",stochastic,augmented_action_delay,Augmented (+action buffer + delay values),"(0,0)",0,0,0,0,1119000,19,54720,4,2.7451948024124433,0.6548311035773383,80,-21.911182794967317,-21.911182794967317,0.2738897849370915,0.005668968893587589,4.495565372053534e-05,1.0
stochastic_0_0,"(0-0,0-0)",stochastic,augmented_action_delay,Augmented (+action buffer + delay values),"(0,0)",0,0,0,0,1119000,19,54720,5,2.7451948024124433,0.6548311035773383,80,-19.639044667361304,-19.639044667361304,0.2454880583420163,0.016407042741775513,0.0014924746938049793,1.0
stochastic_0_0,"(0-0,0-0)",stochastic,augmented_action_delay,Augmented (+action buffer + delay values),"(0,0)",0,0,0,0,1119000,19,54720,6,2.7451948024124433,0.6548311035773383,80,-23.395474254270084,-23.395474254270084,0.29244342817837604,0.02778143621981144,0.0017387637635692954,1.0
stochastic_0_0,"(0-0,0-0)",stochastic,augmented_action_delay,Augmented (+action buffer + delay values),"(0,0)",0,0,0,0,1119000,19,54720,7,2.7451948024124433,0.6548311035773383,80,-28.168501020758413,-28.168501020758413,0.35210626275948015,0.015181800350546837,0.0011752265272662044,1.0
stochastic_0_0,"(0-0,0-0)",stochastic,augmented_action_delay,Augmented (+action buffer + delay values),"(0,0)",0,0,0,0,1120000,20,57600,0,2.7451948024124433,0.6548311035773383,80,-27.266627753153443,-27.266627753153443,0.34083284691441806,0.005547942128032446,0.004082420840859413,1.0
stochastic_0_0,"(0-0,0-0)",stochastic,augmented_action_delay,Augmented (+action buffer + delay values),"(0,0)",0,0,0,0,1120000,20,57600,1,2.7451948024124433,0.6548311035773383,80,-25.57138430129271,-25.57138430129271,0.3196423037661589,0.01204550638794899,0.0015741655370220542,1.0
stochastic_0_0,"(0-0,0-0)",stochastic,augmented_action_delay,Augmented (+action buffer + delay values),"(0,0)",0,0,0,0,1120000,20,57600,2,2.7451948024124433,0.6548311035773383,80,-19.259984985808842,-19.259984985808842,0.24074981232261053,0.004810652229934931,0.0019167008576914668,1.0
stochastic_0_0,"(0-0,0-0)",stochastic,augmented_action_delay,Augmented (+action buffer + delay values),"(0,0)",0,0,0,0,1120000,20,57600,3,2.7451948024124433,0.6548311035773383,80,-22.350525209330954,-22.350525209330954,0.2793815651166369,0.012273729778826237,0.0014855688204988837,1.0
stochastic_0_0,"(0-0,0-0)",stochastic,augmented_action_delay,Augmented (+action buffer + delay values),"(0,0)",0,0,0,0,1120000,20,57600,4,2.7451948024124433,0.6548311035773383,80,-22.941881620674394,-22.941881620674394,0.28677352025842995,0.008764323778450489,0.001316832727752626,1.0
stochastic_0_0,"(0-0,0-0)",stochastic,augmented_action_delay,Augmented (+action buffer + delay values),"(0,0)",0,0,0,0,1120000,20,57600,5,2.7451948024124433,0.6548311035773383,80,-27.617574087693356,-27.617574087693356,0.34521967609616694,0.00815833080559969,0.0011023902334272861,1.0
stochastic_0_0,"(0-0,0-0)",stochastic,augmented_action_delay,Augmented (+action buffer + delay values),"(0,0)",0,0,0,0,1120000,20,57600,6,2.7451948024124433,0.6548311035773383,80,-21.349531342973933,-21.349531342973933,0.26686914178717414,0.01062235701829195,0.002180681796744466,1.0
stochastic_0_0,"(0-0,0-0)",stochastic,augmented_action_delay,Augmented (+action buffer + delay values),"(0,0)",0,0,0,0,1120000,20,57600,7,2.7451948024124433,0.6548311035773383,80,-26.928176977846306,-26.928176977846306,0.33660221222307884,0.011712619103491306,0.0005945150624029338,1.0
stochastic_0_0,"(0-0,0-0)",stochastic,augmented_action_delay,Augmented (+action buffer + delay values),"(0,0)",0,0,0,0,1121000,21,60480,0,2.7451948024124433,0.6548311035773383,80,-23.14156635227846,-23.14156635227846,0.28926957940348075,0.005468613468110561,0.0009222622611559927,1.0
stochastic_0_0,"(0-0,0-0)",stochastic,augmented_action_delay,Augmented (+action buffer + delay values),"(0,0)",0,0,0,0,1121000,21,60480,1,2.7451948024124433,0.6548311035773383,80,-22.641873782966286,-22.641873782966286,0.28302342228707855,0.010303312912583351,0.0013343202881515026,1.0
stochastic_0_0,"(0-0,0-0)",stochastic,augmented_action_delay,Augmented (+action buffer + delay values),"(0,0)",0,0,0,0,1121000,21,60480,2,2.7451948024124433,0.6548311035773383,80,-23.869276725221425,-23.869276725221425,0.2983659590652678,0.007714472245424986,0.0020198356360197067,1.0
stochastic_0_0,"(0-0,0-0)",stochastic,augmented_action_delay,Augmented (+action buffer + delay values),"(0,0)",0,0,0,0,1121000,21,60480,3,2.7451948024124433,0.6548311035773383,80,-22.068087858497165,-22.068087858497165,0.27585109823121456,0.014371887780725956,0.0015828046016395092,1.0
stochastic_0_0,"(0-0,0-0)",stochastic,augmented_action_delay,Augmented (+action buffer + delay values),"(0,0)",0,0,0,0,1121000,21,60480,4,2.7451948024124433,0.6548311035773383,80,-25.52716282068286,-25.52716282068286,0.3190895352585358,0.011627624742686749,0.0011995364911854267,1.0
stochastic_0_0,"(0-0,0-0)",stochastic,augmented_action_delay,Augmented (+action buffer + delay values),"(0,0)",0,0,0,0,1121000,21,60480,5,2.7451948024124433,0.6548311035773383,80,-21.562990235863253,-21.562990235863253,0.2695373779482907,0.008189785294234753,0.0017356728203594685,1.0
stochastic_0_0,"(0-0,0-0)",stochastic,augmented_action_delay,Augmented (+action buffer + delay values),"(0,0)",0,0,0,0,1121000,21,60480,6,2.7451948024124433,0.6548311035773383,80,-19.81256689107977,-19.81256689107977,0.2476570861384971,0.003573804162442684,0.0009504642803221941,1.0
stochastic_0_0,"(0-0,0-0)",stochastic,augmented_action_delay,Augmented (+action buffer + delay values),"(0,0)",0,0,0,0,1121000,21,60480,7,2.7451948024124433,0.6548311035773383,80,-22.50304724276066,-22.50304724276066,0.2812880905345082,0.011993082240223885,0.0008909401949495077,1.0
stochastic_0_0,"(0-0,0-0)",stochastic,augmented_action_delay,Augmented (+action buffer + delay values),"(0,0)",0,0,0,0,1122000,22,63360,0,2.7451948024124433,0.6548311035773383,80,-23.182400825971854,-23.182400825971854,0.2897800103246482,0.004229601472616196,0.0001989053125726059,1.0
stochastic_0_0,"(0-0,0-0)",stochastic,augmented_action_delay,Augmented (+action buffer + delay values),"(0,0)",0,0,0,0,1122000,22,63360,1,2.7451948024124433,0.6548311035773383,80,-23.915350581053644,-23.915350581053644,0.29894188226317053,0.00811173114925623,0.002023134147748351,1.0
stochastic_0_0,"(0-0,0-0)",stochastic,augmented_action_delay,Augmented (+action buffer + delay values),"(0,0)",0,0,0,0,1122000,22,63360,2,2.7451948024124433,0.6548311035773383,80,-22.654415946803056,-22.654415946803056,0.2831801993350382,0.014903193339705467,0.0017658021533861756,1.0
stochastic_0_0,"(0-0,0-0)",stochastic,augmented_action_delay,Augmented (+action buffer + delay values),"(0,0)",0,0,0,0,1122000,22,63360,3,2.7451948024124433,0.6548311035773383,80,-24.41789640369825,-24.41789640369825,0.30522370504622814,0.008010203018784523,0.0033665753435343504,1.0
stochastic_0_0,"(0-0,0-0)",stochastic,augmented_action_delay,Augmented (+action buffer + delay values),"(0,0)",0,0,0,0,1122000,22,63360,4,2.7451948024124433,0.6548311035773383,80,-26.340862849960104,-26.340862849960104,0.3292607856245013,0.01676117070019245,0.0022958535701036453,1.0
stochastic_0_0,"(0-0,0-0)",stochastic,augmented_action_delay,Augmented (+action buffer + delay values),"(0,0)",0,0,0,0,1122000,22,63360,5,2.7451948024124433,0.6548311035773383,80,-22.58295534516219,-22.58295534516219,0.2822869418145274,0.00801431480795145,0.001810061396099627,1.0
stochastic_0_0,"(0-0,0-0)",stochastic,augmented_action_delay,Augmented (+action buffer + delay values),"(0,0)",0,0,0,0,1122000,22,63360,6,2.7451948024124433,0.6548311035773383,80,-20.21457587608893,-20.21457587608893,0.2526821984511116,0.0037762064021080732,0.00018941979215014726,1.0
stochastic_0_0,"(0-0,0-0)",stochastic,augmented_action_delay,Augmented (+action buffer + delay values),"(0,0)",0,0,0,0,1122000,22,63360,7,2.7451948024124433,0.6548311035773383,80,-23.98740420700051,-23.98740420700051,0.29984255258750636,0.016980381682515144,0.0012587523087859154,1.0
stochastic_0_0,"(0-0,0-0)",stochastic,augmented_action_delay,Augmented (+action buffer + delay values),"(0,0)",0,0,0,0,1123000,23,66240,0,2.7451948024124433,0.6548311035773383,80,-26.123102160170674,-26.123102160170674,0.3265387770021334,0.007811888586729765,0.0019588640425354242,1.0
stochastic_0_0,"(0-0,0-0)",stochastic,augmented_action_delay,Augmented (+action buffer + delay values),"(0,0)",0,0,0,0,1123000,23,66240,1,2.7451948024124433,0.6548311035773383,80,-23.37007507670205,-23.37007507670205,0.29212593845877566,0.019381457939743996,0.0011453541228547692,1.0
stochastic_0_0,"(0-0,0-0)",stochastic,augmented_action_delay,Augmented (+action buffer + delay values),"(0,0)",0,0,0,0,1123000,23,66240,2,2.7451948024124433,0.6548311035773383,80,-20.47706920374185,-20.47706920374185,0.2559633650467731,0.014449096284806728,0.0028262899722903967,1.0
stochastic_0_0,"(0-0,0-0)",stochastic,augmented_action_delay,Augmented (+action buffer + delay values),"(0,0)",0,0,0,0,1123000,23,66240,3,2.7451948024124433,0.6548311035773383,80,-25.82509127049707,-25.82509127049707,0.32281364088121334,0.010213147848844528,0.0018603445496410131,1.0
stochastic_0_0,"(0-0,0-0)",stochastic,augmented_action_delay,Augmented (+action buffer + delay values),"(0,0)",0,0,0,0,1123000,23,66240,4,2.7451948024124433,0.6548311035773383,80,-17.127291554643307,-17.127291554643307,0.21409114443304134,0.008522121235728264,0.0009485802729614079,1.0
stochastic_0_0,"(0-0,0-0)",stochastic,augmented_action_delay,Augmented (+action buffer + delay values),"(0,0)",0,0,0,0,1123000,23,66240,5,2.7451948024124433,0.6548311035773383,80,-22.525212979875505,-22.525212979875505,0.2815651622484438,0.010812773369252682,0.0015791051555424929,1.0
stochastic_0_0,"(0-0,0-0)",stochastic,augmented_action_delay,Augmented (+action buffer + delay values),"(0,0)",0,0,0,0,1123000,23,66240,6,2.7451948024124433,0.6548311035773383,80,-24.29567341133952,-24.29567341133952,0.30369591764174403,0.004944889340549707,0.0006167227402329445,1.0
stochastic_0_0,"(0-0,0-0)",stochastic,augmented_action_delay,Augmented (+action buffer + delay values),"(0,0)",0,0,0,0,1123000,23,66240,7,2.7451948024124433,0.6548311035773383,80,-23.223765200469643,-23.223765200469643,0.29029706500587055,0.007872773334383965,0.0026140091940760612,1.0
stochastic_0_0,"(0-0,0-0)",stochastic,augmented_action_delay,Augmented (+action buffer + delay values),"(0,0)",0,0,0,0,1124000,24,69120,0,2.7451948024124433,0.6548311035773383,80,-23.375202090945095,-23.375202090945095,0.29219002613681366,0.011373091489076614,0.0019249450415372849,1.0
stochastic_0_0,"(0-0,0-0)",stochastic,augmented_action_delay,Augmented (+action buffer + delay values),"(0,0)",0,0,0,0,1124000,24,69120,1,2.7451948024124433,0.6548311035773383,80,-24.45869061956182,-24.45869061956182,0.30573363274452275,0.03064604289829731,0.0026752178091555834,1.0
stochastic_0_0,"(0-0,0-0)",stochastic,augmented_action_delay,Augmented (+action buffer + delay values),"(0,0)",0,0,0,0,1124000,24,69120,2,2.7451948024124433,0.6548311035773383,80,-22.3257608973654,-22.3257608973654,0.2790720112170675,0.0011769976699724793,0.0011769976699724793,1.0
stochastic_0_0,"(0-0,0-0)",stochastic,augmented_action_delay,Augmented (+action buffer + delay values),"(0,0)",0,0,0,0,1124000,24,69120,3,2.7451948024124433,0.6548311035773383,80,-20.961141640204005,-20.961141640204005,0.26201427050255005,0.007705633528530598,0.0009182296926155686,1.0
stochastic_0_0,"(0-0,0-0)",stochastic,augmented_action_delay,Augmented (+action buffer + delay values),"(0,0)",0,0,0,0,1124000,24,69120,4,2.7451948024124433,0.6548311035773383,80,-20.594882088014856,-20.594882088014856,0.2574360261001857,0.013924292288720608,0.0015643809456378222,1.0
stochastic_0_0,"(0-0,0-0)",stochastic,augmented_action_delay,Augmented (+action buffer + delay values),"(0,0)",0,0,0,0,1124000,24,69120,5,2.7451948024124433,0.6548311035773383,80,-20.688403445179574,-20.688403445179574,0.2586050430647447,0.004113931208848953,0.0012194690061733127,1.0
stochastic_0_0,"(0-0,0-0)",stochastic,augmented_action_delay,Augmented (+action buffer + delay values),"(0,0)",0,0,0,0,1124000,24,69120,6,2.7451948024124433,0.6548311035773383,80,-24.103277123183943,-24.103277123183943,0.30129096403979927,0.010908497497439384,0.0011322586797177792,1.0
stochastic_0_0,"(0-0,0-0)",stochastic,augmented_action_delay,Augmented (+action buffer + delay values),"(0,0)",0,0,0,0,1124000,24,69120,7,2.7451948024124433,0.6548311035773383,80,-21.725068599334918,-21.725068599334918,0.2715633574916865,0.017420116811990738,0.0018655577441677451,1.0
