condition_id,condition_label,delay_family,variant,variant_label,delay_label,act_min,act_max,obs_min,obs_max,seed,iteration,train_steps,episode,kp,correction_scale,episode_steps,true_return,delayed_return,mean_distance,final_distance,min_distance,success
stochastic_0_40,"(0-40,0-40)",stochastic,unseen,Unseen delay,"(0-40,0-40)",0,40,0,40,900000,0,0,0,0.7592573860315994,0.2384058440442351,83,-57.8394939918071,-57.28986814804375,0.6968613733952663,0.1832086145877838,0.023758908733725548,0.0
stochastic_0_40,"(0-40,0-40)",stochastic,unseen,Unseen delay,"(0-40,0-40)",0,40,0,40,900000,0,0,1,0.7592573860315994,0.2384058440442351,84,-61.233996983617544,-59.178733464330435,0.7289761545668755,0.5138158798217773,0.011150836944580078,0.0
stochastic_0_40,"(0-40,0-40)",stochastic,unseen,Unseen delay,"(0-40,0-40)",0,40,0,40,900000,0,0,2,0.7592573860315994,0.2384058440442351,82,-37.39974396582693,-37.38828968536109,0.4560944386076455,0.005727140232920647,0.005727140232920647,1.0
stochastic_0_40,"(0-40,0-40)",stochastic,unseen,Unseen delay,"(0-40,0-40)",0,40,0,40,900000,0,0,3,0.7592573860315994,0.2384058440442351,89,-68.68315903097391,-65.05353424698114,0.7717208879884709,0.40329164266586304,0.01652582734823227,0.0
stochastic_0_40,"(0-40,0-40)",stochastic,unseen,Unseen delay,"(0-40,0-40)",0,40,0,40,900000,0,0,4,0.7592573860315994,0.2384058440442351,83,-51.923882998526096,-51.13390127569437,0.625588951789471,0.2633272409439087,0.009350139647722244,0.0
stochastic_0_40,"(0-40,0-40)",stochastic,unseen,Unseen delay,"(0-40,0-40)",0,40,0,40,900000,0,0,5,0.7592573860315994,0.2384058440442351,87,-51.09662215411663,-50.24343329668045,0.587317496024329,0.12188412249088287,0.03473217412829399,0.0
stochastic_0_40,"(0-40,0-40)",stochastic,unseen,Unseen delay,"(0-40,0-40)",0,40,0,40,900000,0,0,6,0.7592573860315994,0.2384058440442351,93,-69.81323025003076,-64.91386089101434,0.750679895161621,0.37687456607818604,0.00807969644665718,0.0
stochastic_0_40,"(0-40,0-40)",stochastic,unseen,Unseen delay,"(0-40,0-40)",0,40,0,40,900000,0,0,7,0.7592573860315994,0.2384058440442351,89,-53.117176371626556,-52.83502085786313,0.5968222064227703,0.03135061264038086,0.012383581139147282,1.0
stochastic_0_40,"(0-40,0-40)",stochastic,unseen,Unseen delay,"(0-40,0-40)",0,40,0,40,901000,1,2880,0,0.6397896696076902,0.4293741588418708,84,-45.1607879139483,-44.95547579601407,0.5376284275470036,0.05132802948355675,0.023939747363328934,1.0
stochastic_0_40,"(0-40,0-40)",stochastic,unseen,Unseen delay,"(0-40,0-40)",0,40,0,40,901000,1,2880,1,0.6397896696076902,0.4293741588418708,90,-45.287855591624975,-44.71886436268687,0.5031983954624997,0.05689912289381027,0.03529569134116173,1.0
stochastic_0_40,"(0-40,0-40)",stochastic,unseen,Unseen delay,"(0-40,0-40)",0,40,0,40,901000,1,2880,2,0.6397896696076902,0.4293741588418708,88,-57.11233836133033,-56.67545798141509,0.6490038450151174,0.05461004748940468,0.01425717119127512,1.0
stochastic_0_40,"(0-40,0-40)",stochastic,unseen,Unseen delay,"(0-40,0-40)",0,40,0,40,901000,1,2880,3,0.6397896696076902,0.4293741588418708,83,-61.95128540787846,-61.8150764638558,0.7464010290105838,0.04540298134088516,0.007049228064715862,1.0
stochastic_0_40,"(0-40,0-40)",stochastic,unseen,Unseen delay,"(0-40,0-40)",0,40,0,40,901000,1,2880,4,0.6397896696076902,0.4293741588418708,90,-46.49277117848396,-44.24536865949631,0.5165863464275996,0.22474025189876556,0.03518639877438545,0.0
stochastic_0_40,"(0-40,0-40)",stochastic,unseen,Unseen delay,"(0-40,0-40)",0,40,0,40,901000,1,2880,5,0.6397896696076902,0.4293741588418708,80,-40.17441833764315,-40.17441833764315,0.5021802292205393,0.025888439267873764,0.009394661523401737,1.0
stochastic_0_40,"(0-40,0-40)",stochastic,unseen,Unseen delay,"(0-40,0-40)",0,40,0,40,901000,1,2880,6,0.6397896696076902,0.4293741588418708,83,-52.07518953643739,-52.01103062182665,0.6274119221257517,0.02138630487024784,0.02138630487024784,1.0
stochastic_0_40,"(0-40,0-40)",stochastic,unseen,Unseen delay,"(0-40,0-40)",0,40,0,40,901000,1,2880,7,0.6397896696076902,0.4293741588418708,90,-26.49028126616031,-26.244275295175612,0.2943364585128923,0.024600597098469734,0.014255192130804062,1.0
stochastic_0_40,"(0-40,0-40)",stochastic,unseen,Unseen delay,"(0-40,0-40)",0,40,0,40,902000,2,5760,0,0.5396545911078761,0.3200047420320532,92,-57.564335639588535,-57.27203610073775,0.6256993004303102,0.024358294904232025,0.008701962418854237,1.0
stochastic_0_40,"(0-40,0-40)",stochastic,unseen,Unseen delay,"(0-40,0-40)",0,40,0,40,902000,2,5760,1,0.5396545911078761,0.3200047420320532,88,-47.800959282554686,-47.222781234420836,0.5431927191199396,0.07227225601673126,0.008202719502151012,0.0
stochastic_0_40,"(0-40,0-40)",stochastic,unseen,Unseen delay,"(0-40,0-40)",0,40,0,40,902000,2,5760,2,0.5396545911078761,0.3200047420320532,86,-39.924619909375906,-39.722646843641996,0.46423976638809195,0.03366217762231827,0.008645929396152496,1.0
stochastic_0_40,"(0-40,0-40)",stochastic,unseen,Unseen delay,"(0-40,0-40)",0,40,0,40,902000,2,5760,3,0.5396545911078761,0.3200047420320532,94,-36.685598290059716,-35.79492317745462,0.39027232223467784,0.06361965090036392,0.0072335307486355305,0.0
stochastic_0_40,"(0-40,0-40)",stochastic,unseen,Unseen delay,"(0-40,0-40)",0,40,0,40,902000,2,5760,4,0.5396545911078761,0.3200047420320532,86,-46.479271557182074,-46.17674631997943,0.540456646013745,0.05042087286710739,0.02198443002998829,1.0
stochastic_0_40,"(0-40,0-40)",stochastic,unseen,Unseen delay,"(0-40,0-40)",0,40,0,40,902000,2,5760,5,0.5396545911078761,0.3200047420320532,93,-56.91376738063991,-55.17410567216575,0.6119759933402141,0.13382013142108917,0.020450124517083168,0.0
stochastic_0_40,"(0-40,0-40)",stochastic,unseen,Unseen delay,"(0-40,0-40)",0,40,0,40,902000,2,5760,6,0.5396545911078761,0.3200047420320532,88,-53.79364749509841,-52.831540015526116,0.6112914488079365,0.12026343494653702,0.007198193110525608,0.0
stochastic_0_40,"(0-40,0-40)",stochastic,unseen,Unseen delay,"(0-40,0-40)",0,40,0,40,902000,2,5760,7,0.5396545911078761,0.3200047420320532,86,-58.46995269879699,-58.01450515910983,0.6798831709162441,0.07590792328119278,0.04400865361094475,0.0
stochastic_0_40,"(0-40,0-40)",stochastic,unseen,Unseen delay,"(0-40,0-40)",0,40,0,40,903000,3,8640,0,0.5468929538661291,0.28971134331408077,82,-57.14890510588884,-56.97550604492426,0.6969378671449858,0.08669953048229218,0.03261303901672363,0.0
stochastic_0_40,"(0-40,0-40)",stochastic,unseen,Unseen delay,"(0-40,0-40)",0,40,0,40,903000,3,8640,1,0.5468929538661291,0.28971134331408077,83,-52.06198174320161,-51.887881522998214,0.6272527920867664,0.05803340673446655,0.021291816607117653,1.0
stochastic_0_40,"(0-40,0-40)",stochastic,unseen,Unseen delay,"(0-40,0-40)",0,40,0,40,903000,3,8640,2,0.5468929538661291,0.28971134331408077,88,-45.21090925624594,-44.740418860223144,0.5137603324573402,0.05881129950284958,0.00656408304348588,1.0
stochastic_0_40,"(0-40,0-40)",stochastic,unseen,Unseen delay,"(0-40,0-40)",0,40,0,40,903000,3,8640,3,0.5468929538661291,0.28971134331408077,91,-74.3408328294754,-72.670942440629,0.8169322288953341,0.1518082171678543,0.05728907138109207,0.0
stochastic_0_40,"(0-40,0-40)",stochastic,unseen,Unseen delay,"(0-40,0-40)",0,40,0,40,903000,3,8640,4,0.5468929538661291,0.28971134331408077,90,-70.00150963291526,-68.25199201330543,0.7777945514768362,0.17495176196098328,0.04036879539489746,0.0
stochastic_0_40,"(0-40,0-40)",stochastic,unseen,Unseen delay,"(0-40,0-40)",0,40,0,40,903000,3,8640,5,0.5468929538661291,0.28971134331408077,90,-62.303817208856344,-61.027702029794455,0.6922646356539593,0.12761151790618896,0.04031496122479439,0.0
stochastic_0_40,"(0-40,0-40)",stochastic,unseen,Unseen delay,"(0-40,0-40)",0,40,0,40,903000,3,8640,6,0.5468929538661291,0.28971134331408077,82,-38.37123318295926,-38.344145125709474,0.467941868084869,0.013544028624892235,0.010870291851460934,1.0
stochastic_0_40,"(0-40,0-40)",stochastic,unseen,Unseen delay,"(0-40,0-40)",0,40,0,40,903000,3,8640,7,0.5468929538661291,0.28971134331408077,90,-57.8126905541867,-57.41199374757707,0.6423632283798523,0.04006968066096306,0.021133961156010628,1.0
stochastic_0_40,"(0-40,0-40)",stochastic,unseen,Unseen delay,"(0-40,0-40)",0,40,0,40,904000,4,11520,0,0.5468929538661291,0.28971134331408077,85,-65.49624048545957,-65.25714150071144,0.770544005711289,0.047819796949625015,0.0439041443169117,1.0
stochastic_0_40,"(0-40,0-40)",stochastic,unseen,Unseen delay,"(0-40,0-40)",0,40,0,40,904000,4,11520,1,0.5468929538661291,0.28971134331408077,84,-42.126065919175744,-42.037594282999635,0.5015007847520921,0.02211790904402733,0.019960220903158188,1.0
stochastic_0_40,"(0-40,0-40)",stochastic,unseen,Unseen delay,"(0-40,0-40)",0,40,0,40,904000,4,11520,2,0.5468929538661291,0.28971134331408077,86,-77.30778902769089,-75.05781674385071,0.8989277793917545,0.3749953806400299,0.04839374125003815,0.0
stochastic_0_40,"(0-40,0-40)",stochastic,unseen,Unseen delay,"(0-40,0-40)",0,40,0,40,904000,4,11520,3,0.5468929538661291,0.28971134331408077,92,-50.68793651089072,-50.316067945212126,0.5509558316401165,0.03098904713988304,0.021828997880220413,1.0
stochastic_0_40,"(0-40,0-40)",stochastic,unseen,Unseen delay,"(0-40,0-40)",0,40,0,40,904000,4,11520,4,0.5468929538661291,0.28971134331408077,88,-45.34931301698089,-45.18989224359393,0.5153331024656919,0.019927596673369408,0.0178876593708992,1.0
stochastic_0_40,"(0-40,0-40)",stochastic,unseen,Unseen delay,"(0-40,0-40)",0,40,0,40,904000,4,11520,5,0.5468929538661291,0.28971134331408077,89,-33.77139014657587,-33.217977671884,0.37945382187163895,0.06149027496576309,0.0053803520277142525,0.0
stochastic_0_40,"(0-40,0-40)",stochastic,unseen,Unseen delay,"(0-40,0-40)",0,40,0,40,904000,4,11520,6,0.5468929538661291,0.28971134331408077,92,-42.71534058265388,-41.89492150954902,0.46429718024623784,0.06836825609207153,0.02288239635527134,0.0
stochastic_0_40,"(0-40,0-40)",stochastic,unseen,Unseen delay,"(0-40,0-40)",0,40,0,40,904000,4,11520,7,0.5468929538661291,0.28971134331408077,88,-52.92790174484253,-52.761269956827164,0.6014534289186652,0.0208289735019207,0.0208289735019207,1.0
stochastic_0_40,"(0-40,0-40)",stochastic,unseen,Unseen delay,"(0-40,0-40)",0,40,0,40,905000,5,14400,0,0.5468929538661291,0.28971134331408077,92,-55.2367790825665,-53.84955059364438,0.6003997726365924,0.11560237407684326,0.022117428481578827,0.0
stochastic_0_40,"(0-40,0-40)",stochastic,unseen,Unseen delay,"(0-40,0-40)",0,40,0,40,905000,5,14400,1,0.5468929538661291,0.28971134331408077,85,-46.64535919763148,-46.401696695014834,0.5487689317368409,0.04873250052332878,0.025127647444605827,1.0
stochastic_0_40,"(0-40,0-40)",stochastic,unseen,Unseen delay,"(0-40,0-40)",0,40,0,40,905000,5,14400,2,0.5468929538661291,0.28971134331408077,87,-54.30083920061588,-53.5003437846899,0.6241475770185734,0.11435648798942566,0.017024468630552292,0.0
stochastic_0_40,"(0-40,0-40)",stochastic,unseen,Unseen delay,"(0-40,0-40)",0,40,0,40,905000,5,14400,3,0.5468929538661291,0.28971134331408077,87,-62.93552578147501,-62.719643524847925,0.7233968480629311,0.030840322375297546,0.011307182721793652,1.0
stochastic_0_40,"(0-40,0-40)",stochastic,unseen,Unseen delay,"(0-40,0-40)",0,40,0,40,905000,5,14400,4,0.5468929538661291,0.28971134331408077,84,-53.54944878909737,-53.410964102484286,0.6374934379654449,0.03462117165327072,0.014611073769629002,1.0
stochastic_0_40,"(0-40,0-40)",stochastic,unseen,Unseen delay,"(0-40,0-40)",0,40,0,40,905000,5,14400,5,0.5468929538661291,0.28971134331408077,85,-43.217418069019914,-42.38598587550223,0.5084402125767049,0.166286438703537,0.011996323242783546,0.0
stochastic_0_40,"(0-40,0-40)",stochastic,unseen,Unseen delay,"(0-40,0-40)",0,40,0,40,905000,5,14400,6,0.5468929538661291,0.28971134331408077,83,-89.12815349176526,-87.9520297832787,1.0738331745995815,0.39204123616218567,0.048617105931043625,0.0
stochastic_0_40,"(0-40,0-40)",stochastic,unseen,Unseen delay,"(0-40,0-40)",0,40,0,40,905000,5,14400,7,0.5468929538661291,0.28971134331408077,94,-58.26487729977816,-56.45586435031146,0.619839120210406,0.12921521067619324,0.01540082972496748,0.0
stochastic_0_40,"(0-40,0-40)",stochastic,unseen,Unseen delay,"(0-40,0-40)",0,40,0,40,906000,6,17280,0,0.5468929538661291,0.28971134331408077,91,-40.31976493820548,-40.17493433691561,0.44307433998028,0.013166418299078941,0.013166418299078941,1.0
stochastic_0_40,"(0-40,0-40)",stochastic,unseen,Unseen delay,"(0-40,0-40)",0,40,0,40,906000,6,17280,1,0.5468929538661291,0.28971134331408077,87,-72.69308352470398,-71.85180404782295,0.8355526841919998,0.12018278241157532,0.07760724425315857,0.0
stochastic_0_40,"(0-40,0-40)",stochastic,unseen,Unseen delay,"(0-40,0-40)",0,40,0,40,906000,6,17280,2,0.5468929538661291,0.28971134331408077,89,-66.54242461081594,-66.38978547696024,0.7476676922563589,0.0169599037617445,0.010020372457802296,1.0
stochastic_0_40,"(0-40,0-40)",stochastic,unseen,Unseen delay,"(0-40,0-40)",0,40,0,40,906000,6,17280,3,0.5468929538661291,0.28971134331408077,86,-51.4034833596088,-51.28656872967258,0.5977149227861488,0.019485771656036377,0.005753908306360245,1.0
stochastic_0_40,"(0-40,0-40)",stochastic,unseen,Unseen delay,"(0-40,0-40)",0,40,0,40,906000,6,17280,4,0.5468929538661291,0.28971134331408077,84,-37.07310386188328,-36.89767821319401,0.44134647454622955,0.043856412172317505,0.02714298851788044,1.0
stochastic_0_40,"(0-40,0-40)",stochastic,unseen,Unseen delay,"(0-40,0-40)",0,40,0,40,906000,6,17280,5,0.5468929538661291,0.28971134331408077,87,-53.50694448687136,-53.19063285179436,0.6150223504238087,0.04518737643957138,0.027518892660737038,1.0
stochastic_0_40,"(0-40,0-40)",stochastic,unseen,Unseen delay,"(0-40,0-40)",0,40,0,40,906000,6,17280,6,0.5468929538661291,0.28971134331408077,88,-50.26120486855507,-49.94292876124382,0.5711500553244894,0.0397845134139061,0.003543522208929062,1.0
stochastic_0_40,"(0-40,0-40)",stochastic,unseen,Unseen delay,"(0-40,0-40)",0,40,0,40,906000,6,17280,7,0.5468929538661291,0.28971134331408077,97,-56.522637121379375,-54.30445345491171,0.5827075991894781,0.13048139214515686,0.01912510395050049,0.0
stochastic_0_40,"(0-40,0-40)",stochastic,unseen,Unseen delay,"(0-40,0-40)",0,40,0,40,907000,7,20160,0,0.5468929538661291,0.28971134331408077,81,-50.63914913125336,-50.579422602429986,0.6251746806327576,0.0597265288233757,0.007781142368912697,1.0
stochastic_0_40,"(0-40,0-40)",stochastic,unseen,Unseen delay,"(0-40,0-40)",0,40,0,40,907000,7,20160,1,0.5468929538661291,0.28971134331408077,89,-55.766284284880385,-55.329222885658965,0.6265874638750605,0.04856237769126892,0.0030596458818763494,1.0
stochastic_0_40,"(0-40,0-40)",stochastic,unseen,Unseen delay,"(0-40,0-40)",0,40,0,40,907000,7,20160,2,0.5468929538661291,0.28971134331408077,90,-37.636033597402275,-37.26667750906199,0.4181781510822475,0.036935608834028244,0.015579636208713055,1.0
stochastic_0_40,"(0-40,0-40)",stochastic,unseen,Unseen delay,"(0-40,0-40)",0,40,0,40,907000,7,20160,3,0.5468929538661291,0.28971134331408077,86,-71.13778179883957,-70.32762199640274,0.8271835092888322,0.13502663373947144,0.03972991183400154,0.0
stochastic_0_40,"(0-40,0-40)",stochastic,unseen,Unseen delay,"(0-40,0-40)",0,40,0,40,907000,7,20160,4,0.5468929538661291,0.28971134331408077,88,-36.4433821933344,-36.324256730265915,0.41412934310607274,0.014890682883560658,0.006578206084668636,1.0
stochastic_0_40,"(0-40,0-40)",stochastic,unseen,Unseen delay,"(0-40,0-40)",0,40,0,40,907000,7,20160,5,0.5468929538661291,0.28971134331408077,86,-70.56145360320807,-68.58062525838614,0.8204820186419542,0.33013805747032166,0.044358253479003906,0.0
stochastic_0_40,"(0-40,0-40)",stochastic,unseen,Unseen delay,"(0-40,0-40)",0,40,0,40,907000,7,20160,6,0.5468929538661291,0.28971134331408077,88,-52.164424082264304,-52.02422078512609,0.5927775463893671,0.017525412142276764,0.015886519104242325,1.0
stochastic_0_40,"(0-40,0-40)",stochastic,unseen,Unseen delay,"(0-40,0-40)",0,40,0,40,907000,7,20160,7,0.5468929538661291,0.28971134331408077,84,-65.22229291684926,-64.95836486108601,0.7764558680577293,0.06598201394081116,0.02902062237262726,0.0
stochastic_0_40,"(0-40,0-40)",stochastic,unseen,Unseen delay,"(0-40,0-40)",0,40,0,40,908000,8,23040,0,0.5468929538661291,0.28971134331408077,83,-63.64901402965188,-63.17026774957776,0.7668555907186974,0.15958209335803986,0.013367924839258194,0.0
stochastic_0_40,"(0-40,0-40)",stochastic,unseen,Unseen delay,"(0-40,0-40)",0,40,0,40,908000,8,23040,1,0.5468929538661291,0.28971134331408077,90,-44.84596442244947,-44.509955083951354,0.4982884935827719,0.033600933849811554,0.02637471817433834,1.0
stochastic_0_40,"(0-40,0-40)",stochastic,unseen,Unseen delay,"(0-40,0-40)",0,40,0,40,908000,8,23040,2,0.5468929538661291,0.28971134331408077,83,-32.36521474644542,-32.308704329654574,0.38994234634271585,0.01883680559694767,0.0024194829165935516,1.0
stochastic_0_40,"(0-40,0-40)",stochastic,unseen,Unseen delay,"(0-40,0-40)",0,40,0,40,908000,8,23040,3,0.5468929538661291,0.28971134331408077,89,-53.54644280485809,-53.157084526494145,0.6016454247736864,0.04326203092932701,0.01772640272974968,1.0
stochastic_0_40,"(0-40,0-40)",stochastic,unseen,Unseen delay,"(0-40,0-40)",0,40,0,40,908000,8,23040,4,0.5468929538661291,0.28971134331408077,83,-45.63351745251566,-45.565521649084985,0.5498014150905501,0.022665267810225487,0.004882562439888716,1.0
stochastic_0_40,"(0-40,0-40)",stochastic,unseen,Unseen delay,"(0-40,0-40)",0,40,0,40,908000,8,23040,5,0.5468929538661291,0.28971134331408077,88,-53.76097010727972,-53.486638507805765,0.6109201148554514,0.034291449934244156,0.0064405836164951324,1.0
stochastic_0_40,"(0-40,0-40)",stochastic,unseen,Unseen delay,"(0-40,0-40)",0,40,0,40,908000,8,23040,6,0.5468929538661291,0.28971134331408077,87,-42.79081079736352,-42.454613365232944,0.49184839996969565,0.04802820459008217,0.033324625343084335,1.0
stochastic_0_40,"(0-40,0-40)",stochastic,unseen,Unseen delay,"(0-40,0-40)",0,40,0,40,908000,8,23040,7,0.5468929538661291,0.28971134331408077,93,-36.51748129539192,-35.90401411242783,0.39266108919776255,0.04718978330492973,0.008179386146366596,1.0
stochastic_0_40,"(0-40,0-40)",stochastic,unseen,Unseen delay,"(0-40,0-40)",0,40,0,40,909000,9,25920,0,0.5468929538661291,0.28971134331408077,81,-62.21515624597669,-62.13098453357816,0.7680883487157616,0.08417171239852905,0.03749089315533638,0.0
stochastic_0_40,"(0-40,0-40)",stochastic,unseen,Unseen delay,"(0-40,0-40)",0,40,0,40,909000,9,25920,1,0.5468929538661291,0.28971134331408077,84,-47.373713050968945,-46.64724597800523,0.563972774416297,0.18161676824092865,0.011259720660746098,0.0
stochastic_0_40,"(0-40,0-40)",stochastic,unseen,Unseen delay,"(0-40,0-40)",0,40,0,40,909000,9,25920,2,0.5468929538661291,0.28971134331408077,91,-73.37384775094688,-72.34125374816358,0.8063060192411745,0.09387218207120895,0.01881585456430912,0.0
stochastic_0_40,"(0-40,0-40)",stochastic,unseen,Unseen delay,"(0-40,0-40)",0,40,0,40,909000,9,25920,3,0.5468929538661291,0.28971134331408077,84,-51.24565512361005,-51.233717570547014,0.6100673229001197,0.002984388265758753,0.002984388265758753,1.0
stochastic_0_40,"(0-40,0-40)",stochastic,unseen,Unseen delay,"(0-40,0-40)",0,40,0,40,909000,9,25920,4,0.5468929538661291,0.28971134331408077,83,-46.83091138675809,-46.69782132655382,0.56422784803323,0.0443633534014225,0.01015792228281498,1.0
stochastic_0_40,"(0-40,0-40)",stochastic,unseen,Unseen delay,"(0-40,0-40)",0,40,0,40,909000,9,25920,5,0.5468929538661291,0.28971134331408077,85,-43.36019568704069,-43.23716025426984,0.5101199492593022,0.024607086554169655,0.0182661022990942,1.0
stochastic_0_40,"(0-40,0-40)",stochastic,unseen,Unseen delay,"(0-40,0-40)",0,40,0,40,909000,9,25920,6,0.5468929538661291,0.28971134331408077,82,-75.63781610131264,-75.04543480277061,0.9224123914794224,0.29619064927101135,0.062142618000507355,0.0
stochastic_0_40,"(0-40,0-40)",stochastic,unseen,Unseen delay,"(0-40,0-40)",0,40,0,40,909000,9,25920,7,0.5468929538661291,0.28971134331408077,95,-60.166835620068014,-59.99363923724741,0.6333351117901896,0.011546425521373749,0.010349431075155735,1.0
stochastic_0_40,"(0-40,0-40)",stochastic,unseen,Unseen delay,"(0-40,0-40)",0,40,0,40,910000,10,28800,0,0.5468929538661291,0.28971134331408077,87,-57.361186280846596,-56.991926066577435,0.659323980239616,0.052751459181308746,0.0325845405459404,1.0
stochastic_0_40,"(0-40,0-40)",stochastic,unseen,Unseen delay,"(0-40,0-40)",0,40,0,40,910000,10,28800,1,0.5468929538661291,0.28971134331408077,93,-34.63161749392748,-34.357862178236246,0.3723829838056718,0.0210581012070179,0.011726430617272854,1.0
stochastic_0_40,"(0-40,0-40)",stochastic,unseen,Unseen delay,"(0-40,0-40)",0,40,0,40,910000,10,28800,2,0.5468929538661291,0.28971134331408077,91,-34.695651177316904,-34.29432591423392,0.3812708920584275,0.036484114825725555,0.030793512240052223,1.0
stochastic_0_40,"(0-40,0-40)",stochastic,unseen,Unseen delay,"(0-40,0-40)",0,40,0,40,910000,10,28800,3,0.5468929538661291,0.28971134331408077,83,-45.94859217235353,-45.90855159179773,0.5535974960524521,0.013346860185265541,0.0009488490177318454,1.0
stochastic_0_40,"(0-40,0-40)",stochastic,unseen,Unseen delay,"(0-40,0-40)",0,40,0,40,910000,10,28800,4,0.5468929538661291,0.28971134331408077,82,-45.53281889855862,-45.20255823433399,0.5552782792507148,0.16513033211231232,0.020575180649757385,0.0
stochastic_0_40,"(0-40,0-40)",stochastic,unseen,Unseen delay,"(0-40,0-40)",0,40,0,40,910000,10,28800,5,0.5468929538661291,0.28971134331408077,95,-60.46426452882588,-58.866086604073644,0.6364659424086935,0.10654519498348236,0.018410542979836464,0.0
stochastic_0_40,"(0-40,0-40)",stochastic,unseen,Unseen delay,"(0-40,0-40)",0,40,0,40,910000,10,28800,6,0.5468929538661291,0.28971134331408077,95,-49.50791775248945,-49.07998435199261,0.5211359763419942,0.028528893366456032,0.019304824993014336,1.0
stochastic_0_40,"(0-40,0-40)",stochastic,unseen,Unseen delay,"(0-40,0-40)",0,40,0,40,910000,10,28800,7,0.5468929538661291,0.28971134331408077,85,-61.970532746985555,-61.616193341091275,0.7290650911410065,0.0708678811788559,0.004753069952130318,0.0
stochastic_0_40,"(0-40,0-40)",stochastic,unseen,Unseen delay,"(0-40,0-40)",0,40,0,40,911000,11,31680,0,0.5468929538661291,0.28971134331408077,87,-52.55319172050804,-52.49146597087383,0.6040596749483683,0.008817964233458042,0.00813151616603136,1.0
stochastic_0_40,"(0-40,0-40)",stochastic,unseen,Unseen delay,"(0-40,0-40)",0,40,0,40,911000,11,31680,1,0.5468929538661291,0.28971134331408077,91,-84.64127396792173,-79.44824030250311,0.9301238897573817,0.47209396958351135,0.04226956143975258,0.0
stochastic_0_40,"(0-40,0-40)",stochastic,unseen,Unseen delay,"(0-40,0-40)",0,40,0,40,911000,11,31680,2,0.5468929538661291,0.28971134331408077,83,-59.07369721122086,-58.90663895197213,0.7117312917014561,0.05568608641624451,0.02064226195216179,1.0
stochastic_0_40,"(0-40,0-40)",stochastic,unseen,Unseen delay,"(0-40,0-40)",0,40,0,40,911000,11,31680,3,0.5468929538661291,0.28971134331408077,92,-90.86011803336442,-82.12460601516068,0.9876099786235263,0.7279593348503113,0.017459647729992867,0.0
stochastic_0_40,"(0-40,0-40)",stochastic,unseen,Unseen delay,"(0-40,0-40)",0,40,0,40,911000,11,31680,4,0.5468929538661291,0.28971134331408077,86,-55.279746615327895,-54.64981547836214,0.6427877513410221,0.10498852282762527,0.000867714174091816,0.0
stochastic_0_40,"(0-40,0-40)",stochastic,unseen,Unseen delay,"(0-40,0-40)",0,40,0,40,911000,11,31680,5,0.5468929538661291,0.28971134331408077,83,-35.80810065753758,-35.745961306616664,0.43142289948840457,0.020713116973638535,0.015307009220123291,1.0
stochastic_0_40,"(0-40,0-40)",stochastic,unseen,Unseen delay,"(0-40,0-40)",0,40,0,40,911000,11,31680,6,0.5468929538661291,0.28971134331408077,83,-39.67921029031277,-39.31709450483322,0.4780627745820815,0.1207052618265152,0.046079371124506,0.0
stochastic_0_40,"(0-40,0-40)",stochastic,unseen,Unseen delay,"(0-40,0-40)",0,40,0,40,911000,11,31680,7,0.5468929538661291,0.28971134331408077,87,-51.72863646969199,-51.07880350574851,0.5945820283872643,0.09283328056335449,0.0259663388133049,0.0
stochastic_0_40,"(0-40,0-40)",stochastic,unseen,Unseen delay,"(0-40,0-40)",0,40,0,40,912000,12,34560,0,0.5468929538661291,0.28971134331408077,87,-62.13951971009374,-60.34692819789052,0.7142473529895832,0.25608450174331665,0.027929533272981644,0.0
stochastic_0_40,"(0-40,0-40)",stochastic,unseen,Unseen delay,"(0-40,0-40)",0,40,0,40,912000,12,34560,1,0.5468929538661291,0.28971134331408077,87,-51.498267782852054,-50.72276855818927,0.5919341124465753,0.1107856035232544,0.020189331844449043,0.0
stochastic_0_40,"(0-40,0-40)",stochastic,unseen,Unseen delay,"(0-40,0-40)",0,40,0,40,912000,12,34560,2,0.5468929538661291,0.28971134331408077,89,-69.27957826852798,-67.87738859653473,0.7784222277362695,0.15579885244369507,0.035921432077884674,0.0
stochastic_0_40,"(0-40,0-40)",stochastic,unseen,Unseen delay,"(0-40,0-40)",0,40,0,40,912000,12,34560,3,0.5468929538661291,0.28971134331408077,81,-58.65661868173629,-58.63796593155712,0.7241557861942752,0.018652750179171562,0.011415489949285984,1.0
stochastic_0_40,"(0-40,0-40)",stochastic,unseen,Unseen delay,"(0-40,0-40)",0,40,0,40,912000,12,34560,4,0.5468929538661291,0.28971134331408077,80,-40.649068888276815,-40.649068888276815,0.5081133611034602,0.014030353166162968,0.008219877257943153,1.0
stochastic_0_40,"(0-40,0-40)",stochastic,unseen,Unseen delay,"(0-40,0-40)",0,40,0,40,912000,12,34560,5,0.5468929538661291,0.28971134331408077,89,-48.47637138329446,-47.90025702677667,0.5446783301493759,0.06401270627975464,0.019969748333096504,0.0
stochastic_0_40,"(0-40,0-40)",stochastic,unseen,Unseen delay,"(0-40,0-40)",0,40,0,40,912000,12,34560,6,0.5468929538661291,0.28971134331408077,80,-66.03479061834514,-66.03479061834514,0.8254348827293143,0.1561577320098877,0.03102053515613079,0.0
stochastic_0_40,"(0-40,0-40)",stochastic,unseen,Unseen delay,"(0-40,0-40)",0,40,0,40,912000,12,34560,7,0.5468929538661291,0.28971134331408077,82,-46.97295515425503,-46.93943697027862,0.5728409165153052,0.01675909198820591,0.01675909198820591,1.0
stochastic_0_40,"(0-40,0-40)",stochastic,unseen,Unseen delay,"(0-40,0-40)",0,40,0,40,913000,13,37440,0,0.5468929538661291,0.28971134331408077,88,-45.3526096791029,-44.957145139575005,0.5153705645352602,0.04943306744098663,0.025321276858448982,1.0
stochastic_0_40,"(0-40,0-40)",stochastic,unseen,Unseen delay,"(0-40,0-40)",0,40,0,40,913000,13,37440,1,0.5468929538661291,0.28971134331408077,90,-72.3979717604816,-71.02598102018237,0.8044219084497956,0.13719907402992249,0.019580069929361343,0.0
stochastic_0_40,"(0-40,0-40)",stochastic,unseen,Unseen delay,"(0-40,0-40)",0,40,0,40,913000,13,37440,2,0.5468929538661291,0.28971134331408077,83,-60.463504385668784,-60.14263051422313,0.7284759564538408,0.10695795714855194,0.0070919920690357685,0.0
stochastic_0_40,"(0-40,0-40)",stochastic,unseen,Unseen delay,"(0-40,0-40)",0,40,0,40,913000,13,37440,3,0.5468929538661291,0.28971134331408077,84,-32.66333420947194,-32.48701909556985,0.38884921677942785,0.044078778475522995,0.03354410454630852,1.0
stochastic_0_40,"(0-40,0-40)",stochastic,unseen,Unseen delay,"(0-40,0-40)",0,40,0,40,913000,13,37440,4,0.5468929538661291,0.28971134331408077,86,-57.30884934403002,-57.23652353323996,0.6663819691166282,0.012054301798343658,0.0038855262100696564,1.0
stochastic_0_40,"(0-40,0-40)",stochastic,unseen,Unseen delay,"(0-40,0-40)",0,40,0,40,913000,13,37440,5,0.5468929538661291,0.28971134331408077,83,-45.264356072060764,-45.22809689491987,0.5453536876151899,0.012086392380297184,0.011035367846488953,1.0
stochastic_0_40,"(0-40,0-40)",stochastic,unseen,Unseen delay,"(0-40,0-40)",0,40,0,40,913000,13,37440,6,0.5468929538661291,0.28971134331408077,85,-44.705054104328156,-44.31099941581488,0.525941812992096,0.07881093770265579,0.042262002825737,0.0
stochastic_0_40,"(0-40,0-40)",stochastic,unseen,Unseen delay,"(0-40,0-40)",0,40,0,40,913000,13,37440,7,0.5468929538661291,0.28971134331408077,86,-32.14115456677973,-31.880399415269494,0.3737343554276713,0.04345919191837311,0.014869434759020805,1.0
stochastic_0_40,"(0-40,0-40)",stochastic,unseen,Unseen delay,"(0-40,0-40)",0,40,0,40,914000,14,40320,0,0.5468929538661291,0.28971134331408077,80,-38.99883243814111,-38.99883243814111,0.48748540547676383,0.0744275450706482,0.0051925573498010635,0.0
stochastic_0_40,"(0-40,0-40)",stochastic,unseen,Unseen delay,"(0-40,0-40)",0,40,0,40,914000,14,40320,1,0.5468929538661291,0.28971134331408077,90,-86.65832429751754,-84.55039500817657,0.9628702699724171,0.2107929289340973,0.05336897447705269,0.0
stochastic_0_40,"(0-40,0-40)",stochastic,unseen,Unseen delay,"(0-40,0-40)",0,40,0,40,914000,14,40320,2,0.5468929538661291,0.28971134331408077,88,-45.30079028569162,-45.05325829051435,0.5147817077919502,0.030941499397158623,0.02697005495429039,1.0
stochastic_0_40,"(0-40,0-40)",stochastic,unseen,Unseen delay,"(0-40,0-40)",0,40,0,40,914000,14,40320,3,0.5468929538661291,0.28971134331408077,81,-71.48527670651674,-71.35698262602091,0.8825342803273672,0.12829408049583435,0.033631883561611176,0.0
stochastic_0_40,"(0-40,0-40)",stochastic,unseen,Unseen delay,"(0-40,0-40)",0,40,0,40,914000,14,40320,4,0.5468929538661291,0.28971134331408077,85,-46.744013376068324,-46.62398354476318,0.5499295691302156,0.024005966261029243,0.00340231042355299,1.0
stochastic_0_40,"(0-40,0-40)",stochastic,unseen,Unseen delay,"(0-40,0-40)",0,40,0,40,914000,14,40320,5,0.5468929538661291,0.28971134331408077,90,-57.628318302799016,-57.41041282983497,0.6403146478088779,0.02179054729640484,0.0024679810740053654,1.0
stochastic_0_40,"(0-40,0-40)",stochastic,unseen,Unseen delay,"(0-40,0-40)",0,40,0,40,914000,14,40320,6,0.5468929538661291,0.28971134331408077,83,-52.01929350011051,-51.85848299972713,0.6267384759049459,0.05360350012779236,0.017521444708108902,1.0
stochastic_0_40,"(0-40,0-40)",stochastic,unseen,Unseen delay,"(0-40,0-40)",0,40,0,40,914000,14,40320,7,0.5468929538661291,0.28971134331408077,86,-48.65383277647197,-48.34185210429132,0.5657422415868834,0.051996778696775436,0.023782214149832726,1.0
stochastic_0_40,"(0-40,0-40)",stochastic,unseen,Unseen delay,"(0-40,0-40)",0,40,0,40,915000,15,43200,0,0.5468929538661291,0.28971134331408077,84,-38.33102290146053,-38.11238536052406,0.4563217012078634,0.05465938523411751,0.028942925855517387,1.0
stochastic_0_40,"(0-40,0-40)",stochastic,unseen,Unseen delay,"(0-40,0-40)",0,40,0,40,915000,15,43200,1,0.5468929538661291,0.28971134331408077,93,-54.688035018742085,-53.60047808289528,0.588043387298302,0.08365822583436966,0.06450263410806656,0.0
stochastic_0_40,"(0-40,0-40)",stochastic,unseen,Unseen delay,"(0-40,0-40)",0,40,0,40,915000,15,43200,2,0.5468929538661291,0.28971134331408077,87,-52.3711618129164,-52.15870836004615,0.6019673771599586,0.030350493267178535,0.027908271178603172,1.0
stochastic_0_40,"(0-40,0-40)",stochastic,unseen,Unseen delay,"(0-40,0-40)",0,40,0,40,915000,15,43200,3,0.5468929538661291,0.28971134331408077,88,-38.775604910217226,-38.618247142992914,0.4406318739797412,0.01966972090303898,0.013736058957874775,1.0
stochastic_0_40,"(0-40,0-40)",stochastic,unseen,Unseen delay,"(0-40,0-40)",0,40,0,40,915000,15,43200,4,0.5468929538661291,0.28971134331408077,86,-33.587721375282854,-32.991651696618646,0.39055489971259133,0.09934494644403458,0.002331978175789118,0.0
stochastic_0_40,"(0-40,0-40)",stochastic,unseen,Unseen delay,"(0-40,0-40)",0,40,0,40,915000,15,43200,5,0.5468929538661291,0.28971134331408077,92,-45.97579917963594,-45.18358541186899,0.4997369476047385,0.06601781398057938,0.009830692782998085,0.0
stochastic_0_40,"(0-40,0-40)",stochastic,unseen,Unseen delay,"(0-40,0-40)",0,40,0,40,915000,15,43200,6,0.5468929538661291,0.28971134331408077,86,-36.43784244917333,-36.130988797172904,0.42369584243224806,0.05114227533340454,0.01710018329322338,1.0
stochastic_0_40,"(0-40,0-40)",stochastic,unseen,Unseen delay,"(0-40,0-40)",0,40,0,40,915000,15,43200,7,0.5468929538661291,0.28971134331408077,84,-64.79604237526655,-64.48872467130423,0.7713814568484113,0.07682942599058151,0.02744043618440628,0.0
stochastic_0_40,"(0-40,0-40)",stochastic,unseen,Unseen delay,"(0-40,0-40)",0,40,0,40,916000,16,46080,0,0.5468929538661291,0.28971134331408077,88,-54.45200523547828,-53.68020668439567,0.6187727867667987,0.09647481888532639,0.011917203664779663,0.0
stochastic_0_40,"(0-40,0-40)",stochastic,unseen,Unseen delay,"(0-40,0-40)",0,40,0,40,916000,16,46080,1,0.5468929538661291,0.28971134331408077,82,-66.899852280505,-66.74728447664529,0.8158518570793293,0.07628390192985535,0.010015930980443954,0.0
stochastic_0_40,"(0-40,0-40)",stochastic,unseen,Unseen delay,"(0-40,0-40)",0,40,0,40,916000,16,46080,2,0.5468929538661291,0.28971134331408077,82,-75.57983600348234,-74.83679252117872,0.9217053171156383,0.3715217411518097,0.01835065335035324,0.0
stochastic_0_40,"(0-40,0-40)",stochastic,unseen,Unseen delay,"(0-40,0-40)",0,40,0,40,916000,16,46080,3,0.5468929538661291,0.28971134331408077,89,-33.35288776829839,-33.0732795316726,0.37475154795840887,0.031067581847310066,0.017824120819568634,1.0
stochastic_0_40,"(0-40,0-40)",stochastic,unseen,Unseen delay,"(0-40,0-40)",0,40,0,40,916000,16,46080,4,0.5468929538661291,0.28971134331408077,86,-58.96217903494835,-58.343388453125954,0.6856067329645157,0.10313176363706589,0.030084755271673203,0.0
stochastic_0_40,"(0-40,0-40)",stochastic,unseen,Unseen delay,"(0-40,0-40)",0,40,0,40,916000,16,46080,5,0.5468929538661291,0.28971134331408077,82,-45.4214377833996,-45.334815880516544,0.5539199729682878,0.04331095144152641,0.0030473789665848017,1.0
stochastic_0_40,"(0-40,0-40)",stochastic,unseen,Unseen delay,"(0-40,0-40)",0,40,0,40,916000,16,46080,6,0.5468929538661291,0.28971134331408077,92,-41.67607020318974,-41.21702796698082,0.45300076307814935,0.03825351968407631,0.0019485658267512918,1.0
stochastic_0_40,"(0-40,0-40)",stochastic,unseen,Unseen delay,"(0-40,0-40)",0,40,0,40,916000,16,46080,7,0.5468929538661291,0.28971134331408077,92,-57.03363667614758,-56.60818566568196,0.6199308334363868,0.03545425087213516,0.028313858434557915,1.0
stochastic_0_40,"(0-40,0-40)",stochastic,unseen,Unseen delay,"(0-40,0-40)",0,40,0,40,917000,17,48960,0,0.5468929538661291,0.28971134331408077,87,-41.986081454204395,-41.84776080516167,0.4825986374046482,0.019760092720389366,0.001976814353838563,1.0
stochastic_0_40,"(0-40,0-40)",stochastic,unseen,Unseen delay,"(0-40,0-40)",0,40,0,40,917000,17,48960,1,0.5468929538661291,0.28971134331408077,85,-38.964889246970415,-38.828293142840266,0.4584104617290637,0.027319220826029778,0.005181764718145132,1.0
stochastic_0_40,"(0-40,0-40)",stochastic,unseen,Unseen delay,"(0-40,0-40)",0,40,0,40,917000,17,48960,2,0.5468929538661291,0.28971134331408077,82,-51.26324186939746,-51.18807571846992,0.6251614862121642,0.03758307546377182,0.0039659650065004826,1.0
stochastic_0_40,"(0-40,0-40)",stochastic,unseen,Unseen delay,"(0-40,0-40)",0,40,0,40,917000,17,48960,3,0.5468929538661291,0.28971134331408077,87,-60.844907976686954,-59.76814017444849,0.6993667583527237,0.15382397174835205,0.04019969329237938,0.0
stochastic_0_40,"(0-40,0-40)",stochastic,unseen,Unseen delay,"(0-40,0-40)",0,40,0,40,917000,17,48960,4,0.5468929538661291,0.28971134331408077,89,-46.027843521442264,-45.42527909716591,0.5171667811398007,0.06695160269737244,0.004907901864498854,0.0
stochastic_0_40,"(0-40,0-40)",stochastic,unseen,Unseen delay,"(0-40,0-40)",0,40,0,40,917000,17,48960,5,0.5468929538661291,0.28971134331408077,85,-46.556463537272066,-46.35375832905993,0.5477231004384949,0.040541041642427444,0.005952219478785992,1.0
stochastic_0_40,"(0-40,0-40)",stochastic,unseen,Unseen delay,"(0-40,0-40)",0,40,0,40,917000,17,48960,6,0.5468929538661291,0.28971134331408077,91,-54.59223724436015,-53.6614075852558,0.5999146949929687,0.0846208781003952,0.015542172826826572,0.0
stochastic_0_40,"(0-40,0-40)",stochastic,unseen,Unseen delay,"(0-40,0-40)",0,40,0,40,917000,17,48960,7,0.5468929538661291,0.28971134331408077,85,-53.49515150487423,-53.12151062488556,0.6293547235867556,0.07472817599773407,0.01562623865902424,0.0
stochastic_0_40,"(0-40,0-40)",stochastic,unseen,Unseen delay,"(0-40,0-40)",0,40,0,40,918000,18,51840,0,0.5468929538661291,0.28971134331408077,86,-52.77882895804942,-52.61217884160578,0.6137073134656909,0.02777501940727234,0.02604747749865055,1.0
stochastic_0_40,"(0-40,0-40)",stochastic,unseen,Unseen delay,"(0-40,0-40)",0,40,0,40,918000,18,51840,1,0.5468929538661291,0.28971134331408077,90,-49.37730806693435,-48.870285253971815,0.5486367562992706,0.050702281296253204,0.0261065736413002,1.0
stochastic_0_40,"(0-40,0-40)",stochastic,unseen,Unseen delay,"(0-40,0-40)",0,40,0,40,918000,18,51840,2,0.5468929538661291,0.28971134331408077,87,-53.403857093304396,-53.14213018864393,0.6138374378540735,0.03738955780863762,0.026385873556137085,1.0
stochastic_0_40,"(0-40,0-40)",stochastic,unseen,Unseen delay,"(0-40,0-40)",0,40,0,40,918000,18,51840,3,0.5468929538661291,0.28971134331408077,89,-46.55982576869428,-46.29382104240358,0.5231441097606099,0.02955608069896698,0.01414356380701065,1.0
stochastic_0_40,"(0-40,0-40)",stochastic,unseen,Unseen delay,"(0-40,0-40)",0,40,0,40,918000,18,51840,4,0.5468929538661291,0.28971134331408077,85,-45.33796459808946,-45.10846333950758,0.5333878188010525,0.04590025171637535,0.011348053812980652,1.0
stochastic_0_40,"(0-40,0-40)",stochastic,unseen,Unseen delay,"(0-40,0-40)",0,40,0,40,918000,18,51840,5,0.5468929538661291,0.28971134331408077,91,-44.112670220434666,-43.80565002001822,0.4847546178069744,0.027910927310585976,0.027910927310585976,1.0
stochastic_0_40,"(0-40,0-40)",stochastic,unseen,Unseen delay,"(0-40,0-40)",0,40,0,40,918000,18,51840,6,0.5468929538661291,0.28971134331408077,88,-66.83410083502531,-64.80187594145536,0.7594784185798331,0.2540281116962433,0.0293792225420475,0.0
stochastic_0_40,"(0-40,0-40)",stochastic,unseen,Unseen delay,"(0-40,0-40)",0,40,0,40,918000,18,51840,7,0.5468929538661291,0.28971134331408077,87,-48.29087359458208,-48.07396953552961,0.5550675125814032,0.030986294150352478,0.010535040870308876,1.0
stochastic_0_40,"(0-40,0-40)",stochastic,unseen,Unseen delay,"(0-40,0-40)",0,40,0,40,919000,19,54720,0,0.5468929538661291,0.28971134331408077,83,-64.45395474508405,-63.957005474716425,0.7765536716275186,0.16564975678920746,0.038117505609989166,0.0
stochastic_0_40,"(0-40,0-40)",stochastic,unseen,Unseen delay,"(0-40,0-40)",0,40,0,40,919000,19,54720,1,0.5468929538661291,0.28971134331408077,87,-54.91796610504389,-54.54565195739269,0.6312409897131481,0.05318773537874222,0.02844475954771042,1.0
stochastic_0_40,"(0-40,0-40)",stochastic,unseen,Unseen delay,"(0-40,0-40)",0,40,0,40,919000,19,54720,2,0.5468929538661291,0.28971134331408077,82,-64.70011411607265,-64.59555338323116,0.7890257819033251,0.05228036642074585,0.03769898787140846,1.0
stochastic_0_40,"(0-40,0-40)",stochastic,unseen,Unseen delay,"(0-40,0-40)",0,40,0,40,919000,19,54720,3,0.5468929538661291,0.28971134331408077,83,-49.35212089493871,-49.21445081755519,0.5946038662040808,0.04589002579450607,0.03182034194469452,1.0
stochastic_0_40,"(0-40,0-40)",stochastic,unseen,Unseen delay,"(0-40,0-40)",0,40,0,40,919000,19,54720,4,0.5468929538661291,0.28971134331408077,87,-54.978720005601645,-54.46139429882169,0.6319393104092142,0.07390367239713669,0.015894116833806038,0.0
stochastic_0_40,"(0-40,0-40)",stochastic,unseen,Unseen delay,"(0-40,0-40)",0,40,0,40,919000,19,54720,5,0.5468929538661291,0.28971134331408077,86,-84.36402739956975,-82.99455459788442,0.9809770627856947,0.22824546694755554,0.04577328637242317,0.0
stochastic_0_40,"(0-40,0-40)",stochastic,unseen,Unseen delay,"(0-40,0-40)",0,40,0,40,919000,19,54720,6,0.5468929538661291,0.28971134331408077,81,-52.62498729676008,-52.5885886028409,0.6496912011945689,0.036398693919181824,0.03577639162540436,1.0
stochastic_0_40,"(0-40,0-40)",stochastic,unseen,Unseen delay,"(0-40,0-40)",0,40,0,40,919000,19,54720,7,0.5468929538661291,0.28971134331408077,94,-42.248567949049175,-41.75980399828404,0.44945285052179973,0.034911710768938065,0.002621217630803585,1.0
stochastic_0_40,"(0-40,0-40)",stochastic,unseen,Unseen delay,"(0-40,0-40)",0,40,0,40,920000,20,57600,0,0.5468929538661291,0.28971134331408077,82,-62.653014903888106,-62.5558243598789,0.7640611573644891,0.04859527200460434,0.014787031337618828,1.0
stochastic_0_40,"(0-40,0-40)",stochastic,unseen,Unseen delay,"(0-40,0-40)",0,40,0,40,920000,20,57600,1,0.5468929538661291,0.28971134331408077,87,-48.19657834991813,-47.61112441495061,0.5539836591944612,0.08363627642393112,0.046864792704582214,0.0
stochastic_0_40,"(0-40,0-40)",stochastic,unseen,Unseen delay,"(0-40,0-40)",0,40,0,40,920000,20,57600,2,0.5468929538661291,0.28971134331408077,85,-46.60263573657721,-46.5056299129501,0.5482663027832613,0.01940116472542286,0.006276668049395084,1.0
stochastic_0_40,"(0-40,0-40)",stochastic,unseen,Unseen delay,"(0-40,0-40)",0,40,0,40,920000,20,57600,3,0.5468929538661291,0.28971134331408077,90,-38.21080523915589,-37.79789298214018,0.4245645026572876,0.04129122570157051,0.01896890066564083,1.0
stochastic_0_40,"(0-40,0-40)",stochastic,unseen,Unseen delay,"(0-40,0-40)",0,40,0,40,920000,20,57600,4,0.5468929538661291,0.28971134331408077,88,-39.61545703187585,-39.26328471675515,0.4501756480894983,0.04402153939008713,0.008199652656912804,1.0
stochastic_0_40,"(0-40,0-40)",stochastic,unseen,Unseen delay,"(0-40,0-40)",0,40,0,40,920000,20,57600,5,0.5468929538661291,0.28971134331408077,90,-58.20901785232127,-57.8834736738354,0.6467668650257918,0.032554417848587036,0.010425152257084846,1.0
stochastic_0_40,"(0-40,0-40)",stochastic,unseen,Unseen delay,"(0-40,0-40)",0,40,0,40,920000,20,57600,6,0.5468929538661291,0.28971134331408077,87,-42.98103259317577,-42.763958824798465,0.49403485739282493,0.031010538339614868,0.02742788754403591,1.0
stochastic_0_40,"(0-40,0-40)",stochastic,unseen,Unseen delay,"(0-40,0-40)",0,40,0,40,920000,20,57600,7,0.5468929538661291,0.28971134331408077,89,-55.213954746723175,-55.00088621489704,0.6203815140081256,0.02367428131401539,0.012414555996656418,1.0
stochastic_0_40,"(0-40,0-40)",stochastic,unseen,Unseen delay,"(0-40,0-40)",0,40,0,40,921000,21,60480,0,0.5468929538661291,0.28971134331408077,88,-74.19189051166177,-72.27984109893441,0.8430896649052474,0.2390061765909195,0.010564032942056656,0.0
stochastic_0_40,"(0-40,0-40)",stochastic,unseen,Unseen delay,"(0-40,0-40)",0,40,0,40,921000,21,60480,1,0.5468929538661291,0.28971134331408077,82,-67.11131630092859,-66.84794989973307,0.8184306865966902,0.13168320059776306,0.042100634425878525,0.0
stochastic_0_40,"(0-40,0-40)",stochastic,unseen,Unseen delay,"(0-40,0-40)",0,40,0,40,921000,21,60480,2,0.5468929538661291,0.28971134331408077,83,-48.052216570824385,-47.790055718272924,0.5789423683231854,0.08738695085048676,0.02985038235783577,0.0
stochastic_0_40,"(0-40,0-40)",stochastic,unseen,Unseen delay,"(0-40,0-40)",0,40,0,40,921000,21,60480,3,0.5468929538661291,0.28971134331408077,86,-60.025559617206454,-59.62695434503257,0.697971623455889,0.06643421202898026,0.018294988200068474,0.0
stochastic_0_40,"(0-40,0-40)",stochastic,unseen,Unseen delay,"(0-40,0-40)",0,40,0,40,921000,21,60480,4,0.5468929538661291,0.28971134331408077,91,-43.15705816587433,-42.83046110486612,0.4742533864381795,0.029690641909837723,0.006995550822466612,1.0
stochastic_0_40,"(0-40,0-40)",stochastic,unseen,Unseen delay,"(0-40,0-40)",0,40,0,40,921000,21,60480,5,0.5468929538661291,0.28971134331408077,80,-58.713378336280584,-58.713378336280584,0.7339172292035073,0.13923610746860504,0.03197028860449791,0.0
stochastic_0_40,"(0-40,0-40)",stochastic,unseen,Unseen delay,"(0-40,0-40)",0,40,0,40,921000,21,60480,6,0.5468929538661291,0.28971134331408077,87,-45.79297885275446,-45.548228330677375,0.5263560787672926,0.03496436029672623,0.0017367841210216284,1.0
stochastic_0_40,"(0-40,0-40)",stochastic,unseen,Unseen delay,"(0-40,0-40)",0,40,0,40,921000,21,60480,7,0.5468929538661291,0.28971134331408077,80,-51.9150747358799,-51.9150747358799,0.6489384341984987,0.11294516175985336,0.016979170963168144,0.0
stochastic_0_40,"(0-40,0-40)",stochastic,unseen,Unseen delay,"(0-40,0-40)",0,40,0,40,922000,22,63360,0,0.5468929538661291,0.28971134331408077,92,-57.92708748579025,-57.65896508842707,0.6296422552803288,0.022343533113598824,0.022343533113598824,1.0
stochastic_0_40,"(0-40,0-40)",stochastic,unseen,Unseen delay,"(0-40,0-40)",0,40,0,40,922000,22,63360,1,0.5468929538661291,0.28971134331408077,95,-51.426712348125875,-50.55698556732386,0.5413338141907987,0.057981785386800766,0.014625941403210163,1.0
stochastic_0_40,"(0-40,0-40)",stochastic,unseen,Unseen delay,"(0-40,0-40)",0,40,0,40,922000,22,63360,2,0.5468929538661291,0.28971134331408077,82,-50.43900668248534,-50.25919550284743,0.6151098375912847,0.08990558981895447,0.038913607597351074,0.0
stochastic_0_40,"(0-40,0-40)",stochastic,unseen,Unseen delay,"(0-40,0-40)",0,40,0,40,922000,22,63360,3,0.5468929538661291,0.28971134331408077,91,-77.53242632746696,-74.14999151229858,0.8520046849172194,0.30749407410621643,0.036431360989809036,0.0
stochastic_0_40,"(0-40,0-40)",stochastic,unseen,Unseen delay,"(0-40,0-40)",0,40,0,40,922000,22,63360,4,0.5468929538661291,0.28971134331408077,84,-58.534007001668215,-58.34680425003171,0.6968334166865263,0.04680068790912628,0.04680068790912628,1.0
stochastic_0_40,"(0-40,0-40)",stochastic,unseen,Unseen delay,"(0-40,0-40)",0,40,0,40,922000,22,63360,5,0.5468929538661291,0.28971134331408077,85,-67.66167333722115,-66.94851568341255,0.7960196863202488,0.14263153076171875,0.04195098951458931,0.0
stochastic_0_40,"(0-40,0-40)",stochastic,unseen,Unseen delay,"(0-40,0-40)",0,40,0,40,922000,22,63360,6,0.5468929538661291,0.28971134331408077,87,-50.38161684200168,-49.70230911299586,0.5790990441609388,0.0970439612865448,0.0062723299488425255,0.0
stochastic_0_40,"(0-40,0-40)",stochastic,unseen,Unseen delay,"(0-40,0-40)",0,40,0,40,922000,22,63360,7,0.5468929538661291,0.28971134331408077,80,-41.308327343314886,-41.308327343314886,0.5163540917914361,0.032570719718933105,0.032570719718933105,1.0
stochastic_0_40,"(0-40,0-40)",stochastic,unseen,Unseen delay,"(0-40,0-40)",0,40,0,40,923000,23,66240,0,0.5468929538661291,0.28971134331408077,85,-45.760334766469896,-45.650239259935915,0.5383568796055281,0.022019101306796074,0.007322926074266434,1.0
stochastic_0_40,"(0-40,0-40)",stochastic,unseen,Unseen delay,"(0-40,0-40)",0,40,0,40,923000,23,66240,1,0.5468929538661291,0.28971134331408077,95,-62.98002402577549,-59.001500711776316,0.6629476213239526,0.26523488759994507,0.009398301132023335,0.0
stochastic_0_40,"(0-40,0-40)",stochastic,unseen,Unseen delay,"(0-40,0-40)",0,40,0,40,923000,23,66240,2,0.5468929538661291,0.28971134331408077,90,-41.95924715511501,-41.69342884235084,0.4662138572790556,0.02658183127641678,0.010019570589065552,1.0
stochastic_0_40,"(0-40,0-40)",stochastic,unseen,Unseen delay,"(0-40,0-40)",0,40,0,40,923000,23,66240,3,0.5468929538661291,0.28971134331408077,81,-54.10265658330172,-54.04279390256852,0.6679340318926139,0.05986268073320389,0.014920798130333424,1.0
stochastic_0_40,"(0-40,0-40)",stochastic,unseen,Unseen delay,"(0-40,0-40)",0,40,0,40,923000,23,66240,4,0.5468929538661291,0.28971134331408077,85,-75.40469770692289,-73.91631220839918,0.887114090669681,0.29767709970474243,0.0158162172883749,0.0
stochastic_0_40,"(0-40,0-40)",stochastic,unseen,Unseen delay,"(0-40,0-40)",0,40,0,40,923000,23,66240,5,0.5468929538661291,0.28971134331408077,89,-48.86791545012966,-48.18104738602415,0.5490777016868501,0.07631867378950119,0.007591262925416231,0.0
stochastic_0_40,"(0-40,0-40)",stochastic,unseen,Unseen delay,"(0-40,0-40)",0,40,0,40,923000,23,66240,6,0.5468929538661291,0.28971134331408077,88,-52.95491738244891,-52.20756442472339,0.6017604248005558,0.09341911971569061,0.03311696648597717,0.0
stochastic_0_40,"(0-40,0-40)",stochastic,unseen,Unseen delay,"(0-40,0-40)",0,40,0,40,923000,23,66240,7,0.5468929538661291,0.28971134331408077,86,-62.3642466776073,-61.60846642777324,0.7251656590419453,0.12596337497234344,0.036235369741916656,0.0
stochastic_0_40,"(0-40,0-40)",stochastic,unseen,Unseen delay,"(0-40,0-40)",0,40,0,40,924000,24,69120,0,0.5468929538661291,0.28971134331408077,83,-57.14699283987284,-56.83601327985525,0.6885179860225643,0.10365985333919525,0.033505551517009735,0.0
stochastic_0_40,"(0-40,0-40)",stochastic,unseen,Unseen delay,"(0-40,0-40)",0,40,0,40,924000,24,69120,1,0.5468929538661291,0.28971134331408077,84,-65.8330135922879,-65.66318428330123,0.7837263522891417,0.042457327246665955,0.02947012148797512,1.0
stochastic_0_40,"(0-40,0-40)",stochastic,unseen,Unseen delay,"(0-40,0-40)",0,40,0,40,924000,24,69120,2,0.5468929538661291,0.28971134331408077,85,-60.249470461159945,-59.82611018046737,0.7088172995430582,0.08467205613851547,0.021050114184617996,0.0
stochastic_0_40,"(0-40,0-40)",stochastic,unseen,Unseen delay,"(0-40,0-40)",0,40,0,40,924000,24,69120,3,0.5468929538661291,0.28971134331408077,90,-52.12631820887327,-50.969589196145535,0.5791813134319252,0.11567290127277374,0.02107110433280468,0.0
stochastic_0_40,"(0-40,0-40)",stochastic,unseen,Unseen delay,"(0-40,0-40)",0,40,0,40,924000,24,69120,4,0.5468929538661291,0.28971134331408077,85,-41.37646293081343,-41.17058921419084,0.4867819168330992,0.041174743324518204,0.009603407233953476,1.0
stochastic_0_40,"(0-40,0-40)",stochastic,unseen,Unseen delay,"(0-40,0-40)",0,40,0,40,924000,24,69120,5,0.5468929538661291,0.28971134331408077,82,-39.40442584780976,-39.392330470029265,0.48054177863182634,0.006047688890248537,0.006047688890248537,1.0
stochastic_0_40,"(0-40,0-40)",stochastic,unseen,Unseen delay,"(0-40,0-40)",0,40,0,40,924000,24,69120,6,0.5468929538661291,0.28971134331408077,81,-43.897318243049085,-43.845027091912925,0.5419422005314702,0.0522911511361599,0.013818944804370403,1.0
stochastic_0_40,"(0-40,0-40)",stochastic,unseen,Unseen delay,"(0-40,0-40)",0,40,0,40,924000,24,69120,7,0.5468929538661291,0.28971134331408077,87,-44.5104755256325,-44.2601232919842,0.5116146612141667,0.035764604806900024,0.017237195745110512,1.0
stochastic_0_40,"(0-40,0-40)",stochastic,unseen,Unseen delay,"(0-40,0-40)",0,40,0,40,1000000,0,0,0,0.7592573860315994,0.2384058440442351,85,-63.86167823895812,-63.39654840156436,0.7513138616348014,0.09302596747875214,0.04786323383450508,0.0
stochastic_0_40,"(0-40,0-40)",stochastic,unseen,Unseen delay,"(0-40,0-40)",0,40,0,40,1000000,0,0,1,0.7592573860315994,0.2384058440442351,81,-66.14893651008606,-65.8372004032135,0.8166535371615563,0.3117361068725586,0.01985134929418564,0.0
stochastic_0_40,"(0-40,0-40)",stochastic,unseen,Unseen delay,"(0-40,0-40)",0,40,0,40,1000000,0,0,2,0.7592573860315994,0.2384058440442351,84,-60.7185245603323,-59.02035270631313,0.7228395780991941,0.42454296350479126,0.06822618842124939,0.0
stochastic_0_40,"(0-40,0-40)",stochastic,unseen,Unseen delay,"(0-40,0-40)",0,40,0,40,1000000,0,0,3,0.7592573860315994,0.2384058440442351,82,-46.074897680431604,-45.8222307600081,0.5618889961028244,0.12633346021175385,0.016654301434755325,0.0
stochastic_0_40,"(0-40,0-40)",stochastic,unseen,Unseen delay,"(0-40,0-40)",0,40,0,40,1000000,0,0,4,0.7592573860315994,0.2384058440442351,90,-53.34951851982623,-53.1676657544449,0.5927724279980693,0.01818527653813362,0.011037366464734077,1.0
stochastic_0_40,"(0-40,0-40)",stochastic,unseen,Unseen delay,"(0-40,0-40)",0,40,0,40,1000000,0,0,5,0.7592573860315994,0.2384058440442351,94,-49.4540773332119,-48.159548163414,0.526107205672467,0.09246636927127838,0.028220251202583313,0.0
stochastic_0_40,"(0-40,0-40)",stochastic,unseen,Unseen delay,"(0-40,0-40)",0,40,0,40,1000000,0,0,6,0.7592573860315994,0.2384058440442351,89,-65.23628196353093,-62.65714648598805,0.7329919321745048,0.28657060861587524,0.003908591810613871,0.0
stochastic_0_40,"(0-40,0-40)",stochastic,unseen,Unseen delay,"(0-40,0-40)",0,40,0,40,1000000,0,0,7,0.7592573860315994,0.2384058440442351,83,-53.76754014566541,-53.035840678960085,0.6478016885019928,0.24389982223510742,0.02111240290105343,0.0
stochastic_0_40,"(0-40,0-40)",stochastic,unseen,Unseen delay,"(0-40,0-40)",0,40,0,40,1001000,1,2880,0,0.4512455752974155,0.4553451992106334,85,-65.54790739528835,-64.85849802009761,0.7711518517092747,0.13788187503814697,0.01796024851500988,0.0
stochastic_0_40,"(0-40,0-40)",stochastic,unseen,Unseen delay,"(0-40,0-40)",0,40,0,40,1001000,1,2880,1,0.4512455752974155,0.4553451992106334,86,-43.88315085321665,-43.35305059701204,0.5102691959676354,0.08835004270076752,0.023531123995780945,0.0
stochastic_0_40,"(0-40,0-40)",stochastic,unseen,Unseen delay,"(0-40,0-40)",0,40,0,40,1001000,1,2880,2,0.4512455752974155,0.4553451992106334,89,-39.23562989011407,-38.36379226669669,0.4408497740462255,0.09687084704637527,0.036208439618349075,0.0
stochastic_0_40,"(0-40,0-40)",stochastic,unseen,Unseen delay,"(0-40,0-40)",0,40,0,40,1001000,1,2880,3,0.4512455752974155,0.4553451992106334,84,-58.88520543463528,-58.41832088120282,0.7010143504123247,0.11672113835811615,0.019054636359214783,0.0
stochastic_0_40,"(0-40,0-40)",stochastic,unseen,Unseen delay,"(0-40,0-40)",0,40,0,40,1001000,1,2880,4,0.4512455752974155,0.4553451992106334,87,-58.36929718032479,-57.604324106127024,0.6709114618428137,0.10928186774253845,0.03541397303342819,0.0
stochastic_0_40,"(0-40,0-40)",stochastic,unseen,Unseen delay,"(0-40,0-40)",0,40,0,40,1001000,1,2880,5,0.4512455752974155,0.4553451992106334,85,-64.5037079770118,-63.88426629640162,0.758867152670727,0.12388833612203598,0.02241493947803974,0.0
stochastic_0_40,"(0-40,0-40)",stochastic,unseen,Unseen delay,"(0-40,0-40)",0,40,0,40,1001000,1,2880,6,0.4512455752974155,0.4553451992106334,89,-63.95449982304126,-62.55157576221973,0.718589885652149,0.15588045120239258,0.010149487294256687,0.0
stochastic_0_40,"(0-40,0-40)",stochastic,unseen,Unseen delay,"(0-40,0-40)",0,40,0,40,1001000,1,2880,7,0.4512455752974155,0.4553451992106334,93,-62.51463852263987,-60.71187896467745,0.6722004142219341,0.1386738121509552,0.025546075776219368,0.0
stochastic_0_40,"(0-40,0-40)",stochastic,unseen,Unseen delay,"(0-40,0-40)",0,40,0,40,1002000,2,5760,0,0.6006859761546182,0.37840906120144174,85,-65.76115668006241,-65.55540874786675,0.7736606668242637,0.04114958643913269,0.030743686482310295,1.0
stochastic_0_40,"(0-40,0-40)",stochastic,unseen,Unseen delay,"(0-40,0-40)",0,40,0,40,1002000,2,5760,1,0.6006859761546182,0.37840906120144174,87,-58.98822257947177,-58.77372690383345,0.6780255468904801,0.03064223937690258,0.013555025681853294,1.0
stochastic_0_40,"(0-40,0-40)",stochastic,unseen,Unseen delay,"(0-40,0-40)",0,40,0,40,1002000,2,5760,2,0.6006859761546182,0.37840906120144174,85,-74.59039809927344,-74.07961266860366,0.8775340952855699,0.10215708613395691,0.04314275458455086,0.0
stochastic_0_40,"(0-40,0-40)",stochastic,unseen,Unseen delay,"(0-40,0-40)",0,40,0,40,1002000,2,5760,3,0.6006859761546182,0.37840906120144174,88,-46.13630041759461,-45.94946968834847,0.5242761411090296,0.02335384115576744,0.012812010012567043,1.0
stochastic_0_40,"(0-40,0-40)",stochastic,unseen,Unseen delay,"(0-40,0-40)",0,40,0,40,1002000,2,5760,4,0.6006859761546182,0.37840906120144174,87,-39.870050840079784,-39.035556606948376,0.45827644643769866,0.11921346187591553,0.02149934135377407,0.0
stochastic_0_40,"(0-40,0-40)",stochastic,unseen,Unseen delay,"(0-40,0-40)",0,40,0,40,1002000,2,5760,5,0.6006859761546182,0.37840906120144174,94,-58.4467298835516,-53.66950564086437,0.6217737221654426,0.3412303030490875,0.04195442423224449,0.0
stochastic_0_40,"(0-40,0-40)",stochastic,unseen,Unseen delay,"(0-40,0-40)",0,40,0,40,1002000,2,5760,6,0.6006859761546182,0.37840906120144174,85,-55.30546567076817,-55.13334572920576,0.650652537303155,0.034423988312482834,0.006794404704123735,1.0
stochastic_0_40,"(0-40,0-40)",stochastic,unseen,Unseen delay,"(0-40,0-40)",0,40,0,40,1002000,2,5760,7,0.6006859761546182,0.37840906120144174,89,-45.75017650751397,-45.40970447240397,0.5140469270507187,0.03783022612333298,0.0040414961986243725,1.0
stochastic_0_40,"(0-40,0-40)",stochastic,unseen,Unseen delay,"(0-40,0-40)",0,40,0,40,1003000,3,8640,0,0.6006859761546182,0.37840906120144174,90,-53.83722139149904,-52.31290755420923,0.5981913487944338,0.15243138372898102,0.009774241596460342,0.0
stochastic_0_40,"(0-40,0-40)",stochastic,unseen,Unseen delay,"(0-40,0-40)",0,40,0,40,1003000,3,8640,1,0.6006859761546182,0.37840906120144174,93,-76.46053582429886,-74.7699086368084,0.8221562991860092,0.1300482451915741,0.04122350364923477,0.0
stochastic_0_40,"(0-40,0-40)",stochastic,unseen,Unseen delay,"(0-40,0-40)",0,40,0,40,1003000,3,8640,2,0.6006859761546182,0.37840906120144174,88,-64.45421908050776,-64.18302343040705,0.7324343077330426,0.0338994562625885,0.0338994562625885,1.0
stochastic_0_40,"(0-40,0-40)",stochastic,unseen,Unseen delay,"(0-40,0-40)",0,40,0,40,1003000,3,8640,3,0.6006859761546182,0.37840906120144174,88,-37.67219102650415,-37.18242517381441,0.4280930798466381,0.06122073158621788,0.001339944894425571,0.0
stochastic_0_40,"(0-40,0-40)",stochastic,unseen,Unseen delay,"(0-40,0-40)",0,40,0,40,1003000,3,8640,4,0.6006859761546182,0.37840906120144174,83,-52.54452743753791,-52.27713046595454,0.6330665956329868,0.08913232386112213,0.01961611397564411,0.0
stochastic_0_40,"(0-40,0-40)",stochastic,unseen,Unseen delay,"(0-40,0-40)",0,40,0,40,1003000,3,8640,5,0.6006859761546182,0.37840906120144174,80,-66.6550293136388,-66.6550293136388,0.833187866420485,0.053874608129262924,0.013965079560875893,1.0
stochastic_0_40,"(0-40,0-40)",stochastic,unseen,Unseen delay,"(0-40,0-40)",0,40,0,40,1003000,3,8640,6,0.6006859761546182,0.37840906120144174,83,-68.47324713878334,-68.23095957748592,0.8249788811901607,0.08076252043247223,0.027653830125927925,0.0
stochastic_0_40,"(0-40,0-40)",stochastic,unseen,Unseen delay,"(0-40,0-40)",0,40,0,40,1003000,3,8640,7,0.6006859761546182,0.37840906120144174,84,-51.764186481013894,-51.73438976891339,0.6162403152501654,0.007449178025126457,0.007449178025126457,1.0
stochastic_0_40,"(0-40,0-40)",stochastic,unseen,Unseen delay,"(0-40,0-40)",0,40,0,40,1004000,4,11520,0,0.6006859761546182,0.37840906120144174,87,-40.705353203229606,-40.54536921624094,0.46787762302562763,0.02285485528409481,0.014232461340725422,1.0
stochastic_0_40,"(0-40,0-40)",stochastic,unseen,Unseen delay,"(0-40,0-40)",0,40,0,40,1004000,4,11520,1,0.6006859761546182,0.37840906120144174,88,-53.63935224339366,-53.43881515786052,0.609538093674928,0.02506713569164276,0.018193747848272324,1.0
stochastic_0_40,"(0-40,0-40)",stochastic,unseen,Unseen delay,"(0-40,0-40)",0,40,0,40,1004000,4,11520,2,0.6006859761546182,0.37840906120144174,93,-70.73927605897188,-68.15514051169157,0.7606373769781922,0.1987796574831009,0.026512350887060165,0.0
stochastic_0_40,"(0-40,0-40)",stochastic,unseen,Unseen delay,"(0-40,0-40)",0,40,0,40,1004000,4,11520,3,0.6006859761546182,0.37840906120144174,81,-32.59225801425055,-32.56906410353258,0.40237355573148825,0.023193910717964172,0.0026929466985166073,1.0
stochastic_0_40,"(0-40,0-40)",stochastic,unseen,Unseen delay,"(0-40,0-40)",0,40,0,40,1004000,4,11520,4,0.6006859761546182,0.37840906120144174,83,-70.85800608433783,-70.53022264130414,0.8537109166787691,0.10926114767789841,0.013535337522625923,0.0
stochastic_0_40,"(0-40,0-40)",stochastic,unseen,Unseen delay,"(0-40,0-40)",0,40,0,40,1004000,4,11520,5,0.6006859761546182,0.37840906120144174,83,-54.39457041397691,-54.25376904755831,0.6553562700479145,0.04693378880620003,0.015957728028297424,1.0
stochastic_0_40,"(0-40,0-40)",stochastic,unseen,Unseen delay,"(0-40,0-40)",0,40,0,40,1004000,4,11520,6,0.6006859761546182,0.37840906120144174,90,-55.558412382379174,-55.3030360955745,0.6173156931375464,0.025537628680467606,0.008681927807629108,1.0
stochastic_0_40,"(0-40,0-40)",stochastic,unseen,Unseen delay,"(0-40,0-40)",0,40,0,40,1004000,4,11520,7,0.6006859761546182,0.37840906120144174,89,-58.58997403457761,-58.000407595187426,0.6583143149952541,0.06550738215446472,0.014116743579506874,0.0
stochastic_0_40,"(0-40,0-40)",stochastic,unseen,Unseen delay,"(0-40,0-40)",0,40,0,40,1005000,5,14400,0,0.6713340993746425,0.23030837687755487,83,-48.55639298725873,-48.326449488289654,0.5850167829790208,0.07664783298969269,0.011523840948939323,0.0
stochastic_0_40,"(0-40,0-40)",stochastic,unseen,Unseen delay,"(0-40,0-40)",0,40,0,40,1005000,5,14400,1,0.6713340993746425,0.23030837687755487,86,-44.919129341840744,-44.03113093972206,0.5223154574632645,0.14799973368644714,0.025173215195536613,0.0
stochastic_0_40,"(0-40,0-40)",stochastic,unseen,Unseen delay,"(0-40,0-40)",0,40,0,40,1005000,5,14400,2,0.6713340993746425,0.23030837687755487,91,-50.351200779899955,-48.41579579375684,0.5533098986802193,0.17594590783119202,0.019770188257098198,0.0
stochastic_0_40,"(0-40,0-40)",stochastic,unseen,Unseen delay,"(0-40,0-40)",0,40,0,40,1005000,5,14400,3,0.6713340993746425,0.23030837687755487,84,-63.11219506710768,-61.33199875801802,0.7513356555608057,0.44504907727241516,0.03517783433198929,0.0
stochastic_0_40,"(0-40,0-40)",stochastic,unseen,Unseen delay,"(0-40,0-40)",0,40,0,40,1005000,5,14400,4,0.6713340993746425,0.23030837687755487,92,-66.70510110631585,-61.96476838365197,0.725055446807781,0.3950277268886566,0.03508727252483368,0.0
stochastic_0_40,"(0-40,0-40)",stochastic,unseen,Unseen delay,"(0-40,0-40)",0,40,0,40,1005000,5,14400,5,0.6713340993746425,0.23030837687755487,87,-50.87552125006914,-49.27385783940554,0.5847761063226338,0.22880905866622925,0.015998804941773415,0.0
stochastic_0_40,"(0-40,0-40)",stochastic,unseen,Unseen delay,"(0-40,0-40)",0,40,0,40,1005000,5,14400,6,0.6713340993746425,0.23030837687755487,89,-48.916452845558524,-48.77615023031831,0.5496230656804328,0.01558917947113514,0.01558917947113514,1.0
stochastic_0_40,"(0-40,0-40)",stochastic,unseen,Unseen delay,"(0-40,0-40)",0,40,0,40,1005000,5,14400,7,0.6713340993746425,0.23030837687755487,83,-70.30774138122797,-70.24316911026835,0.847081221460578,0.021524090319871902,0.021524090319871902,1.0
stochastic_0_40,"(0-40,0-40)",stochastic,unseen,Unseen delay,"(0-40,0-40)",0,40,0,40,1006000,6,17280,0,0.6713340993746425,0.23030837687755487,85,-91.12723339349031,-90.51017299294472,1.0720850987469448,0.12341208010911942,0.0339217409491539,0.0
stochastic_0_40,"(0-40,0-40)",stochastic,unseen,Unseen delay,"(0-40,0-40)",0,40,0,40,1006000,6,17280,1,0.6713340993746425,0.23030837687755487,85,-33.33269227668643,-33.196156894788146,0.3921493209021933,0.02730707637965679,0.012050907127559185,1.0
stochastic_0_40,"(0-40,0-40)",stochastic,unseen,Unseen delay,"(0-40,0-40)",0,40,0,40,1006000,6,17280,2,0.6713340993746425,0.23030837687755487,97,-41.325930731371045,-39.977809304371476,0.4260405230038252,0.07930126041173935,0.0258494783192873,0.0
stochastic_0_40,"(0-40,0-40)",stochastic,unseen,Unseen delay,"(0-40,0-40)",0,40,0,40,1006000,6,17280,3,0.6713340993746425,0.23030837687755487,83,-51.02140920050442,-50.831788981333375,0.6147157735000532,0.0632067397236824,0.027818497270345688,0.0
stochastic_0_40,"(0-40,0-40)",stochastic,unseen,Unseen delay,"(0-40,0-40)",0,40,0,40,1006000,6,17280,4,0.6713340993746425,0.23030837687755487,87,-69.0839632190764,-68.73325410112739,0.7940685427480045,0.050101302564144135,0.04814894497394562,1.0
stochastic_0_40,"(0-40,0-40)",stochastic,unseen,Unseen delay,"(0-40,0-40)",0,40,0,40,1006000,6,17280,5,0.6713340993746425,0.23030837687755487,82,-39.3434731811285,-39.17677856981754,0.4797984534283964,0.08334730565547943,0.008172053843736649,0.0
stochastic_0_40,"(0-40,0-40)",stochastic,unseen,Unseen delay,"(0-40,0-40)",0,40,0,40,1006000,6,17280,6,0.6713340993746425,0.23030837687755487,100,-58.72634369879961,-58.24043706059456,0.5872634369879961,0.02429533191025257,0.012811053544282913,1.0
stochastic_0_40,"(0-40,0-40)",stochastic,unseen,Unseen delay,"(0-40,0-40)",0,40,0,40,1006000,6,17280,7,0.6713340993746425,0.23030837687755487,88,-58.717629820108414,-57.560185462236404,0.6672457934103229,0.14468054473400116,0.016358159482479095,0.0
stochastic_0_40,"(0-40,0-40)",stochastic,unseen,Unseen delay,"(0-40,0-40)",0,40,0,40,1007000,7,20160,0,0.6713340993746425,0.23030837687755487,94,-45.22589960647747,-44.42458151234314,0.4811265915582709,0.05723700672388077,0.002793415915220976,1.0
stochastic_0_40,"(0-40,0-40)",stochastic,unseen,Unseen delay,"(0-40,0-40)",0,40,0,40,1007000,7,20160,1,0.6713340993746425,0.23030837687755487,91,-41.7212851010263,-40.835122000426054,0.45847566045083843,0.08056028187274933,0.008446363732218742,0.0
stochastic_0_40,"(0-40,0-40)",stochastic,unseen,Unseen delay,"(0-40,0-40)",0,40,0,40,1007000,7,20160,2,0.6713340993746425,0.23030837687755487,88,-46.317790183238685,-45.776509436778724,0.5263385248095305,0.06766009330749512,0.006857910193502903,0.0
stochastic_0_40,"(0-40,0-40)",stochastic,unseen,Unseen delay,"(0-40,0-40)",0,40,0,40,1007000,7,20160,3,0.6713340993746425,0.23030837687755487,83,-50.08289025723934,-49.796755351126194,0.6034083163522812,0.09537830203771591,0.05430658161640167,0.0
stochastic_0_40,"(0-40,0-40)",stochastic,unseen,Unseen delay,"(0-40,0-40)",0,40,0,40,1007000,7,20160,4,0.6713340993746425,0.23030837687755487,85,-42.29849084280431,-41.9377766828984,0.49762930403299194,0.0721428319811821,0.018577832728624344,0.0
stochastic_0_40,"(0-40,0-40)",stochastic,unseen,Unseen delay,"(0-40,0-40)",0,40,0,40,1007000,7,20160,5,0.6713340993746425,0.23030837687755487,87,-59.50246486067772,-59.09011344611645,0.6839363777089393,0.058907344937324524,0.02423364296555519,1.0
stochastic_0_40,"(0-40,0-40)",stochastic,unseen,Unseen delay,"(0-40,0-40)",0,40,0,40,1007000,7,20160,6,0.6713340993746425,0.23030837687755487,86,-64.47925807535648,-63.80164624750614,0.7497588148297265,0.11293530464172363,0.035886432975530624,0.0
stochastic_0_40,"(0-40,0-40)",stochastic,unseen,Unseen delay,"(0-40,0-40)",0,40,0,40,1007000,7,20160,7,0.6713340993746425,0.23030837687755487,99,-34.23595399968326,-33.28784899227321,0.3458177171685178,0.04990026354789734,0.01773892156779766,1.0
stochastic_0_40,"(0-40,0-40)",stochastic,unseen,Unseen delay,"(0-40,0-40)",0,40,0,40,1008000,8,23040,0,0.6713340993746425,0.23030837687755487,84,-50.65186059009284,-50.47190197836608,0.6029983403582481,0.044989652931690216,0.0088356276974082,1.0
stochastic_0_40,"(0-40,0-40)",stochastic,unseen,Unseen delay,"(0-40,0-40)",0,40,0,40,1008000,8,23040,1,0.6713340993746425,0.23030837687755487,83,-50.06282598990947,-49.64496706146747,0.6031665781916804,0.13928630948066711,0.010990445502102375,0.0
stochastic_0_40,"(0-40,0-40)",stochastic,unseen,Unseen delay,"(0-40,0-40)",0,40,0,40,1008000,8,23040,2,0.6713340993746425,0.23030837687755487,88,-41.999567930120975,-41.66215455951169,0.4772678173877383,0.04217667132616043,0.0019079619087278843,1.0
stochastic_0_40,"(0-40,0-40)",stochastic,unseen,Unseen delay,"(0-40,0-40)",0,40,0,40,1008000,8,23040,3,0.6713340993746425,0.23030837687755487,87,-57.36581971682608,-56.81674464978278,0.6593772381244377,0.07843929529190063,0.017406558617949486,0.0
stochastic_0_40,"(0-40,0-40)",stochastic,unseen,Unseen delay,"(0-40,0-40)",0,40,0,40,1008000,8,23040,4,0.6713340993746425,0.23030837687755487,90,-73.72889367584139,-67.91241613868624,0.819209929731571,0.5816477537155151,0.01307965163141489,0.0
stochastic_0_40,"(0-40,0-40)",stochastic,unseen,Unseen delay,"(0-40,0-40)",0,40,0,40,1008000,8,23040,5,0.6713340993746425,0.23030837687755487,86,-47.216443026438355,-47.101887153461576,0.5490284072841669,0.01909264549612999,0.0186911690980196,1.0
stochastic_0_40,"(0-40,0-40)",stochastic,unseen,Unseen delay,"(0-40,0-40)",0,40,0,40,1008000,8,23040,6,0.6713340993746425,0.23030837687755487,81,-54.89665988879278,-54.74174114363268,0.677736541836948,0.15491874516010284,0.0075118341483175755,0.0
stochastic_0_40,"(0-40,0-40)",stochastic,unseen,Unseen delay,"(0-40,0-40)",0,40,0,40,1008000,8,23040,7,0.6713340993746425,0.23030837687755487,82,-43.163011740893126,-43.07169695571065,0.5263781919621113,0.04565739259123802,0.037137895822525024,1.0
stochastic_0_40,"(0-40,0-40)",stochastic,unseen,Unseen delay,"(0-40,0-40)",0,40,0,40,1009000,9,25920,0,0.6713340993746425,0.23030837687755487,91,-63.81194107001647,-63.53307010186836,0.7012301216485327,0.025351906195282936,0.007206003647297621,1.0
stochastic_0_40,"(0-40,0-40)",stochastic,unseen,Unseen delay,"(0-40,0-40)",0,40,0,40,1009000,9,25920,1,0.6713340993746425,0.23030837687755487,95,-46.44857564475387,-44.899928285740316,0.48893237520793553,0.1032431572675705,0.01169737521559,0.0
stochastic_0_40,"(0-40,0-40)",stochastic,unseen,Unseen delay,"(0-40,0-40)",0,40,0,40,1009000,9,25920,2,0.6713340993746425,0.23030837687755487,83,-57.02175636962056,-56.24667798355222,0.6870091128869947,0.25835946202278137,0.008277878165245056,0.0
stochastic_0_40,"(0-40,0-40)",stochastic,unseen,Unseen delay,"(0-40,0-40)",0,40,0,40,1009000,9,25920,3,0.6713340993746425,0.23030837687755487,83,-48.65570601820946,-48.50999278947711,0.5862133255205959,0.04857107624411583,0.03792653605341911,1.0
stochastic_0_40,"(0-40,0-40)",stochastic,unseen,Unseen delay,"(0-40,0-40)",0,40,0,40,1009000,9,25920,4,0.6713340993746425,0.23030837687755487,82,-38.68922294490039,-38.405740750953555,0.4718197920109804,0.1417410969734192,0.02899436093866825,0.0
stochastic_0_40,"(0-40,0-40)",stochastic,unseen,Unseen delay,"(0-40,0-40)",0,40,0,40,1009000,9,25920,5,0.6713340993746425,0.23030837687755487,85,-58.281162845902145,-58.188683417625725,0.6856607393635546,0.018495885655283928,0.011448127217590809,1.0
stochastic_0_40,"(0-40,0-40)",stochastic,unseen,Unseen delay,"(0-40,0-40)",0,40,0,40,1009000,9,25920,6,0.6713340993746425,0.23030837687755487,82,-42.13663611281663,-41.787956272251904,0.5138614160099589,0.1743399202823639,0.012235560454428196,0.0
stochastic_0_40,"(0-40,0-40)",stochastic,unseen,Unseen delay,"(0-40,0-40)",0,40,0,40,1009000,9,25920,7,0.6713340993746425,0.23030837687755487,84,-51.07964984700084,-50.811627846211195,0.6080910696071529,0.06700550019741058,0.012306423857808113,0.0
stochastic_0_40,"(0-40,0-40)",stochastic,unseen,Unseen delay,"(0-40,0-40)",0,40,0,40,1010000,10,28800,0,0.6713340993746425,0.23030837687755487,81,-62.781543942168355,-62.53226421959698,0.7750807894094859,0.24927972257137299,0.017659960314631462,0.0
stochastic_0_40,"(0-40,0-40)",stochastic,unseen,Unseen delay,"(0-40,0-40)",0,40,0,40,1010000,10,28800,1,0.6713340993746425,0.23030837687755487,85,-52.27196160145104,-51.84508613683283,0.6149642541347181,0.0853750929236412,0.008764623664319515,0.0
stochastic_0_40,"(0-40,0-40)",stochastic,unseen,Unseen delay,"(0-40,0-40)",0,40,0,40,1010000,10,28800,2,0.6713340993746425,0.23030837687755487,87,-57.24688260257244,-55.47699375450611,0.6580101448571545,0.2528412640094757,0.008216159418225288,0.0
stochastic_0_40,"(0-40,0-40)",stochastic,unseen,Unseen delay,"(0-40,0-40)",0,40,0,40,1010000,10,28800,3,0.6713340993746425,0.23030837687755487,93,-48.94062013970688,-48.590153355617076,0.5262432273086761,0.02695898339152336,0.005056044552475214,1.0
stochastic_0_40,"(0-40,0-40)",stochastic,unseen,Unseen delay,"(0-40,0-40)",0,40,0,40,1010000,10,28800,4,0.6713340993746425,0.23030837687755487,87,-43.13538661971688,-42.31843461468816,0.4958090416059412,0.11670742928981781,0.01855742186307907,0.0
stochastic_0_40,"(0-40,0-40)",stochastic,unseen,Unseen delay,"(0-40,0-40)",0,40,0,40,1010000,10,28800,5,0.6713340993746425,0.23030837687755487,84,-42.44773439178243,-41.86049280175939,0.5053301713307432,0.1468103975057602,0.004625346977263689,0.0
stochastic_0_40,"(0-40,0-40)",stochastic,unseen,Unseen delay,"(0-40,0-40)",0,40,0,40,1010000,10,28800,6,0.6713340993746425,0.23030837687755487,88,-51.47075404971838,-50.95352616161108,0.5848949323831634,0.06465348601341248,0.03910473361611366,0.0
stochastic_0_40,"(0-40,0-40)",stochastic,unseen,Unseen delay,"(0-40,0-40)",0,40,0,40,1010000,10,28800,7,0.6713340993746425,0.23030837687755487,87,-51.762278634123504,-51.456582489423454,0.594968719932454,0.04367087781429291,0.014942868612706661,1.0
stochastic_0_40,"(0-40,0-40)",stochastic,unseen,Unseen delay,"(0-40,0-40)",0,40,0,40,1011000,11,31680,0,0.6713340993746425,0.23030837687755487,82,-54.015589632093906,-53.72094488888979,0.6587267028304135,0.1473223716020584,0.03240428864955902,0.0
stochastic_0_40,"(0-40,0-40)",stochastic,unseen,Unseen delay,"(0-40,0-40)",0,40,0,40,1011000,11,31680,1,0.6713340993746425,0.23030837687755487,82,-46.35489469394088,-45.8296521268785,0.5653035938285473,0.26262128353118896,0.017714472487568855,0.0
stochastic_0_40,"(0-40,0-40)",stochastic,unseen,Unseen delay,"(0-40,0-40)",0,40,0,40,1011000,11,31680,2,0.6713340993746425,0.23030837687755487,91,-41.17114395648241,-40.14274325221777,0.45243015336793857,0.09349097311496735,0.01999225653707981,0.0
stochastic_0_40,"(0-40,0-40)",stochastic,unseen,Unseen delay,"(0-40,0-40)",0,40,0,40,1011000,11,31680,3,0.6713340993746425,0.23030837687755487,89,-39.423340933863074,-39.364115164615214,0.4429588868973379,0.0065806410275399685,0.002020773943513632,1.0
stochastic_0_40,"(0-40,0-40)",stochastic,unseen,Unseen delay,"(0-40,0-40)",0,40,0,40,1011000,11,31680,4,0.6713340993746425,0.23030837687755487,81,-63.06059386674315,-62.81231889966875,0.7785258502067055,0.24827496707439423,0.01030739489942789,0.0
stochastic_0_40,"(0-40,0-40)",stochastic,unseen,Unseen delay,"(0-40,0-40)",0,40,0,40,1011000,11,31680,5,0.6713340993746425,0.23030837687755487,86,-68.80631900765002,-67.37924210168421,0.8000734768331398,0.23784615099430084,0.019785141572356224,0.0
stochastic_0_40,"(0-40,0-40)",stochastic,unseen,Unseen delay,"(0-40,0-40)",0,40,0,40,1011000,11,31680,6,0.6713340993746425,0.23030837687755487,84,-42.25284304562956,-41.81945695821196,0.5030100362574947,0.10834652185440063,0.01552670355886221,0.0
stochastic_0_40,"(0-40,0-40)",stochastic,unseen,Unseen delay,"(0-40,0-40)",0,40,0,40,1011000,11,31680,7,0.6713340993746425,0.23030837687755487,85,-46.13717141747475,-45.786864414811134,0.5427902519702912,0.07006140053272247,0.06783068180084229,0.0
stochastic_0_40,"(0-40,0-40)",stochastic,unseen,Unseen delay,"(0-40,0-40)",0,40,0,40,1012000,12,34560,0,0.6713340993746425,0.23030837687755487,87,-71.96948573552072,-69.11737773381174,0.8272354682243761,0.4074440002441406,0.008579371497035027,0.0
stochastic_0_40,"(0-40,0-40)",stochastic,unseen,Unseen delay,"(0-40,0-40)",0,40,0,40,1012000,12,34560,1,0.6713340993746425,0.23030837687755487,84,-70.7962920293212,-70.02617713063955,0.8428130003490618,0.19252872467041016,0.03842521458864212,0.0
stochastic_0_40,"(0-40,0-40)",stochastic,unseen,Unseen delay,"(0-40,0-40)",0,40,0,40,1012000,12,34560,2,0.6713340993746425,0.23030837687755487,83,-48.98557996377349,-48.784476201981306,0.5901877104069095,0.06703458726406097,0.04937268793582916,0.0
stochastic_0_40,"(0-40,0-40)",stochastic,unseen,Unseen delay,"(0-40,0-40)",0,40,0,40,1012000,12,34560,3,0.6713340993746425,0.23030837687755487,82,-67.88524787640199,-67.21985464310274,0.8278688765414877,0.3326966166496277,0.005723313894122839,0.0
stochastic_0_40,"(0-40,0-40)",stochastic,unseen,Unseen delay,"(0-40,0-40)",0,40,0,40,1012000,12,34560,4,0.6713340993746425,0.23030837687755487,88,-34.703415845520794,-34.528127138502896,0.3943569982445545,0.02191108837723732,0.007304161787033081,1.0
stochastic_0_40,"(0-40,0-40)",stochastic,unseen,Unseen delay,"(0-40,0-40)",0,40,0,40,1012000,12,34560,5,0.6713340993746425,0.23030837687755487,82,-64.28935931809247,-64.17322950996459,0.7840165770499081,0.05806490406394005,0.024031762033700943,1.0
stochastic_0_40,"(0-40,0-40)",stochastic,unseen,Unseen delay,"(0-40,0-40)",0,40,0,40,1012000,12,34560,6,0.6713340993746425,0.23030837687755487,94,-42.33194804750383,-41.37912740372121,0.4503398728457854,0.06805861741304398,0.01992599479854107,0.0
stochastic_0_40,"(0-40,0-40)",stochastic,unseen,Unseen delay,"(0-40,0-40)",0,40,0,40,1012000,12,34560,7,0.6713340993746425,0.23030837687755487,88,-50.07987240701914,-49.5740260258317,0.569089459170672,0.06323079764842987,0.020408816635608673,0.0
stochastic_0_40,"(0-40,0-40)",stochastic,unseen,Unseen delay,"(0-40,0-40)",0,40,0,40,1013000,13,37440,0,0.6713340993746425,0.23030837687755487,88,-35.6732057351619,-33.94084811396897,0.40537733789956704,0.21654470264911652,0.020562488585710526,0.0
stochastic_0_40,"(0-40,0-40)",stochastic,unseen,Unseen delay,"(0-40,0-40)",0,40,0,40,1013000,13,37440,1,0.6713340993746425,0.23030837687755487,82,-64.32480933703482,-63.754204178228974,0.7844488943540832,0.2853025794029236,0.02082093246281147,0.0
stochastic_0_40,"(0-40,0-40)",stochastic,unseen,Unseen delay,"(0-40,0-40)",0,40,0,40,1013000,13,37440,2,0.6713340993746425,0.23030837687755487,89,-72.30782752670348,-67.48793440498412,0.8124475003000391,0.53554368019104,0.003154536709189415,0.0
stochastic_0_40,"(0-40,0-40)",stochastic,unseen,Unseen delay,"(0-40,0-40)",0,40,0,40,1013000,13,37440,3,0.6713340993746425,0.23030837687755487,89,-47.10954820364714,-45.762577034533024,0.5293207663331139,0.14966346323490143,0.08930257707834244,0.0
stochastic_0_40,"(0-40,0-40)",stochastic,unseen,Unseen delay,"(0-40,0-40)",0,40,0,40,1013000,13,37440,4,0.6713340993746425,0.23030837687755487,84,-37.95818920060992,-37.871150586754084,0.45188320476916577,0.021759653463959694,0.019963251426815987,1.0
stochastic_0_40,"(0-40,0-40)",stochastic,unseen,Unseen delay,"(0-40,0-40)",0,40,0,40,1013000,13,37440,5,0.6713340993746425,0.23030837687755487,85,-40.19149585813284,-39.97669571265578,0.4728411277427393,0.0429600290954113,0.029219191521406174,1.0
stochastic_0_40,"(0-40,0-40)",stochastic,unseen,Unseen delay,"(0-40,0-40)",0,40,0,40,1013000,13,37440,6,0.6713340993746425,0.23030837687755487,91,-45.757397593930364,-44.97717213816941,0.5028285449882458,0.07092958688735962,0.01737838052213192,0.0
stochastic_0_40,"(0-40,0-40)",stochastic,unseen,Unseen delay,"(0-40,0-40)",0,40,0,40,1013000,13,37440,7,0.6713340993746425,0.23030837687755487,85,-50.16484186425805,-48.10524344816804,0.5901746101677418,0.4119196832180023,0.06033402308821678,0.0
stochastic_0_40,"(0-40,0-40)",stochastic,unseen,Unseen delay,"(0-40,0-40)",0,40,0,40,1014000,14,40320,0,0.6713340993746425,0.23030837687755487,83,-53.54773441050202,-53.490228614769876,0.6451534266325544,0.01916859857738018,0.003962129354476929,1.0
stochastic_0_40,"(0-40,0-40)",stochastic,unseen,Unseen delay,"(0-40,0-40)",0,40,0,40,1014000,14,40320,1,0.6713340993746425,0.23030837687755487,86,-47.70405028387904,-47.086646761745214,0.5546982591148726,0.10290058702230453,0.0358249768614769,0.0
stochastic_0_40,"(0-40,0-40)",stochastic,unseen,Unseen delay,"(0-40,0-40)",0,40,0,40,1014000,14,40320,2,0.6713340993746425,0.23030837687755487,91,-55.73686452489346,-54.86351260077208,0.612493016757071,0.07939562946557999,0.012356538325548172,0.0
stochastic_0_40,"(0-40,0-40)",stochastic,unseen,Unseen delay,"(0-40,0-40)",0,40,0,40,1014000,14,40320,3,0.6713340993746425,0.23030837687755487,89,-62.55965343536809,-62.168890685308725,0.7029174543299785,0.04341808333992958,0.004533016588538885,1.0
stochastic_0_40,"(0-40,0-40)",stochastic,unseen,Unseen delay,"(0-40,0-40)",0,40,0,40,1014000,14,40320,4,0.6713340993746425,0.23030837687755487,86,-53.142671258188784,-52.637770355679095,0.6179380378859161,0.08415015041828156,0.008206035010516644,0.0
stochastic_0_40,"(0-40,0-40)",stochastic,unseen,Unseen delay,"(0-40,0-40)",0,40,0,40,1014000,14,40320,5,0.6713340993746425,0.23030837687755487,84,-70.59037717059255,-69.4045079536736,0.8403616329832446,0.29646730422973633,0.03779462352395058,0.0
stochastic_0_40,"(0-40,0-40)",stochastic,unseen,Unseen delay,"(0-40,0-40)",0,40,0,40,1014000,14,40320,6,0.6713340993746425,0.23030837687755487,83,-51.49342206120491,-51.01091496646404,0.6204026754362038,0.16083569824695587,0.10823425650596619,0.0
stochastic_0_40,"(0-40,0-40)",stochastic,unseen,Unseen delay,"(0-40,0-40)",0,40,0,40,1014000,14,40320,7,0.6713340993746425,0.23030837687755487,90,-38.568419214803725,-38.10473594488576,0.42853799127559694,0.046368326991796494,0.007671006489545107,1.0
stochastic_0_40,"(0-40,0-40)",stochastic,unseen,Unseen delay,"(0-40,0-40)",0,40,0,40,1015000,15,43200,0,0.6713340993746425,0.23030837687755487,94,-61.95508958399296,-61.7464354634285,0.6590966977020527,0.01490386575460434,0.010130842216312885,1.0
stochastic_0_40,"(0-40,0-40)",stochastic,unseen,Unseen delay,"(0-40,0-40)",0,40,0,40,1015000,15,43200,1,0.6713340993746425,0.23030837687755487,95,-54.006442323327065,-53.16089208051562,0.5684888665613376,0.05637001618742943,0.016544397920370102,1.0
stochastic_0_40,"(0-40,0-40)",stochastic,unseen,Unseen delay,"(0-40,0-40)",0,40,0,40,1015000,15,43200,2,0.6713340993746425,0.23030837687755487,81,-54.59680109843612,-54.4643843434751,0.6740345814621743,0.1324167549610138,0.039157282561063766,0.0
stochastic_0_40,"(0-40,0-40)",stochastic,unseen,Unseen delay,"(0-40,0-40)",0,40,0,40,1015000,15,43200,3,0.6713340993746425,0.23030837687755487,95,-62.374552519991994,-56.20599883981049,0.6565742370525472,0.4112369120121002,0.016866067424416542,0.0
stochastic_0_40,"(0-40,0-40)",stochastic,unseen,Unseen delay,"(0-40,0-40)",0,40,0,40,1015000,15,43200,4,0.6713340993746425,0.23030837687755487,80,-65.80560355447233,-65.80560355447233,0.8225700444309041,0.022156978026032448,0.022156978026032448,1.0
stochastic_0_40,"(0-40,0-40)",stochastic,unseen,Unseen delay,"(0-40,0-40)",0,40,0,40,1015000,15,43200,5,0.6713340993746425,0.23030837687755487,86,-51.02292895130813,-50.787470830604434,0.5932898715268388,0.03924302011728287,0.030201861634850502,1.0
stochastic_0_40,"(0-40,0-40)",stochastic,unseen,Unseen delay,"(0-40,0-40)",0,40,0,40,1015000,15,43200,6,0.6713340993746425,0.23030837687755487,90,-71.37050882913172,-67.22381965257227,0.7930056536570191,0.4146689176559448,0.010876927524805069,0.0
stochastic_0_40,"(0-40,0-40)",stochastic,unseen,Unseen delay,"(0-40,0-40)",0,40,0,40,1015000,15,43200,7,0.6713340993746425,0.23030837687755487,83,-37.70732122659683,-37.62731604464352,0.45430507501923895,0.02666839398443699,0.012407815083861351,1.0
stochastic_0_40,"(0-40,0-40)",stochastic,unseen,Unseen delay,"(0-40,0-40)",0,40,0,40,1016000,16,46080,0,0.6713340993746425,0.23030837687755487,91,-50.275205397512764,-49.907667064573616,0.5524747845880523,0.03341257572174072,0.005834650713950396,1.0
stochastic_0_40,"(0-40,0-40)",stochastic,unseen,Unseen delay,"(0-40,0-40)",0,40,0,40,1016000,16,46080,1,0.6713340993746425,0.23030837687755487,92,-38.40098550915718,-38.21129957586527,0.4174020164038824,0.01580716110765934,0.01580716110765934,1.0
stochastic_0_40,"(0-40,0-40)",stochastic,unseen,Unseen delay,"(0-40,0-40)",0,40,0,40,1016000,16,46080,2,0.6713340993746425,0.23030837687755487,92,-61.90117659792304,-61.37978355214,0.6728388760643809,0.04344942048192024,0.04344942048192024,1.0
stochastic_0_40,"(0-40,0-40)",stochastic,unseen,Unseen delay,"(0-40,0-40)",0,40,0,40,1016000,16,46080,3,0.6713340993746425,0.23030837687755487,98,-46.68172777816653,-45.1778732649982,0.4763441610016993,0.08354747295379639,0.025347178801894188,0.0
stochastic_0_40,"(0-40,0-40)",stochastic,unseen,Unseen delay,"(0-40,0-40)",0,40,0,40,1016000,16,46080,4,0.6713340993746425,0.23030837687755487,85,-39.85061128943926,-39.72277882829076,0.46883072105222656,0.02556649222970009,0.0009733805782161653,1.0
stochastic_0_40,"(0-40,0-40)",stochastic,unseen,Unseen delay,"(0-40,0-40)",0,40,0,40,1016000,16,46080,5,0.6713340993746425,0.23030837687755487,89,-49.961389649659395,-49.33851915970445,0.5613639286478583,0.06920783221721649,0.017853278666734695,0.0
stochastic_0_40,"(0-40,0-40)",stochastic,unseen,Unseen delay,"(0-40,0-40)",0,40,0,40,1016000,16,46080,6,0.6713340993746425,0.23030837687755487,86,-33.05856921849772,-32.82771012512967,0.3844019676569503,0.03847651556134224,0.004978131968528032,1.0
stochastic_0_40,"(0-40,0-40)",stochastic,unseen,Unseen delay,"(0-40,0-40)",0,40,0,40,1016000,16,46080,7,0.6713340993746425,0.23030837687755487,89,-44.96965536521748,-43.38088144408539,0.5052770265754772,0.17653043568134308,0.00523538189008832,0.0
stochastic_0_40,"(0-40,0-40)",stochastic,unseen,Unseen delay,"(0-40,0-40)",0,40,0,40,1017000,17,48960,0,0.6713340993746425,0.23030837687755487,89,-72.09933228418231,-69.65675960108638,0.810104857125644,0.2713969647884369,0.009444516152143478,0.0
stochastic_0_40,"(0-40,0-40)",stochastic,unseen,Unseen delay,"(0-40,0-40)",0,40,0,40,1017000,17,48960,1,0.6713340993746425,0.23030837687755487,85,-58.77451229514554,-57.156402949709445,0.691464850531124,0.32362186908721924,0.006885681767016649,0.0
stochastic_0_40,"(0-40,0-40)",stochastic,unseen,Unseen delay,"(0-40,0-40)",0,40,0,40,1017000,17,48960,2,0.6713340993746425,0.23030837687755487,85,-64.278857704252,-63.61560634896159,0.7562218553441412,0.13265027105808258,0.03755803033709526,0.0
stochastic_0_40,"(0-40,0-40)",stochastic,unseen,Unseen delay,"(0-40,0-40)",0,40,0,40,1017000,17,48960,3,0.6713340993746425,0.23030837687755487,90,-56.14120001718402,-55.27673373743892,0.6237911113020447,0.08644662797451019,0.029687736183404922,0.0
stochastic_0_40,"(0-40,0-40)",stochastic,unseen,Unseen delay,"(0-40,0-40)",0,40,0,40,1017000,17,48960,4,0.6713340993746425,0.23030837687755487,82,-49.86735426168889,-49.148123788647354,0.608138466605962,0.3596152365207672,0.006006780080497265,0.0
stochastic_0_40,"(0-40,0-40)",stochastic,unseen,Unseen delay,"(0-40,0-40)",0,40,0,40,1017000,17,48960,5,0.6713340993746425,0.23030837687755487,83,-64.57506176829338,-63.3944973051548,0.7780127923890768,0.3935214877128601,0.026010729372501373,0.0
stochastic_0_40,"(0-40,0-40)",stochastic,unseen,Unseen delay,"(0-40,0-40)",0,40,0,40,1017000,17,48960,6,0.6713340993746425,0.23030837687755487,84,-34.25098563544452,-34.138122430071235,0.4077498289933872,0.0282158013433218,0.006178081966936588,1.0
stochastic_0_40,"(0-40,0-40)",stochastic,unseen,Unseen delay,"(0-40,0-40)",0,40,0,40,1017000,17,48960,7,0.6713340993746425,0.23030837687755487,82,-45.78988774493337,-45.411904115229845,0.5584132651821142,0.18899181485176086,0.03431091457605362,0.0
stochastic_0_40,"(0-40,0-40)",stochastic,unseen,Unseen delay,"(0-40,0-40)",0,40,0,40,1018000,18,51840,0,0.6713340993746425,0.23030837687755487,83,-75.4655962344259,-74.98351087234914,0.9092240510171795,0.1606951206922531,0.013672905042767525,0.0
stochastic_0_40,"(0-40,0-40)",stochastic,unseen,Unseen delay,"(0-40,0-40)",0,40,0,40,1018000,18,51840,1,0.6713340993746425,0.23030837687755487,82,-73.04140416905284,-72.60580135509372,0.8907488313299127,0.21780140697956085,0.02915867790579796,0.0
stochastic_0_40,"(0-40,0-40)",stochastic,unseen,Unseen delay,"(0-40,0-40)",0,40,0,40,1018000,18,51840,2,0.6713340993746425,0.23030837687755487,88,-57.99413238465786,-57.032638773322105,0.6590242316438393,0.1201867014169693,0.01103376317769289,0.0
stochastic_0_40,"(0-40,0-40)",stochastic,unseen,Unseen delay,"(0-40,0-40)",0,40,0,40,1018000,18,51840,3,0.6713340993746425,0.23030837687755487,83,-38.71473157405853,-38.65033938549459,0.46644254908504257,0.021464062854647636,0.005913605913519859,1.0
stochastic_0_40,"(0-40,0-40)",stochastic,unseen,Unseen delay,"(0-40,0-40)",0,40,0,40,1018000,18,51840,4,0.6713340993746425,0.23030837687755487,83,-76.84135921299458,-76.63354121148586,0.9257995085902961,0.06927266716957092,0.06927266716957092,0.0
stochastic_0_40,"(0-40,0-40)",stochastic,unseen,Unseen delay,"(0-40,0-40)",0,40,0,40,1018000,18,51840,5,0.6713340993746425,0.23030837687755487,99,-63.3956567728892,-56.70397792104632,0.6403601694231232,0.3521936237812042,0.011198281310498714,0.0
stochastic_0_40,"(0-40,0-40)",stochastic,unseen,Unseen delay,"(0-40,0-40)",0,40,0,40,1018000,18,51840,6,0.6713340993746425,0.23030837687755487,83,-54.51569074974395,-54.19797267601825,0.6568155512017344,0.10590602457523346,0.0021643296349793673,0.0
stochastic_0_40,"(0-40,0-40)",stochastic,unseen,Unseen delay,"(0-40,0-40)",0,40,0,40,1018000,18,51840,7,0.6713340993746425,0.23030837687755487,92,-39.00583863258362,-37.67417639493942,0.4239765068759089,0.1109718531370163,0.01630995236337185,0.0
stochastic_0_40,"(0-40,0-40)",stochastic,unseen,Unseen delay,"(0-40,0-40)",0,40,0,40,1019000,19,54720,0,0.6713340993746425,0.23030837687755487,86,-52.93935623578727,-52.09005978517234,0.6155739097184566,0.14154940843582153,0.019675565883517265,0.0
stochastic_0_40,"(0-40,0-40)",stochastic,unseen,Unseen delay,"(0-40,0-40)",0,40,0,40,1019000,19,54720,1,0.6713340993746425,0.23030837687755487,91,-52.74305117945187,-52.556255425093696,0.5795939690049656,0.01698143221437931,0.0031303984578698874,1.0
stochastic_0_40,"(0-40,0-40)",stochastic,unseen,Unseen delay,"(0-40,0-40)",0,40,0,40,1019000,19,54720,2,0.6713340993746425,0.23030837687755487,86,-36.35339962784201,-36.23901067767292,0.4227139491609536,0.019064825028181076,0.00211940985172987,1.0
stochastic_0_40,"(0-40,0-40)",stochastic,unseen,Unseen delay,"(0-40,0-40)",0,40,0,40,1019000,19,54720,3,0.6713340993746425,0.23030837687755487,82,-53.122825004160404,-52.7042813077569,0.6478393293190293,0.2092718482017517,0.019396835938096046,0.0
stochastic_0_40,"(0-40,0-40)",stochastic,unseen,Unseen delay,"(0-40,0-40)",0,40,0,40,1019000,19,54720,4,0.6713340993746425,0.23030837687755487,86,-58.25589012913406,-57.11527922563255,0.6773940712690006,0.19010181725025177,0.02201373502612114,0.0
stochastic_0_40,"(0-40,0-40)",stochastic,unseen,Unseen delay,"(0-40,0-40)",0,40,0,40,1019000,19,54720,5,0.6713340993746425,0.23030837687755487,82,-63.47812743484974,-63.162299767136574,0.7741235053030456,0.15791383385658264,0.01944209635257721,0.0
stochastic_0_40,"(0-40,0-40)",stochastic,unseen,Unseen delay,"(0-40,0-40)",0,40,0,40,1019000,19,54720,6,0.6713340993746425,0.23030837687755487,83,-45.12106850743294,-44.60377110540867,0.5436273314148546,0.17243246734142303,0.044571392238140106,0.0
stochastic_0_40,"(0-40,0-40)",stochastic,unseen,Unseen delay,"(0-40,0-40)",0,40,0,40,1019000,19,54720,7,0.6713340993746425,0.23030837687755487,91,-49.07463436760008,-46.91910813190043,0.5392816963472536,0.19595693051815033,0.02219025418162346,0.0
stochastic_0_40,"(0-40,0-40)",stochastic,unseen,Unseen delay,"(0-40,0-40)",0,40,0,40,1020000,20,57600,0,0.6713340993746425,0.23030837687755487,81,-46.72241844236851,-46.646126605570316,0.5768199807699815,0.07629183679819107,0.01898188516497612,0.0
stochastic_0_40,"(0-40,0-40)",stochastic,unseen,Unseen delay,"(0-40,0-40)",0,40,0,40,1020000,20,57600,1,0.6713340993746425,0.23030837687755487,86,-57.678920049220324,-56.46931682899594,0.6706851168513991,0.20160053670406342,0.04703223705291748,0.0
stochastic_0_40,"(0-40,0-40)",stochastic,unseen,Unseen delay,"(0-40,0-40)",0,40,0,40,1020000,20,57600,2,0.6713340993746425,0.23030837687755487,92,-37.10864994674921,-36.38386941701174,0.4033548907255349,0.06039837747812271,0.01890726387500763,0.0
stochastic_0_40,"(0-40,0-40)",stochastic,unseen,Unseen delay,"(0-40,0-40)",0,40,0,40,1020000,20,57600,3,0.6713340993746425,0.23030837687755487,87,-58.887645808048546,-57.62055051047355,0.676869492046535,0.18101361393928528,0.011191158555448055,0.0
stochastic_0_40,"(0-40,0-40)",stochastic,unseen,Unseen delay,"(0-40,0-40)",0,40,0,40,1020000,20,57600,4,0.6713340993746425,0.23030837687755487,81,-50.514222394675016,-50.472328029572964,0.6236323752429014,0.04189436510205269,0.03205741569399834,1.0
stochastic_0_40,"(0-40,0-40)",stochastic,unseen,Unseen delay,"(0-40,0-40)",0,40,0,40,1020000,20,57600,5,0.6713340993746425,0.23030837687755487,85,-64.20008144155145,-63.569402012974024,0.7552950757829582,0.12613588571548462,0.050675760954618454,0.0
stochastic_0_40,"(0-40,0-40)",stochastic,unseen,Unseen delay,"(0-40,0-40)",0,40,0,40,1020000,20,57600,6,0.6713340993746425,0.23030837687755487,82,-70.54814710654318,-70.4300938192755,0.8603432573968681,0.05902664363384247,0.024259300902485847,1.0
stochastic_0_40,"(0-40,0-40)",stochastic,unseen,Unseen delay,"(0-40,0-40)",0,40,0,40,1020000,20,57600,7,0.6713340993746425,0.23030837687755487,93,-56.33143173903227,-55.9526572227478,0.6057143197745405,0.029136501252651215,0.029136501252651215,1.0
stochastic_0_40,"(0-40,0-40)",stochastic,unseen,Unseen delay,"(0-40,0-40)",0,40,0,40,1021000,21,60480,0,0.6713340993746425,0.23030837687755487,90,-38.14091742038727,-37.6255127415061,0.4237879713376363,0.05154046788811684,0.03418005257844925,1.0
stochastic_0_40,"(0-40,0-40)",stochastic,unseen,Unseen delay,"(0-40,0-40)",0,40,0,40,1021000,21,60480,1,0.6713340993746425,0.23030837687755487,91,-32.06310210097581,-31.53563141170889,0.3523417813294045,0.04795188084244728,0.009604008868336678,1.0
stochastic_0_40,"(0-40,0-40)",stochastic,unseen,Unseen delay,"(0-40,0-40)",0,40,0,40,1021000,21,60480,2,0.6713340993746425,0.23030837687755487,91,-71.26609146222472,-69.36099181696773,0.7831438622222497,0.1731908768415451,0.009735189378261566,0.0
stochastic_0_40,"(0-40,0-40)",stochastic,unseen,Unseen delay,"(0-40,0-40)",0,40,0,40,1021000,21,60480,3,0.6713340993746425,0.23030837687755487,90,-61.87407986167818,-61.256624543108046,0.6874897762408687,0.0617455318570137,0.013683619908988476,0.0
stochastic_0_40,"(0-40,0-40)",stochastic,unseen,Unseen delay,"(0-40,0-40)",0,40,0,40,1021000,21,60480,4,0.6713340993746425,0.23030837687755487,93,-42.265137707814574,-41.556198911741376,0.45446384632058684,0.05453375354409218,0.014074724167585373,1.0
stochastic_0_40,"(0-40,0-40)",stochastic,unseen,Unseen delay,"(0-40,0-40)",0,40,0,40,1021000,21,60480,5,0.6713340993746425,0.23030837687755487,83,-53.262230740860105,-52.836496802046895,0.6417136233838567,0.1419113129377365,0.03066660650074482,0.0
stochastic_0_40,"(0-40,0-40)",stochastic,unseen,Unseen delay,"(0-40,0-40)",0,40,0,40,1021000,21,60480,6,0.6713340993746425,0.23030837687755487,85,-76.7681451253593,-73.06806252524257,0.9031546485336388,0.740016520023346,0.034990884363651276,0.0
stochastic_0_40,"(0-40,0-40)",stochastic,unseen,Unseen delay,"(0-40,0-40)",0,40,0,40,1021000,21,60480,7,0.6713340993746425,0.23030837687755487,82,-54.50286592822522,-54.104082631878555,0.6646690966856734,0.19939164817333221,0.015353464521467686,0.0
stochastic_0_40,"(0-40,0-40)",stochastic,unseen,Unseen delay,"(0-40,0-40)",0,40,0,40,1022000,22,63360,0,0.6713340993746425,0.23030837687755487,89,-62.70543775660917,-62.5854389606975,0.704555480411339,0.013333199545741081,0.007675852160900831,1.0
stochastic_0_40,"(0-40,0-40)",stochastic,unseen,Unseen delay,"(0-40,0-40)",0,40,0,40,1022000,22,63360,1,0.6713340993746425,0.23030837687755487,83,-36.37803281098604,-36.295364536345005,0.43828955193959085,0.02755609154701233,0.004530990496277809,1.0
stochastic_0_40,"(0-40,0-40)",stochastic,unseen,Unseen delay,"(0-40,0-40)",0,40,0,40,1022000,22,63360,2,0.6713340993746425,0.23030837687755487,85,-55.216863424517214,-54.603838668204844,0.6496101579354966,0.12260495126247406,0.015116273425519466,0.0
stochastic_0_40,"(0-40,0-40)",stochastic,unseen,Unseen delay,"(0-40,0-40)",0,40,0,40,1022000,22,63360,3,0.6713340993746425,0.23030837687755487,82,-61.53784688189626,-60.95866985991597,0.7504615473401982,0.2895885109901428,0.02409541606903076,0.0
stochastic_0_40,"(0-40,0-40)",stochastic,unseen,Unseen delay,"(0-40,0-40)",0,40,0,40,1022000,22,63360,4,0.6713340993746425,0.23030837687755487,85,-49.22768573882058,-49.15606936113909,0.5791492439861246,0.014323275536298752,0.005064866971224546,1.0
stochastic_0_40,"(0-40,0-40)",stochastic,unseen,Unseen delay,"(0-40,0-40)",0,40,0,40,1022000,22,63360,5,0.6713340993746425,0.23030837687755487,81,-81.05193680152297,-80.93100304529071,1.0006411950805305,0.12093375623226166,0.024076033383607864,0.0
stochastic_0_40,"(0-40,0-40)",stochastic,unseen,Unseen delay,"(0-40,0-40)",0,40,0,40,1022000,22,63360,6,0.6713340993746425,0.23030837687755487,87,-76.540970755741,-74.6101851593703,0.8797812730544943,0.27582651376724243,0.017604203894734383,0.0
stochastic_0_40,"(0-40,0-40)",stochastic,unseen,Unseen delay,"(0-40,0-40)",0,40,0,40,1022000,22,63360,7,0.6713340993746425,0.23030837687755487,85,-39.93608905002475,-39.514800887554884,0.46983634176499706,0.08425763249397278,0.030836332589387894,0.0
stochastic_0_40,"(0-40,0-40)",stochastic,unseen,Unseen delay,"(0-40,0-40)",0,40,0,40,1023000,23,66240,0,0.6713340993746425,0.23030837687755487,81,-60.939685897901654,-60.49868472106755,0.7523418012086625,0.44100117683410645,0.020184235647320747,0.0
stochastic_0_40,"(0-40,0-40)",stochastic,unseen,Unseen delay,"(0-40,0-40)",0,40,0,40,1023000,23,66240,1,0.6713340993746425,0.23030837687755487,90,-35.7145079607144,-34.50136941019446,0.39682786623016,0.12131385505199432,0.005899411626160145,0.0
stochastic_0_40,"(0-40,0-40)",stochastic,unseen,Unseen delay,"(0-40,0-40)",0,40,0,40,1023000,23,66240,2,0.6713340993746425,0.23030837687755487,85,-51.89687688648701,-50.78346748650074,0.6105514927822001,0.22268187999725342,0.024143319576978683,0.0
stochastic_0_40,"(0-40,0-40)",stochastic,unseen,Unseen delay,"(0-40,0-40)",0,40,0,40,1023000,23,66240,3,0.6713340993746425,0.23030837687755487,87,-42.860738473944366,-42.68304088059813,0.4926521663671766,0.02538537047803402,0.013960781507194042,1.0
stochastic_0_40,"(0-40,0-40)",stochastic,unseen,Unseen delay,"(0-40,0-40)",0,40,0,40,1023000,23,66240,4,0.6713340993746425,0.23030837687755487,82,-55.581872414797544,-55.53025344014168,0.6778277123755798,0.02580948732793331,0.02580948732793331,1.0
stochastic_0_40,"(0-40,0-40)",stochastic,unseen,Unseen delay,"(0-40,0-40)",0,40,0,40,1023000,23,66240,5,0.6713340993746425,0.23030837687755487,89,-63.93813311867416,-60.15815147571266,0.7184059900974624,0.4199979603290558,0.020826565101742744,0.0
stochastic_0_40,"(0-40,0-40)",stochastic,unseen,Unseen delay,"(0-40,0-40)",0,40,0,40,1023000,23,66240,6,0.6713340993746425,0.23030837687755487,85,-53.18255437538028,-52.299874257296324,0.6256771102985915,0.17653602361679077,0.05520528182387352,0.0
stochastic_0_40,"(0-40,0-40)",stochastic,unseen,Unseen delay,"(0-40,0-40)",0,40,0,40,1023000,23,66240,7,0.6713340993746425,0.23030837687755487,92,-68.7577992156148,-67.1509500220418,0.7473673827784217,0.1339040994644165,0.04013558104634285,0.0
stochastic_0_40,"(0-40,0-40)",stochastic,unseen,Unseen delay,"(0-40,0-40)",0,40,0,40,1024000,24,69120,0,0.6713340993746425,0.23030837687755487,81,-56.89634072035551,-56.841465286910534,0.7024239595105619,0.05487543344497681,0.033506881445646286,1.0
stochastic_0_40,"(0-40,0-40)",stochastic,unseen,Unseen delay,"(0-40,0-40)",0,40,0,40,1024000,24,69120,1,0.6713340993746425,0.23030837687755487,83,-62.74632520414889,-62.32282970286906,0.7559798217367336,0.14116516709327698,0.028310133144259453,0.0
stochastic_0_40,"(0-40,0-40)",stochastic,unseen,Unseen delay,"(0-40,0-40)",0,40,0,40,1024000,24,69120,2,0.6713340993746425,0.23030837687755487,91,-31.832984590902925,-31.049151005223393,0.3498130174824497,0.07125759869813919,0.0210331529378891,0.0
stochastic_0_40,"(0-40,0-40)",stochastic,unseen,Unseen delay,"(0-40,0-40)",0,40,0,40,1024000,24,69120,3,0.6713340993746425,0.23030837687755487,84,-59.525852233637124,-58.21138718770817,0.7086410980194896,0.32861626148223877,0.005987819749861956,0.0
stochastic_0_40,"(0-40,0-40)",stochastic,unseen,Unseen delay,"(0-40,0-40)",0,40,0,40,1024000,24,69120,4,0.6713340993746425,0.23030837687755487,88,-67.12414676696062,-66.42537344247103,0.7627743950790979,0.08734666556119919,0.04336576163768768,0.0
stochastic_0_40,"(0-40,0-40)",stochastic,unseen,Unseen delay,"(0-40,0-40)",0,40,0,40,1024000,24,69120,5,0.6713340993746425,0.23030837687755487,86,-41.65598559752107,-41.208710972219706,0.4843719255525705,0.07454577088356018,0.015799330547451973,0.0
stochastic_0_40,"(0-40,0-40)",stochastic,unseen,Unseen delay,"(0-40,0-40)",0,40,0,40,1024000,24,69120,6,0.6713340993746425,0.23030837687755487,83,-45.03724516183138,-44.99244792107493,0.5426174115883299,0.014932413585484028,0.004505700897425413,1.0
stochastic_0_40,"(0-40,0-40)",stochastic,unseen,Unseen delay,"(0-40,0-40)",0,40,0,40,1024000,24,69120,7,0.6713340993746425,0.23030837687755487,84,-36.72112144343555,-36.5978155490011,0.437156207659947,0.030826473608613014,0.029520027339458466,1.0
stochastic_0_40,"(0-40,0-40)",stochastic,unseen,Unseen delay,"(0-40,0-40)",0,40,0,40,1100000,0,0,0,0.7592573860315994,0.2384058440442351,87,-47.76583966426551,-46.99507342092693,0.5490326398191439,0.11010946333408356,0.00852871686220169,0.0
stochastic_0_40,"(0-40,0-40)",stochastic,unseen,Unseen delay,"(0-40,0-40)",0,40,0,40,1100000,0,0,1,0.7592573860315994,0.2384058440442351,88,-47.44999191258103,-46.513195485807955,0.5392044535520572,0.11709955334663391,0.012824882753193378,0.0
stochastic_0_40,"(0-40,0-40)",stochastic,unseen,Unseen delay,"(0-40,0-40)",0,40,0,40,1100000,0,0,2,0.7592573860315994,0.2384058440442351,84,-61.94992107152939,-59.79369443655014,0.7374990603753498,0.539056658744812,0.028082039207220078,0.0
stochastic_0_40,"(0-40,0-40)",stochastic,unseen,Unseen delay,"(0-40,0-40)",0,40,0,40,1100000,0,0,3,0.7592573860315994,0.2384058440442351,80,-58.53959553875029,-58.53959553875029,0.7317449442343786,0.041275858879089355,0.017780030146241188,1.0
stochastic_0_40,"(0-40,0-40)",stochastic,unseen,Unseen delay,"(0-40,0-40)",0,40,0,40,1100000,0,0,4,0.7592573860315994,0.2384058440442351,85,-41.323632751591504,-40.9724084334448,0.4861603853128412,0.07024486362934113,0.004151935689151287,0.0
stochastic_0_40,"(0-40,0-40)",stochastic,unseen,Unseen delay,"(0-40,0-40)",0,40,0,40,1100000,0,0,5,0.7592573860315994,0.2384058440442351,85,-48.200976168271154,-47.69530883943662,0.5670703078620136,0.10113346576690674,0.0066027711145579815,0.0
stochastic_0_40,"(0-40,0-40)",stochastic,unseen,Unseen delay,"(0-40,0-40)",0,40,0,40,1100000,0,0,6,0.7592573860315994,0.2384058440442351,88,-60.112085957080126,-59.44232239201665,0.6830918858759105,0.08372044563293457,0.01868145540356636,0.0
stochastic_0_40,"(0-40,0-40)",stochastic,unseen,Unseen delay,"(0-40,0-40)",0,40,0,40,1100000,0,0,7,0.7592573860315994,0.2384058440442351,89,-46.73341915011406,-45.77674037218094,0.5250945971922928,0.10629764199256897,0.07802914828062057,0.0
stochastic_0_40,"(0-40,0-40)",stochastic,unseen,Unseen delay,"(0-40,0-40)",0,40,0,40,1101000,1,2880,0,0.5325553165404062,0.09219605221569419,87,-48.56838696822524,-48.069592747837305,0.5582573214738533,0.07125631719827652,0.03634991869330406,0.0
stochastic_0_40,"(0-40,0-40)",stochastic,unseen,Unseen delay,"(0-40,0-40)",0,40,0,40,1101000,1,2880,1,0.5325553165404062,0.09219605221569419,81,-53.467784751206636,-53.429438367486,0.6600961080395881,0.03834638372063637,0.02454099804162979,1.0
stochastic_0_40,"(0-40,0-40)",stochastic,unseen,Unseen delay,"(0-40,0-40)",0,40,0,40,1101000,1,2880,2,0.5325553165404062,0.09219605221569419,95,-51.58629800379276,-50.70339000970125,0.5430136631978185,0.05886053293943405,0.03904904052615166,1.0
stochastic_0_40,"(0-40,0-40)",stochastic,unseen,Unseen delay,"(0-40,0-40)",0,40,0,40,1101000,1,2880,3,0.5325553165404062,0.09219605221569419,85,-54.476510296575725,-54.309221684001386,0.640900121136185,0.03345772251486778,0.008443118073046207,1.0
stochastic_0_40,"(0-40,0-40)",stochastic,unseen,Unseen delay,"(0-40,0-40)",0,40,0,40,1101000,1,2880,4,0.5325553165404062,0.09219605221569419,86,-60.13604757748544,-60.059058751910925,0.6992563671800632,0.012831470929086208,0.0064389025792479515,1.0
stochastic_0_40,"(0-40,0-40)",stochastic,unseen,Unseen delay,"(0-40,0-40)",0,40,0,40,1101000,1,2880,5,0.5325553165404062,0.09219605221569419,82,-45.6249467744492,-45.50429285457358,0.5564017899323073,0.0603269599378109,0.005836097523570061,0.0
stochastic_0_40,"(0-40,0-40)",stochastic,unseen,Unseen delay,"(0-40,0-40)",0,40,0,40,1101000,1,2880,6,0.5325553165404062,0.09219605221569419,89,-40.8847670936957,-40.85409909719601,0.4593794055471427,0.003407555166631937,0.003407555166631937,1.0
stochastic_0_40,"(0-40,0-40)",stochastic,unseen,Unseen delay,"(0-40,0-40)",0,40,0,40,1101000,1,2880,7,0.5325553165404062,0.09219605221569419,88,-38.807203674688935,-38.583202401176095,0.4409909508487379,0.028000159189105034,0.02081347443163395,1.0
stochastic_0_40,"(0-40,0-40)",stochastic,unseen,Unseen delay,"(0-40,0-40)",0,40,0,40,1102000,2,5760,0,0.5325553165404062,0.09219605221569419,85,-49.676628954708576,-49.323015570640564,0.5844309288789244,0.07072267681360245,0.012694324366748333,0.0
stochastic_0_40,"(0-40,0-40)",stochastic,unseen,Unseen delay,"(0-40,0-40)",0,40,0,40,1102000,2,5760,1,0.5325553165404062,0.09219605221569419,81,-32.179162052925676,-32.144688022788614,0.397273605591675,0.03447403013706207,0.006182265002280474,1.0
stochastic_0_40,"(0-40,0-40)",stochastic,unseen,Unseen delay,"(0-40,0-40)",0,40,0,40,1102000,2,5760,2,0.5325553165404062,0.09219605221569419,85,-35.5319796372205,-35.040630051866174,0.418023289849653,0.09826991707086563,0.011119162663817406,0.0
stochastic_0_40,"(0-40,0-40)",stochastic,unseen,Unseen delay,"(0-40,0-40)",0,40,0,40,1102000,2,5760,3,0.5325553165404062,0.09219605221569419,87,-67.86231724498793,-66.2105461913161,0.7800266349998614,0.23596729338169098,0.0019918917678296566,0.0
stochastic_0_40,"(0-40,0-40)",stochastic,unseen,Unseen delay,"(0-40,0-40)",0,40,0,40,1102000,2,5760,4,0.5325553165404062,0.09219605221569419,86,-57.78952862508595,-57.54805618710816,0.6719712630823947,0.040245406329631805,0.024756724014878273,1.0
stochastic_0_40,"(0-40,0-40)",stochastic,unseen,Unseen delay,"(0-40,0-40)",0,40,0,40,1102000,2,5760,5,0.5325553165404062,0.09219605221569419,84,-56.92952795699239,-56.69822444394231,0.6777324756784808,0.057825878262519836,0.04178042709827423,1.0
stochastic_0_40,"(0-40,0-40)",stochastic,unseen,Unseen delay,"(0-40,0-40)",0,40,0,40,1102000,2,5760,6,0.5325553165404062,0.09219605221569419,80,-56.10450788028538,-56.10450788028538,0.7013063485035673,0.026789631694555283,0.014918405562639236,1.0
stochastic_0_40,"(0-40,0-40)",stochastic,unseen,Unseen delay,"(0-40,0-40)",0,40,0,40,1102000,2,5760,7,0.5325553165404062,0.09219605221569419,89,-34.44948866032064,-34.13187752850354,0.38707290629573754,0.035290125757455826,0.020052693784236908,1.0
stochastic_0_40,"(0-40,0-40)",stochastic,unseen,Unseen delay,"(0-40,0-40)",0,40,0,40,1103000,3,8640,0,0.5325553165404062,0.09219605221569419,88,-42.30800921656191,-42.08721434511244,0.4807728320063854,0.027599358931183815,0.003516090102493763,1.0
stochastic_0_40,"(0-40,0-40)",stochastic,unseen,Unseen delay,"(0-40,0-40)",0,40,0,40,1103000,3,8640,1,0.5325553165404062,0.09219605221569419,92,-44.26029765792191,-43.5095935780555,0.4810901919339338,0.06255867332220078,0.028767989948391914,0.0
stochastic_0_40,"(0-40,0-40)",stochastic,unseen,Unseen delay,"(0-40,0-40)",0,40,0,40,1103000,3,8640,2,0.5325553165404062,0.09219605221569419,85,-49.3849602881819,-49.146664476022124,0.58099953280214,0.04765916243195534,0.020796187222003937,1.0
stochastic_0_40,"(0-40,0-40)",stochastic,unseen,Unseen delay,"(0-40,0-40)",0,40,0,40,1103000,3,8640,3,0.5325553165404062,0.09219605221569419,86,-34.28712698351592,-33.74747600685805,0.39868752306413857,0.0899418294429779,0.010966884903609753,0.0
stochastic_0_40,"(0-40,0-40)",stochastic,unseen,Unseen delay,"(0-40,0-40)",0,40,0,40,1103000,3,8640,4,0.5325553165404062,0.09219605221569419,84,-40.747299707261845,-40.71815612423234,0.4850869012769267,0.007285895757377148,0.001640609698370099,1.0
stochastic_0_40,"(0-40,0-40)",stochastic,unseen,Unseen delay,"(0-40,0-40)",0,40,0,40,1103000,3,8640,5,0.5325553165404062,0.09219605221569419,82,-62.90127074345946,-62.695001643151045,0.7670886676031642,0.10313455015420914,0.036419156938791275,0.0
stochastic_0_40,"(0-40,0-40)",stochastic,unseen,Unseen delay,"(0-40,0-40)",0,40,0,40,1103000,3,8640,6,0.5325553165404062,0.09219605221569419,92,-49.08808620646596,-47.44575496390462,0.5335661544181083,0.1368609368801117,0.015043698251247406,0.0
stochastic_0_40,"(0-40,0-40)",stochastic,unseen,Unseen delay,"(0-40,0-40)",0,40,0,40,1103000,3,8640,7,0.5325553165404062,0.09219605221569419,88,-61.76087456382811,-61.594292948022485,0.7018281200435013,0.02082270197570324,0.02082270197570324,1.0
stochastic_0_40,"(0-40,0-40)",stochastic,unseen,Unseen delay,"(0-40,0-40)",0,40,0,40,1104000,4,11520,0,0.642713258288134,0.4275563732431208,86,-50.19055652618408,-49.803987219929695,0.5836111223974894,0.06442821770906448,0.01579352468252182,0.0
stochastic_0_40,"(0-40,0-40)",stochastic,unseen,Unseen delay,"(0-40,0-40)",0,40,0,40,1104000,4,11520,1,0.642713258288134,0.4275563732431208,86,-57.29134773463011,-56.50905429571867,0.6661784620305826,0.130382239818573,0.06914045661687851,0.0
stochastic_0_40,"(0-40,0-40)",stochastic,unseen,Unseen delay,"(0-40,0-40)",0,40,0,40,1104000,4,11520,2,0.642713258288134,0.4275563732431208,80,-37.89724645856768,-37.89724645856768,0.47371558073209596,0.09339284151792526,0.008791576139628887,0.0
stochastic_0_40,"(0-40,0-40)",stochastic,unseen,Unseen delay,"(0-40,0-40)",0,40,0,40,1104000,4,11520,3,0.642713258288134,0.4275563732431208,89,-50.312417533714324,-49.54668447794393,0.5653080621765655,0.08508145064115524,0.006342053879052401,0.0
stochastic_0_40,"(0-40,0-40)",stochastic,unseen,Unseen delay,"(0-40,0-40)",0,40,0,40,1104000,4,11520,4,0.642713258288134,0.4275563732431208,85,-33.00414570700377,-32.624885748140514,0.3882840671412208,0.07585199177265167,0.004069785587489605,0.0
stochastic_0_40,"(0-40,0-40)",stochastic,unseen,Unseen delay,"(0-40,0-40)",0,40,0,40,1104000,4,11520,5,0.642713258288134,0.4275563732431208,94,-50.508904370479286,-49.81489613186568,0.5373287698987158,0.049572017043828964,0.012169907800853252,1.0
stochastic_0_40,"(0-40,0-40)",stochastic,unseen,Unseen delay,"(0-40,0-40)",0,40,0,40,1104000,4,11520,6,0.642713258288134,0.4275563732431208,88,-40.23005649447441,-39.35908290743828,0.45715973289175466,0.1088716983795166,0.02758118137717247,0.0
stochastic_0_40,"(0-40,0-40)",stochastic,unseen,Unseen delay,"(0-40,0-40)",0,40,0,40,1104000,4,11520,7,0.642713258288134,0.4275563732431208,89,-54.62527132220566,-53.98053459264338,0.6137670935079288,0.07163741439580917,0.01715938374400139,0.0
stochastic_0_40,"(0-40,0-40)",stochastic,unseen,Unseen delay,"(0-40,0-40)",0,40,0,40,1105000,5,14400,0,0.642713258288134,0.4275563732431208,92,-60.56409005634487,-60.265212466940284,0.6583053266994007,0.024906465783715248,0.012481343001127243,1.0
stochastic_0_40,"(0-40,0-40)",stochastic,unseen,Unseen delay,"(0-40,0-40)",0,40,0,40,1105000,5,14400,1,0.642713258288134,0.4275563732431208,86,-61.13648881390691,-59.21820958331227,0.710889404812871,0.31971320509910583,0.03888220340013504,0.0
stochastic_0_40,"(0-40,0-40)",stochastic,unseen,Unseen delay,"(0-40,0-40)",0,40,0,40,1105000,5,14400,2,0.642713258288134,0.4275563732431208,81,-38.03667047433555,-37.98623860068619,0.469588524374513,0.05043187364935875,0.013023201376199722,1.0
stochastic_0_40,"(0-40,0-40)",stochastic,unseen,Unseen delay,"(0-40,0-40)",0,40,0,40,1105000,5,14400,3,0.642713258288134,0.4275563732431208,87,-54.15411023981869,-52.298616545274854,0.6224610372392954,0.26507052779197693,0.011140698567032814,0.0
stochastic_0_40,"(0-40,0-40)",stochastic,unseen,Unseen delay,"(0-40,0-40)",0,40,0,40,1105000,5,14400,4,0.642713258288134,0.4275563732431208,89,-68.9256838299334,-67.05952805653214,0.7744458857295888,0.20735064148902893,0.016050145030021667,0.0
stochastic_0_40,"(0-40,0-40)",stochastic,unseen,Unseen delay,"(0-40,0-40)",0,40,0,40,1105000,5,14400,5,0.642713258288134,0.4275563732431208,82,-65.0980794839561,-65.0264794640243,0.7938790180970255,0.035800009965896606,0.018345477059483528,1.0
stochastic_0_40,"(0-40,0-40)",stochastic,unseen,Unseen delay,"(0-40,0-40)",0,40,0,40,1105000,5,14400,6,0.642713258288134,0.4275563732431208,92,-61.57141252234578,-60.31560127809644,0.6692544839385411,0.10465093702077866,0.015091989189386368,0.0
stochastic_0_40,"(0-40,0-40)",stochastic,unseen,Unseen delay,"(0-40,0-40)",0,40,0,40,1105000,5,14400,7,0.642713258288134,0.4275563732431208,87,-49.369343511760235,-49.28830402344465,0.5674637185259798,0.011577069759368896,0.011577069759368896,1.0
stochastic_0_40,"(0-40,0-40)",stochastic,unseen,Unseen delay,"(0-40,0-40)",0,40,0,40,1106000,6,17280,0,0.642713258288134,0.4275563732431208,84,-49.22871679998934,-48.35185510851443,0.5860561523808255,0.21921542286872864,0.010772546753287315,0.0
stochastic_0_40,"(0-40,0-40)",stochastic,unseen,Unseen delay,"(0-40,0-40)",0,40,0,40,1106000,6,17280,1,0.642713258288134,0.4275563732431208,80,-67.22255587205291,-67.22255587205291,0.8402819484006614,0.22404560446739197,0.012433044612407684,0.0
stochastic_0_40,"(0-40,0-40)",stochastic,unseen,Unseen delay,"(0-40,0-40)",0,40,0,40,1106000,6,17280,2,0.642713258288134,0.4275563732431208,87,-56.74996363185346,-56.18773457966745,0.6522984325500398,0.08031843602657318,0.009944664314389229,0.0
stochastic_0_40,"(0-40,0-40)",stochastic,unseen,Unseen delay,"(0-40,0-40)",0,40,0,40,1106000,6,17280,3,0.642713258288134,0.4275563732431208,88,-54.24476206116378,-53.75468018464744,0.616417750695043,0.06126023456454277,0.02394057624042034,0.0
stochastic_0_40,"(0-40,0-40)",stochastic,unseen,Unseen delay,"(0-40,0-40)",0,40,0,40,1106000,6,17280,4,0.642713258288134,0.4275563732431208,87,-53.48826960474253,-53.36818239465356,0.6148076966062359,0.017155315726995468,0.015435893088579178,1.0
stochastic_0_40,"(0-40,0-40)",stochastic,unseen,Unseen delay,"(0-40,0-40)",0,40,0,40,1106000,6,17280,5,0.642713258288134,0.4275563732431208,86,-41.924303056672215,-41.7311065364629,0.48749189600781645,0.032199420034885406,0.009242257103323936,1.0
stochastic_0_40,"(0-40,0-40)",stochastic,unseen,Unseen delay,"(0-40,0-40)",0,40,0,40,1106000,6,17280,6,0.642713258288134,0.4275563732431208,86,-56.68403298035264,-54.83672267571092,0.65911666256224,0.3078850507736206,0.02284577116370201,0.0
stochastic_0_40,"(0-40,0-40)",stochastic,unseen,Unseen delay,"(0-40,0-40)",0,40,0,40,1106000,6,17280,7,0.642713258288134,0.4275563732431208,82,-52.79591865558177,-52.71588141191751,0.643852666531485,0.04001862183213234,0.0062034716829657555,1.0
stochastic_0_40,"(0-40,0-40)",stochastic,unseen,Unseen delay,"(0-40,0-40)",0,40,0,40,1107000,7,20160,0,0.642713258288134,0.4275563732431208,83,-47.91339291911572,-47.68789491336793,0.5772697942062135,0.0751660019159317,0.007479513995349407,0.0
stochastic_0_40,"(0-40,0-40)",stochastic,unseen,Unseen delay,"(0-40,0-40)",0,40,0,40,1107000,7,20160,1,0.642713258288134,0.4275563732431208,82,-42.79453574307263,-42.504919754341245,0.521884582232593,0.14480799436569214,0.027401188388466835,0.0
stochastic_0_40,"(0-40,0-40)",stochastic,unseen,Unseen delay,"(0-40,0-40)",0,40,0,40,1107000,7,20160,2,0.642713258288134,0.4275563732431208,86,-41.97925734240562,-41.774779071100056,0.48813089933029785,0.03407971188426018,0.008850854821503162,1.0
stochastic_0_40,"(0-40,0-40)",stochastic,unseen,Unseen delay,"(0-40,0-40)",0,40,0,40,1107000,7,20160,3,0.642713258288134,0.4275563732431208,84,-70.30007375776768,-69.66062630712986,0.8369056399734247,0.15986186265945435,0.012051329016685486,0.0
stochastic_0_40,"(0-40,0-40)",stochastic,unseen,Unseen delay,"(0-40,0-40)",0,40,0,40,1107000,7,20160,4,0.642713258288134,0.4275563732431208,82,-66.99092758446932,-66.86830112338066,0.8169625315179185,0.06131323054432869,0.04291418939828873,0.0
stochastic_0_40,"(0-40,0-40)",stochastic,unseen,Unseen delay,"(0-40,0-40)",0,40,0,40,1107000,7,20160,5,0.642713258288134,0.4275563732431208,88,-39.40223721647635,-39.05876428866759,0.4477526956417767,0.0429341159760952,0.006304051261395216,1.0
stochastic_0_40,"(0-40,0-40)",stochastic,unseen,Unseen delay,"(0-40,0-40)",0,40,0,40,1107000,7,20160,6,0.642713258288134,0.4275563732431208,92,-81.04765073210001,-78.76498410850763,0.8809527253489131,0.19022221863269806,0.05719110369682312,0.0
stochastic_0_40,"(0-40,0-40)",stochastic,unseen,Unseen delay,"(0-40,0-40)",0,40,0,40,1107000,7,20160,7,0.642713258288134,0.4275563732431208,82,-71.15519867651165,-71.03090644441545,0.8677463253233128,0.06214611604809761,0.02966398559510708,0.0
stochastic_0_40,"(0-40,0-40)",stochastic,unseen,Unseen delay,"(0-40,0-40)",0,40,0,40,1108000,8,23040,0,0.642713258288134,0.4275563732431208,90,-49.92883708141744,-49.507400838658214,0.5547648564601938,0.042143624275922775,0.025583775714039803,1.0
stochastic_0_40,"(0-40,0-40)",stochastic,unseen,Unseen delay,"(0-40,0-40)",0,40,0,40,1108000,8,23040,1,0.642713258288134,0.4275563732431208,92,-59.39296513237059,-54.903656059876084,0.6455757079605499,0.37410908937454224,0.017618119716644287,0.0
stochastic_0_40,"(0-40,0-40)",stochastic,unseen,Unseen delay,"(0-40,0-40)",0,40,0,40,1108000,8,23040,2,0.642713258288134,0.4275563732431208,86,-59.60625092871487,-59.009653525426984,0.6930959410315682,0.09943290054798126,0.030294889584183693,0.0
stochastic_0_40,"(0-40,0-40)",stochastic,unseen,Unseen delay,"(0-40,0-40)",0,40,0,40,1108000,8,23040,3,0.642713258288134,0.4275563732431208,87,-45.3387909475714,-45.233272277750075,0.5211355281330046,0.01507409568876028,0.009559860453009605,1.0
stochastic_0_40,"(0-40,0-40)",stochastic,unseen,Unseen delay,"(0-40,0-40)",0,40,0,40,1108000,8,23040,4,0.642713258288134,0.4275563732431208,86,-51.45840246044099,-50.847463643178344,0.598353516981872,0.10182313621044159,0.00895150937139988,0.0
stochastic_0_40,"(0-40,0-40)",stochastic,unseen,Unseen delay,"(0-40,0-40)",0,40,0,40,1108000,8,23040,5,0.642713258288134,0.4275563732431208,84,-31.163511113263667,-31.042062775231898,0.37099417991980554,0.0303620845079422,0.011251220479607582,1.0
stochastic_0_40,"(0-40,0-40)",stochastic,unseen,Unseen delay,"(0-40,0-40)",0,40,0,40,1108000,8,23040,6,0.642713258288134,0.4275563732431208,86,-71.82012973167002,-71.02910257317126,0.8351177875775584,0.131837859749794,0.022322360426187515,0.0
stochastic_0_40,"(0-40,0-40)",stochastic,unseen,Unseen delay,"(0-40,0-40)",0,40,0,40,1108000,8,23040,7,0.642713258288134,0.4275563732431208,83,-42.70839186292142,-42.021275761537254,0.514558938107487,0.22903870046138763,0.013783036731183529,0.0
stochastic_0_40,"(0-40,0-40)",stochastic,unseen,Unseen delay,"(0-40,0-40)",0,40,0,40,1109000,9,25920,0,0.642713258288134,0.4275563732431208,87,-50.412468443624675,-49.54555487912148,0.579453660271548,0.12384479492902756,0.010691897012293339,0.0
stochastic_0_40,"(0-40,0-40)",stochastic,unseen,Unseen delay,"(0-40,0-40)",0,40,0,40,1109000,9,25920,1,0.642713258288134,0.4275563732431208,83,-65.2951704673469,-64.22013733908534,0.7866888008114085,0.3583443760871887,0.010091179981827736,0.0
stochastic_0_40,"(0-40,0-40)",stochastic,unseen,Unseen delay,"(0-40,0-40)",0,40,0,40,1109000,9,25920,2,0.642713258288134,0.4275563732431208,88,-53.023382376879454,-50.70328254625201,0.6025384361009029,0.2900124788284302,0.01672811061143875,0.0
stochastic_0_40,"(0-40,0-40)",stochastic,unseen,Unseen delay,"(0-40,0-40)",0,40,0,40,1109000,9,25920,3,0.642713258288134,0.4275563732431208,88,-46.84306439757347,-46.524179100990295,0.5323075499724258,0.03986066207289696,0.03776013106107712,1.0
stochastic_0_40,"(0-40,0-40)",stochastic,unseen,Unseen delay,"(0-40,0-40)",0,40,0,40,1109000,9,25920,4,0.642713258288134,0.4275563732431208,88,-64.24390150792897,-63.3599056173116,0.7300443353173747,0.11049948632717133,0.015382802113890648,0.0
stochastic_0_40,"(0-40,0-40)",stochastic,unseen,Unseen delay,"(0-40,0-40)",0,40,0,40,1109000,9,25920,5,0.642713258288134,0.4275563732431208,88,-55.20199107937515,-54.890405056998134,0.6272953531747176,0.03894825279712677,0.023554103448987007,1.0
stochastic_0_40,"(0-40,0-40)",stochastic,unseen,Unseen delay,"(0-40,0-40)",0,40,0,40,1109000,9,25920,6,0.642713258288134,0.4275563732431208,86,-62.69697133824229,-62.10175934061408,0.7290345504446778,0.099201999604702,0.03304450586438179,0.0
stochastic_0_40,"(0-40,0-40)",stochastic,unseen,Unseen delay,"(0-40,0-40)",0,40,0,40,1109000,9,25920,7,0.642713258288134,0.4275563732431208,88,-45.24653150001541,-44.874920471105725,0.5141651306819933,0.0464513786137104,0.006671480368822813,1.0
stochastic_0_40,"(0-40,0-40)",stochastic,unseen,Unseen delay,"(0-40,0-40)",0,40,0,40,1110000,10,28800,0,0.642713258288134,0.4275563732431208,94,-35.96802608249709,-34.95908286748454,0.3826385753457137,0.07206737250089645,0.006725619081407785,0.0
stochastic_0_40,"(0-40,0-40)",stochastic,unseen,Unseen delay,"(0-40,0-40)",0,40,0,40,1110000,10,28800,1,0.642713258288134,0.4275563732431208,84,-34.40716813295148,-34.195801405003294,0.4096091444398986,0.052841681987047195,0.003866899525746703,1.0
stochastic_0_40,"(0-40,0-40)",stochastic,unseen,Unseen delay,"(0-40,0-40)",0,40,0,40,1110000,10,28800,2,0.642713258288134,0.4275563732431208,84,-44.512821675278246,-44.46363566163927,0.5299145437533125,0.012296503409743309,0.010594346560537815,1.0
stochastic_0_40,"(0-40,0-40)",stochastic,unseen,Unseen delay,"(0-40,0-40)",0,40,0,40,1110000,10,28800,3,0.642713258288134,0.4275563732431208,95,-66.65113880485296,-66.46233249641955,0.7015909347879259,0.012587087228894234,0.012587087228894234,1.0
stochastic_0_40,"(0-40,0-40)",stochastic,unseen,Unseen delay,"(0-40,0-40)",0,40,0,40,1110000,10,28800,4,0.642713258288134,0.4275563732431208,91,-79.88384330645204,-76.05061984434724,0.8778444319390334,0.3484748601913452,0.022945500910282135,0.0
stochastic_0_40,"(0-40,0-40)",stochastic,unseen,Unseen delay,"(0-40,0-40)",0,40,0,40,1110000,10,28800,5,0.642713258288134,0.4275563732431208,83,-59.60085661895573,-59.2729484308511,0.7180826098669365,0.10930272936820984,0.02541225589811802,0.0
stochastic_0_40,"(0-40,0-40)",stochastic,unseen,Unseen delay,"(0-40,0-40)",0,40,0,40,1110000,10,28800,6,0.642713258288134,0.4275563732431208,84,-56.789112001657486,-55.819705218076706,0.6760608571625891,0.242351695895195,0.03840105980634689,0.0
stochastic_0_40,"(0-40,0-40)",stochastic,unseen,Unseen delay,"(0-40,0-40)",0,40,0,40,1110000,10,28800,7,0.642713258288134,0.4275563732431208,88,-53.040197586407885,-52.42993823229335,0.6027295180273623,0.07628241926431656,0.0031774702947586775,0.0
stochastic_0_40,"(0-40,0-40)",stochastic,unseen,Unseen delay,"(0-40,0-40)",0,40,0,40,1111000,11,31680,0,0.642713258288134,0.4275563732431208,89,-63.10444363113493,-60.595958343707025,0.7090386924846621,0.27872058749198914,0.014207045547664165,0.0
stochastic_0_40,"(0-40,0-40)",stochastic,unseen,Unseen delay,"(0-40,0-40)",0,40,0,40,1111000,11,31680,1,0.642713258288134,0.4275563732431208,89,-80.56046590022743,-80.08040617592633,0.9051737741598588,0.053339969366788864,0.024967262521386147,1.0
stochastic_0_40,"(0-40,0-40)",stochastic,unseen,Unseen delay,"(0-40,0-40)",0,40,0,40,1111000,11,31680,2,0.642713258288134,0.4275563732431208,83,-69.80126854393166,-69.27342487487476,0.840979139083514,0.1759478896856308,0.0014512258348986506,0.0
stochastic_0_40,"(0-40,0-40)",stochastic,unseen,Unseen delay,"(0-40,0-40)",0,40,0,40,1111000,11,31680,3,0.642713258288134,0.4275563732431208,91,-68.0128418803215,-66.42671141028404,0.7473938668167198,0.14419367909431458,0.029973667114973068,0.0
stochastic_0_40,"(0-40,0-40)",stochastic,unseen,Unseen delay,"(0-40,0-40)",0,40,0,40,1111000,11,31680,4,0.642713258288134,0.4275563732431208,88,-56.59861512109637,-55.300922345370054,0.6431660809215497,0.1622115969657898,0.020294733345508575,0.0
stochastic_0_40,"(0-40,0-40)",stochastic,unseen,Unseen delay,"(0-40,0-40)",0,40,0,40,1111000,11,31680,5,0.642713258288134,0.4275563732431208,87,-61.899273274466395,-61.367334155365825,0.7114858997065103,0.07599130272865295,0.014797961339354515,0.0
stochastic_0_40,"(0-40,0-40)",stochastic,unseen,Unseen delay,"(0-40,0-40)",0,40,0,40,1111000,11,31680,6,0.642713258288134,0.4275563732431208,83,-31.940020447596908,-31.802672123536468,0.38481952346502296,0.045782774686813354,0.03061799146234989,1.0
stochastic_0_40,"(0-40,0-40)",stochastic,unseen,Unseen delay,"(0-40,0-40)",0,40,0,40,1111000,11,31680,7,0.642713258288134,0.4275563732431208,86,-57.51935929059982,-57.225654788315296,0.6688297591930212,0.04895075038075447,0.037862516939640045,1.0
stochastic_0_40,"(0-40,0-40)",stochastic,unseen,Unseen delay,"(0-40,0-40)",0,40,0,40,1112000,12,34560,0,0.642713258288134,0.4275563732431208,93,-64.95010440796614,-64.10072047263384,0.6983882194404961,0.06533722579479218,0.04173002764582634,0.0
stochastic_0_40,"(0-40,0-40)",stochastic,unseen,Unseen delay,"(0-40,0-40)",0,40,0,40,1112000,12,34560,1,0.642713258288134,0.4275563732431208,89,-48.595184329897165,-46.925828132778406,0.5460133070774963,0.18548402190208435,0.010662802495062351,0.0
stochastic_0_40,"(0-40,0-40)",stochastic,unseen,Unseen delay,"(0-40,0-40)",0,40,0,40,1112000,12,34560,2,0.642713258288134,0.4275563732431208,87,-39.40243917144835,-38.69614072330296,0.4529015996718201,0.10089977830648422,0.0031765997409820557,0.0
stochastic_0_40,"(0-40,0-40)",stochastic,unseen,Unseen delay,"(0-40,0-40)",0,40,0,40,1112000,12,34560,3,0.642713258288134,0.4275563732431208,82,-40.41118462942541,-40.19655424915254,0.49281932474909035,0.10731519013643265,0.029237406328320503,0.0
stochastic_0_40,"(0-40,0-40)",stochastic,unseen,Unseen delay,"(0-40,0-40)",0,40,0,40,1112000,12,34560,4,0.642713258288134,0.4275563732431208,84,-63.634421724127606,-63.2510634243954,0.7575526395729477,0.09583957493305206,0.0034262717235833406,0.0
stochastic_0_40,"(0-40,0-40)",stochastic,unseen,Unseen delay,"(0-40,0-40)",0,40,0,40,1112000,12,34560,5,0.642713258288134,0.4275563732431208,95,-45.89071461232379,-45.487322642002255,0.48306015381393463,0.026892798021435738,0.0066919587552547455,1.0
stochastic_0_40,"(0-40,0-40)",stochastic,unseen,Unseen delay,"(0-40,0-40)",0,40,0,40,1112000,12,34560,6,0.642713258288134,0.4275563732431208,87,-62.2569954842329,-61.65582179278135,0.7155976492440563,0.08588195592164993,0.045581355690956116,0.0
stochastic_0_40,"(0-40,0-40)",stochastic,unseen,Unseen delay,"(0-40,0-40)",0,40,0,40,1112000,12,34560,7,0.642713258288134,0.4275563732431208,87,-55.116959356702864,-53.923150532878935,0.633528268467849,0.1705441176891327,0.010752533562481403,0.0
stochastic_0_40,"(0-40,0-40)",stochastic,unseen,Unseen delay,"(0-40,0-40)",0,40,0,40,1113000,13,37440,0,0.642713258288134,0.4275563732431208,93,-51.74776979070157,-51.09058716427535,0.5564276321580813,0.05055250972509384,0.0020274491980671883,1.0
stochastic_0_40,"(0-40,0-40)",stochastic,unseen,Unseen delay,"(0-40,0-40)",0,40,0,40,1113000,13,37440,1,0.642713258288134,0.4275563732431208,91,-69.40581348910928,-69.09284972958267,0.762701247133069,0.02845125086605549,0.02845125086605549,1.0
stochastic_0_40,"(0-40,0-40)",stochastic,unseen,Unseen delay,"(0-40,0-40)",0,40,0,40,1113000,13,37440,2,0.642713258288134,0.4275563732431208,96,-76.04528597556055,-74.99453130923212,0.7921383955787556,0.06567216664552689,0.008531039580702782,0.0
stochastic_0_40,"(0-40,0-40)",stochastic,unseen,Unseen delay,"(0-40,0-40)",0,40,0,40,1113000,13,37440,3,0.642713258288134,0.4275563732431208,90,-51.697721051983535,-50.73552796524018,0.5744191227998171,0.09621930867433548,0.00925411470234394,0.0
stochastic_0_40,"(0-40,0-40)",stochastic,unseen,Unseen delay,"(0-40,0-40)",0,40,0,40,1113000,13,37440,4,0.642713258288134,0.4275563732431208,85,-45.2999852579087,-45.12423332594335,0.53294100303422,0.03515038639307022,0.00859440304338932,1.0
stochastic_0_40,"(0-40,0-40)",stochastic,unseen,Unseen delay,"(0-40,0-40)",0,40,0,40,1113000,13,37440,5,0.642713258288134,0.4275563732431208,83,-59.157380286604166,-59.074959395453334,0.7127395215253514,0.027473630383610725,0.009415914304554462,1.0
stochastic_0_40,"(0-40,0-40)",stochastic,unseen,Unseen delay,"(0-40,0-40)",0,40,0,40,1113000,13,37440,6,0.642713258288134,0.4275563732431208,92,-62.273014871869236,-61.19579368690029,0.6768805964333613,0.0897684320807457,0.004574502352625132,0.0
stochastic_0_40,"(0-40,0-40)",stochastic,unseen,Unseen delay,"(0-40,0-40)",0,40,0,40,1113000,13,37440,7,0.642713258288134,0.4275563732431208,81,-48.28284233994782,-48.21820782311261,0.5960844733326891,0.06463451683521271,0.00929427519440651,0.0
stochastic_0_40,"(0-40,0-40)",stochastic,unseen,Unseen delay,"(0-40,0-40)",0,40,0,40,1114000,14,40320,0,0.642713258288134,0.4275563732431208,89,-57.179949157871306,-55.67200011853129,0.6424713388524865,0.16754989326000214,0.0050571030005812645,0.0
stochastic_0_40,"(0-40,0-40)",stochastic,unseen,Unseen delay,"(0-40,0-40)",0,40,0,40,1114000,14,40320,1,0.642713258288134,0.4275563732431208,83,-42.62838407699019,-42.139877014793456,0.5135949888793998,0.16283568739891052,0.01538101676851511,0.0
stochastic_0_40,"(0-40,0-40)",stochastic,unseen,Unseen delay,"(0-40,0-40)",0,40,0,40,1114000,14,40320,2,0.642713258288134,0.4275563732431208,84,-68.86344194039702,-68.26259046420455,0.8198028802428217,0.1502128690481186,0.02096383273601532,0.0
stochastic_0_40,"(0-40,0-40)",stochastic,unseen,Unseen delay,"(0-40,0-40)",0,40,0,40,1114000,14,40320,3,0.642713258288134,0.4275563732431208,83,-40.609275517985225,-40.54483615607023,0.4892683797347617,0.021479787304997444,0.013361038640141487,1.0
stochastic_0_40,"(0-40,0-40)",stochastic,unseen,Unseen delay,"(0-40,0-40)",0,40,0,40,1114000,14,40320,4,0.642713258288134,0.4275563732431208,80,-53.45464505814016,-53.45464505814016,0.668183063226752,0.43649792671203613,0.01976102963089943,0.0
stochastic_0_40,"(0-40,0-40)",stochastic,unseen,Unseen delay,"(0-40,0-40)",0,40,0,40,1114000,14,40320,5,0.642713258288134,0.4275563732431208,90,-30.45734924892895,-29.998438932700083,0.33841499165476613,0.04589103162288666,0.00307094375602901,1.0
stochastic_0_40,"(0-40,0-40)",stochastic,unseen,Unseen delay,"(0-40,0-40)",0,40,0,40,1114000,14,40320,6,0.642713258288134,0.4275563732431208,82,-67.09565902873874,-66.91364781185985,0.8182397442529115,0.0910056084394455,0.020361026749014854,0.0
stochastic_0_40,"(0-40,0-40)",stochastic,unseen,Unseen delay,"(0-40,0-40)",0,40,0,40,1114000,14,40320,7,0.642713258288134,0.4275563732431208,80,-56.1279644779861,-56.1279644779861,0.7015995559748263,0.2238909900188446,0.019367599859833717,0.0
stochastic_0_40,"(0-40,0-40)",stochastic,unseen,Unseen delay,"(0-40,0-40)",0,40,0,40,1115000,15,43200,0,0.5421413255783819,0.30006580217132073,83,-56.91515338420868,-56.71607929468155,0.6857247395687792,0.06635802984237671,0.01927928626537323,0.0
stochastic_0_40,"(0-40,0-40)",stochastic,unseen,Unseen delay,"(0-40,0-40)",0,40,0,40,1115000,15,43200,1,0.5421413255783819,0.30006580217132073,84,-45.56751237530261,-45.43168823141605,0.5424703854202692,0.03395603597164154,0.008758462965488434,1.0
stochastic_0_40,"(0-40,0-40)",stochastic,unseen,Unseen delay,"(0-40,0-40)",0,40,0,40,1115000,15,43200,2,0.5421413255783819,0.30006580217132073,86,-43.38545606005937,-43.3209121869877,0.5044820472099927,0.010757312178611755,0.005298249423503876,1.0
stochastic_0_40,"(0-40,0-40)",stochastic,unseen,Unseen delay,"(0-40,0-40)",0,40,0,40,1115000,15,43200,3,0.5421413255783819,0.30006580217132073,83,-56.52766514196992,-56.07146980240941,0.6810562065297581,0.15206511318683624,0.04512051120400429,0.0
stochastic_0_40,"(0-40,0-40)",stochastic,unseen,Unseen delay,"(0-40,0-40)",0,40,0,40,1115000,15,43200,4,0.5421413255783819,0.30006580217132073,81,-61.313850693404675,-61.113102577626705,0.7569611196716627,0.20074811577796936,0.033174797892570496,0.0
stochastic_0_40,"(0-40,0-40)",stochastic,unseen,Unseen delay,"(0-40,0-40)",0,40,0,40,1115000,15,43200,5,0.5421413255783819,0.30006580217132073,82,-55.816452882252634,-55.6258617406711,0.6806884497835687,0.09529557079076767,0.010414756834506989,0.0
stochastic_0_40,"(0-40,0-40)",stochastic,unseen,Unseen delay,"(0-40,0-40)",0,40,0,40,1115000,15,43200,6,0.5421413255783819,0.30006580217132073,88,-52.325565841048956,-51.63064315542579,0.5946087027391926,0.08686533570289612,0.041011080145835876,0.0
stochastic_0_40,"(0-40,0-40)",stochastic,unseen,Unseen delay,"(0-40,0-40)",0,40,0,40,1115000,15,43200,7,0.5421413255783819,0.30006580217132073,87,-42.944933377206326,-42.550087969750166,0.4936199238759348,0.05640648677945137,0.03542918711900711,1.0
stochastic_0_40,"(0-40,0-40)",stochastic,unseen,Unseen delay,"(0-40,0-40)",0,40,0,40,1116000,16,46080,0,0.5421413255783819,0.30006580217132073,89,-53.574457516893744,-52.67901041917503,0.6019601968190308,0.09949412196874619,0.028608204796910286,0.0
stochastic_0_40,"(0-40,0-40)",stochastic,unseen,Unseen delay,"(0-40,0-40)",0,40,0,40,1116000,16,46080,1,0.5421413255783819,0.30006580217132073,80,-47.83958427235484,-47.83958427235484,0.5979948034044356,0.027314240112900734,0.015985703095793724,1.0
stochastic_0_40,"(0-40,0-40)",stochastic,unseen,Unseen delay,"(0-40,0-40)",0,40,0,40,1116000,16,46080,2,0.5421413255783819,0.30006580217132073,92,-37.85520543449093,-36.79691411845852,0.41146962428794487,0.0881909430027008,0.001444694702513516,0.0
stochastic_0_40,"(0-40,0-40)",stochastic,unseen,Unseen delay,"(0-40,0-40)",0,40,0,40,1116000,16,46080,3,0.5421413255783819,0.30006580217132073,87,-54.789178017526865,-54.44131314754486,0.6297606668681249,0.049694981426000595,0.02930339425802231,1.0
stochastic_0_40,"(0-40,0-40)",stochastic,unseen,Unseen delay,"(0-40,0-40)",0,40,0,40,1116000,16,46080,4,0.5421413255783819,0.30006580217132073,91,-54.03196193650365,-53.63900683820248,0.593757823478062,0.03572319075465202,0.009057193994522095,1.0
stochastic_0_40,"(0-40,0-40)",stochastic,unseen,Unseen delay,"(0-40,0-40)",0,40,0,40,1116000,16,46080,5,0.5421413255783819,0.30006580217132073,91,-59.81392313167453,-59.06715202704072,0.65729585858983,0.0678882822394371,0.020177658647298813,0.0
stochastic_0_40,"(0-40,0-40)",stochastic,unseen,Unseen delay,"(0-40,0-40)",0,40,0,40,1116000,16,46080,6,0.5421413255783819,0.30006580217132073,88,-46.28261439315975,-45.84122864715755,0.5259387999222699,0.05517321825027466,0.020961789414286613,1.0
stochastic_0_40,"(0-40,0-40)",stochastic,unseen,Unseen delay,"(0-40,0-40)",0,40,0,40,1116000,16,46080,7,0.5421413255783819,0.30006580217132073,82,-38.03538876213133,-37.90167182125151,0.46384620441623575,0.06685847043991089,0.016064653173089027,0.0
stochastic_0_40,"(0-40,0-40)",stochastic,unseen,Unseen delay,"(0-40,0-40)",0,40,0,40,1117000,17,48960,0,0.5345606072677548,0.2531904035459476,84,-51.436291720718145,-51.21860845014453,0.6123368061990255,0.05442081764340401,0.01350366696715355,1.0
stochastic_0_40,"(0-40,0-40)",stochastic,unseen,Unseen delay,"(0-40,0-40)",0,40,0,40,1117000,17,48960,1,0.5345606072677548,0.2531904035459476,80,-47.70325309969485,-47.70325309969485,0.5962906637461856,0.04010036587715149,0.0040251631289720535,1.0
stochastic_0_40,"(0-40,0-40)",stochastic,unseen,Unseen delay,"(0-40,0-40)",0,40,0,40,1117000,17,48960,2,0.5345606072677548,0.2531904035459476,89,-43.64421558228787,-43.21937442792114,0.4903844447448075,0.04720457270741463,0.0004953002789989114,1.0
stochastic_0_40,"(0-40,0-40)",stochastic,unseen,Unseen delay,"(0-40,0-40)",0,40,0,40,1117000,17,48960,3,0.5345606072677548,0.2531904035459476,91,-55.39482545107603,-54.344235219061375,0.6087343456162201,0.09550820291042328,0.025688331574201584,0.0
stochastic_0_40,"(0-40,0-40)",stochastic,unseen,Unseen delay,"(0-40,0-40)",0,40,0,40,1117000,17,48960,4,0.5345606072677548,0.2531904035459476,86,-66.16634914511815,-65.46553486818448,0.769376152850211,0.11680237948894501,0.003624283242970705,0.0
stochastic_0_40,"(0-40,0-40)",stochastic,unseen,Unseen delay,"(0-40,0-40)",0,40,0,40,1117000,17,48960,5,0.5345606072677548,0.2531904035459476,85,-53.2380129955709,-52.59931152686477,0.6263295646537753,0.1277402937412262,0.012476056814193726,0.0
stochastic_0_40,"(0-40,0-40)",stochastic,unseen,Unseen delay,"(0-40,0-40)",0,40,0,40,1117000,17,48960,6,0.5345606072677548,0.2531904035459476,85,-69.38348023220897,-69.04999056831002,0.8162762380259878,0.06669793277978897,0.014878053218126297,0.0
stochastic_0_40,"(0-40,0-40)",stochastic,unseen,Unseen delay,"(0-40,0-40)",0,40,0,40,1117000,17,48960,7,0.5345606072677548,0.2531904035459476,89,-52.13561923056841,-51.42824359983206,0.5857934745007687,0.078597292304039,0.03584415465593338,0.0
stochastic_0_40,"(0-40,0-40)",stochastic,unseen,Unseen delay,"(0-40,0-40)",0,40,0,40,1118000,18,51840,0,0.5345606072677548,0.2531904035459476,85,-62.789038425311446,-61.983154123649,0.7386945697095464,0.161176860332489,0.0187798161059618,0.0
stochastic_0_40,"(0-40,0-40)",stochastic,unseen,Unseen delay,"(0-40,0-40)",0,40,0,40,1118000,18,51840,1,0.5345606072677548,0.2531904035459476,83,-43.4797160634771,-43.20076342020184,0.5238520007647843,0.09298421442508698,0.011305193416774273,0.0
stochastic_0_40,"(0-40,0-40)",stochastic,unseen,Unseen delay,"(0-40,0-40)",0,40,0,40,1118000,18,51840,2,0.5345606072677548,0.2531904035459476,85,-51.55147163383663,-51.22801928035915,0.6064879015745486,0.0646904706954956,0.02677789516746998,0.0
stochastic_0_40,"(0-40,0-40)",stochastic,unseen,Unseen delay,"(0-40,0-40)",0,40,0,40,1118000,18,51840,3,0.5345606072677548,0.2531904035459476,90,-41.93800393422134,-41.70511908759363,0.46597782149134825,0.023288484662771225,0.0024872985668480396,1.0
stochastic_0_40,"(0-40,0-40)",stochastic,unseen,Unseen delay,"(0-40,0-40)",0,40,0,40,1118000,18,51840,4,0.5345606072677548,0.2531904035459476,90,-72.05667379125953,-70.20727920159698,0.8006297087917725,0.1849394589662552,0.024340864270925522,0.0
stochastic_0_40,"(0-40,0-40)",stochastic,unseen,Unseen delay,"(0-40,0-40)",0,40,0,40,1118000,18,51840,5,0.5345606072677548,0.2531904035459476,90,-34.23884646035731,-33.96477152593434,0.3804316273373034,0.027407493442296982,0.010262719355523586,1.0
stochastic_0_40,"(0-40,0-40)",stochastic,unseen,Unseen delay,"(0-40,0-40)",0,40,0,40,1118000,18,51840,6,0.5345606072677548,0.2531904035459476,84,-55.2077528424561,-55.141370218247175,0.6572351528863821,0.01659565605223179,0.01659565605223179,1.0
stochastic_0_40,"(0-40,0-40)",stochastic,unseen,Unseen delay,"(0-40,0-40)",0,40,0,40,1118000,18,51840,7,0.5345606072677548,0.2531904035459476,84,-64.33952783420682,-64.19525024667382,0.7659467599310336,0.03606939688324928,0.03606939688324928,1.0
stochastic_0_40,"(0-40,0-40)",stochastic,unseen,Unseen delay,"(0-40,0-40)",0,40,0,40,1119000,19,54720,0,0.5345606072677548,0.2531904035459476,93,-54.13639378733933,-53.73217217810452,0.5821117611541864,0.03109396994113922,0.011639437638223171,1.0
stochastic_0_40,"(0-40,0-40)",stochastic,unseen,Unseen delay,"(0-40,0-40)",0,40,0,40,1119000,19,54720,1,0.5345606072677548,0.2531904035459476,87,-62.19935283716768,-61.37401299830526,0.7149350900823871,0.11790569126605988,0.01170895155519247,0.0
stochastic_0_40,"(0-40,0-40)",stochastic,unseen,Unseen delay,"(0-40,0-40)",0,40,0,40,1119000,19,54720,2,0.5345606072677548,0.2531904035459476,91,-48.405892791226506,-47.84944404475391,0.5319328878156759,0.05058624967932701,0.019618237391114235,1.0
stochastic_0_40,"(0-40,0-40)",stochastic,unseen,Unseen delay,"(0-40,0-40)",0,40,0,40,1119000,19,54720,3,0.5345606072677548,0.2531904035459476,88,-58.75740873487666,-58.51037892373279,0.6676978265326894,0.03087872639298439,0.0036200829781591892,1.0
stochastic_0_40,"(0-40,0-40)",stochastic,unseen,Unseen delay,"(0-40,0-40)",0,40,0,40,1119000,19,54720,4,0.5345606072677548,0.2531904035459476,82,-47.84212141484022,-47.753948740661144,0.5834405050590271,0.044086337089538574,0.04259418696165085,1.0
stochastic_0_40,"(0-40,0-40)",stochastic,unseen,Unseen delay,"(0-40,0-40)",0,40,0,40,1119000,19,54720,5,0.5345606072677548,0.2531904035459476,88,-43.1563039785251,-42.7205928331241,0.49041254521051253,0.05446389317512512,0.015546458773314953,1.0
stochastic_0_40,"(0-40,0-40)",stochastic,unseen,Unseen delay,"(0-40,0-40)",0,40,0,40,1119000,19,54720,6,0.5345606072677548,0.2531904035459476,92,-69.27722887322307,-68.80539777502418,0.7530133573176421,0.03931925818324089,0.02043575793504715,1.0
stochastic_0_40,"(0-40,0-40)",stochastic,unseen,Unseen delay,"(0-40,0-40)",0,40,0,40,1119000,19,54720,7,0.5345606072677548,0.2531904035459476,82,-51.128994489554316,-51.07527545327321,0.6235243230433453,0.026859518140554428,0.006218219641596079,1.0
stochastic_0_40,"(0-40,0-40)",stochastic,unseen,Unseen delay,"(0-40,0-40)",0,40,0,40,1120000,20,57600,0,0.5345606072677548,0.2531904035459476,88,-59.415568225085735,-58.52033083885908,0.6751769116487015,0.11190467327833176,0.04365862160921097,0.0
stochastic_0_40,"(0-40,0-40)",stochastic,unseen,Unseen delay,"(0-40,0-40)",0,40,0,40,1120000,20,57600,1,0.5345606072677548,0.2531904035459476,93,-70.52053868211806,-67.86427448131144,0.7582853621733124,0.2043280154466629,0.024006323888897896,0.0
stochastic_0_40,"(0-40,0-40)",stochastic,unseen,Unseen delay,"(0-40,0-40)",0,40,0,40,1120000,20,57600,2,0.5345606072677548,0.2531904035459476,85,-46.48200357798487,-46.13444073591381,0.546847100917469,0.06951256841421127,0.015000143088400364,0.0
stochastic_0_40,"(0-40,0-40)",stochastic,unseen,Unseen delay,"(0-40,0-40)",0,40,0,40,1120000,20,57600,3,0.5345606072677548,0.2531904035459476,90,-36.013707062229514,-35.82062768749893,0.40015230069143903,0.0193079374730587,0.0193079374730587,1.0
stochastic_0_40,"(0-40,0-40)",stochastic,unseen,Unseen delay,"(0-40,0-40)",0,40,0,40,1120000,20,57600,4,0.5345606072677548,0.2531904035459476,86,-54.07849860750139,-53.73875774256885,0.6288197512500161,0.05662347748875618,0.026471292600035667,1.0
stochastic_0_40,"(0-40,0-40)",stochastic,unseen,Unseen delay,"(0-40,0-40)",0,40,0,40,1120000,20,57600,5,0.5345606072677548,0.2531904035459476,90,-66.87593632563949,-66.63111268728971,0.743065959173772,0.02448236383497715,0.006535166874527931,1.0
stochastic_0_40,"(0-40,0-40)",stochastic,unseen,Unseen delay,"(0-40,0-40)",0,40,0,40,1120000,20,57600,6,0.5345606072677548,0.2531904035459476,85,-47.937031330540776,-47.70875785313547,0.5639650744769503,0.045654695481061935,0.027911163866519928,1.0
stochastic_0_40,"(0-40,0-40)",stochastic,unseen,Unseen delay,"(0-40,0-40)",0,40,0,40,1120000,20,57600,7,0.5345606072677548,0.2531904035459476,90,-48.76839451212436,-48.656920983456075,0.5418710501347151,0.011147352866828442,0.008612265810370445,1.0
stochastic_0_40,"(0-40,0-40)",stochastic,unseen,Unseen delay,"(0-40,0-40)",0,40,0,40,1121000,21,60480,0,0.5345606072677548,0.2531904035459476,82,-55.02651735302061,-55.00918805692345,0.671055089670983,0.008664648048579693,0.008664648048579693,1.0
stochastic_0_40,"(0-40,0-40)",stochastic,unseen,Unseen delay,"(0-40,0-40)",0,40,0,40,1121000,21,60480,1,0.5345606072677548,0.2531904035459476,86,-65.31339129945263,-63.79245397588238,0.7594580383657283,0.25348955392837524,0.006288913544267416,0.0
stochastic_0_40,"(0-40,0-40)",stochastic,unseen,Unseen delay,"(0-40,0-40)",0,40,0,40,1121000,21,60480,2,0.5345606072677548,0.2531904035459476,85,-63.88816736638546,-63.52219145745039,0.7516254984280643,0.07319518178701401,0.036222878843545914,0.0
stochastic_0_40,"(0-40,0-40)",stochastic,unseen,Unseen delay,"(0-40,0-40)",0,40,0,40,1121000,21,60480,3,0.5345606072677548,0.2531904035459476,91,-43.16527884826064,-41.915950771421194,0.4743437236072598,0.113575279712677,0.028865031898021698,0.0
stochastic_0_40,"(0-40,0-40)",stochastic,unseen,Unseen delay,"(0-40,0-40)",0,40,0,40,1121000,21,60480,4,0.5345606072677548,0.2531904035459476,90,-44.36941624432802,-44.17748383060098,0.4929935138258669,0.019193241372704506,0.019193241372704506,1.0
stochastic_0_40,"(0-40,0-40)",stochastic,unseen,Unseen delay,"(0-40,0-40)",0,40,0,40,1121000,21,60480,5,0.5345606072677548,0.2531904035459476,86,-51.220742739737034,-50.723817609250546,0.5955900318574073,0.08282085508108139,0.03226684406399727,0.0
stochastic_0_40,"(0-40,0-40)",stochastic,unseen,Unseen delay,"(0-40,0-40)",0,40,0,40,1121000,21,60480,6,0.5345606072677548,0.2531904035459476,88,-56.28769750986248,-56.24634672794491,0.6396329262484373,0.005168847739696503,0.005168847739696503,1.0
stochastic_0_40,"(0-40,0-40)",stochastic,unseen,Unseen delay,"(0-40,0-40)",0,40,0,40,1121000,21,60480,7,0.5345606072677548,0.2531904035459476,84,-56.080565206706524,-55.80238326638937,0.6676257762703157,0.06954548507928848,0.06954548507928848,0.0
stochastic_0_40,"(0-40,0-40)",stochastic,unseen,Unseen delay,"(0-40,0-40)",0,40,0,40,1122000,22,63360,0,0.5345606072677548,0.2531904035459476,83,-45.11710445582867,-45.092532814480364,0.5435795717569719,0.008190547116100788,0.002814892679452896,1.0
stochastic_0_40,"(0-40,0-40)",stochastic,unseen,Unseen delay,"(0-40,0-40)",0,40,0,40,1122000,22,63360,1,0.5345606072677548,0.2531904035459476,83,-70.09598215483129,-70.02130705304444,0.844529905479895,0.024891700595617294,0.024891700595617294,1.0
stochastic_0_40,"(0-40,0-40)",stochastic,unseen,Unseen delay,"(0-40,0-40)",0,40,0,40,1122000,22,63360,2,0.5345606072677548,0.2531904035459476,88,-47.50956374593079,-47.29254643805325,0.539881406203759,0.027127163484692574,0.027127163484692574,1.0
stochastic_0_40,"(0-40,0-40)",stochastic,unseen,Unseen delay,"(0-40,0-40)",0,40,0,40,1122000,22,63360,3,0.5345606072677548,0.2531904035459476,87,-46.611252010799944,-46.13956439588219,0.5357615173655166,0.06738394498825073,0.006936540827155113,0.0
stochastic_0_40,"(0-40,0-40)",stochastic,unseen,Unseen delay,"(0-40,0-40)",0,40,0,40,1122000,22,63360,4,0.5345606072677548,0.2531904035459476,89,-44.320223338902,-44.14469678141177,0.49798003751575276,0.019502950832247734,0.006277324631810188,1.0
stochastic_0_40,"(0-40,0-40)",stochastic,unseen,Unseen delay,"(0-40,0-40)",0,40,0,40,1122000,22,63360,5,0.5345606072677548,0.2531904035459476,93,-54.275682975538075,-53.44237981457263,0.5836094943606245,0.0641002431511879,0.010813784785568714,0.0
stochastic_0_40,"(0-40,0-40)",stochastic,unseen,Unseen delay,"(0-40,0-40)",0,40,0,40,1122000,22,63360,6,0.5345606072677548,0.2531904035459476,85,-36.32823473052122,-36.27448386256583,0.42739099682966136,0.010750173591077328,0.0028742982540279627,1.0
stochastic_0_40,"(0-40,0-40)",stochastic,unseen,Unseen delay,"(0-40,0-40)",0,40,0,40,1122000,22,63360,7,0.5345606072677548,0.2531904035459476,91,-66.42516851425171,-65.54002421349287,0.7299469067500188,0.08046766370534897,0.03175228089094162,0.0
stochastic_0_40,"(0-40,0-40)",stochastic,unseen,Unseen delay,"(0-40,0-40)",0,40,0,40,1123000,23,66240,0,0.5345606072677548,0.2531904035459476,88,-43.914903558790684,-43.522289134562016,0.49903299498625775,0.04907680302858353,0.04881468415260315,1.0
stochastic_0_40,"(0-40,0-40)",stochastic,unseen,Unseen delay,"(0-40,0-40)",0,40,0,40,1123000,23,66240,1,0.5345606072677548,0.2531904035459476,82,-38.68496798723936,-38.61389046907425,0.4717679022834068,0.03553875908255577,0.024503547698259354,1.0
stochastic_0_40,"(0-40,0-40)",stochastic,unseen,Unseen delay,"(0-40,0-40)",0,40,0,40,1123000,23,66240,2,0.5345606072677548,0.2531904035459476,87,-44.612458266317844,-44.425568310543895,0.5127868766243431,0.026698565110564232,0.025502357631921768,1.0
stochastic_0_40,"(0-40,0-40)",stochastic,unseen,Unseen delay,"(0-40,0-40)",0,40,0,40,1123000,23,66240,3,0.5345606072677548,0.2531904035459476,86,-53.73736216314137,-52.93198894150555,0.6248530484086205,0.1342288702726364,0.00532494205981493,0.0
stochastic_0_40,"(0-40,0-40)",stochastic,unseen,Unseen delay,"(0-40,0-40)",0,40,0,40,1123000,23,66240,4,0.5345606072677548,0.2531904035459476,85,-52.22347248531878,-51.546257773414254,0.6143937939449268,0.13544294238090515,0.02324162796139717,0.0
stochastic_0_40,"(0-40,0-40)",stochastic,unseen,Unseen delay,"(0-40,0-40)",0,40,0,40,1123000,23,66240,5,0.5345606072677548,0.2531904035459476,86,-81.90199639741331,-81.12600570265204,0.9523487953187595,0.1293317824602127,0.013078183867037296,0.0
stochastic_0_40,"(0-40,0-40)",stochastic,unseen,Unseen delay,"(0-40,0-40)",0,40,0,40,1123000,23,66240,6,0.5345606072677548,0.2531904035459476,82,-53.910124925896525,-53.74674422852695,0.6574405478767869,0.08169034868478775,0.028726449236273766,0.0
stochastic_0_40,"(0-40,0-40)",stochastic,unseen,Unseen delay,"(0-40,0-40)",0,40,0,40,1123000,23,66240,7,0.5345606072677548,0.2531904035459476,98,-51.834184396779165,-51.689554422860965,0.5289202489467262,0.008034998551011086,0.0033312791492789984,1.0
stochastic_0_40,"(0-40,0-40)",stochastic,unseen,Unseen delay,"(0-40,0-40)",0,40,0,40,1124000,24,69120,0,0.5345606072677548,0.2531904035459476,87,-53.5619014268741,-52.83182187285274,0.6156540393893575,0.10429707914590836,0.012009142898023129,0.0
stochastic_0_40,"(0-40,0-40)",stochastic,unseen,Unseen delay,"(0-40,0-40)",0,40,0,40,1124000,24,69120,1,0.5345606072677548,0.2531904035459476,86,-74.41932900995016,-73.7965938821435,0.8653410349994205,0.10378918796777725,0.04454847425222397,0.0
stochastic_0_40,"(0-40,0-40)",stochastic,unseen,Unseen delay,"(0-40,0-40)",0,40,0,40,1124000,24,69120,2,0.5345606072677548,0.2531904035459476,82,-49.96223736181855,-49.82230659201741,0.6092955775831531,0.06996538490056992,0.0352352149784565,0.0
stochastic_0_40,"(0-40,0-40)",stochastic,unseen,Unseen delay,"(0-40,0-40)",0,40,0,40,1124000,24,69120,3,0.5345606072677548,0.2531904035459476,90,-53.648265357129276,-53.419729861430824,0.5960918373014364,0.0228535495698452,0.013369525782763958,1.0
stochastic_0_40,"(0-40,0-40)",stochastic,unseen,Unseen delay,"(0-40,0-40)",0,40,0,40,1124000,24,69120,4,0.5345606072677548,0.2531904035459476,88,-57.28666201047599,-56.56928506307304,0.6509847955735908,0.08967211842536926,0.0213623084127903,0.0
stochastic_0_40,"(0-40,0-40)",stochastic,unseen,Unseen delay,"(0-40,0-40)",0,40,0,40,1124000,24,69120,5,0.5345606072677548,0.2531904035459476,97,-52.931065924465656,-52.084049575030804,0.5456810920048005,0.049824491143226624,0.015227001160383224,1.0
stochastic_0_40,"(0-40,0-40)",stochastic,unseen,Unseen delay,"(0-40,0-40)",0,40,0,40,1124000,24,69120,6,0.5345606072677548,0.2531904035459476,87,-41.46507522556931,-40.85449680034071,0.476610060064015,0.08722548931837082,0.008533410727977753,0.0
stochastic_0_40,"(0-40,0-40)",stochastic,unseen,Unseen delay,"(0-40,0-40)",0,40,0,40,1124000,24,69120,7,0.5345606072677548,0.2531904035459476,83,-39.36280485242605,-39.23780994489789,0.47425066087260304,0.041664969176054,0.029038194566965103,1.0
stochastic_0_40,"(0-40,0-40)",stochastic,augmented_action,Augmented (+action buffer),"(0-40,0-40)",0,40,0,40,900000,0,0,0,0.7592573860315994,0.2384058440442351,83,-62.86998041020706,-62.48800912545994,0.7574696434964706,0.12732376158237457,0.004606275353580713,0.0
stochastic_0_40,"(0-40,0-40)",stochastic,augmented_action,Augmented (+action buffer),"(0-40,0-40)",0,40,0,40,900000,0,0,1,0.7592573860315994,0.2384058440442351,84,-49.44841415528208,-48.933941909112036,0.5886715970866915,0.128618061542511,0.012393188662827015,0.0
stochastic_0_40,"(0-40,0-40)",stochastic,augmented_action,Augmented (+action buffer),"(0-40,0-40)",0,40,0,40,900000,0,0,2,0.7592573860315994,0.2384058440442351,82,-44.916220270097256,-44.639689706265926,0.5477587837816739,0.13826528191566467,0.02692568674683571,0.0
stochastic_0_40,"(0-40,0-40)",stochastic,augmented_action,Augmented (+action buffer),"(0-40,0-40)",0,40,0,40,900000,0,0,3,0.7592573860315994,0.2384058440442351,89,-48.33390836790204,-47.88382990658283,0.5430776221112589,0.05000871792435646,0.03633759543299675,1.0
stochastic_0_40,"(0-40,0-40)",stochastic,augmented_action,Augmented (+action buffer),"(0-40,0-40)",0,40,0,40,900000,0,0,4,0.7592573860315994,0.2384058440442351,83,-51.72746045561507,-51.464474823791534,0.6232224151278924,0.08766187727451324,0.0059686689637601376,0.0
stochastic_0_40,"(0-40,0-40)",stochastic,augmented_action,Augmented (+action buffer),"(0-40,0-40)",0,40,0,40,900000,0,0,5,0.7592573860315994,0.2384058440442351,87,-54.02424695715308,-53.80824903585017,0.6209683558293457,0.030856845900416374,0.030856845900416374,1.0
stochastic_0_40,"(0-40,0-40)",stochastic,augmented_action,Augmented (+action buffer),"(0-40,0-40)",0,40,0,40,900000,0,0,6,0.7592573860315994,0.2384058440442351,93,-51.51560255512595,-49.7385420165956,0.5539312102701716,0.1366969645023346,0.036352433264255524,0.0
stochastic_0_40,"(0-40,0-40)",stochastic,augmented_action,Augmented (+action buffer),"(0-40,0-40)",0,40,0,40,900000,0,0,7,0.7592573860315994,0.2384058440442351,89,-42.06161044165492,-41.757314432412386,0.47260236451297666,0.03381066769361496,0.03381066769361496,1.0
stochastic_0_40,"(0-40,0-40)",stochastic,augmented_action,Augmented (+action buffer),"(0-40,0-40)",0,40,0,40,901000,1,2880,0,0.6397896696076902,0.4293741588418708,84,-63.07689589262009,-62.41203182935715,0.7509154272930962,0.16621601581573486,0.16621601581573486,0.0
stochastic_0_40,"(0-40,0-40)",stochastic,augmented_action,Augmented (+action buffer),"(0-40,0-40)",0,40,0,40,901000,1,2880,1,0.6397896696076902,0.4293741588418708,90,-55.79414741694927,-55.358491107821465,0.6199349712994363,0.04356563091278076,0.04356563091278076,1.0
stochastic_0_40,"(0-40,0-40)",stochastic,augmented_action,Augmented (+action buffer),"(0-40,0-40)",0,40,0,40,901000,1,2880,2,0.6397896696076902,0.4293741588418708,88,-82.67018374800682,-79.79785665869713,0.9394339062273502,0.35904088616371155,0.35904088616371155,0.0
stochastic_0_40,"(0-40,0-40)",stochastic,augmented_action,Augmented (+action buffer),"(0-40,0-40)",0,40,0,40,901000,1,2880,3,0.6397896696076902,0.4293741588418708,83,-73.7915313243866,-72.84699615836143,0.889054594269718,0.3148450553417206,0.3148450553417206,0.0
stochastic_0_40,"(0-40,0-40)",stochastic,augmented_action,Augmented (+action buffer),"(0-40,0-40)",0,40,0,40,901000,1,2880,4,0.6397896696076902,0.4293741588418708,90,-42.15949169918895,-41.4470036290586,0.468438796657655,0.07124880701303482,0.01935136318206787,0.0
stochastic_0_40,"(0-40,0-40)",stochastic,augmented_action,Augmented (+action buffer),"(0-40,0-40)",0,40,0,40,901000,1,2880,5,0.6397896696076902,0.4293741588418708,80,-70.99051137268543,-70.99051137268543,0.8873813921585679,0.19565126299858093,0.19565126299858093,0.0
stochastic_0_40,"(0-40,0-40)",stochastic,augmented_action,Augmented (+action buffer),"(0-40,0-40)",0,40,0,40,901000,1,2880,6,0.6397896696076902,0.4293741588418708,83,-78.13434609770775,-77.48597790300846,0.9413776638278042,0.21612273156642914,0.21612273156642914,0.0
stochastic_0_40,"(0-40,0-40)",stochastic,augmented_action,Augmented (+action buffer),"(0-40,0-40)",0,40,0,40,901000,1,2880,7,0.6397896696076902,0.4293741588418708,90,-50.740818962454796,-49.275161460042,0.5637868773606088,0.1465657502412796,0.1465657502412796,0.0
stochastic_0_40,"(0-40,0-40)",stochastic,augmented_action,Augmented (+action buffer),"(0-40,0-40)",0,40,0,40,902000,2,5760,0,0.7253674131272545,0.3668584227058471,92,-50.92857281304896,-49.95332161523402,0.5535714436200974,0.08127093315124512,0.012347055599093437,0.0
stochastic_0_40,"(0-40,0-40)",stochastic,augmented_action,Augmented (+action buffer),"(0-40,0-40)",0,40,0,40,902000,2,5760,1,0.7253674131272545,0.3668584227058471,88,-64.39351720549166,-64.17956271208823,0.7317445136987689,0.026744311675429344,0.026744311675429344,1.0
stochastic_0_40,"(0-40,0-40)",stochastic,augmented_action,Augmented (+action buffer),"(0-40,0-40)",0,40,0,40,902000,2,5760,2,0.7253674131272545,0.3668584227058471,86,-47.845500664785504,-46.749282555654645,0.556343030985878,0.18270301818847656,0.01763192191720009,0.0
stochastic_0_40,"(0-40,0-40)",stochastic,augmented_action,Augmented (+action buffer),"(0-40,0-40)",0,40,0,40,902000,2,5760,3,0.7253674131272545,0.3668584227058471,94,-39.634678051806986,-39.04742177668959,0.42164551118943605,0.04194687679409981,0.009485069662332535,1.0
stochastic_0_40,"(0-40,0-40)",stochastic,augmented_action,Augmented (+action buffer),"(0-40,0-40)",0,40,0,40,902000,2,5760,4,0.7253674131272545,0.3668584227058471,86,-39.016703974455595,-38.01595426723361,0.4536826043541348,0.1667916178703308,0.012964405119419098,0.0
stochastic_0_40,"(0-40,0-40)",stochastic,augmented_action,Augmented (+action buffer),"(0-40,0-40)",0,40,0,40,902000,2,5760,5,0.7253674131272545,0.3668584227058471,93,-66.79590301215649,-64.86309844255447,0.7182355162597471,0.1486772745847702,0.1486772745847702,0.0
stochastic_0_40,"(0-40,0-40)",stochastic,augmented_action,Augmented (+action buffer),"(0-40,0-40)",0,40,0,40,902000,2,5760,6,0.7253674131272545,0.3668584227058471,88,-64.62355843186378,-61.87500301003456,0.7343586185439066,0.34356942772865295,0.14764408767223358,0.0
stochastic_0_40,"(0-40,0-40)",stochastic,augmented_action,Augmented (+action buffer),"(0-40,0-40)",0,40,0,40,902000,2,5760,7,0.7253674131272545,0.3668584227058471,86,-48.222328493371606,-47.52591142989695,0.5607247499229256,0.11606951057910919,0.029114417731761932,0.0
stochastic_0_40,"(0-40,0-40)",stochastic,augmented_action,Augmented (+action buffer),"(0-40,0-40)",0,40,0,40,903000,3,8640,0,0.7013458283797298,0.2397889971350779,82,-51.31717255245894,-50.994845564477146,0.6258191774690115,0.16116349399089813,0.011239727959036827,0.0
stochastic_0_40,"(0-40,0-40)",stochastic,augmented_action,Augmented (+action buffer),"(0-40,0-40)",0,40,0,40,903000,3,8640,1,0.7013458283797298,0.2397889971350779,83,-47.817169471643865,-47.41608543600887,0.5761104755619743,0.13369467854499817,0.014917219989001751,0.0
stochastic_0_40,"(0-40,0-40)",stochastic,augmented_action,Augmented (+action buffer),"(0-40,0-40)",0,40,0,40,903000,3,8640,2,0.7013458283797298,0.2397889971350779,88,-53.39952016156167,-52.294352057389915,0.6068127291086554,0.13814601302146912,0.01353552844375372,0.0
stochastic_0_40,"(0-40,0-40)",stochastic,augmented_action,Augmented (+action buffer),"(0-40,0-40)",0,40,0,40,903000,3,8640,3,0.7013458283797298,0.2397889971350779,91,-60.203049344941974,-58.74653863720596,0.6615719708235381,0.13241006433963776,0.01640990562736988,0.0
stochastic_0_40,"(0-40,0-40)",stochastic,augmented_action,Augmented (+action buffer),"(0-40,0-40)",0,40,0,40,903000,3,8640,4,0.7013458283797298,0.2397889971350779,90,-80.22149351239204,-78.19696781039238,0.8913499279154672,0.20245257019996643,0.20245257019996643,0.0
stochastic_0_40,"(0-40,0-40)",stochastic,augmented_action,Augmented (+action buffer),"(0-40,0-40)",0,40,0,40,903000,3,8640,5,0.7013458283797298,0.2397889971350779,90,-59.880073891952634,-58.90857413597405,0.6653341543550293,0.09714997559785843,0.018178394064307213,0.0
stochastic_0_40,"(0-40,0-40)",stochastic,augmented_action,Augmented (+action buffer),"(0-40,0-40)",0,40,0,40,903000,3,8640,6,0.7013458283797298,0.2397889971350779,82,-31.41525984997861,-31.27124209399335,0.38311292499973915,0.07200887799263,0.002197302645072341,0.0
stochastic_0_40,"(0-40,0-40)",stochastic,augmented_action,Augmented (+action buffer),"(0-40,0-40)",0,40,0,40,903000,3,8640,7,0.7013458283797298,0.2397889971350779,90,-64.96830802503973,-60.83314221445471,0.7218700891671082,0.4135165810585022,0.013327005319297314,0.0
stochastic_0_40,"(0-40,0-40)",stochastic,augmented_action,Augmented (+action buffer),"(0-40,0-40)",0,40,0,40,904000,4,11520,0,0.7013458283797298,0.2397889971350779,85,-63.72517949715257,-62.122190956026316,0.7497079940841479,0.32059770822525024,0.028972376137971878,0.0
stochastic_0_40,"(0-40,0-40)",stochastic,augmented_action,Augmented (+action buffer),"(0-40,0-40)",0,40,0,40,904000,4,11520,1,0.7013458283797298,0.2397889971350779,84,-46.1499935016036,-45.84843450039625,0.5494046845429,0.07538975030183792,0.03963608294725418,0.0
stochastic_0_40,"(0-40,0-40)",stochastic,augmented_action,Augmented (+action buffer),"(0-40,0-40)",0,40,0,40,904000,4,11520,2,0.7013458283797298,0.2397889971350779,86,-56.781986348330975,-55.97411473840475,0.6602556552131509,0.1346452683210373,0.05208214372396469,0.0
stochastic_0_40,"(0-40,0-40)",stochastic,augmented_action,Augmented (+action buffer),"(0-40,0-40)",0,40,0,40,904000,4,11520,3,0.7013458283797298,0.2397889971350779,92,-64.05071733891964,-61.409503385424614,0.696203449336083,0.22010116279125214,0.13466881215572357,0.0
stochastic_0_40,"(0-40,0-40)",stochastic,augmented_action,Augmented (+action buffer),"(0-40,0-40)",0,40,0,40,904000,4,11520,4,0.7013458283797298,0.2397889971350779,88,-45.875458085909486,-45.40531202591956,0.5213120237035169,0.05876825749874115,0.025009220466017723,1.0
stochastic_0_40,"(0-40,0-40)",stochastic,augmented_action,Augmented (+action buffer),"(0-40,0-40)",0,40,0,40,904000,4,11520,5,0.7013458283797298,0.2397889971350779,89,-32.044383328408,-31.716330222785473,0.36004925088098877,0.03645034506917,0.009820060804486275,1.0
stochastic_0_40,"(0-40,0-40)",stochastic,augmented_action,Augmented (+action buffer),"(0-40,0-40)",0,40,0,40,904000,4,11520,6,0.7013458283797298,0.2397889971350779,92,-40.36117717809975,-39.87497109360993,0.4387084475880408,0.0405171737074852,0.01836109720170498,1.0
stochastic_0_40,"(0-40,0-40)",stochastic,augmented_action,Augmented (+action buffer),"(0-40,0-40)",0,40,0,40,904000,4,11520,7,0.7013458283797298,0.2397889971350779,88,-59.55021944642067,-58.15591076016426,0.6767070391638712,0.1742885857820511,0.1742885857820511,0.0
stochastic_0_40,"(0-40,0-40)",stochastic,augmented_action,Augmented (+action buffer),"(0-40,0-40)",0,40,0,40,905000,5,14400,0,0.6402225474452287,0.24566594496821786,92,-56.526925675570965,-55.127321027219296,0.6144231051692496,0.11663372069597244,0.11663372069597244,0.0
stochastic_0_40,"(0-40,0-40)",stochastic,augmented_action,Augmented (+action buffer),"(0-40,0-40)",0,40,0,40,905000,5,14400,1,0.6402225474452287,0.24566594496821786,85,-44.4917896874249,-42.51405422762036,0.5234328198520576,0.395547091960907,0.034179236739873886,0.0
stochastic_0_40,"(0-40,0-40)",stochastic,augmented_action,Augmented (+action buffer),"(0-40,0-40)",0,40,0,40,905000,5,14400,2,0.6402225474452287,0.24566594496821786,87,-52.395371958613396,-52.07730294018984,0.6022456546967057,0.045438431203365326,0.045438431203365326,1.0
stochastic_0_40,"(0-40,0-40)",stochastic,augmented_action,Augmented (+action buffer),"(0-40,0-40)",0,40,0,40,905000,5,14400,3,0.6402225474452287,0.24566594496821786,87,-53.886756367981434,-52.304152972996235,0.6193880042296717,0.22608619928359985,0.018356680870056152,0.0
stochastic_0_40,"(0-40,0-40)",stochastic,augmented_action,Augmented (+action buffer),"(0-40,0-40)",0,40,0,40,905000,5,14400,4,0.6402225474452287,0.24566594496821786,84,-51.90550693112891,-51.636108033242635,0.6179227015610584,0.06734972447156906,0.0017747333040460944,0.0
stochastic_0_40,"(0-40,0-40)",stochastic,augmented_action,Augmented (+action buffer),"(0-40,0-40)",0,40,0,40,905000,5,14400,5,0.6402225474452287,0.24566594496821786,85,-45.2690993770957,-43.97564669698477,0.5325776397305376,0.2586905360221863,0.009076837450265884,0.0
stochastic_0_40,"(0-40,0-40)",stochastic,augmented_action,Augmented (+action buffer),"(0-40,0-40)",0,40,0,40,905000,5,14400,6,0.6402225474452287,0.24566594496821786,83,-72.53874325565994,-72.2968106623739,0.8739607621163848,0.08064419776201248,0.024097805842757225,0.0
stochastic_0_40,"(0-40,0-40)",stochastic,augmented_action,Augmented (+action buffer),"(0-40,0-40)",0,40,0,40,905000,5,14400,7,0.6402225474452287,0.24566594496821786,94,-47.25605452992022,-45.724590385332704,0.5027239843608534,0.10939029604196548,0.017494142055511475,0.0
stochastic_0_40,"(0-40,0-40)",stochastic,augmented_action,Augmented (+action buffer),"(0-40,0-40)",0,40,0,40,906000,6,17280,0,0.6402225474452287,0.24566594496821786,91,-50.11788859963417,-49.46509651467204,0.5507460285674085,0.059344734996557236,0.059344734996557236,1.0
stochastic_0_40,"(0-40,0-40)",stochastic,augmented_action,Augmented (+action buffer),"(0-40,0-40)",0,40,0,40,906000,6,17280,1,0.6402225474452287,0.24566594496821786,87,-63.42307625710964,-61.47161991894245,0.7290008765185017,0.2787794768810272,0.03466036543250084,0.0
stochastic_0_40,"(0-40,0-40)",stochastic,augmented_action,Augmented (+action buffer),"(0-40,0-40)",0,40,0,40,906000,6,17280,2,0.6402225474452287,0.24566594496821786,89,-76.06883144378662,-74.24304935336113,0.8547059712785013,0.20286467671394348,0.20286467671394348,0.0
stochastic_0_40,"(0-40,0-40)",stochastic,augmented_action,Augmented (+action buffer),"(0-40,0-40)",0,40,0,40,906000,6,17280,3,0.6402225474452287,0.24566594496821786,86,-44.5828763730824,-44.11818625405431,0.5184055392218884,0.07744835317134857,0.00483672134578228,0.0
stochastic_0_40,"(0-40,0-40)",stochastic,augmented_action,Augmented (+action buffer),"(0-40,0-40)",0,40,0,40,906000,6,17280,4,0.6402225474452287,0.24566594496821786,84,-38.00842731073499,-37.76910522952676,0.45248127750874984,0.059830520302057266,0.059830520302057266,1.0
stochastic_0_40,"(0-40,0-40)",stochastic,augmented_action,Augmented (+action buffer),"(0-40,0-40)",0,40,0,40,906000,6,17280,5,0.6402225474452287,0.24566594496821786,87,-48.51335220504552,-47.91093359608203,0.557624737989029,0.0860598012804985,0.013428266160190105,0.0
stochastic_0_40,"(0-40,0-40)",stochastic,augmented_action,Augmented (+action buffer),"(0-40,0-40)",0,40,0,40,906000,6,17280,6,0.6402225474452287,0.24566594496821786,88,-46.25331359170377,-45.66376774571836,0.5256058362693611,0.07369323074817657,0.0212099552154541,0.0
stochastic_0_40,"(0-40,0-40)",stochastic,augmented_action,Augmented (+action buffer),"(0-40,0-40)",0,40,0,40,906000,6,17280,7,0.6402225474452287,0.24566594496821786,97,-49.263229850679636,-46.829753536731005,0.5078683489760787,0.14314566552639008,0.019886281341314316,0.0
stochastic_0_40,"(0-40,0-40)",stochastic,augmented_action,Augmented (+action buffer),"(0-40,0-40)",0,40,0,40,907000,7,20160,0,0.6402225474452287,0.24566594496821786,81,-45.69098427705467,-45.65643200837076,0.5640862256426502,0.03455226868391037,0.0163766760379076,1.0
stochastic_0_40,"(0-40,0-40)",stochastic,augmented_action,Augmented (+action buffer),"(0-40,0-40)",0,40,0,40,907000,7,20160,1,0.6402225474452287,0.24566594496821786,89,-43.342388899065554,-43.10898563545197,0.4869931336973658,0.02593369595706463,0.005609304644167423,1.0
stochastic_0_40,"(0-40,0-40)",stochastic,augmented_action,Augmented (+action buffer),"(0-40,0-40)",0,40,0,40,907000,7,20160,2,0.6402225474452287,0.24566594496821786,90,-39.505670269951224,-38.04575910232961,0.43895189188834693,0.14599111676216125,0.02619343437254429,0.0
stochastic_0_40,"(0-40,0-40)",stochastic,augmented_action,Augmented (+action buffer),"(0-40,0-40)",0,40,0,40,907000,7,20160,3,0.6402225474452287,0.24566594496821786,86,-59.6989724598825,-58.82596706971526,0.6941740983707267,0.14550089836120605,0.0035408921539783478,0.0
stochastic_0_40,"(0-40,0-40)",stochastic,augmented_action,Augmented (+action buffer),"(0-40,0-40)",0,40,0,40,907000,7,20160,4,0.6402225474452287,0.24566594496821786,88,-40.795818634331226,-40.353658981621265,0.4635888481174003,0.05526995658874512,0.05526995658874512,1.0
stochastic_0_40,"(0-40,0-40)",stochastic,augmented_action,Augmented (+action buffer),"(0-40,0-40)",0,40,0,40,907000,7,20160,5,0.6402225474452287,0.24566594496821786,86,-46.42142662964761,-46.178803792223334,0.5397840305772978,0.04043713957071304,0.02334684133529663,1.0
stochastic_0_40,"(0-40,0-40)",stochastic,augmented_action,Augmented (+action buffer),"(0-40,0-40)",0,40,0,40,907000,7,20160,6,0.6402225474452287,0.24566594496821786,88,-65.61508265137672,-64.35177424550056,0.74562593922019,0.15791355073451996,0.10699634253978729,0.0
stochastic_0_40,"(0-40,0-40)",stochastic,augmented_action,Augmented (+action buffer),"(0-40,0-40)",0,40,0,40,907000,7,20160,7,0.6402225474452287,0.24566594496821786,84,-57.864236240275204,-57.63432825077325,0.6888599552413714,0.05747699737548828,0.010259476490318775,1.0
stochastic_0_40,"(0-40,0-40)",stochastic,augmented_action,Augmented (+action buffer),"(0-40,0-40)",0,40,0,40,908000,8,23040,0,0.6402225474452287,0.24566594496821786,83,-61.23758279532194,-60.48007448762655,0.7378022023532764,0.25250276923179626,0.08162982761859894,0.0
stochastic_0_40,"(0-40,0-40)",stochastic,augmented_action,Augmented (+action buffer),"(0-40,0-40)",0,40,0,40,908000,8,23040,1,0.6402225474452287,0.24566594496821786,90,-48.59541694447398,-47.89154725894332,0.539949077160822,0.07038696855306625,0.03749433904886246,0.0
stochastic_0_40,"(0-40,0-40)",stochastic,augmented_action,Augmented (+action buffer),"(0-40,0-40)",0,40,0,40,908000,8,23040,2,0.6402225474452287,0.24566594496821786,83,-37.544185027480125,-37.46094899624586,0.4523395786443389,0.02774534374475479,0.02774534374475479,1.0
stochastic_0_40,"(0-40,0-40)",stochastic,augmented_action,Augmented (+action buffer),"(0-40,0-40)",0,40,0,40,908000,8,23040,3,0.6402225474452287,0.24566594496821786,89,-59.14912237226963,-57.601369082927704,0.6645968805872993,0.1719725877046585,0.1719725877046585,0.0
stochastic_0_40,"(0-40,0-40)",stochastic,augmented_action,Augmented (+action buffer),"(0-40,0-40)",0,40,0,40,908000,8,23040,4,0.6402225474452287,0.24566594496821786,83,-50.973496463149786,-50.28298920020461,0.6141385116042143,0.23016908764839172,0.016444437205791473,0.0
stochastic_0_40,"(0-40,0-40)",stochastic,augmented_action,Augmented (+action buffer),"(0-40,0-40)",0,40,0,40,908000,8,23040,5,0.6402225474452287,0.24566594496821786,88,-45.49258449114859,-45.29447198845446,0.5169611873994158,0.024764062836766243,0.005980009213089943,1.0
stochastic_0_40,"(0-40,0-40)",stochastic,augmented_action,Augmented (+action buffer),"(0-40,0-40)",0,40,0,40,908000,8,23040,6,0.6402225474452287,0.24566594496821786,87,-42.30778812104836,-41.399991559330374,0.4862964151844639,0.12968522310256958,0.004853131715208292,0.0
stochastic_0_40,"(0-40,0-40)",stochastic,augmented_action,Augmented (+action buffer),"(0-40,0-40)",0,40,0,40,908000,8,23040,7,0.6402225474452287,0.24566594496821786,93,-46.21404031291604,-44.89646307006478,0.4969251646550112,0.10135209560394287,0.057787466794252396,0.0
stochastic_0_40,"(0-40,0-40)",stochastic,augmented_action,Augmented (+action buffer),"(0-40,0-40)",0,40,0,40,909000,9,25920,0,0.6402225474452287,0.24566594496821786,81,-55.806597888469696,-55.69954185932875,0.688970344302095,0.10705602914094925,0.0096073467284441,0.0
stochastic_0_40,"(0-40,0-40)",stochastic,augmented_action,Augmented (+action buffer),"(0-40,0-40)",0,40,0,40,909000,9,25920,1,0.6402225474452287,0.24566594496821786,84,-45.34971037588548,-45.00801870308351,0.5398775044748272,0.08542291820049286,0.0016401902539655566,0.0
stochastic_0_40,"(0-40,0-40)",stochastic,augmented_action,Augmented (+action buffer),"(0-40,0-40)",0,40,0,40,909000,9,25920,2,0.6402225474452287,0.24566594496821786,91,-66.97110821306705,-64.42763715982437,0.7359462440996379,0.2312246412038803,0.00901660043746233,0.0
stochastic_0_40,"(0-40,0-40)",stochastic,augmented_action,Augmented (+action buffer),"(0-40,0-40)",0,40,0,40,909000,9,25920,3,0.6402225474452287,0.24566594496821786,84,-59.17112373560667,-58.92853011935949,0.7044181397096032,0.06064840406179428,0.06064840406179428,0.0
stochastic_0_40,"(0-40,0-40)",stochastic,augmented_action,Augmented (+action buffer),"(0-40,0-40)",0,40,0,40,909000,9,25920,4,0.6402225474452287,0.24566594496821786,83,-43.7416676171124,-43.45971382781863,0.5270080435796675,0.09398459643125534,0.016874652355909348,0.0
stochastic_0_40,"(0-40,0-40)",stochastic,augmented_action,Augmented (+action buffer),"(0-40,0-40)",0,40,0,40,909000,9,25920,5,0.6402225474452287,0.24566594496821786,85,-42.214129231870174,-41.96187190711498,0.4966368144925903,0.05045146495103836,0.01879062131047249,1.0
stochastic_0_40,"(0-40,0-40)",stochastic,augmented_action,Augmented (+action buffer),"(0-40,0-40)",0,40,0,40,909000,9,25920,6,0.6402225474452287,0.24566594496821786,82,-60.44407985545695,-60.225795248523355,0.7371229250665482,0.10914230346679688,0.02233557589352131,0.0
stochastic_0_40,"(0-40,0-40)",stochastic,augmented_action,Augmented (+action buffer),"(0-40,0-40)",0,40,0,40,909000,9,25920,7,0.6402225474452287,0.24566594496821786,95,-58.746510691940784,-56.343505553901196,0.6183843230730609,0.1602003425359726,0.030729446560144424,0.0
stochastic_0_40,"(0-40,0-40)",stochastic,augmented_action,Augmented (+action buffer),"(0-40,0-40)",0,40,0,40,910000,10,28800,0,0.6402225474452287,0.24566594496821786,87,-55.96665608882904,-55.034554690122604,0.6432948975727476,0.13315734267234802,0.07390041649341583,0.0
stochastic_0_40,"(0-40,0-40)",stochastic,augmented_action,Augmented (+action buffer),"(0-40,0-40)",0,40,0,40,910000,10,28800,1,0.6402225474452287,0.24566594496821786,93,-41.46783241908997,-40.50423832517117,0.44589067117301046,0.07412262260913849,0.01326084416359663,0.0
stochastic_0_40,"(0-40,0-40)",stochastic,augmented_action,Augmented (+action buffer),"(0-40,0-40)",0,40,0,40,910000,10,28800,2,0.6402225474452287,0.24566594496821786,91,-29.154662936925888,-28.244905576109886,0.32038091139478997,0.08270521461963654,0.019286947324872017,0.0
stochastic_0_40,"(0-40,0-40)",stochastic,augmented_action,Augmented (+action buffer),"(0-40,0-40)",0,40,0,40,910000,10,28800,3,0.6402225474452287,0.24566594496821786,83,-38.14662018045783,-37.89690379425883,0.45959783349949196,0.08323879539966583,0.025400394573807716,0.0
stochastic_0_40,"(0-40,0-40)",stochastic,augmented_action,Augmented (+action buffer),"(0-40,0-40)",0,40,0,40,910000,10,28800,4,0.6402225474452287,0.24566594496821786,82,-57.910721868276596,-57.382780343294144,0.7062283154667878,0.2639707624912262,0.2629830539226532,0.0
stochastic_0_40,"(0-40,0-40)",stochastic,augmented_action,Augmented (+action buffer),"(0-40,0-40)",0,40,0,40,910000,10,28800,5,0.6402225474452287,0.24566594496821786,95,-56.69201112911105,-52.84106842800975,0.5967580118853795,0.25672951340675354,0.013375375419855118,0.0
stochastic_0_40,"(0-40,0-40)",stochastic,augmented_action,Augmented (+action buffer),"(0-40,0-40)",0,40,0,40,910000,10,28800,6,0.6402225474452287,0.24566594496821786,95,-50.843427365645766,-48.399919083341956,0.5351939722699555,0.16290055215358734,0.0255849938839674,0.0
stochastic_0_40,"(0-40,0-40)",stochastic,augmented_action,Augmented (+action buffer),"(0-40,0-40)",0,40,0,40,910000,10,28800,7,0.6402225474452287,0.24566594496821786,85,-51.354208720847964,-50.840954503044486,0.6041671614217408,0.10265084356069565,0.023307571187615395,0.0
stochastic_0_40,"(0-40,0-40)",stochastic,augmented_action,Augmented (+action buffer),"(0-40,0-40)",0,40,0,40,911000,11,31680,0,0.6402225474452287,0.24566594496821786,87,-68.62054845690727,-67.59659937024117,0.7887419362862905,0.14627844095230103,0.14627844095230103,0.0
stochastic_0_40,"(0-40,0-40)",stochastic,augmented_action,Augmented (+action buffer),"(0-40,0-40)",0,40,0,40,911000,11,31680,1,0.6402225474452287,0.24566594496821786,91,-64.03156456910074,-63.60922519676387,0.7036435666934147,0.038394488394260406,0.028560183942317963,1.0
stochastic_0_40,"(0-40,0-40)",stochastic,augmented_action,Augmented (+action buffer),"(0-40,0-40)",0,40,0,40,911000,11,31680,2,0.6402225474452287,0.24566594496821786,83,-57.16957319620997,-56.35083640459925,0.6887900385085538,0.27291226387023926,0.01047335285693407,0.0
stochastic_0_40,"(0-40,0-40)",stochastic,augmented_action,Augmented (+action buffer),"(0-40,0-40)",0,40,0,40,911000,11,31680,3,0.6402225474452287,0.24566594496821786,92,-69.28662722930312,-64.27267986163497,0.7531155133619905,0.4178289473056793,0.04904584214091301,0.0
stochastic_0_40,"(0-40,0-40)",stochastic,augmented_action,Augmented (+action buffer),"(0-40,0-40)",0,40,0,40,911000,11,31680,4,0.6402225474452287,0.24566594496821786,86,-47.28605057823006,-46.56348394381348,0.5498377974212798,0.12042777240276337,0.0005256325239315629,0.0
stochastic_0_40,"(0-40,0-40)",stochastic,augmented_action,Augmented (+action buffer),"(0-40,0-40)",0,40,0,40,911000,11,31680,5,0.6402225474452287,0.24566594496821786,83,-27.19253263808787,-26.815469617024064,0.3276208751576852,0.12568767368793488,0.006470813881605864,0.0
stochastic_0_40,"(0-40,0-40)",stochastic,augmented_action,Augmented (+action buffer),"(0-40,0-40)",0,40,0,40,911000,11,31680,6,0.6402225474452287,0.24566594496821786,83,-44.81809023115784,-44.34025862906128,0.5399769907368415,0.15927720069885254,0.014052473939955235,0.0
stochastic_0_40,"(0-40,0-40)",stochastic,augmented_action,Augmented (+action buffer),"(0-40,0-40)",0,40,0,40,911000,11,31680,7,0.6402225474452287,0.24566594496821786,87,-44.57259642123245,-44.14948418899439,0.5123286944969246,0.060444604605436325,0.002283969661220908,0.0
stochastic_0_40,"(0-40,0-40)",stochastic,augmented_action,Augmented (+action buffer),"(0-40,0-40)",0,40,0,40,912000,12,34560,0,0.6402225474452287,0.24566594496821786,87,-46.185684418305755,-44.83351050876081,0.5308699358425949,0.19316770136356354,0.019092628732323647,0.0
stochastic_0_40,"(0-40,0-40)",stochastic,augmented_action,Augmented (+action buffer),"(0-40,0-40)",0,40,0,40,912000,12,34560,1,0.6402225474452287,0.24566594496821786,87,-41.414090191945434,-40.833593709394336,0.4760240251947751,0.08292806893587112,0.019066037610173225,0.0
stochastic_0_40,"(0-40,0-40)",stochastic,augmented_action,Augmented (+action buffer),"(0-40,0-40)",0,40,0,40,912000,12,34560,2,0.6402225474452287,0.24566594496821786,89,-58.16795838507824,-57.475310428766534,0.6535725661244746,0.07696088403463364,0.0022907915990799665,0.0
stochastic_0_40,"(0-40,0-40)",stochastic,augmented_action,Augmented (+action buffer),"(0-40,0-40)",0,40,0,40,912000,12,34560,3,0.6402225474452287,0.24566594496821786,81,-48.918803102336824,-48.87912669312209,0.6039358407695904,0.03967640921473503,0.011424916796386242,1.0
stochastic_0_40,"(0-40,0-40)",stochastic,augmented_action,Augmented (+action buffer),"(0-40,0-40)",0,40,0,40,912000,12,34560,4,0.6402225474452287,0.24566594496821786,80,-43.96000072173774,-43.96000072173774,0.5495000090217218,0.03342081606388092,0.011448385193943977,1.0
stochastic_0_40,"(0-40,0-40)",stochastic,augmented_action,Augmented (+action buffer),"(0-40,0-40)",0,40,0,40,912000,12,34560,5,0.6402225474452287,0.24566594496821786,89,-60.17031042277813,-58.94107522070408,0.6760709036267205,0.136581689119339,0.136581689119339,0.0
stochastic_0_40,"(0-40,0-40)",stochastic,augmented_action,Augmented (+action buffer),"(0-40,0-40)",0,40,0,40,912000,12,34560,6,0.6402225474452287,0.24566594496821786,80,-53.68416248448193,-53.68416248448193,0.6710520310560242,0.09708136320114136,0.01996271125972271,0.0
stochastic_0_40,"(0-40,0-40)",stochastic,augmented_action,Augmented (+action buffer),"(0-40,0-40)",0,40,0,40,912000,12,34560,7,0.6402225474452287,0.24566594496821786,82,-38.2090125111863,-38.12351871561259,0.46596356720958904,0.0427468977868557,0.01174690667539835,1.0
stochastic_0_40,"(0-40,0-40)",stochastic,augmented_action,Augmented (+action buffer),"(0-40,0-40)",0,40,0,40,913000,13,37440,0,0.6402225474452287,0.24566594496821786,88,-36.51031639613211,-36.15574079193175,0.4148899590469558,0.044321950525045395,0.014520661905407906,1.0
stochastic_0_40,"(0-40,0-40)",stochastic,augmented_action,Augmented (+action buffer),"(0-40,0-40)",0,40,0,40,913000,13,37440,1,0.6402225474452287,0.24566594496821786,90,-51.32157744653523,-50.11167334206402,0.570239749405947,0.12099041044712067,0.013089831918478012,0.0
stochastic_0_40,"(0-40,0-40)",stochastic,augmented_action,Augmented (+action buffer),"(0-40,0-40)",0,40,0,40,913000,13,37440,2,0.6402225474452287,0.24566594496821786,83,-69.4629959911108,-68.94499137997627,0.8369035661579615,0.1726682037115097,0.1726682037115097,0.0
stochastic_0_40,"(0-40,0-40)",stochastic,augmented_action,Augmented (+action buffer),"(0-40,0-40)",0,40,0,40,913000,13,37440,3,0.6402225474452287,0.24566594496821786,84,-34.639033584389836,-34.61199912847951,0.41236944743321235,0.006758613977581263,0.006758613977581263,1.0
stochastic_0_40,"(0-40,0-40)",stochastic,augmented_action,Augmented (+action buffer),"(0-40,0-40)",0,40,0,40,913000,13,37440,4,0.6402225474452287,0.24566594496821786,86,-60.38780090212822,-59.283985167741776,0.7021837314200956,0.18396928906440735,0.0776258334517479,0.0
stochastic_0_40,"(0-40,0-40)",stochastic,augmented_action,Augmented (+action buffer),"(0-40,0-40)",0,40,0,40,913000,13,37440,5,0.6402225474452287,0.24566594496821786,83,-44.81503522582352,-44.55107885785401,0.5399401834436569,0.08798545598983765,0.02579980157315731,0.0
stochastic_0_40,"(0-40,0-40)",stochastic,augmented_action,Augmented (+action buffer),"(0-40,0-40)",0,40,0,40,913000,13,37440,6,0.6402225474452287,0.24566594496821786,85,-39.19771501701325,-38.478505107574165,0.46114958843545,0.14384198188781738,0.0070041753351688385,0.0
stochastic_0_40,"(0-40,0-40)",stochastic,augmented_action,Augmented (+action buffer),"(0-40,0-40)",0,40,0,40,913000,13,37440,7,0.6402225474452287,0.24566594496821786,86,-37.59650956839323,-37.43787132203579,0.4371687159115492,0.026439707726240158,0.026439707726240158,1.0
stochastic_0_40,"(0-40,0-40)",stochastic,augmented_action,Augmented (+action buffer),"(0-40,0-40)",0,40,0,40,914000,14,40320,0,0.6402225474452287,0.24566594496821786,80,-38.2563640139997,-38.2563640139997,0.47820455017499625,0.04888005182147026,0.04888005182147026,1.0
stochastic_0_40,"(0-40,0-40)",stochastic,augmented_action,Augmented (+action buffer),"(0-40,0-40)",0,40,0,40,914000,14,40320,1,0.6402225474452287,0.24566594496821786,90,-66.73468665778637,-66.50889718532562,0.7414965184198485,0.022578947246074677,0.0178232379257679,1.0
stochastic_0_40,"(0-40,0-40)",stochastic,augmented_action,Augmented (+action buffer),"(0-40,0-40)",0,40,0,40,914000,14,40320,2,0.6402225474452287,0.24566594496821786,88,-46.894577948376536,-45.94315585307777,0.5328929312315516,0.11892776191234589,0.008400054648518562,0.0
stochastic_0_40,"(0-40,0-40)",stochastic,augmented_action,Augmented (+action buffer),"(0-40,0-40)",0,40,0,40,914000,14,40320,3,0.6402225474452287,0.24566594496821786,81,-56.027440208010375,-56.000149187631905,0.6916967926914861,0.02729102037847042,0.005171485245227814,1.0
stochastic_0_40,"(0-40,0-40)",stochastic,augmented_action,Augmented (+action buffer),"(0-40,0-40)",0,40,0,40,914000,14,40320,4,0.6402225474452287,0.24566594496821786,85,-41.47264571674168,-41.16109963320196,0.48791347902049037,0.06230921670794487,0.003993740305304527,0.0
stochastic_0_40,"(0-40,0-40)",stochastic,augmented_action,Augmented (+action buffer),"(0-40,0-40)",0,40,0,40,914000,14,40320,5,0.6402225474452287,0.24566594496821786,90,-53.7520814538002,-52.24868482351303,0.5972453494866689,0.15033966302871704,0.0730559229850769,0.0
stochastic_0_40,"(0-40,0-40)",stochastic,augmented_action,Augmented (+action buffer),"(0-40,0-40)",0,40,0,40,914000,14,40320,6,0.6402225474452287,0.24566594496821786,83,-46.63413053331897,-45.8905452596955,0.5618569943773369,0.24786175787448883,0.00351495249196887,0.0
stochastic_0_40,"(0-40,0-40)",stochastic,augmented_action,Augmented (+action buffer),"(0-40,0-40)",0,40,0,40,914000,14,40320,7,0.6402225474452287,0.24566594496821786,86,-61.54300920665264,-60.46027125418186,0.7156163861238679,0.18045632541179657,0.18045632541179657,0.0
stochastic_0_40,"(0-40,0-40)",stochastic,augmented_action,Augmented (+action buffer),"(0-40,0-40)",0,40,0,40,915000,15,43200,0,0.6402225474452287,0.24566594496821786,84,-40.32721299864352,-40.09811464883387,0.48008586903147044,0.05727458745241165,0.026613250374794006,1.0
stochastic_0_40,"(0-40,0-40)",stochastic,augmented_action,Augmented (+action buffer),"(0-40,0-40)",0,40,0,40,915000,15,43200,1,0.6402225474452287,0.24566594496821786,93,-53.53495626151562,-52.07673314213753,0.5756446909840389,0.11217100918292999,0.09994682669639587,0.0
stochastic_0_40,"(0-40,0-40)",stochastic,augmented_action,Augmented (+action buffer),"(0-40,0-40)",0,40,0,40,915000,15,43200,2,0.6402225474452287,0.24566594496821786,87,-38.44201387371868,-38.17782589700073,0.44186222843354805,0.03774113953113556,0.011319532059133053,1.0
stochastic_0_40,"(0-40,0-40)",stochastic,augmented_action,Augmented (+action buffer),"(0-40,0-40)",0,40,0,40,915000,15,43200,3,0.6402225474452287,0.24566594496821786,88,-43.67437535151839,-43.305417623370886,0.4962997199036181,0.04611971601843834,0.03463836386799812,1.0
stochastic_0_40,"(0-40,0-40)",stochastic,augmented_action,Augmented (+action buffer),"(0-40,0-40)",0,40,0,40,915000,15,43200,4,0.6402225474452287,0.24566594496821786,86,-34.54043551161885,-34.25107730552554,0.4016329710653355,0.04822636768221855,0.04822636768221855,1.0
stochastic_0_40,"(0-40,0-40)",stochastic,augmented_action,Augmented (+action buffer),"(0-40,0-40)",0,40,0,40,915000,15,43200,5,0.6402225474452287,0.24566594496821786,92,-51.04151511192322,-50.11699190735817,0.5547990773035132,0.07704360038042068,0.07704360038042068,0.0
stochastic_0_40,"(0-40,0-40)",stochastic,augmented_action,Augmented (+action buffer),"(0-40,0-40)",0,40,0,40,915000,15,43200,6,0.6402225474452287,0.24566594496821786,86,-44.09857293963432,-43.526927679777145,0.5127741039492363,0.09527420997619629,0.09488365054130554,0.0
stochastic_0_40,"(0-40,0-40)",stochastic,augmented_action,Augmented (+action buffer),"(0-40,0-40)",0,40,0,40,915000,15,43200,7,0.6402225474452287,0.24566594496821786,84,-58.91794984601438,-58.272560527548194,0.7014041648335045,0.16134732961654663,0.010299129411578178,0.0
stochastic_0_40,"(0-40,0-40)",stochastic,augmented_action,Augmented (+action buffer),"(0-40,0-40)",0,40,0,40,916000,16,46080,0,0.6402225474452287,0.24566594496821786,88,-46.545558754354715,-45.306521359831095,0.5289268040267582,0.15487967431545258,0.03905431926250458,0.0
stochastic_0_40,"(0-40,0-40)",stochastic,augmented_action,Augmented (+action buffer),"(0-40,0-40)",0,40,0,40,916000,16,46080,1,0.6402225474452287,0.24566594496821786,82,-66.3909747172147,-65.53755743987858,0.8096460331367646,0.4267086386680603,0.028893960639834404,0.0
stochastic_0_40,"(0-40,0-40)",stochastic,augmented_action,Augmented (+action buffer),"(0-40,0-40)",0,40,0,40,916000,16,46080,2,0.6402225474452287,0.24566594496821786,82,-55.899942737072706,-55.761326130479574,0.6817066187447891,0.06930830329656601,0.007571253925561905,0.0
stochastic_0_40,"(0-40,0-40)",stochastic,augmented_action,Augmented (+action buffer),"(0-40,0-40)",0,40,0,40,916000,16,46080,3,0.6402225474452287,0.24566594496821786,89,-25.28216361720115,-25.08320476207882,0.2840692541258556,0.022106539458036423,0.007676195353269577,1.0
stochastic_0_40,"(0-40,0-40)",stochastic,augmented_action,Augmented (+action buffer),"(0-40,0-40)",0,40,0,40,916000,16,46080,4,0.6402225474452287,0.24566594496821786,86,-62.13944084942341,-61.32866208255291,0.7225516377839931,0.13512979447841644,0.13512979447841644,0.0
stochastic_0_40,"(0-40,0-40)",stochastic,augmented_action,Augmented (+action buffer),"(0-40,0-40)",0,40,0,40,916000,16,46080,5,0.6402225474452287,0.24566594496821786,82,-43.15562507882714,-42.96182547882199,0.5262881107174042,0.09689980000257492,0.05766070634126663,0.0
stochastic_0_40,"(0-40,0-40)",stochastic,augmented_action,Augmented (+action buffer),"(0-40,0-40)",0,40,0,40,916000,16,46080,6,0.6402225474452287,0.24566594496821786,92,-37.55136197805405,-36.17297440767288,0.4081669780223266,0.11486563086509705,0.01744534634053707,0.0
stochastic_0_40,"(0-40,0-40)",stochastic,augmented_action,Augmented (+action buffer),"(0-40,0-40)",0,40,0,40,916000,16,46080,7,0.6402225474452287,0.24566594496821786,92,-47.003254757262766,-44.96540103945881,0.5109049430137257,0.1698211431503296,0.0147103825584054,0.0
stochastic_0_40,"(0-40,0-40)",stochastic,augmented_action,Augmented (+action buffer),"(0-40,0-40)",0,40,0,40,917000,17,48960,0,0.6402225474452287,0.24566594496821786,87,-44.74151949584484,-44.08883177489042,0.5142703390326994,0.09324110299348831,0.09324110299348831,0.0
stochastic_0_40,"(0-40,0-40)",stochastic,augmented_action,Augmented (+action buffer),"(0-40,0-40)",0,40,0,40,917000,17,48960,1,0.6402225474452287,0.24566594496821786,85,-37.495947159826756,-36.99243226647377,0.4411287901156089,0.10070297867059708,0.015548544004559517,0.0
stochastic_0_40,"(0-40,0-40)",stochastic,augmented_action,Augmented (+action buffer),"(0-40,0-40)",0,40,0,40,917000,17,48960,2,0.6402225474452287,0.24566594496821786,82,-46.00058722845279,-45.77784578851424,0.5609827710786925,0.11137071996927261,0.0029697210993617773,0.0
stochastic_0_40,"(0-40,0-40)",stochastic,augmented_action,Augmented (+action buffer),"(0-40,0-40)",0,40,0,40,917000,17,48960,3,0.6402225474452287,0.24566594496821786,87,-51.308510679751635,-51.07839881256223,0.5897529963189843,0.03287312388420105,0.03287312388420105,1.0
stochastic_0_40,"(0-40,0-40)",stochastic,augmented_action,Augmented (+action buffer),"(0-40,0-40)",0,40,0,40,917000,17,48960,4,0.6402225474452287,0.24566594496821786,89,-43.762727175839245,-42.2666328297928,0.491716035683587,0.16623270511627197,0.013327270746231079,0.0
stochastic_0_40,"(0-40,0-40)",stochastic,augmented_action,Augmented (+action buffer),"(0-40,0-40)",0,40,0,40,917000,17,48960,5,0.6402225474452287,0.24566594496821786,85,-54.80841135978699,-53.9832211881876,0.6448048395269057,0.16503803431987762,0.04976218193769455,0.0
stochastic_0_40,"(0-40,0-40)",stochastic,augmented_action,Augmented (+action buffer),"(0-40,0-40)",0,40,0,40,917000,17,48960,6,0.6402225474452287,0.24566594496821786,91,-61.80248838663101,-60.462607599794865,0.6791482240289122,0.12180734425783157,0.12180734425783157,0.0
stochastic_0_40,"(0-40,0-40)",stochastic,augmented_action,Augmented (+action buffer),"(0-40,0-40)",0,40,0,40,917000,17,48960,7,0.6402225474452287,0.24566594496821786,85,-50.026430901139975,-49.65328473970294,0.5885462458957644,0.07462923228740692,0.014610851183533669,0.0
stochastic_0_40,"(0-40,0-40)",stochastic,augmented_action,Augmented (+action buffer),"(0-40,0-40)",0,40,0,40,918000,18,51840,0,0.6402225474452287,0.24566594496821786,86,-45.54678035946563,-45.32292122812942,0.5296137251100654,0.037309855222702026,0.00461735250428319,1.0
stochastic_0_40,"(0-40,0-40)",stochastic,augmented_action,Augmented (+action buffer),"(0-40,0-40)",0,40,0,40,918000,18,51840,1,0.6402225474452287,0.24566594496821786,90,-46.08050291240215,-44.18007676303387,0.5120055879155795,0.1900426149368286,0.015660231932997704,0.0
stochastic_0_40,"(0-40,0-40)",stochastic,augmented_action,Augmented (+action buffer),"(0-40,0-40)",0,40,0,40,918000,18,51840,2,0.6402225474452287,0.24566594496821786,87,-45.48266291245818,-45.01420884951949,0.5227892288788297,0.06692200899124146,0.00890241377055645,0.0
stochastic_0_40,"(0-40,0-40)",stochastic,augmented_action,Augmented (+action buffer),"(0-40,0-40)",0,40,0,40,918000,18,51840,3,0.6402225474452287,0.24566594496821786,89,-62.06411273777485,-60.56557959318161,0.6973495813233129,0.1665036827325821,0.1665036827325821,0.0
stochastic_0_40,"(0-40,0-40)",stochastic,augmented_action,Augmented (+action buffer),"(0-40,0-40)",0,40,0,40,918000,18,51840,4,0.6402225474452287,0.24566594496821786,85,-39.97041900828481,-39.0930454172194,0.47024022362688006,0.17547471821308136,0.016571789979934692,0.0
stochastic_0_40,"(0-40,0-40)",stochastic,augmented_action,Augmented (+action buffer),"(0-40,0-40)",0,40,0,40,918000,18,51840,5,0.6402225474452287,0.24566594496821786,91,-47.29827641509473,-46.17355884425342,0.5197612792867553,0.10224705189466476,0.019937466830015182,0.0
stochastic_0_40,"(0-40,0-40)",stochastic,augmented_action,Augmented (+action buffer),"(0-40,0-40)",0,40,0,40,918000,18,51840,6,0.6402225474452287,0.24566594496821786,88,-49.66323971748352,-48.5979198217392,0.5643549967895855,0.13316498696804047,0.04054172709584236,0.0
stochastic_0_40,"(0-40,0-40)",stochastic,augmented_action,Augmented (+action buffer),"(0-40,0-40)",0,40,0,40,918000,18,51840,7,0.6402225474452287,0.24566594496821786,87,-57.478566989302635,-56.28231255710125,0.6606731837850878,0.17089349031448364,0.057067424058914185,0.0
stochastic_0_40,"(0-40,0-40)",stochastic,augmented_action,Augmented (+action buffer),"(0-40,0-40)",0,40,0,40,919000,19,54720,0,0.6402225474452287,0.24566594496821786,83,-57.52667919546366,-57.304849445819855,0.693092520427273,0.07394324988126755,0.07394324988126755,0.0
stochastic_0_40,"(0-40,0-40)",stochastic,augmented_action,Augmented (+action buffer),"(0-40,0-40)",0,40,0,40,919000,19,54720,1,0.6402225474452287,0.24566594496821786,87,-56.76386323571205,-55.88651306927204,0.6524581981116327,0.12533573806285858,0.12533573806285858,0.0
stochastic_0_40,"(0-40,0-40)",stochastic,augmented_action,Augmented (+action buffer),"(0-40,0-40)",0,40,0,40,919000,19,54720,2,0.6402225474452287,0.24566594496821786,82,-64.0682331211865,-63.710165698081255,0.7813199161120304,0.17903371155261993,0.05832241103053093,0.0
stochastic_0_40,"(0-40,0-40)",stochastic,augmented_action,Augmented (+action buffer),"(0-40,0-40)",0,40,0,40,919000,19,54720,3,0.6402225474452287,0.24566594496821786,83,-59.13313242979348,-58.73007764108479,0.7124473786722105,0.13435159623622894,0.018917609006166458,0.0
stochastic_0_40,"(0-40,0-40)",stochastic,augmented_action,Augmented (+action buffer),"(0-40,0-40)",0,40,0,40,919000,19,54720,4,0.6402225474452287,0.24566594496821786,87,-57.26863078773022,-56.44245606660843,0.658260123996899,0.11802496016025543,0.11802496016025543,0.0
stochastic_0_40,"(0-40,0-40)",stochastic,augmented_action,Augmented (+action buffer),"(0-40,0-40)",0,40,0,40,919000,19,54720,5,0.6402225474452287,0.24566594496821786,86,-66.5549727268517,-66.47192348353565,0.7738950317075779,0.013841540552675724,0.012454390525817871,1.0
stochastic_0_40,"(0-40,0-40)",stochastic,augmented_action,Augmented (+action buffer),"(0-40,0-40)",0,40,0,40,919000,19,54720,6,0.6402225474452287,0.24566594496821786,81,-48.75618876051158,-48.70846628304571,0.601928256302612,0.047722477465867996,0.01537568774074316,1.0
stochastic_0_40,"(0-40,0-40)",stochastic,augmented_action,Augmented (+action buffer),"(0-40,0-40)",0,40,0,40,919000,19,54720,7,0.6402225474452287,0.24566594496821786,94,-52.073399893939495,-51.268978737294674,0.5539723392972287,0.057458654046058655,0.057458654046058655,1.0
stochastic_0_40,"(0-40,0-40)",stochastic,augmented_action,Augmented (+action buffer),"(0-40,0-40)",0,40,0,40,920000,20,57600,0,0.6402225474452287,0.24566594496821786,82,-75.36579519510269,-74.87604826688766,0.9190950633549109,0.24487346410751343,0.24487346410751343,0.0
stochastic_0_40,"(0-40,0-40)",stochastic,augmented_action,Augmented (+action buffer),"(0-40,0-40)",0,40,0,40,920000,20,57600,1,0.6402225474452287,0.24566594496821786,87,-58.746496215462685,-57.98831370472908,0.6752470829363527,0.10831178724765778,0.10831178724765778,0.0
stochastic_0_40,"(0-40,0-40)",stochastic,augmented_action,Augmented (+action buffer),"(0-40,0-40)",0,40,0,40,920000,20,57600,2,0.6402225474452287,0.24566594496821786,85,-41.25603860244155,-40.86954804137349,0.4853651600287241,0.0772981122136116,0.046935807913541794,0.0
stochastic_0_40,"(0-40,0-40)",stochastic,augmented_action,Augmented (+action buffer),"(0-40,0-40)",0,40,0,40,920000,20,57600,3,0.6402225474452287,0.24566594496821786,90,-45.723322777077556,-45.32412603311241,0.5080369197453062,0.03991967439651489,0.021134372800588608,1.0
stochastic_0_40,"(0-40,0-40)",stochastic,augmented_action,Augmented (+action buffer),"(0-40,0-40)",0,40,0,40,920000,20,57600,4,0.6402225474452287,0.24566594496821786,88,-48.21580442041159,-47.41871001571417,0.547906868413768,0.09963680058717728,0.09963680058717728,0.0
stochastic_0_40,"(0-40,0-40)",stochastic,augmented_action,Augmented (+action buffer),"(0-40,0-40)",0,40,0,40,920000,20,57600,5,0.6402225474452287,0.24566594496821786,90,-63.44894856214523,-61.36623680591583,0.7049883173571693,0.20827117562294006,0.11189201474189758,0.0
stochastic_0_40,"(0-40,0-40)",stochastic,augmented_action,Augmented (+action buffer),"(0-40,0-40)",0,40,0,40,920000,20,57600,6,0.6402225474452287,0.24566594496821786,87,-55.88728433102369,-54.67865175753832,0.6423825785175137,0.17266179621219635,0.08250703662633896,0.0
stochastic_0_40,"(0-40,0-40)",stochastic,augmented_action,Augmented (+action buffer),"(0-40,0-40)",0,40,0,40,920000,20,57600,7,0.6402225474452287,0.24566594496821786,89,-66.89975237846375,-65.25468707084656,0.7516826109939747,0.1827850341796875,0.1827850341796875,0.0
stochastic_0_40,"(0-40,0-40)",stochastic,augmented_action,Augmented (+action buffer),"(0-40,0-40)",0,40,0,40,921000,21,60480,0,0.6402225474452287,0.24566594496821786,88,-56.857535192742944,-56.5487339887768,0.646108354462988,0.03860015049576759,0.00988305825740099,1.0
stochastic_0_40,"(0-40,0-40)",stochastic,augmented_action,Augmented (+action buffer),"(0-40,0-40)",0,40,0,40,921000,21,60480,1,0.6402225474452287,0.24566594496821786,82,-56.51086009666324,-56.197097431868315,0.6891568304471126,0.15688133239746094,0.020681243389844894,0.0
stochastic_0_40,"(0-40,0-40)",stochastic,augmented_action,Augmented (+action buffer),"(0-40,0-40)",0,40,0,40,921000,21,60480,2,0.6402225474452287,0.24566594496821786,83,-43.73138939868659,-43.365900221280754,0.52688420962273,0.12182972580194473,0.014945975504815578,0.0
stochastic_0_40,"(0-40,0-40)",stochastic,augmented_action,Augmented (+action buffer),"(0-40,0-40)",0,40,0,40,921000,21,60480,3,0.6402225474452287,0.24566594496821786,86,-51.43372649885714,-51.21973248757422,0.5980665871960132,0.03566566854715347,0.02430611662566662,1.0
stochastic_0_40,"(0-40,0-40)",stochastic,augmented_action,Augmented (+action buffer),"(0-40,0-40)",0,40,0,40,921000,21,60480,4,0.6402225474452287,0.24566594496821786,91,-51.984811782836914,-51.50434160605073,0.5712616679432628,0.04367910698056221,0.04367910698056221,1.0
stochastic_0_40,"(0-40,0-40)",stochastic,augmented_action,Augmented (+action buffer),"(0-40,0-40)",0,40,0,40,921000,21,60480,5,0.6402225474452287,0.24566594496821786,80,-42.44761658459902,-42.44761658459902,0.5305952073074878,0.05241962522268295,0.03270638361573219,1.0
stochastic_0_40,"(0-40,0-40)",stochastic,augmented_action,Augmented (+action buffer),"(0-40,0-40)",0,40,0,40,921000,21,60480,6,0.6402225474452287,0.24566594496821786,87,-54.6388506218791,-53.37900964170694,0.6280327657687252,0.17997728288173676,0.008975459262728691,0.0
stochastic_0_40,"(0-40,0-40)",stochastic,augmented_action,Augmented (+action buffer),"(0-40,0-40)",0,40,0,40,921000,21,60480,7,0.6402225474452287,0.24566594496821786,80,-41.06642164476216,-41.06642164476216,0.513330270559527,0.11794260889291763,0.01411682739853859,0.0
stochastic_0_40,"(0-40,0-40)",stochastic,augmented_action,Augmented (+action buffer),"(0-40,0-40)",0,40,0,40,922000,22,63360,0,0.6402225474452287,0.24566594496821786,92,-48.25100142322481,-47.42450643144548,0.5244674067741827,0.06887458264827728,0.022197794169187546,0.0
stochastic_0_40,"(0-40,0-40)",stochastic,augmented_action,Augmented (+action buffer),"(0-40,0-40)",0,40,0,40,922000,22,63360,1,0.6402225474452287,0.24566594496821786,95,-42.32338968291879,-42.04766577668488,0.44550936508335565,0.018381593748927116,0.018381593748927116,1.0
stochastic_0_40,"(0-40,0-40)",stochastic,augmented_action,Augmented (+action buffer),"(0-40,0-40)",0,40,0,40,922000,22,63360,2,0.6402225474452287,0.24566594496821786,82,-38.87716198898852,-38.69940375722945,0.4741117315730307,0.08887911587953568,0.010114893317222595,0.0
stochastic_0_40,"(0-40,0-40)",stochastic,augmented_action,Augmented (+action buffer),"(0-40,0-40)",0,40,0,40,922000,22,63360,3,0.6402225474452287,0.24566594496821786,91,-57.932437581941485,-57.00649276934564,0.6366201932081482,0.08417680114507675,0.026031145825982094,0.0
stochastic_0_40,"(0-40,0-40)",stochastic,augmented_action,Augmented (+action buffer),"(0-40,0-40)",0,40,0,40,922000,22,63360,4,0.6402225474452287,0.24566594496821786,84,-49.3146597109735,-48.90999433025718,0.587079282273494,0.10116634517908096,0.05127054080367088,0.0
stochastic_0_40,"(0-40,0-40)",stochastic,augmented_action,Augmented (+action buffer),"(0-40,0-40)",0,40,0,40,922000,22,63360,5,0.6402225474452287,0.24566594496821786,85,-53.97638079896569,-53.939312272239476,0.635016244693714,0.0074137053452432156,0.0074137053452432156,1.0
stochastic_0_40,"(0-40,0-40)",stochastic,augmented_action,Augmented (+action buffer),"(0-40,0-40)",0,40,0,40,922000,22,63360,6,0.6402225474452287,0.24566594496821786,87,-62.90912924706936,-62.03055888414383,0.7230934396214869,0.1255100518465042,0.1255100518465042,0.0
stochastic_0_40,"(0-40,0-40)",stochastic,augmented_action,Augmented (+action buffer),"(0-40,0-40)",0,40,0,40,922000,22,63360,7,0.6402225474452287,0.24566594496821786,80,-49.27411071956158,-49.27411071956158,0.6159263839945197,0.11070942878723145,0.11070942878723145,0.0
stochastic_0_40,"(0-40,0-40)",stochastic,augmented_action,Augmented (+action buffer),"(0-40,0-40)",0,40,0,40,923000,23,66240,0,0.6402225474452287,0.24566594496821786,85,-48.50651739537716,-48.125745601952076,0.5706649105338489,0.07615435868501663,0.07615435868501663,0.0
stochastic_0_40,"(0-40,0-40)",stochastic,augmented_action,Augmented (+action buffer),"(0-40,0-40)",0,40,0,40,923000,23,66240,1,0.6402225474452287,0.24566594496821786,95,-41.35688721621409,-39.739703270141035,0.43533565490751674,0.10781226307153702,0.004300000611692667,0.0
stochastic_0_40,"(0-40,0-40)",stochastic,augmented_action,Augmented (+action buffer),"(0-40,0-40)",0,40,0,40,923000,23,66240,2,0.6402225474452287,0.24566594496821786,90,-40.056594151072204,-39.6773810936138,0.4450732683452467,0.03792130574584007,0.009320301003754139,1.0
stochastic_0_40,"(0-40,0-40)",stochastic,augmented_action,Augmented (+action buffer),"(0-40,0-40)",0,40,0,40,923000,23,66240,3,0.6402225474452287,0.24566594496821786,81,-70.29180537164211,-70.07496610283852,0.8678000663165693,0.2168392688035965,0.2168392688035965,0.0
stochastic_0_40,"(0-40,0-40)",stochastic,augmented_action,Augmented (+action buffer),"(0-40,0-40)",0,40,0,40,923000,23,66240,4,0.6402225474452287,0.24566594496821786,85,-63.62468819692731,-61.68190758302808,0.7485257434932625,0.3885561227798462,0.01905107870697975,0.0
stochastic_0_40,"(0-40,0-40)",stochastic,augmented_action,Augmented (+action buffer),"(0-40,0-40)",0,40,0,40,923000,23,66240,5,0.6402225474452287,0.24566594496821786,89,-38.46117362380028,-37.12940172851086,0.4321480182449469,0.1479746550321579,0.004939999431371689,0.0
stochastic_0_40,"(0-40,0-40)",stochastic,augmented_action,Augmented (+action buffer),"(0-40,0-40)",0,40,0,40,923000,23,66240,6,0.6402225474452287,0.24566594496821786,88,-45.2106972374022,-44.854892019182444,0.5137579231522977,0.044475652277469635,0.0355709046125412,1.0
stochastic_0_40,"(0-40,0-40)",stochastic,augmented_action,Augmented (+action buffer),"(0-40,0-40)",0,40,0,40,923000,23,66240,7,0.6402225474452287,0.24566594496821786,86,-73.39217720925808,-72.41830448806286,0.8533974094099777,0.1623121201992035,0.1623121201992035,0.0
stochastic_0_40,"(0-40,0-40)",stochastic,augmented_action,Augmented (+action buffer),"(0-40,0-40)",0,40,0,40,924000,24,69120,0,0.6402225474452287,0.24566594496821786,83,-40.51397956721485,-40.312937742099166,0.48812023574957647,0.0670139417052269,0.010877043940126896,0.0
stochastic_0_40,"(0-40,0-40)",stochastic,augmented_action,Augmented (+action buffer),"(0-40,0-40)",0,40,0,40,924000,24,69120,1,0.6402225474452287,0.24566594496821786,84,-65.73928938060999,-64.6859639659524,0.7826105878644046,0.2633313536643982,0.03827857971191406,0.0
stochastic_0_40,"(0-40,0-40)",stochastic,augmented_action,Augmented (+action buffer),"(0-40,0-40)",0,40,0,40,924000,24,69120,2,0.6402225474452287,0.24566594496821786,85,-57.58317785523832,-56.505549570545554,0.6774491512380979,0.21552565693855286,0.014044664800167084,0.0
stochastic_0_40,"(0-40,0-40)",stochastic,augmented_action,Augmented (+action buffer),"(0-40,0-40)",0,40,0,40,924000,24,69120,3,0.6402225474452287,0.24566594496821786,90,-41.95837617153302,-41.13848693901673,0.4662041796837002,0.08198892325162888,0.0043871416710317135,0.0
stochastic_0_40,"(0-40,0-40)",stochastic,augmented_action,Augmented (+action buffer),"(0-40,0-40)",0,40,0,40,924000,24,69120,4,0.6402225474452287,0.24566594496821786,85,-52.810383193194866,-52.23104031383991,0.6212986258022926,0.11586857587099075,0.11586857587099075,0.0
stochastic_0_40,"(0-40,0-40)",stochastic,augmented_action,Augmented (+action buffer),"(0-40,0-40)",0,40,0,40,924000,24,69120,5,0.6402225474452287,0.24566594496821786,82,-36.81630542856874,-36.782309908245225,0.4489793344947407,0.01699776016175747,0.0007578826625831425,1.0
stochastic_0_40,"(0-40,0-40)",stochastic,augmented_action,Augmented (+action buffer),"(0-40,0-40)",0,40,0,40,924000,24,69120,6,0.6402225474452287,0.24566594496821786,81,-44.72489206120372,-44.668581668287516,0.5521591612494287,0.056310392916202545,0.03391385078430176,1.0
stochastic_0_40,"(0-40,0-40)",stochastic,augmented_action,Augmented (+action buffer),"(0-40,0-40)",0,40,0,40,924000,24,69120,7,0.6402225474452287,0.24566594496821786,87,-38.40213574562222,-38.07703745458275,0.44140385914508296,0.04644261300563812,0.005851720459759235,1.0
stochastic_0_40,"(0-40,0-40)",stochastic,augmented_action,Augmented (+action buffer),"(0-40,0-40)",0,40,0,40,1000000,0,0,0,0.7592573860315994,0.2384058440442351,85,-70.09243612363935,-69.91642142832279,0.8246168955722276,0.03520293906331062,0.030332602560520172,1.0
stochastic_0_40,"(0-40,0-40)",stochastic,augmented_action,Augmented (+action buffer),"(0-40,0-40)",0,40,0,40,1000000,0,0,1,0.7592573860315994,0.2384058440442351,81,-52.55261479597539,-52.53069028351456,0.6487977135305604,0.021924512460827827,0.011876384727656841,1.0
stochastic_0_40,"(0-40,0-40)",stochastic,augmented_action,Augmented (+action buffer),"(0-40,0-40)",0,40,0,40,1000000,0,0,2,0.7592573860315994,0.2384058440442351,84,-57.29302030429244,-56.31455945596099,0.682059765527291,0.24461521208286285,0.05117043852806091,0.0
stochastic_0_40,"(0-40,0-40)",stochastic,augmented_action,Augmented (+action buffer),"(0-40,0-40)",0,40,0,40,1000000,0,0,3,0.7592573860315994,0.2384058440442351,82,-42.51083102449775,-42.40623375400901,0.5184247685914359,0.05229863524436951,0.05229863524436951,1.0
stochastic_0_40,"(0-40,0-40)",stochastic,augmented_action,Augmented (+action buffer),"(0-40,0-40)",0,40,0,40,1000000,0,0,4,0.7592573860315994,0.2384058440442351,90,-76.65389000624418,-75.70486708730459,0.8517098889582687,0.09490229189395905,0.08851489424705505,0.0
stochastic_0_40,"(0-40,0-40)",stochastic,augmented_action,Augmented (+action buffer),"(0-40,0-40)",0,40,0,40,1000000,0,0,5,0.7592573860315994,0.2384058440442351,94,-35.95595689397305,-35.80436506960541,0.38251017972311757,0.0108279874548316,0.0108279874548316,1.0
stochastic_0_40,"(0-40,0-40)",stochastic,augmented_action,Augmented (+action buffer),"(0-40,0-40)",0,40,0,40,1000000,0,0,6,0.7592573860315994,0.2384058440442351,89,-55.67343729455024,-55.12188607174903,0.6255442392646094,0.06128346920013428,0.01191439013928175,0.0
stochastic_0_40,"(0-40,0-40)",stochastic,augmented_action,Augmented (+action buffer),"(0-40,0-40)",0,40,0,40,1000000,0,0,7,0.7592573860315994,0.2384058440442351,83,-53.76726358337328,-53.734884520526975,0.6477983564261841,0.010793020948767662,0.005819336976855993,1.0
stochastic_0_40,"(0-40,0-40)",stochastic,augmented_action,Augmented (+action buffer),"(0-40,0-40)",0,40,0,40,1001000,1,2880,0,0.7921563284250606,0.1693910851174639,85,-60.25192934088409,-59.28059737198055,0.7088462275398129,0.1942663937807083,0.014986995607614517,0.0
stochastic_0_40,"(0-40,0-40)",stochastic,augmented_action,Augmented (+action buffer),"(0-40,0-40)",0,40,0,40,1001000,1,2880,1,0.7921563284250606,0.1693910851174639,86,-39.735204700380564,-38.96301809325814,0.46203726395791356,0.12869776785373688,0.01788133569061756,0.0
stochastic_0_40,"(0-40,0-40)",stochastic,augmented_action,Augmented (+action buffer),"(0-40,0-40)",0,40,0,40,1001000,1,2880,2,0.7921563284250606,0.1693910851174639,89,-33.10664665699005,-32.50515820086002,0.3719847938987646,0.0668320506811142,0.01656056009232998,0.0
stochastic_0_40,"(0-40,0-40)",stochastic,augmented_action,Augmented (+action buffer),"(0-40,0-40)",0,40,0,40,1001000,1,2880,3,0.7921563284250606,0.1693910851174639,84,-59.21818311791867,-57.69030888658017,0.7049783704514128,0.38196855783462524,0.013078737072646618,0.0
stochastic_0_40,"(0-40,0-40)",stochastic,augmented_action,Augmented (+action buffer),"(0-40,0-40)",0,40,0,40,1001000,1,2880,4,0.7921563284250606,0.1693910851174639,87,-62.69218741171062,-61.03628690354526,0.7205998553070186,0.2365572154521942,0.026920249685645103,0.0
stochastic_0_40,"(0-40,0-40)",stochastic,augmented_action,Augmented (+action buffer),"(0-40,0-40)",0,40,0,40,1001000,1,2880,5,0.7921563284250606,0.1693910851174639,85,-50.50330099277198,-50.35316994972527,0.5941564822679057,0.030026208609342575,0.01911958120763302,1.0
stochastic_0_40,"(0-40,0-40)",stochastic,augmented_action,Augmented (+action buffer),"(0-40,0-40)",0,40,0,40,1001000,1,2880,6,0.7921563284250606,0.1693910851174639,89,-54.00752413645387,-52.979232992976904,0.6068261138927401,0.11425457149744034,0.03646457567811012,0.0
stochastic_0_40,"(0-40,0-40)",stochastic,augmented_action,Augmented (+action buffer),"(0-40,0-40)",0,40,0,40,1001000,1,2880,7,0.7921563284250606,0.1693910851174639,93,-62.177262493409216,-56.391037532128394,0.6685727149828948,0.4450942277908325,0.010036013089120388,0.0
stochastic_0_40,"(0-40,0-40)",stochastic,augmented_action,Augmented (+action buffer),"(0-40,0-40)",0,40,0,40,1002000,2,5760,0,0.6995175131171111,0.19418656082548577,85,-53.991099037230015,-53.198574371635914,0.6351894004380002,0.1585049331188202,0.03448310121893883,0.0
stochastic_0_40,"(0-40,0-40)",stochastic,augmented_action,Augmented (+action buffer),"(0-40,0-40)",0,40,0,40,1002000,2,5760,1,0.6995175131171111,0.19418656082548577,87,-65.28562840819359,-63.62066175043583,0.7504095219332596,0.23785237967967987,0.1776125729084015,0.0
stochastic_0_40,"(0-40,0-40)",stochastic,augmented_action,Augmented (+action buffer),"(0-40,0-40)",0,40,0,40,1002000,2,5760,2,0.6995175131171111,0.19418656082548577,85,-58.16791142895818,-58.06333955004811,0.6843283697524492,0.02091437578201294,0.02091437578201294,1.0
stochastic_0_40,"(0-40,0-40)",stochastic,augmented_action,Augmented (+action buffer),"(0-40,0-40)",0,40,0,40,1002000,2,5760,3,0.6995175131171111,0.19418656082548577,88,-43.27511960349511,-43.094765336136334,0.4917627227669899,0.02254428341984749,0.0007030077977105975,1.0
stochastic_0_40,"(0-40,0-40)",stochastic,augmented_action,Augmented (+action buffer),"(0-40,0-40)",0,40,0,40,1002000,2,5760,4,0.6995175131171111,0.19418656082548577,87,-45.050196170806885,-43.63942810893059,0.5178183467908838,0.2015382945537567,0.027109701186418533,0.0
stochastic_0_40,"(0-40,0-40)",stochastic,augmented_action,Augmented (+action buffer),"(0-40,0-40)",0,40,0,40,1002000,2,5760,5,0.6995175131171111,0.19418656082548577,94,-52.57289357855916,-48.33680446818471,0.5592861018995655,0.30257779359817505,0.03640860691666603,0.0
stochastic_0_40,"(0-40,0-40)",stochastic,augmented_action,Augmented (+action buffer),"(0-40,0-40)",0,40,0,40,1002000,2,5760,6,0.6995175131171111,0.19418656082548577,85,-46.406253851018846,-46.203730325214565,0.5459559276590452,0.04050470516085625,0.005370411090552807,1.0
stochastic_0_40,"(0-40,0-40)",stochastic,augmented_action,Augmented (+action buffer),"(0-40,0-40)",0,40,0,40,1002000,2,5760,7,0.6995175131171111,0.19418656082548577,89,-40.21492802537978,-38.47173490561545,0.45185312388067167,0.19368812441825867,0.013026980683207512,0.0
stochastic_0_40,"(0-40,0-40)",stochastic,augmented_action,Augmented (+action buffer),"(0-40,0-40)",0,40,0,40,1003000,3,8640,0,0.6995175131171111,0.19418656082548577,90,-48.750169675797224,-46.6006697230041,0.5416685519533024,0.21494999527931213,0.03262878581881523,0.0
stochastic_0_40,"(0-40,0-40)",stochastic,augmented_action,Augmented (+action buffer),"(0-40,0-40)",0,40,0,40,1003000,3,8640,1,0.6995175131171111,0.19418656082548577,93,-63.70435721985996,-62.155382646247745,0.6849930883855909,0.11915189027786255,0.014558573253452778,0.0
stochastic_0_40,"(0-40,0-40)",stochastic,augmented_action,Augmented (+action buffer),"(0-40,0-40)",0,40,0,40,1003000,3,8640,2,0.6995175131171111,0.19418656082548577,88,-51.056595388799906,-50.33158493414521,0.5801885839636353,0.0906263068318367,0.03217785060405731,0.0
stochastic_0_40,"(0-40,0-40)",stochastic,augmented_action,Augmented (+action buffer),"(0-40,0-40)",0,40,0,40,1003000,3,8640,3,0.6995175131171111,0.19418656082548577,88,-36.16322184400633,-34.982842691708356,0.4109457027727992,0.1475473940372467,0.005583688151091337,0.0
stochastic_0_40,"(0-40,0-40)",stochastic,augmented_action,Augmented (+action buffer),"(0-40,0-40)",0,40,0,40,1003000,3,8640,4,0.6995175131171111,0.19418656082548577,83,-49.97580001037568,-49.63741189520806,0.6021180724141648,0.11279603838920593,0.01139355730265379,0.0
stochastic_0_40,"(0-40,0-40)",stochastic,augmented_action,Augmented (+action buffer),"(0-40,0-40)",0,40,0,40,1003000,3,8640,5,0.6995175131171111,0.19418656082548577,80,-55.56131102703512,-55.56131102703512,0.694516387837939,0.1278851330280304,0.027317257598042488,0.0
stochastic_0_40,"(0-40,0-40)",stochastic,augmented_action,Augmented (+action buffer),"(0-40,0-40)",0,40,0,40,1003000,3,8640,6,0.6995175131171111,0.19418656082548577,83,-74.21481429040432,-73.87061009556055,0.8941543890410159,0.11473473161458969,0.11473473161458969,0.0
stochastic_0_40,"(0-40,0-40)",stochastic,augmented_action,Augmented (+action buffer),"(0-40,0-40)",0,40,0,40,1003000,3,8640,7,0.6995175131171111,0.19418656082548577,84,-55.47295073978603,-54.2027478646487,0.6603922707117384,0.3175507187843323,0.014206726104021072,0.0
stochastic_0_40,"(0-40,0-40)",stochastic,augmented_action,Augmented (+action buffer),"(0-40,0-40)",0,40,0,40,1004000,4,11520,0,0.6995175131171111,0.19418656082548577,87,-40.901020525954664,-40.03239422198385,0.47012667271212255,0.12408947199583054,0.010294794104993343,0.0
stochastic_0_40,"(0-40,0-40)",stochastic,augmented_action,Augmented (+action buffer),"(0-40,0-40)",0,40,0,40,1004000,4,11520,1,0.6995175131171111,0.19418656082548577,88,-49.916809253394604,-49.347104124724865,0.567236468788575,0.07121314108371735,0.015338752418756485,0.0
stochastic_0_40,"(0-40,0-40)",stochastic,augmented_action,Augmented (+action buffer),"(0-40,0-40)",0,40,0,40,1004000,4,11520,2,0.6995175131171111,0.19418656082548577,93,-58.63249789364636,-57.24339445121586,0.6304569665983479,0.10685411095619202,0.008310263976454735,0.0
stochastic_0_40,"(0-40,0-40)",stochastic,augmented_action,Augmented (+action buffer),"(0-40,0-40)",0,40,0,40,1004000,4,11520,3,0.6995175131171111,0.19418656082548577,81,-41.699468296952546,-41.675009180791676,0.5148082505796611,0.0244591161608696,0.014047428034245968,1.0
stochastic_0_40,"(0-40,0-40)",stochastic,augmented_action,Augmented (+action buffer),"(0-40,0-40)",0,40,0,40,1004000,4,11520,4,0.6995175131171111,0.19418656082548577,83,-55.71853060275316,-55.52867526561022,0.6713075976235321,0.06328511238098145,0.023318879306316376,0.0
stochastic_0_40,"(0-40,0-40)",stochastic,augmented_action,Augmented (+action buffer),"(0-40,0-40)",0,40,0,40,1004000,4,11520,5,0.6995175131171111,0.19418656082548577,83,-52.912133648991585,-52.45536369085312,0.6374955861324287,0.15225665271282196,0.041899628937244415,0.0
stochastic_0_40,"(0-40,0-40)",stochastic,augmented_action,Augmented (+action buffer),"(0-40,0-40)",0,40,0,40,1004000,4,11520,6,0.6995175131171111,0.19418656082548577,90,-58.93224332900718,-57.08347488613799,0.6548027036556353,0.18487684428691864,0.005971273873001337,0.0
stochastic_0_40,"(0-40,0-40)",stochastic,augmented_action,Augmented (+action buffer),"(0-40,0-40)",0,40,0,40,1004000,4,11520,7,0.6995175131171111,0.19418656082548577,89,-67.49640375375748,-66.54306365549564,0.7583865590309828,0.10592667758464813,0.10592667758464813,0.0
stochastic_0_40,"(0-40,0-40)",stochastic,augmented_action,Augmented (+action buffer),"(0-40,0-40)",0,40,0,40,1005000,5,14400,0,0.6995175131171111,0.19418656082548577,83,-47.09425490349531,-46.94063203036785,0.5674006614878954,0.05120762437582016,0.032348472625017166,1.0
stochastic_0_40,"(0-40,0-40)",stochastic,augmented_action,Augmented (+action buffer),"(0-40,0-40)",0,40,0,40,1005000,5,14400,1,0.6995175131171111,0.19418656082548577,86,-51.12665251549333,-49.87829244788736,0.5944959594824806,0.20806001126766205,0.012959272600710392,0.0
stochastic_0_40,"(0-40,0-40)",stochastic,augmented_action,Augmented (+action buffer),"(0-40,0-40)",0,40,0,40,1005000,5,14400,2,0.6995175131171111,0.19418656082548577,91,-45.173345593735576,-44.07207894138992,0.4964103911399514,0.10011515021324158,0.008355963975191116,0.0
stochastic_0_40,"(0-40,0-40)",stochastic,augmented_action,Augmented (+action buffer),"(0-40,0-40)",0,40,0,40,1005000,5,14400,3,0.6995175131171111,0.19418656082548577,84,-51.40478863567114,-50.04648604243994,0.6119617694722754,0.3395756483078003,0.0439937599003315,0.0
stochastic_0_40,"(0-40,0-40)",stochastic,augmented_action,Augmented (+action buffer),"(0-40,0-40)",0,40,0,40,1005000,5,14400,4,0.6995175131171111,0.19418656082548577,92,-63.30076019279659,-58.868884010240436,0.6880517412260498,0.3693230152130127,0.005361730232834816,0.0
stochastic_0_40,"(0-40,0-40)",stochastic,augmented_action,Augmented (+action buffer),"(0-40,0-40)",0,40,0,40,1005000,5,14400,5,0.6995175131171111,0.19418656082548577,87,-47.11425087414682,-45.01292899809778,0.5415431134959404,0.3001888394355774,0.010963483713567257,0.0
stochastic_0_40,"(0-40,0-40)",stochastic,augmented_action,Augmented (+action buffer),"(0-40,0-40)",0,40,0,40,1005000,5,14400,6,0.6995175131171111,0.19418656082548577,89,-45.07291832379997,-44.588547920808196,0.5064372845370783,0.05381893366575241,0.010928751900792122,1.0
stochastic_0_40,"(0-40,0-40)",stochastic,augmented_action,Augmented (+action buffer),"(0-40,0-40)",0,40,0,40,1005000,5,14400,7,0.6995175131171111,0.19418656082548577,83,-75.19960477948189,-74.81730765104294,0.9060193346925529,0.12743237614631653,0.12743237614631653,0.0
stochastic_0_40,"(0-40,0-40)",stochastic,augmented_action,Augmented (+action buffer),"(0-40,0-40)",0,40,0,40,1006000,6,17280,0,0.6995175131171111,0.19418656082548577,85,-71.36467274837196,-70.01915898732841,0.8395843852749643,0.2691027522087097,0.018495259806513786,0.0
stochastic_0_40,"(0-40,0-40)",stochastic,augmented_action,Augmented (+action buffer),"(0-40,0-40)",0,40,0,40,1006000,6,17280,1,0.6995175131171111,0.19418656082548577,85,-40.220771476626396,-39.775617092847824,0.47318554678383995,0.08903087675571442,0.047530218958854675,0.0
stochastic_0_40,"(0-40,0-40)",stochastic,augmented_action,Augmented (+action buffer),"(0-40,0-40)",0,40,0,40,1006000,6,17280,2,0.6995175131171111,0.19418656082548577,97,-40.25712371151894,-38.551109115593135,0.415021893933185,0.10035379976034164,0.010492653585970402,0.0
stochastic_0_40,"(0-40,0-40)",stochastic,augmented_action,Augmented (+action buffer),"(0-40,0-40)",0,40,0,40,1006000,6,17280,3,0.6995175131171111,0.19418656082548577,83,-50.768176425248384,-50.51074555888772,0.6116647762078119,0.08581028878688812,0.04616047814488411,0.0
stochastic_0_40,"(0-40,0-40)",stochastic,augmented_action,Augmented (+action buffer),"(0-40,0-40)",0,40,0,40,1006000,6,17280,4,0.6995175131171111,0.19418656082548577,87,-52.21056970395148,-51.379165077582,0.600121490850017,0.11877208948135376,0.016135575249791145,0.0
stochastic_0_40,"(0-40,0-40)",stochastic,augmented_action,Augmented (+action buffer),"(0-40,0-40)",0,40,0,40,1006000,6,17280,5,0.6995175131171111,0.19418656082548577,82,-37.60391968861222,-37.53346282616258,0.4585843864464905,0.035228431224823,0.008596507832407951,1.0
stochastic_0_40,"(0-40,0-40)",stochastic,augmented_action,Augmented (+action buffer),"(0-40,0-40)",0,40,0,40,1006000,6,17280,6,0.6995175131171111,0.19418656082548577,100,-54.474720645695925,-52.57029427960515,0.5447472064569593,0.09522131830453873,0.04140299931168556,0.0
stochastic_0_40,"(0-40,0-40)",stochastic,augmented_action,Augmented (+action buffer),"(0-40,0-40)",0,40,0,40,1006000,6,17280,7,0.6995175131171111,0.19418656082548577,88,-48.16519399918616,-46.798774564638734,0.5473317499907518,0.17080242931842804,0.019492413848638535,0.0
stochastic_0_40,"(0-40,0-40)",stochastic,augmented_action,Augmented (+action buffer),"(0-40,0-40)",0,40,0,40,1007000,7,20160,0,0.6995175131171111,0.19418656082548577,94,-41.19669511169195,-40.72225506603718,0.4382627139541697,0.033888574689626694,0.020119894295930862,1.0
stochastic_0_40,"(0-40,0-40)",stochastic,augmented_action,Augmented (+action buffer),"(0-40,0-40)",0,40,0,40,1007000,7,20160,1,0.6995175131171111,0.19418656082548577,91,-30.651273711118847,-30.221936041954905,0.33682718363866865,0.03903069719672203,0.005131167825311422,1.0
stochastic_0_40,"(0-40,0-40)",stochastic,augmented_action,Augmented (+action buffer),"(0-40,0-40)",0,40,0,40,1007000,7,20160,2,0.6995175131171111,0.19418656082548577,88,-46.82816765457392,-46.462565161287785,0.5321382688019763,0.0457003116607666,0.009568057022988796,1.0
stochastic_0_40,"(0-40,0-40)",stochastic,augmented_action,Augmented (+action buffer),"(0-40,0-40)",0,40,0,40,1007000,7,20160,3,0.6995175131171111,0.19418656082548577,83,-43.79833710938692,-43.76434014644474,0.5276908085468304,0.011332320980727673,0.006006430834531784,1.0
stochastic_0_40,"(0-40,0-40)",stochastic,augmented_action,Augmented (+action buffer),"(0-40,0-40)",0,40,0,40,1007000,7,20160,4,0.6995175131171111,0.19418656082548577,85,-44.19699892774224,-43.92176425457001,0.5199646932675558,0.0550469346344471,0.05195475369691849,1.0
stochastic_0_40,"(0-40,0-40)",stochastic,augmented_action,Augmented (+action buffer),"(0-40,0-40)",0,40,0,40,1007000,7,20160,5,0.6995175131171111,0.19418656082548577,87,-50.05690037459135,-49.6093522682786,0.5753666709723144,0.06393544375896454,0.030606985092163086,0.0
stochastic_0_40,"(0-40,0-40)",stochastic,augmented_action,Augmented (+action buffer),"(0-40,0-40)",0,40,0,40,1007000,7,20160,6,0.6995175131171111,0.19418656082548577,86,-60.87006149068475,-58.85220364108682,0.7077914126823808,0.33630964159965515,0.023517373949289322,0.0
stochastic_0_40,"(0-40,0-40)",stochastic,augmented_action,Augmented (+action buffer),"(0-40,0-40)",0,40,0,40,1007000,7,20160,7,0.6995175131171111,0.19418656082548577,99,-33.00842672307044,-32.257248965092,0.3334184517481863,0.03953567147254944,0.01334742084145546,1.0
stochastic_0_40,"(0-40,0-40)",stochastic,augmented_action,Augmented (+action buffer),"(0-40,0-40)",0,40,0,40,1008000,8,23040,0,0.6995175131171111,0.19418656082548577,84,-60.999541364610195,-60.74404378980398,0.7261850162453595,0.06387439370155334,0.06387439370155334,0.0
stochastic_0_40,"(0-40,0-40)",stochastic,augmented_action,Augmented (+action buffer),"(0-40,0-40)",0,40,0,40,1008000,8,23040,1,0.6995175131171111,0.19418656082548577,83,-43.89547207951546,-43.73756177350879,0.5288611093917525,0.05263676866889,0.016701728105545044,1.0
stochastic_0_40,"(0-40,0-40)",stochastic,augmented_action,Augmented (+action buffer),"(0-40,0-40)",0,40,0,40,1008000,8,23040,2,0.6995175131171111,0.19418656082548577,88,-48.03579681366682,-47.39386086910963,0.5458613274280321,0.08024199306964874,0.08024199306964874,0.0
stochastic_0_40,"(0-40,0-40)",stochastic,augmented_action,Augmented (+action buffer),"(0-40,0-40)",0,40,0,40,1008000,8,23040,3,0.6995175131171111,0.19418656082548577,87,-55.00329868774861,-54.10997237544507,0.6322218239971105,0.12761804461479187,0.006882178597152233,0.0
stochastic_0_40,"(0-40,0-40)",stochastic,augmented_action,Augmented (+action buffer),"(0-40,0-40)",0,40,0,40,1008000,8,23040,4,0.6995175131171111,0.19418656082548577,90,-60.02350868284702,-55.71322621405125,0.6669278742538558,0.43102824687957764,0.020218657329678535,0.0
stochastic_0_40,"(0-40,0-40)",stochastic,augmented_action,Augmented (+action buffer),"(0-40,0-40)",0,40,0,40,1008000,8,23040,5,0.6995175131171111,0.19418656082548577,86,-36.62420780584216,-36.16688209399581,0.42586288146328094,0.07622095197439194,0.0202370285987854,0.0
stochastic_0_40,"(0-40,0-40)",stochastic,augmented_action,Augmented (+action buffer),"(0-40,0-40)",0,40,0,40,1008000,8,23040,6,0.6995175131171111,0.19418656082548577,81,-50.41867102496326,-50.34219275228679,0.6224527287032501,0.0764782726764679,0.013227811083197594,0.0
stochastic_0_40,"(0-40,0-40)",stochastic,augmented_action,Augmented (+action buffer),"(0-40,0-40)",0,40,0,40,1008000,8,23040,7,0.6995175131171111,0.19418656082548577,82,-50.55717995762825,-50.40508058667183,0.6165509750930275,0.07604968547821045,0.07604968547821045,0.0
stochastic_0_40,"(0-40,0-40)",stochastic,augmented_action,Augmented (+action buffer),"(0-40,0-40)",0,40,0,40,1009000,9,25920,0,0.6995175131171111,0.19418656082548577,91,-51.87251104414463,-50.64529627561569,0.5700275938916992,0.11156497895717621,0.0058088768273591995,0.0
stochastic_0_40,"(0-40,0-40)",stochastic,augmented_action,Augmented (+action buffer),"(0-40,0-40)",0,40,0,40,1009000,9,25920,1,0.6995175131171111,0.19418656082548577,95,-41.57174124568701,-38.761711560189724,0.4375972762703896,0.1873353123664856,0.02077559381723404,0.0
stochastic_0_40,"(0-40,0-40)",stochastic,augmented_action,Augmented (+action buffer),"(0-40,0-40)",0,40,0,40,1009000,9,25920,2,0.6995175131171111,0.19418656082548577,83,-50.15608589351177,-49.88032300025225,0.6042901914880936,0.09192096441984177,0.04207640141248703,0.0
stochastic_0_40,"(0-40,0-40)",stochastic,augmented_action,Augmented (+action buffer),"(0-40,0-40)",0,40,0,40,1009000,9,25920,3,0.6995175131171111,0.19418656082548577,83,-37.37720176298171,-37.16828676033765,0.450327732084117,0.06963833421468735,0.006259656511247158,0.0
stochastic_0_40,"(0-40,0-40)",stochastic,augmented_action,Augmented (+action buffer),"(0-40,0-40)",0,40,0,40,1009000,9,25920,4,0.6995175131171111,0.19418656082548577,82,-36.912334056571126,-36.70299746282399,0.4501504153240381,0.10466829687356949,0.02748926915228367,0.0
stochastic_0_40,"(0-40,0-40)",stochastic,augmented_action,Augmented (+action buffer),"(0-40,0-40)",0,40,0,40,1009000,9,25920,5,0.6995175131171111,0.19418656082548577,85,-48.04493445716798,-47.70928859524429,0.5652345230255057,0.06712917238473892,0.019618920981884003,0.0
stochastic_0_40,"(0-40,0-40)",stochastic,augmented_action,Augmented (+action buffer),"(0-40,0-40)",0,40,0,40,1009000,9,25920,6,0.6995175131171111,0.19418656082548577,82,-35.24589893873781,-34.96403885539621,0.42982803583826595,0.14093004167079926,0.009638934396207333,0.0
stochastic_0_40,"(0-40,0-40)",stochastic,augmented_action,Augmented (+action buffer),"(0-40,0-40)",0,40,0,40,1009000,9,25920,7,0.6995175131171111,0.19418656082548577,84,-42.433398556895554,-42.12171540874988,0.505159506629709,0.07792078703641891,0.014218716882169247,0.0
stochastic_0_40,"(0-40,0-40)",stochastic,augmented_action,Augmented (+action buffer),"(0-40,0-40)",0,40,0,40,1010000,10,28800,0,0.6995175131171111,0.19418656082548577,81,-56.722335438244045,-56.44606779050082,0.7002757461511611,0.2762676477432251,0.0066944388672709465,0.0
stochastic_0_40,"(0-40,0-40)",stochastic,augmented_action,Augmented (+action buffer),"(0-40,0-40)",0,40,0,40,1010000,10,28800,1,0.6995175131171111,0.19418656082548577,85,-43.226227269507945,-42.98052727524191,0.5085438502295052,0.049139998853206635,0.007245739921927452,1.0
stochastic_0_40,"(0-40,0-40)",stochastic,augmented_action,Augmented (+action buffer),"(0-40,0-40)",0,40,0,40,1010000,10,28800,2,0.6995175131171111,0.19418656082548577,87,-53.01412034034729,-51.319418251514435,0.6093577050614631,0.2421002984046936,0.017110278829932213,0.0
stochastic_0_40,"(0-40,0-40)",stochastic,augmented_action,Augmented (+action buffer),"(0-40,0-40)",0,40,0,40,1010000,10,28800,3,0.6995175131171111,0.19418656082548577,93,-43.41829563071951,-42.99496548017487,0.46686339387870446,0.03256385773420334,0.00248274439945817,1.0
stochastic_0_40,"(0-40,0-40)",stochastic,augmented_action,Augmented (+action buffer),"(0-40,0-40)",0,40,0,40,1010000,10,28800,4,0.6995175131171111,0.19418656082548577,87,-47.41023226082325,-47.003694016486406,0.5449451984002672,0.0580768920481205,0.0580768920481205,1.0
stochastic_0_40,"(0-40,0-40)",stochastic,augmented_action,Augmented (+action buffer),"(0-40,0-40)",0,40,0,40,1010000,10,28800,5,0.6995175131171111,0.19418656082548577,84,-36.924417328089476,-36.5585786215961,0.43957639676296995,0.09145967662334442,0.007843350991606712,0.0
stochastic_0_40,"(0-40,0-40)",stochastic,augmented_action,Augmented (+action buffer),"(0-40,0-40)",0,40,0,40,1010000,10,28800,6,0.6995175131171111,0.19418656082548577,88,-56.8385007083416,-55.74262508749962,0.6458920535038818,0.1369844526052475,0.1369844526052475,0.0
stochastic_0_40,"(0-40,0-40)",stochastic,augmented_action,Augmented (+action buffer),"(0-40,0-40)",0,40,0,40,1010000,10,28800,7,0.6995175131171111,0.19418656082548577,87,-45.128812700510025,-44.88101103529334,0.5187219850633337,0.03540023788809776,0.03540023788809776,1.0
stochastic_0_40,"(0-40,0-40)",stochastic,augmented_action,Augmented (+action buffer),"(0-40,0-40)",0,40,0,40,1011000,11,31680,0,0.6995175131171111,0.19418656082548577,82,-44.23782793432474,-44.17824063450098,0.5394857065161553,0.029793649911880493,0.02754804864525795,1.0
stochastic_0_40,"(0-40,0-40)",stochastic,augmented_action,Augmented (+action buffer),"(0-40,0-40)",0,40,0,40,1011000,11,31680,1,0.6995175131171111,0.19418656082548577,82,-38.392476631328464,-38.197080774232745,0.4682009345283959,0.09769792854785919,0.014672776684165001,0.0
stochastic_0_40,"(0-40,0-40)",stochastic,augmented_action,Augmented (+action buffer),"(0-40,0-40)",0,40,0,40,1011000,11,31680,2,0.6995175131171111,0.19418656082548577,91,-42.5236677788198,-41.99652782455087,0.4672930525145033,0.047921814024448395,0.047921814024448395,1.0
stochastic_0_40,"(0-40,0-40)",stochastic,augmented_action,Augmented (+action buffer),"(0-40,0-40)",0,40,0,40,1011000,11,31680,3,0.6995175131171111,0.19418656082548577,89,-47.844292514026165,-46.42966463416815,0.5375763203823165,0.15718087553977966,0.06384604424238205,0.0
stochastic_0_40,"(0-40,0-40)",stochastic,augmented_action,Augmented (+action buffer),"(0-40,0-40)",0,40,0,40,1011000,11,31680,4,0.6995175131171111,0.19418656082548577,81,-56.371802769601345,-56.1358584985137,0.6959481823407574,0.23594427108764648,0.02849680557847023,0.0
stochastic_0_40,"(0-40,0-40)",stochastic,augmented_action,Augmented (+action buffer),"(0-40,0-40)",0,40,0,40,1011000,11,31680,5,0.6995175131171111,0.19418656082548577,86,-56.5290882140398,-55.830997318029404,0.657314979233021,0.11634848266839981,0.10760197043418884,0.0
stochastic_0_40,"(0-40,0-40)",stochastic,augmented_action,Augmented (+action buffer),"(0-40,0-40)",0,40,0,40,1011000,11,31680,6,0.6995175131171111,0.19418656082548577,84,-37.58238695189357,-37.50545344129205,0.4474093684749234,0.019233377650380135,0.006825985386967659,1.0
stochastic_0_40,"(0-40,0-40)",stochastic,augmented_action,Augmented (+action buffer),"(0-40,0-40)",0,40,0,40,1011000,11,31680,7,0.6995175131171111,0.19418656082548577,85,-45.49173053354025,-44.8475419357419,0.5351968298063559,0.1288377195596695,0.043404508382081985,0.0
stochastic_0_40,"(0-40,0-40)",stochastic,augmented_action,Augmented (+action buffer),"(0-40,0-40)",0,40,0,40,1012000,12,34560,0,0.6995175131171111,0.19418656082548577,87,-56.79152539931238,-54.95293817482889,0.6527761540150848,0.2626553177833557,0.015819819644093513,0.0
stochastic_0_40,"(0-40,0-40)",stochastic,augmented_action,Augmented (+action buffer),"(0-40,0-40)",0,40,0,40,1012000,12,34560,1,0.6995175131171111,0.19418656082548577,84,-53.79676819220185,-52.86475682631135,0.6404377165738315,0.23300284147262573,0.012086115777492523,0.0
stochastic_0_40,"(0-40,0-40)",stochastic,augmented_action,Augmented (+action buffer),"(0-40,0-40)",0,40,0,40,1012000,12,34560,2,0.6995175131171111,0.19418656082548577,83,-39.47565786447376,-39.40806913096458,0.4756103357165513,0.02252957783639431,0.015076073817908764,1.0
stochastic_0_40,"(0-40,0-40)",stochastic,augmented_action,Augmented (+action buffer),"(0-40,0-40)",0,40,0,40,1012000,12,34560,3,0.6995175131171111,0.19418656082548577,82,-58.65975674241781,-58.034919522702694,0.7153628871026563,0.3124186098575592,0.036684099584817886,0.0
stochastic_0_40,"(0-40,0-40)",stochastic,augmented_action,Augmented (+action buffer),"(0-40,0-40)",0,40,0,40,1012000,12,34560,4,0.6995175131171111,0.19418656082548577,88,-39.9730326756835,-39.21251484006643,0.45423900767822156,0.09506472945213318,0.09506472945213318,0.0
stochastic_0_40,"(0-40,0-40)",stochastic,augmented_action,Augmented (+action buffer),"(0-40,0-40)",0,40,0,40,1012000,12,34560,5,0.6995175131171111,0.19418656082548577,82,-51.25122087262571,-51.21023630537093,0.6250148886905574,0.02049228362739086,0.010976312682032585,1.0
stochastic_0_40,"(0-40,0-40)",stochastic,augmented_action,Augmented (+action buffer),"(0-40,0-40)",0,40,0,40,1012000,12,34560,6,0.6995175131171111,0.19418656082548577,94,-25.363823240622878,-24.843682466074824,0.269827906815137,0.037152912467718124,0.003369806334376335,1.0
stochastic_0_40,"(0-40,0-40)",stochastic,augmented_action,Augmented (+action buffer),"(0-40,0-40)",0,40,0,40,1012000,12,34560,7,0.6995175131171111,0.19418656082548577,88,-41.53657398093492,-41.446419772692025,0.4720065225106241,0.011269276030361652,0.011269276030361652,1.0
stochastic_0_40,"(0-40,0-40)",stochastic,augmented_action,Augmented (+action buffer),"(0-40,0-40)",0,40,0,40,1013000,13,37440,0,0.6995175131171111,0.19418656082548577,88,-41.5649460144341,-40.135041911154985,0.47232893198220566,0.17873801290988922,0.02032698504626751,0.0
stochastic_0_40,"(0-40,0-40)",stochastic,augmented_action,Augmented (+action buffer),"(0-40,0-40)",0,40,0,40,1013000,13,37440,1,0.6995175131171111,0.19418656082548577,82,-48.689252469688654,-48.072069738060236,0.5937713715815689,0.308591365814209,0.018171407282352448,0.0
stochastic_0_40,"(0-40,0-40)",stochastic,augmented_action,Augmented (+action buffer),"(0-40,0-40)",0,40,0,40,1013000,13,37440,2,0.6995175131171111,0.19418656082548577,89,-64.75214523822069,-59.78479016572237,0.7275521936878729,0.5519283413887024,0.016065098345279694,0.0
stochastic_0_40,"(0-40,0-40)",stochastic,augmented_action,Augmented (+action buffer),"(0-40,0-40)",0,40,0,40,1013000,13,37440,3,0.6995175131171111,0.19418656082548577,89,-37.91679108887911,-37.531241446733475,0.4260313605492035,0.04283884912729263,0.04283884912729263,1.0
stochastic_0_40,"(0-40,0-40)",stochastic,augmented_action,Augmented (+action buffer),"(0-40,0-40)",0,40,0,40,1013000,13,37440,4,0.6995175131171111,0.19418656082548577,84,-45.658299531787634,-45.57435016706586,0.5435511849022338,0.020987341180443764,0.01943022757768631,1.0
stochastic_0_40,"(0-40,0-40)",stochastic,augmented_action,Augmented (+action buffer),"(0-40,0-40)",0,40,0,40,1013000,13,37440,5,0.6995175131171111,0.19418656082548577,85,-38.5999793773517,-37.865234858356416,0.45411740443943177,0.146948903799057,0.008577764965593815,0.0
stochastic_0_40,"(0-40,0-40)",stochastic,augmented_action,Augmented (+action buffer),"(0-40,0-40)",0,40,0,40,1013000,13,37440,6,0.6995175131171111,0.19418656082548577,91,-46.56044291704893,-46.11928906291723,0.5116532188686695,0.04010489583015442,0.04010489583015442,1.0
stochastic_0_40,"(0-40,0-40)",stochastic,augmented_action,Augmented (+action buffer),"(0-40,0-40)",0,40,0,40,1013000,13,37440,7,0.6995175131171111,0.19418656082548577,85,-47.6070493850857,-46.06488276459277,0.5600829339421848,0.30843332409858704,0.01331980898976326,0.0
stochastic_0_40,"(0-40,0-40)",stochastic,augmented_action,Augmented (+action buffer),"(0-40,0-40)",0,40,0,40,1014000,14,40320,0,0.6995175131171111,0.19418656082548577,83,-54.061749909073114,-53.92409548908472,0.651346384446664,0.04588480666279793,0.017905984073877335,1.0
stochastic_0_40,"(0-40,0-40)",stochastic,augmented_action,Augmented (+action buffer),"(0-40,0-40)",0,40,0,40,1014000,14,40320,1,0.6995175131171111,0.19418656082548577,86,-47.411660239100456,-46.98110793530941,0.5512983748732612,0.07175871729850769,0.03698668256402016,0.0
stochastic_0_40,"(0-40,0-40)",stochastic,augmented_action,Augmented (+action buffer),"(0-40,0-40)",0,40,0,40,1014000,14,40320,2,0.6995175131171111,0.19418656082548577,91,-60.03668416291475,-58.80164755880833,0.6597437820100522,0.11227605491876602,0.11227605491876602,0.0
stochastic_0_40,"(0-40,0-40)",stochastic,augmented_action,Augmented (+action buffer),"(0-40,0-40)",0,40,0,40,1014000,14,40320,3,0.6995175131171111,0.19418656082548577,89,-53.00511942058802,-52.14387632161379,0.5955631395571688,0.0956936776638031,0.03395061567425728,0.0
stochastic_0_40,"(0-40,0-40)",stochastic,augmented_action,Augmented (+action buffer),"(0-40,0-40)",0,40,0,40,1014000,14,40320,4,0.6995175131171111,0.19418656082548577,86,-43.731660198420286,-43.104235004633665,0.5085076767258173,0.10457086563110352,0.023723052814602852,0.0
stochastic_0_40,"(0-40,0-40)",stochastic,augmented_action,Augmented (+action buffer),"(0-40,0-40)",0,40,0,40,1014000,14,40320,5,0.6995175131171111,0.19418656082548577,84,-56.55480531603098,-55.48950294405222,0.6732714918575117,0.26632559299468994,0.03303178772330284,0.0
stochastic_0_40,"(0-40,0-40)",stochastic,augmented_action,Augmented (+action buffer),"(0-40,0-40)",0,40,0,40,1014000,14,40320,6,0.6995175131171111,0.19418656082548577,83,-47.22605727240443,-47.137712839990854,0.568988641836198,0.029448144137859344,0.029448144137859344,1.0
stochastic_0_40,"(0-40,0-40)",stochastic,augmented_action,Augmented (+action buffer),"(0-40,0-40)",0,40,0,40,1014000,14,40320,7,0.6995175131171111,0.19418656082548577,90,-34.515772552229464,-33.534267709590495,0.3835085839136607,0.09815048426389694,0.010972991585731506,0.0
stochastic_0_40,"(0-40,0-40)",stochastic,augmented_action,Augmented (+action buffer),"(0-40,0-40)",0,40,0,40,1015000,15,43200,0,0.6995175131171111,0.19418656082548577,94,-71.7129986397922,-69.32821087166667,0.7629042408488532,0.17034198343753815,0.05010628327727318,0.0
stochastic_0_40,"(0-40,0-40)",stochastic,augmented_action,Augmented (+action buffer),"(0-40,0-40)",0,40,0,40,1015000,15,43200,1,0.6995175131171111,0.19418656082548577,95,-66.68575626425445,-61.38564151339233,0.7019553290974153,0.3533409833908081,0.017014414072036743,0.0
stochastic_0_40,"(0-40,0-40)",stochastic,augmented_action,Augmented (+action buffer),"(0-40,0-40)",0,40,0,40,1015000,15,43200,2,0.6995175131171111,0.19418656082548577,81,-51.3923565633595,-51.293265018612146,0.6344735378192531,0.0990915447473526,0.03297564759850502,0.0
stochastic_0_40,"(0-40,0-40)",stochastic,augmented_action,Augmented (+action buffer),"(0-40,0-40)",0,40,0,40,1015000,15,43200,3,0.6995175131171111,0.19418656082548577,95,-42.55206611379981,-41.813641622662544,0.44791648540841905,0.04922829940915108,0.010304184630513191,1.0
stochastic_0_40,"(0-40,0-40)",stochastic,augmented_action,Augmented (+action buffer),"(0-40,0-40)",0,40,0,40,1015000,15,43200,4,0.6995175131171111,0.19418656082548577,80,-62.24732148833573,-62.24732148833573,0.7780915186041966,0.1545926332473755,0.016706258058547974,0.0
stochastic_0_40,"(0-40,0-40)",stochastic,augmented_action,Augmented (+action buffer),"(0-40,0-40)",0,40,0,40,1015000,15,43200,5,0.6995175131171111,0.19418656082548577,86,-40.058310533408076,-39.981413919944316,0.46579430852800086,0.012816102243959904,0.007185291964560747,1.0
stochastic_0_40,"(0-40,0-40)",stochastic,augmented_action,Augmented (+action buffer),"(0-40,0-40)",0,40,0,40,1015000,15,43200,6,0.6995175131171111,0.19418656082548577,90,-62.72105794027448,-55.850593853741884,0.6969006437808275,0.6870464086532593,0.014428837224841118,0.0
stochastic_0_40,"(0-40,0-40)",stochastic,augmented_action,Augmented (+action buffer),"(0-40,0-40)",0,40,0,40,1015000,15,43200,7,0.6995175131171111,0.19418656082548577,83,-46.48401392996311,-46.25292559713125,0.5600483606019652,0.07702944427728653,0.07702944427728653,0.0
stochastic_0_40,"(0-40,0-40)",stochastic,augmented_action,Augmented (+action buffer),"(0-40,0-40)",0,40,0,40,1016000,16,46080,0,0.6501639339535211,0.17539028830410394,91,-48.97163452580571,-47.98633509501815,0.5381498299539089,0.08957267552614212,0.005763530731201172,0.0
stochastic_0_40,"(0-40,0-40)",stochastic,augmented_action,Augmented (+action buffer),"(0-40,0-40)",0,40,0,40,1016000,16,46080,1,0.6501639339535211,0.17539028830410394,92,-45.540514163672924,-45.03173916786909,0.49500558873557526,0.042397916316986084,0.042397916316986084,1.0
stochastic_0_40,"(0-40,0-40)",stochastic,augmented_action,Augmented (+action buffer),"(0-40,0-40)",0,40,0,40,1016000,16,46080,2,0.6501639339535211,0.17539028830410394,92,-53.60704283416271,-53.31281179189682,0.5826852481974207,0.02451925352215767,0.01918516866862774,1.0
stochastic_0_40,"(0-40,0-40)",stochastic,augmented_action,Augmented (+action buffer),"(0-40,0-40)",0,40,0,40,1016000,16,46080,3,0.6501639339535211,0.17539028830410394,98,-43.81461023539305,-42.588601998984814,0.447087859544827,0.06811156868934631,0.03012031316757202,0.0
stochastic_0_40,"(0-40,0-40)",stochastic,augmented_action,Augmented (+action buffer),"(0-40,0-40)",0,40,0,40,1016000,16,46080,4,0.6501639339535211,0.17539028830410394,85,-44.45362638682127,-44.37723563052714,0.5229838398449561,0.015278151258826256,0.00872284546494484,1.0
stochastic_0_40,"(0-40,0-40)",stochastic,augmented_action,Augmented (+action buffer),"(0-40,0-40)",0,40,0,40,1016000,16,46080,5,0.6501639339535211,0.17539028830410394,89,-45.22306831809692,-44.11820346000604,0.5081243631246845,0.1227627620100975,0.003234192030504346,0.0
stochastic_0_40,"(0-40,0-40)",stochastic,augmented_action,Augmented (+action buffer),"(0-40,0-40)",0,40,0,40,1016000,16,46080,6,0.6501639339535211,0.17539028830410394,86,-25.67277130181901,-25.512891527963802,0.2985205965327792,0.026646628975868225,0.0028287118766456842,1.0
stochastic_0_40,"(0-40,0-40)",stochastic,augmented_action,Augmented (+action buffer),"(0-40,0-40)",0,40,0,40,1016000,16,46080,7,0.6501639339535211,0.17539028830410394,89,-43.56414717808366,-42.05513075366616,0.489484799753749,0.16766849160194397,0.007222093641757965,0.0
stochastic_0_40,"(0-40,0-40)",stochastic,augmented_action,Augmented (+action buffer),"(0-40,0-40)",0,40,0,40,1017000,17,48960,0,0.6501639339535211,0.17539028830410394,89,-57.59678110666573,-56.56423141993582,0.6471548438951206,0.11472774296998978,0.012244575656950474,0.0
stochastic_0_40,"(0-40,0-40)",stochastic,augmented_action,Augmented (+action buffer),"(0-40,0-40)",0,40,0,40,1017000,17,48960,1,0.6501639339535211,0.17539028830410394,85,-50.54205214465037,-49.61925012851134,0.5946123781723573,0.1845604032278061,0.006854113657027483,0.0
stochastic_0_40,"(0-40,0-40)",stochastic,augmented_action,Augmented (+action buffer),"(0-40,0-40)",0,40,0,40,1017000,17,48960,2,0.6501639339535211,0.17539028830410394,85,-60.18917275965214,-59.71717192232609,0.7081079148194369,0.09440016746520996,0.09440016746520996,0.0
stochastic_0_40,"(0-40,0-40)",stochastic,augmented_action,Augmented (+action buffer),"(0-40,0-40)",0,40,0,40,1017000,17,48960,3,0.6501639339535211,0.17539028830410394,90,-44.75913201086223,-43.600759921595454,0.49732368900958035,0.1158372089266777,0.01858057640492916,0.0
stochastic_0_40,"(0-40,0-40)",stochastic,augmented_action,Augmented (+action buffer),"(0-40,0-40)",0,40,0,40,1017000,17,48960,4,0.6501639339535211,0.17539028830410394,82,-39.89607924874872,-39.59709123428911,0.48653755181400876,0.149494007229805,0.009134984575212002,0.0
stochastic_0_40,"(0-40,0-40)",stochastic,augmented_action,Augmented (+action buffer),"(0-40,0-40)",0,40,0,40,1017000,17,48960,5,0.6501639339535211,0.17539028830410394,83,-51.768833400681615,-51.143449099734426,0.6237208843455616,0.2084614336490631,0.00961114652454853,0.0
stochastic_0_40,"(0-40,0-40)",stochastic,augmented_action,Augmented (+action buffer),"(0-40,0-40)",0,40,0,40,1017000,17,48960,6,0.6501639339535211,0.17539028830410394,84,-33.78379205800593,-33.641752833500504,0.4021880006905468,0.035509806126356125,0.018168414011597633,1.0
stochastic_0_40,"(0-40,0-40)",stochastic,augmented_action,Augmented (+action buffer),"(0-40,0-40)",0,40,0,40,1017000,17,48960,7,0.6501639339535211,0.17539028830410394,82,-39.07481556199491,-38.89156783185899,0.47652214099993795,0.09162386506795883,0.01654875837266445,0.0
stochastic_0_40,"(0-40,0-40)",stochastic,augmented_action,Augmented (+action buffer),"(0-40,0-40)",0,40,0,40,1018000,18,51840,0,0.6501639339535211,0.17539028830410394,83,-61.11816093605012,-60.96147699188441,0.7363633847716882,0.05222798138856888,0.015491238795220852,1.0
stochastic_0_40,"(0-40,0-40)",stochastic,augmented_action,Augmented (+action buffer),"(0-40,0-40)",0,40,0,40,1018000,18,51840,1,0.6501639339535211,0.17539028830410394,82,-52.62627709284425,-52.45225404575467,0.6417838669859055,0.08701152354478836,0.016077009961009026,0.0
stochastic_0_40,"(0-40,0-40)",stochastic,augmented_action,Augmented (+action buffer),"(0-40,0-40)",0,40,0,40,1018000,18,51840,2,0.6501639339535211,0.17539028830410394,88,-48.40215547196567,-48.294531455263495,0.5500244939996098,0.013453002087771893,0.009676159359514713,1.0
stochastic_0_40,"(0-40,0-40)",stochastic,augmented_action,Augmented (+action buffer),"(0-40,0-40)",0,40,0,40,1018000,18,51840,3,0.6501639339535211,0.17539028830410394,83,-40.76628546603024,-40.57484373636544,0.49116006585578603,0.06381390988826752,0.017471687868237495,0.0
stochastic_0_40,"(0-40,0-40)",stochastic,augmented_action,Augmented (+action buffer),"(0-40,0-40)",0,40,0,40,1018000,18,51840,4,0.6501639339535211,0.17539028830410394,83,-66.32395267300308,-66.01884462498128,0.7990837671446154,0.10170268267393112,0.018846629187464714,0.0
stochastic_0_40,"(0-40,0-40)",stochastic,augmented_action,Augmented (+action buffer),"(0-40,0-40)",0,40,0,40,1018000,18,51840,5,0.6501639339535211,0.17539028830410394,99,-56.0128951780498,-49.62402782961726,0.565786819980301,0.3362561762332916,0.008974440395832062,0.0
stochastic_0_40,"(0-40,0-40)",stochastic,augmented_action,Augmented (+action buffer),"(0-40,0-40)",0,40,0,40,1018000,18,51840,6,0.6501639339535211,0.17539028830410394,83,-53.04426595196128,-52.47196748480201,0.6390875415898949,0.19076615571975708,0.03461451828479767,0.0
stochastic_0_40,"(0-40,0-40)",stochastic,augmented_action,Augmented (+action buffer),"(0-40,0-40)",0,40,0,40,1018000,18,51840,7,0.6501639339535211,0.17539028830410394,92,-32.055427860468626,-31.167734157294035,0.34842856370074593,0.07397447526454926,0.0378124825656414,0.0
stochastic_0_40,"(0-40,0-40)",stochastic,augmented_action,Augmented (+action buffer),"(0-40,0-40)",0,40,0,40,1019000,19,54720,0,0.6501639339535211,0.17539028830410394,86,-39.948737820610404,-39.670748671516776,0.4645202072164,0.04633152484893799,0.019943388178944588,1.0
stochastic_0_40,"(0-40,0-40)",stochastic,augmented_action,Augmented (+action buffer),"(0-40,0-40)",0,40,0,40,1019000,19,54720,1,0.6501639339535211,0.17539028830410394,91,-43.67218664288521,-43.486226085573435,0.4799141389328045,0.01690550521016121,0.01690550521016121,1.0
stochastic_0_40,"(0-40,0-40)",stochastic,augmented_action,Augmented (+action buffer),"(0-40,0-40)",0,40,0,40,1019000,19,54720,2,0.6501639339535211,0.17539028830410394,86,-47.759291008114815,-47.12000884115696,0.5553405931176141,0.1065470278263092,0.1065470278263092,0.0
stochastic_0_40,"(0-40,0-40)",stochastic,augmented_action,Augmented (+action buffer),"(0-40,0-40)",0,40,0,40,1019000,19,54720,3,0.6501639339535211,0.17539028830410394,82,-41.67547309026122,-41.51731375977397,0.5082374767105027,0.07907966524362564,0.04217792674899101,0.0
stochastic_0_40,"(0-40,0-40)",stochastic,augmented_action,Augmented (+action buffer),"(0-40,0-40)",0,40,0,40,1019000,19,54720,4,0.6501639339535211,0.17539028830410394,86,-51.608361629769206,-50.79865914396942,0.6000972282531303,0.1349504142999649,0.03116159327328205,0.0
stochastic_0_40,"(0-40,0-40)",stochastic,augmented_action,Augmented (+action buffer),"(0-40,0-40)",0,40,0,40,1019000,19,54720,5,0.6501639339535211,0.17539028830410394,82,-53.0295750182122,-52.671991584822536,0.6467021343684415,0.17879171669483185,0.02353052981197834,0.0
stochastic_0_40,"(0-40,0-40)",stochastic,augmented_action,Augmented (+action buffer),"(0-40,0-40)",0,40,0,40,1019000,19,54720,6,0.6501639339535211,0.17539028830410394,83,-39.94789547286928,-39.79955060593784,0.4812999454562564,0.04944828897714615,0.01181269995868206,1.0
stochastic_0_40,"(0-40,0-40)",stochastic,augmented_action,Augmented (+action buffer),"(0-40,0-40)",0,40,0,40,1019000,19,54720,7,0.6501639339535211,0.17539028830410394,91,-45.5886240079999,-44.216501250863075,0.500973890197801,0.1247384324669838,0.01204746589064598,0.0
stochastic_0_40,"(0-40,0-40)",stochastic,augmented_action,Augmented (+action buffer),"(0-40,0-40)",0,40,0,40,1020000,20,57600,0,0.6170838929557148,0.16982002915102426,81,-53.324612356722355,-53.229347974061966,0.6583285476138563,0.09526438266038895,0.09526438266038895,0.0
stochastic_0_40,"(0-40,0-40)",stochastic,augmented_action,Augmented (+action buffer),"(0-40,0-40)",0,40,0,40,1020000,20,57600,1,0.6170838929557148,0.16982002915102426,86,-45.830680455081165,-45.23838527034968,0.5329148890125717,0.09871586412191391,0.010093624703586102,0.0
stochastic_0_40,"(0-40,0-40)",stochastic,augmented_action,Augmented (+action buffer),"(0-40,0-40)",0,40,0,40,1020000,20,57600,2,0.6170838929557148,0.16982002915102426,92,-41.8445060478989,-41.01297073834576,0.454831587477162,0.06929460912942886,0.0031184034887701273,0.0
stochastic_0_40,"(0-40,0-40)",stochastic,augmented_action,Augmented (+action buffer),"(0-40,0-40)",0,40,0,40,1020000,20,57600,3,0.6170838929557148,0.16982002915102426,87,-63.22838845849037,-62.24247168004513,0.7267630857297744,0.14084525406360626,0.14084525406360626,0.0
stochastic_0_40,"(0-40,0-40)",stochastic,augmented_action,Augmented (+action buffer),"(0-40,0-40)",0,40,0,40,1020000,20,57600,4,0.6170838929557148,0.16982002915102426,81,-61.32845525443554,-61.21222783625126,0.7571414228942659,0.1162274181842804,0.1162274181842804,0.0
stochastic_0_40,"(0-40,0-40)",stochastic,augmented_action,Augmented (+action buffer),"(0-40,0-40)",0,40,0,40,1020000,20,57600,5,0.6170838929557148,0.16982002915102426,85,-44.99164315313101,-44.74273056164384,0.5293134488603648,0.04978251829743385,0.01762133091688156,1.0
stochastic_0_40,"(0-40,0-40)",stochastic,augmented_action,Augmented (+action buffer),"(0-40,0-40)",0,40,0,40,1020000,20,57600,6,0.6170838929557148,0.16982002915102426,82,-55.0708392993547,-54.96406017104164,0.6715956012116427,0.05338956415653229,0.007638268638402224,1.0
stochastic_0_40,"(0-40,0-40)",stochastic,augmented_action,Augmented (+action buffer),"(0-40,0-40)",0,40,0,40,1020000,20,57600,7,0.6170838929557148,0.16982002915102426,93,-61.96668326854706,-60.64174475520849,0.6663084222424415,0.10191834717988968,0.09412697702646255,0.0
stochastic_0_40,"(0-40,0-40)",stochastic,augmented_action,Augmented (+action buffer),"(0-40,0-40)",0,40,0,40,1021000,21,60480,0,0.6170838929557148,0.16982002915102426,90,-31.372095251106657,-31.355617287452333,0.3485788361234073,0.0016477963654324412,0.0016477963654324412,1.0
stochastic_0_40,"(0-40,0-40)",stochastic,augmented_action,Augmented (+action buffer),"(0-40,0-40)",0,40,0,40,1021000,21,60480,1,0.6170838929557148,0.16982002915102426,91,-39.283426597714424,-38.92771588265896,0.43168600656829037,0.032337337732315063,0.032337337732315063,1.0
stochastic_0_40,"(0-40,0-40)",stochastic,augmented_action,Augmented (+action buffer),"(0-40,0-40)",0,40,0,40,1021000,21,60480,2,0.6170838929557148,0.16982002915102426,91,-57.54743094369769,-56.353524807840586,0.632389351029645,0.10853692144155502,0.03398505970835686,0.0
stochastic_0_40,"(0-40,0-40)",stochastic,augmented_action,Augmented (+action buffer),"(0-40,0-40)",0,40,0,40,1021000,21,60480,3,0.6170838929557148,0.16982002915102426,90,-51.669797549024224,-51.363220704719424,0.5741088616558248,0.030657684430480003,0.018031826242804527,1.0
stochastic_0_40,"(0-40,0-40)",stochastic,augmented_action,Augmented (+action buffer),"(0-40,0-40)",0,40,0,40,1021000,21,60480,4,0.6170838929557148,0.16982002915102426,93,-51.905444368720055,-50.85240746289492,0.5581230577281726,0.08100283890962601,0.08034564554691315,0.0
stochastic_0_40,"(0-40,0-40)",stochastic,augmented_action,Augmented (+action buffer),"(0-40,0-40)",0,40,0,40,1021000,21,60480,5,0.6170838929557148,0.16982002915102426,83,-41.031151151284575,-40.650521686300635,0.4943512186901756,0.12687648832798004,0.01891305483877659,0.0
stochastic_0_40,"(0-40,0-40)",stochastic,augmented_action,Augmented (+action buffer),"(0-40,0-40)",0,40,0,40,1021000,21,60480,6,0.6170838929557148,0.16982002915102426,85,-56.2266380507499,-54.844278337433934,0.661489859420587,0.27647194266319275,0.030134644359350204,0.0
stochastic_0_40,"(0-40,0-40)",stochastic,augmented_action,Augmented (+action buffer),"(0-40,0-40)",0,40,0,40,1021000,21,60480,7,0.6170838929557148,0.16982002915102426,82,-55.51541620492935,-55.09016743302345,0.6770172707918214,0.21262438595294952,0.09863315522670746,0.0
stochastic_0_40,"(0-40,0-40)",stochastic,augmented_action,Augmented (+action buffer),"(0-40,0-40)",0,40,0,40,1022000,22,63360,0,0.6170838929557148,0.16982002915102426,89,-44.70455139130354,-44.40421096980572,0.5022983302393657,0.03337115794420242,0.016403041779994965,1.0
stochastic_0_40,"(0-40,0-40)",stochastic,augmented_action,Augmented (+action buffer),"(0-40,0-40)",0,40,0,40,1022000,22,63360,1,0.6170838929557148,0.16982002915102426,83,-46.75500372052193,-46.52452266216278,0.5633132978376135,0.0768270194530487,0.0768270194530487,0.0
stochastic_0_40,"(0-40,0-40)",stochastic,augmented_action,Augmented (+action buffer),"(0-40,0-40)",0,40,0,40,1022000,22,63360,2,0.6170838929557148,0.16982002915102426,85,-38.43897845502943,-38.34097332227975,0.4522232759415227,0.01960102654993534,0.014112171716988087,1.0
stochastic_0_40,"(0-40,0-40)",stochastic,augmented_action,Augmented (+action buffer),"(0-40,0-40)",0,40,0,40,1022000,22,63360,3,0.6170838929557148,0.16982002915102426,82,-48.21000747010112,-47.824045937508345,0.5879269203670868,0.19298076629638672,0.017740551382303238,0.0
stochastic_0_40,"(0-40,0-40)",stochastic,augmented_action,Augmented (+action buffer),"(0-40,0-40)",0,40,0,40,1022000,22,63360,4,0.6170838929557148,0.16982002915102426,85,-45.00962365977466,-44.7592034060508,0.529524984232643,0.05008405074477196,0.015061244368553162,1.0
stochastic_0_40,"(0-40,0-40)",stochastic,augmented_action,Augmented (+action buffer),"(0-40,0-40)",0,40,0,40,1022000,22,63360,5,0.6170838929557148,0.16982002915102426,81,-67.10932696331292,-66.95845017302781,0.8285102094236163,0.15087679028511047,0.003977359272539616,0.0
stochastic_0_40,"(0-40,0-40)",stochastic,augmented_action,Augmented (+action buffer),"(0-40,0-40)",0,40,0,40,1022000,22,63360,6,0.6170838929557148,0.16982002915102426,87,-59.71765930391848,-58.73191077448428,0.6864098770565342,0.14082121849060059,0.027925485745072365,0.0
stochastic_0_40,"(0-40,0-40)",stochastic,augmented_action,Augmented (+action buffer),"(0-40,0-40)",0,40,0,40,1022000,22,63360,7,0.6170838929557148,0.16982002915102426,85,-34.692752443253994,-34.30786021798849,0.4081500287441646,0.07697844505310059,0.014813115820288658,0.0
stochastic_0_40,"(0-40,0-40)",stochastic,augmented_action,Augmented (+action buffer),"(0-40,0-40)",0,40,0,40,1023000,23,66240,0,0.6170838929557148,0.16982002915102426,81,-45.9456097073853,-45.769677732139826,0.5672297494738926,0.17593197524547577,0.01622399315237999,0.0
stochastic_0_40,"(0-40,0-40)",stochastic,augmented_action,Augmented (+action buffer),"(0-40,0-40)",0,40,0,40,1023000,23,66240,1,0.6170838929557148,0.16982002915102426,90,-41.3183756172657,-40.58576062321663,0.45909306241406334,0.07326149940490723,0.07326149940490723,0.0
stochastic_0_40,"(0-40,0-40)",stochastic,augmented_action,Augmented (+action buffer),"(0-40,0-40)",0,40,0,40,1023000,23,66240,2,0.6170838929557148,0.16982002915102426,85,-44.13425567187369,-43.353026980534196,0.5192265373161611,0.15624573826789856,0.023190684616565704,0.0
stochastic_0_40,"(0-40,0-40)",stochastic,augmented_action,Augmented (+action buffer),"(0-40,0-40)",0,40,0,40,1023000,23,66240,3,0.6170838929557148,0.16982002915102426,87,-60.098785519599915,-59.0968199968338,0.6907906381563208,0.14313793182373047,0.14313793182373047,0.0
stochastic_0_40,"(0-40,0-40)",stochastic,augmented_action,Augmented (+action buffer),"(0-40,0-40)",0,40,0,40,1023000,23,66240,4,0.6170838929557148,0.16982002915102426,82,-44.58479891438037,-44.548411027528346,0.5437170599314679,0.018193943426012993,0.014417137019336224,1.0
stochastic_0_40,"(0-40,0-40)",stochastic,augmented_action,Augmented (+action buffer),"(0-40,0-40)",0,40,0,40,1023000,23,66240,5,0.6170838929557148,0.16982002915102426,89,-48.42084256466478,-46.52382971998304,0.5440544108389301,0.21077920496463776,0.002698107622563839,0.0
stochastic_0_40,"(0-40,0-40)",stochastic,augmented_action,Augmented (+action buffer),"(0-40,0-40)",0,40,0,40,1023000,23,66240,6,0.6170838929557148,0.16982002915102426,85,-56.03333509340882,-54.50647688284516,0.6592157069812803,0.30537164211273193,0.020755760371685028,0.0
stochastic_0_40,"(0-40,0-40)",stochastic,augmented_action,Augmented (+action buffer),"(0-40,0-40)",0,40,0,40,1023000,23,66240,7,0.6170838929557148,0.16982002915102426,92,-55.22580976597965,-53.54985882155597,0.6002805409345614,0.13966257870197296,0.005165938287973404,0.0
stochastic_0_40,"(0-40,0-40)",stochastic,augmented_action,Augmented (+action buffer),"(0-40,0-40)",0,40,0,40,1024000,24,69120,0,0.6170838929557148,0.16982002915102426,81,-66.92520505189896,-66.79888170957565,0.82623709940616,0.12632334232330322,0.12632334232330322,0.0
stochastic_0_40,"(0-40,0-40)",stochastic,augmented_action,Augmented (+action buffer),"(0-40,0-40)",0,40,0,40,1024000,24,69120,1,0.6170838929557148,0.16982002915102426,83,-47.38146994449198,-47.02644911594689,0.5708610836685781,0.11834027618169785,0.012979242019355297,0.0
stochastic_0_40,"(0-40,0-40)",stochastic,augmented_action,Augmented (+action buffer),"(0-40,0-40)",0,40,0,40,1024000,24,69120,2,0.6170838929557148,0.16982002915102426,91,-33.33626487851143,-32.803214475512505,0.3663325810825432,0.04845912754535675,0.04845912754535675,1.0
stochastic_0_40,"(0-40,0-40)",stochastic,augmented_action,Augmented (+action buffer),"(0-40,0-40)",0,40,0,40,1024000,24,69120,3,0.6170838929557148,0.16982002915102426,84,-48.99132960103452,-48.03444670699537,0.5832301142980301,0.2392207235097885,0.015783272683620453,0.0
stochastic_0_40,"(0-40,0-40)",stochastic,augmented_action,Augmented (+action buffer),"(0-40,0-40)",0,40,0,40,1024000,24,69120,4,0.6170838929557148,0.16982002915102426,88,-55.025527492165565,-54.61521039903164,0.625290085138245,0.0512896366417408,0.035495825111866,1.0
stochastic_0_40,"(0-40,0-40)",stochastic,augmented_action,Augmented (+action buffer),"(0-40,0-40)",0,40,0,40,1024000,24,69120,5,0.6170838929557148,0.16982002915102426,86,-36.24695362150669,-36.05816578119993,0.4214762049012406,0.03146464005112648,0.023012926802039146,1.0
stochastic_0_40,"(0-40,0-40)",stochastic,augmented_action,Augmented (+action buffer),"(0-40,0-40)",0,40,0,40,1024000,24,69120,6,0.6170838929557148,0.16982002915102426,83,-49.51929892599583,-49.12037840485573,0.5966180593493473,0.13297350704669952,0.07717113941907883,0.0
stochastic_0_40,"(0-40,0-40)",stochastic,augmented_action,Augmented (+action buffer),"(0-40,0-40)",0,40,0,40,1024000,24,69120,7,0.6170838929557148,0.16982002915102426,84,-36.19885287061334,-36.03539590910077,0.43093872465015876,0.0408642403781414,0.035971298813819885,1.0
stochastic_0_40,"(0-40,0-40)",stochastic,augmented_action,Augmented (+action buffer),"(0-40,0-40)",0,40,0,40,1100000,0,0,0,0.7592573860315994,0.2384058440442351,87,-63.298693876713514,-63.12041421793401,0.7275711939852129,0.025468522682785988,0.008701112121343613,1.0
stochastic_0_40,"(0-40,0-40)",stochastic,augmented_action,Augmented (+action buffer),"(0-40,0-40)",0,40,0,40,1100000,0,0,1,0.7592573860315994,0.2384058440442351,88,-52.62103324383497,-51.63161992281675,0.597966286861761,0.12367666512727737,0.12367666512727737,0.0
stochastic_0_40,"(0-40,0-40)",stochastic,augmented_action,Augmented (+action buffer),"(0-40,0-40)",0,40,0,40,1100000,0,0,2,0.7592573860315994,0.2384058440442351,84,-58.59153073839843,-56.581278501078486,0.6975182230761718,0.5025630593299866,0.017497675493359566,0.0
stochastic_0_40,"(0-40,0-40)",stochastic,augmented_action,Augmented (+action buffer),"(0-40,0-40)",0,40,0,40,1100000,0,0,3,0.7592573860315994,0.2384058440442351,80,-59.8794495947659,-59.8794495947659,0.7484931199345738,0.02054123766720295,0.01454138569533825,1.0
stochastic_0_40,"(0-40,0-40)",stochastic,augmented_action,Augmented (+action buffer),"(0-40,0-40)",0,40,0,40,1100000,0,0,4,0.7592573860315994,0.2384058440442351,85,-55.43806316237897,-55.21904161106795,0.6522125077926937,0.04380431026220322,0.00894069205969572,1.0
stochastic_0_40,"(0-40,0-40)",stochastic,augmented_action,Augmented (+action buffer),"(0-40,0-40)",0,40,0,40,1100000,0,0,5,0.7592573860315994,0.2384058440442351,85,-63.125488728284836,-62.87862402200699,0.7426528085680569,0.04937294125556946,0.04937294125556946,1.0
stochastic_0_40,"(0-40,0-40)",stochastic,augmented_action,Augmented (+action buffer),"(0-40,0-40)",0,40,0,40,1100000,0,0,6,0.7592573860315994,0.2384058440442351,88,-59.342920118011534,-59.14563020411879,0.6743513649774038,0.024661239236593246,0.015056041069328785,1.0
stochastic_0_40,"(0-40,0-40)",stochastic,augmented_action,Augmented (+action buffer),"(0-40,0-40)",0,40,0,40,1100000,0,0,7,0.7592573860315994,0.2384058440442351,89,-47.35804224014282,-46.742937080562115,0.5321128341589081,0.06834501773118973,0.06834501773118973,0.0
stochastic_0_40,"(0-40,0-40)",stochastic,augmented_action,Augmented (+action buffer),"(0-40,0-40)",0,40,0,40,1101000,1,2880,0,0.5325553165404062,0.09219605221569419,87,-43.33360690949485,-43.27957569016144,0.4980874357413201,0.007718745619058609,0.005229756701737642,1.0
stochastic_0_40,"(0-40,0-40)",stochastic,augmented_action,Augmented (+action buffer),"(0-40,0-40)",0,40,0,40,1101000,1,2880,1,0.5325553165404062,0.09219605221569419,81,-47.502558073960245,-47.45872549619526,0.5864513342464228,0.043832577764987946,0.011056119576096535,1.0
stochastic_0_40,"(0-40,0-40)",stochastic,augmented_action,Augmented (+action buffer),"(0-40,0-40)",0,40,0,40,1101000,1,2880,2,0.5325553165404062,0.09219605221569419,95,-48.63951441599056,-48.23461398249492,0.5119948885893744,0.026993362233042717,0.00344238243997097,1.0
stochastic_0_40,"(0-40,0-40)",stochastic,augmented_action,Augmented (+action buffer),"(0-40,0-40)",0,40,0,40,1101000,1,2880,3,0.5325553165404062,0.09219605221569419,85,-53.011935990303755,-52.69185092672706,0.6236698351800442,0.06401701271533966,0.010569279082119465,0.0
stochastic_0_40,"(0-40,0-40)",stochastic,augmented_action,Augmented (+action buffer),"(0-40,0-40)",0,40,0,40,1101000,1,2880,4,0.5325553165404062,0.09219605221569419,86,-68.58443000912666,-67.92402790486813,0.7974933721991473,0.11006701737642288,0.11006701737642288,0.0
stochastic_0_40,"(0-40,0-40)",stochastic,augmented_action,Augmented (+action buffer),"(0-40,0-40)",0,40,0,40,1101000,1,2880,5,0.5325553165404062,0.09219605221569419,82,-51.70109611004591,-51.474343471229076,0.6305011720737306,0.11337631940841675,0.10738042742013931,0.0
stochastic_0_40,"(0-40,0-40)",stochastic,augmented_action,Augmented (+action buffer),"(0-40,0-40)",0,40,0,40,1101000,1,2880,6,0.5325553165404062,0.09219605221569419,89,-37.034665062092245,-36.85316259320825,0.4161198321583398,0.020166940987110138,0.003591344691812992,1.0
stochastic_0_40,"(0-40,0-40)",stochastic,augmented_action,Augmented (+action buffer),"(0-40,0-40)",0,40,0,40,1101000,1,2880,7,0.5325553165404062,0.09219605221569419,88,-37.371138114482164,-37.040372509509325,0.4246720240282064,0.04134570062160492,0.02181839570403099,1.0
stochastic_0_40,"(0-40,0-40)",stochastic,augmented_action,Augmented (+action buffer),"(0-40,0-40)",0,40,0,40,1102000,2,5760,0,0.5325553165404062,0.09219605221569419,85,-51.577312996611,-51.45726931653917,0.6067919176071882,0.02400873601436615,0.019559336826205254,1.0
stochastic_0_40,"(0-40,0-40)",stochastic,augmented_action,Augmented (+action buffer),"(0-40,0-40)",0,40,0,40,1102000,2,5760,1,0.5325553165404062,0.09219605221569419,81,-35.90023089200258,-35.830234959721565,0.4432127270617603,0.0699959322810173,0.0699959322810173,0.0
stochastic_0_40,"(0-40,0-40)",stochastic,augmented_action,Augmented (+action buffer),"(0-40,0-40)",0,40,0,40,1102000,2,5760,2,0.5325553165404062,0.09219605221569419,85,-32.90645866654813,-32.438662303611636,0.38713480784174276,0.09355927258729935,0.007367538288235664,0.0
stochastic_0_40,"(0-40,0-40)",stochastic,augmented_action,Augmented (+action buffer),"(0-40,0-40)",0,40,0,40,1102000,2,5760,3,0.5325553165404062,0.09219605221569419,87,-63.73095704498701,-63.28421378019266,0.7325397361492759,0.06382046639919281,0.0027716669719666243,0.0
stochastic_0_40,"(0-40,0-40)",stochastic,augmented_action,Augmented (+action buffer),"(0-40,0-40)",0,40,0,40,1102000,2,5760,4,0.5325553165404062,0.09219605221569419,86,-58.21860333159566,-57.76919040456414,0.6769605038557635,0.07490215450525284,0.03454035148024559,0.0
stochastic_0_40,"(0-40,0-40)",stochastic,augmented_action,Augmented (+action buffer),"(0-40,0-40)",0,40,0,40,1102000,2,5760,5,0.5325553165404062,0.09219605221569419,84,-51.40125379059464,-51.34367841947824,0.6119196879832695,0.014393842779099941,0.014393842779099941,1.0
stochastic_0_40,"(0-40,0-40)",stochastic,augmented_action,Augmented (+action buffer),"(0-40,0-40)",0,40,0,40,1102000,2,5760,6,0.5325553165404062,0.09219605221569419,80,-50.738727401942015,-50.738727401942015,0.6342340925242752,0.03970656916499138,0.020070435479283333,1.0
stochastic_0_40,"(0-40,0-40)",stochastic,augmented_action,Augmented (+action buffer),"(0-40,0-40)",0,40,0,40,1102000,2,5760,7,0.5325553165404062,0.09219605221569419,89,-35.70270062610507,-35.31090381741524,0.4011539396191581,0.04353297874331474,0.04353297874331474,1.0
stochastic_0_40,"(0-40,0-40)",stochastic,augmented_action,Augmented (+action buffer),"(0-40,0-40)",0,40,0,40,1103000,3,8640,0,0.5325553165404062,0.09219605221569419,88,-38.64794805692509,-38.23373764799908,0.4391812279196033,0.051776301115751266,0.006302286870777607,1.0
stochastic_0_40,"(0-40,0-40)",stochastic,augmented_action,Augmented (+action buffer),"(0-40,0-40)",0,40,0,40,1103000,3,8640,1,0.5325553165404062,0.09219605221569419,92,-40.172871347516775,-39.679409708827734,0.4366616450817041,0.04112180322408676,0.02556561678647995,1.0
stochastic_0_40,"(0-40,0-40)",stochastic,augmented_action,Augmented (+action buffer),"(0-40,0-40)",0,40,0,40,1103000,3,8640,2,0.5325553165404062,0.09219605221569419,85,-52.162124678492546,-51.87903795018792,0.6136720550410888,0.05661734566092491,0.047343701124191284,1.0
stochastic_0_40,"(0-40,0-40)",stochastic,augmented_action,Augmented (+action buffer),"(0-40,0-40)",0,40,0,40,1103000,3,8640,3,0.5325553165404062,0.09219605221569419,86,-34.03064925968647,-33.26198090612888,0.3957052239498427,0.12811139225959778,0.017688078805804253,0.0
stochastic_0_40,"(0-40,0-40)",stochastic,augmented_action,Augmented (+action buffer),"(0-40,0-40)",0,40,0,40,1103000,3,8640,4,0.5325553165404062,0.09219605221569419,84,-40.95351465418935,-40.67474888637662,0.4875418411213018,0.06969144195318222,0.007912914268672466,0.0
stochastic_0_40,"(0-40,0-40)",stochastic,augmented_action,Augmented (+action buffer),"(0-40,0-40)",0,40,0,40,1103000,3,8640,5,0.5325553165404062,0.09219605221569419,82,-58.48958441056311,-58.369146363809705,0.7132876147629648,0.06021902337670326,0.0034803529269993305,0.0
stochastic_0_40,"(0-40,0-40)",stochastic,augmented_action,Augmented (+action buffer),"(0-40,0-40)",0,40,0,40,1103000,3,8640,6,0.5325553165404062,0.09219605221569419,92,-41.75220561027527,-41.46081252396107,0.4538283218508181,0.024282757192850113,0.017768345773220062,1.0
stochastic_0_40,"(0-40,0-40)",stochastic,augmented_action,Augmented (+action buffer),"(0-40,0-40)",0,40,0,40,1103000,3,8640,7,0.5325553165404062,0.09219605221569419,88,-69.27933065593243,-68.31082157790661,0.7872651210901412,0.12106363475322723,0.12106363475322723,0.0
stochastic_0_40,"(0-40,0-40)",stochastic,augmented_action,Augmented (+action buffer),"(0-40,0-40)",0,40,0,40,1104000,4,11520,0,0.6094215025679833,0.0422711402226056,86,-47.138971123844385,-46.67801231518388,0.5481275712074929,0.07682646811008453,0.020750198513269424,0.0
stochastic_0_40,"(0-40,0-40)",stochastic,augmented_action,Augmented (+action buffer),"(0-40,0-40)",0,40,0,40,1104000,4,11520,1,0.6094215025679833,0.0422711402226056,86,-51.97535273805261,-51.34804292395711,0.6043645667215419,0.10455163568258286,0.03818482533097267,0.0
stochastic_0_40,"(0-40,0-40)",stochastic,augmented_action,Augmented (+action buffer),"(0-40,0-40)",0,40,0,40,1104000,4,11520,2,0.6094215025679833,0.0422711402226056,80,-37.612784527242184,-37.612784527242184,0.4701598065905273,0.0950935110449791,0.016686486080288887,0.0
stochastic_0_40,"(0-40,0-40)",stochastic,augmented_action,Augmented (+action buffer),"(0-40,0-40)",0,40,0,40,1104000,4,11520,3,0.6094215025679833,0.0422711402226056,89,-46.535528576001525,-45.91632909141481,0.5228711075955228,0.0687999427318573,0.01879213936626911,0.0
stochastic_0_40,"(0-40,0-40)",stochastic,augmented_action,Augmented (+action buffer),"(0-40,0-40)",0,40,0,40,1104000,4,11520,4,0.6094215025679833,0.0422711402226056,85,-31.496554172132164,-31.230457356665283,0.37054769614273136,0.05321936309337616,0.006547481287270784,1.0
stochastic_0_40,"(0-40,0-40)",stochastic,augmented_action,Augmented (+action buffer),"(0-40,0-40)",0,40,0,40,1104000,4,11520,5,0.6094215025679833,0.0422711402226056,94,-45.44306987989694,-45.029024553485215,0.4834369136159249,0.029574666172266006,0.01380459126085043,1.0
stochastic_0_40,"(0-40,0-40)",stochastic,augmented_action,Augmented (+action buffer),"(0-40,0-40)",0,40,0,40,1104000,4,11520,6,0.6094215025679833,0.0422711402226056,88,-37.34192818775773,-36.78041595593095,0.4243400930427015,0.07018902897834778,0.02231295220553875,0.0
stochastic_0_40,"(0-40,0-40)",stochastic,augmented_action,Augmented (+action buffer),"(0-40,0-40)",0,40,0,40,1104000,4,11520,7,0.6094215025679833,0.0422711402226056,89,-49.428512858226895,-49.29512687213719,0.5553765489688415,0.014820665121078491,0.014820665121078491,1.0
stochastic_0_40,"(0-40,0-40)",stochastic,augmented_action,Augmented (+action buffer),"(0-40,0-40)",0,40,0,40,1105000,5,14400,0,0.6094215025679833,0.0422711402226056,92,-57.01444145105779,-56.64073977433145,0.6197221896854108,0.03114180639386177,0.02951022796332836,1.0
stochastic_0_40,"(0-40,0-40)",stochastic,augmented_action,Augmented (+action buffer),"(0-40,0-40)",0,40,0,40,1105000,5,14400,1,0.6094215025679833,0.0422711402226056,86,-53.891895968467,-52.638766307383776,0.6266499531217092,0.20885494351387024,0.03153444454073906,0.0
stochastic_0_40,"(0-40,0-40)",stochastic,augmented_action,Augmented (+action buffer),"(0-40,0-40)",0,40,0,40,1105000,5,14400,2,0.6094215025679833,0.0422711402226056,81,-35.056952618062496,-35.03378555737436,0.43280188417361104,0.023167060688138008,0.014407439157366753,1.0
stochastic_0_40,"(0-40,0-40)",stochastic,augmented_action,Augmented (+action buffer),"(0-40,0-40)",0,40,0,40,1105000,5,14400,3,0.6094215025679833,0.0422711402226056,87,-50.72300531715155,-49.07580953091383,0.5830230496224316,0.23531368374824524,0.01801559515297413,0.0
stochastic_0_40,"(0-40,0-40)",stochastic,augmented_action,Augmented (+action buffer),"(0-40,0-40)",0,40,0,40,1105000,5,14400,4,0.6094215025679833,0.0422711402226056,89,-63.946727719157934,-62.52297657355666,0.718502558642224,0.15819457173347473,0.0258103646337986,0.0
stochastic_0_40,"(0-40,0-40)",stochastic,augmented_action,Augmented (+action buffer),"(0-40,0-40)",0,40,0,40,1105000,5,14400,5,0.6094215025679833,0.0422711402226056,82,-61.255716098472476,-61.15080597065389,0.7470209280301522,0.05245506390929222,0.017956476658582687,1.0
stochastic_0_40,"(0-40,0-40)",stochastic,augmented_action,Augmented (+action buffer),"(0-40,0-40)",0,40,0,40,1105000,5,14400,6,0.6094215025679833,0.0422711402226056,92,-56.82868358120322,-56.02901738509536,0.6177030824043829,0.06663884967565536,0.011208901181817055,0.0
stochastic_0_40,"(0-40,0-40)",stochastic,augmented_action,Augmented (+action buffer),"(0-40,0-40)",0,40,0,40,1105000,5,14400,7,0.6094215025679833,0.0422711402226056,87,-45.27843985334039,-45.137605587020516,0.520441837394717,0.020119180902838707,0.020119180902838707,1.0
stochastic_0_40,"(0-40,0-40)",stochastic,augmented_action,Augmented (+action buffer),"(0-40,0-40)",0,40,0,40,1106000,6,17280,0,0.6094215025679833,0.0422711402226056,84,-45.418361875228584,-44.724195572547615,0.5406947842289117,0.1735415756702423,0.010215433314442635,0.0
stochastic_0_40,"(0-40,0-40)",stochastic,augmented_action,Augmented (+action buffer),"(0-40,0-40)",0,40,0,40,1106000,6,17280,1,0.6094215025679833,0.0422711402226056,80,-62.19681695988402,-62.19681695988402,0.7774602119985502,0.18090471625328064,0.005811687093228102,0.0
stochastic_0_40,"(0-40,0-40)",stochastic,augmented_action,Augmented (+action buffer),"(0-40,0-40)",0,40,0,40,1106000,6,17280,2,0.6094215025679833,0.0422711402226056,87,-51.510503311641514,-51.251510296948254,0.5920747507085231,0.03699900209903717,0.011248487047851086,1.0
stochastic_0_40,"(0-40,0-40)",stochastic,augmented_action,Augmented (+action buffer),"(0-40,0-40)",0,40,0,40,1106000,6,17280,3,0.6094215025679833,0.0422711402226056,88,-51.38040223903954,-50.845414789393544,0.583868207261813,0.06687343120574951,0.013386458158493042,0.0
stochastic_0_40,"(0-40,0-40)",stochastic,augmented_action,Augmented (+action buffer),"(0-40,0-40)",0,40,0,40,1106000,6,17280,4,0.6094215025679833,0.0422711402226056,87,-52.518928153440356,-52.371341643854976,0.603665840844142,0.021083787083625793,0.012349013239145279,1.0
stochastic_0_40,"(0-40,0-40)",stochastic,augmented_action,Augmented (+action buffer),"(0-40,0-40)",0,40,0,40,1106000,6,17280,5,0.6094215025679833,0.0422711402226056,86,-40.42708345502615,-40.22278828918934,0.470082365756118,0.03404919430613518,0.02651873789727688,1.0
stochastic_0_40,"(0-40,0-40)",stochastic,augmented_action,Augmented (+action buffer),"(0-40,0-40)",0,40,0,40,1106000,6,17280,6,0.6094215025679833,0.0422711402226056,86,-52.140032563358545,-50.65935206785798,0.6062794484111459,0.24678008258342743,0.014975091442465782,0.0
stochastic_0_40,"(0-40,0-40)",stochastic,augmented_action,Augmented (+action buffer),"(0-40,0-40)",0,40,0,40,1106000,6,17280,7,0.6094215025679833,0.0422711402226056,82,-47.91765234619379,-47.89568879082799,0.584361613977973,0.010981777682900429,0.010119793936610222,1.0
stochastic_0_40,"(0-40,0-40)",stochastic,augmented_action,Augmented (+action buffer),"(0-40,0-40)",0,40,0,40,1107000,7,20160,0,0.6094215025679833,0.0422711402226056,83,-44.840605694800615,-44.63266855850816,0.54024826138314,0.06931237876415253,0.0186952892690897,0.0
stochastic_0_40,"(0-40,0-40)",stochastic,augmented_action,Augmented (+action buffer),"(0-40,0-40)",0,40,0,40,1107000,7,20160,1,0.6094215025679833,0.0422711402226056,82,-40.36442030221224,-40.133739374578,0.492249028075759,0.1153404638171196,0.015522634610533714,0.0
stochastic_0_40,"(0-40,0-40)",stochastic,augmented_action,Augmented (+action buffer),"(0-40,0-40)",0,40,0,40,1107000,7,20160,2,0.6094215025679833,0.0422711402226056,86,-43.76361786015332,-43.56084250099957,0.5088792774436433,0.03379589319229126,0.024637913331389427,1.0
stochastic_0_40,"(0-40,0-40)",stochastic,augmented_action,Augmented (+action buffer),"(0-40,0-40)",0,40,0,40,1107000,7,20160,3,0.6094215025679833,0.0422711402226056,84,-65.1233514114283,-64.73069720109925,0.7752779929931941,0.09816355258226395,0.006722565274685621,0.0
stochastic_0_40,"(0-40,0-40)",stochastic,augmented_action,Augmented (+action buffer),"(0-40,0-40)",0,40,0,40,1107000,7,20160,4,0.6094215025679833,0.0422711402226056,82,-60.39505614899099,-60.22966974042356,0.736525074987695,0.0826932042837143,0.021238191053271294,0.0
stochastic_0_40,"(0-40,0-40)",stochastic,augmented_action,Augmented (+action buffer),"(0-40,0-40)",0,40,0,40,1107000,7,20160,5,0.6094215025679833,0.0422711402226056,88,-36.423067634925246,-36.18477969430387,0.41389849585142324,0.029785992577672005,0.001569234300404787,1.0
stochastic_0_40,"(0-40,0-40)",stochastic,augmented_action,Augmented (+action buffer),"(0-40,0-40)",0,40,0,40,1107000,7,20160,6,0.6094215025679833,0.0422711402226056,92,-73.72599905915558,-71.70642370171845,0.8013695549908215,0.16829794645309448,0.02304803766310215,0.0
stochastic_0_40,"(0-40,0-40)",stochastic,augmented_action,Augmented (+action buffer),"(0-40,0-40)",0,40,0,40,1107000,7,20160,7,0.6094215025679833,0.0422711402226056,82,-66.78474103473127,-66.63402607105672,0.8144480613991618,0.07535748183727264,0.02765950933098793,0.0
stochastic_0_40,"(0-40,0-40)",stochastic,augmented_action,Augmented (+action buffer),"(0-40,0-40)",0,40,0,40,1108000,8,23040,0,0.6094215025679833,0.0422711402226056,90,-46.896803475916386,-46.27934290468693,0.5210755941768487,0.061746057122945786,0.02181435376405716,0.0
stochastic_0_40,"(0-40,0-40)",stochastic,augmented_action,Augmented (+action buffer),"(0-40,0-40)",0,40,0,40,1108000,8,23040,1,0.6094215025679833,0.0422711402226056,92,-53.750310661271214,-50.351270915940404,0.5842425071877306,0.2832533121109009,0.021171439439058304,0.0
stochastic_0_40,"(0-40,0-40)",stochastic,augmented_action,Augmented (+action buffer),"(0-40,0-40)",0,40,0,40,1108000,8,23040,2,0.6094215025679833,0.0422711402226056,86,-56.0741109251976,-55.300277531147,0.6520245456418325,0.12897223234176636,0.011993315070867538,0.0
stochastic_0_40,"(0-40,0-40)",stochastic,augmented_action,Augmented (+action buffer),"(0-40,0-40)",0,40,0,40,1108000,8,23040,3,0.6094215025679833,0.0422711402226056,87,-42.95723352022469,-42.80406168848276,0.49376130483016883,0.021881690248847008,0.018554367125034332,1.0
stochastic_0_40,"(0-40,0-40)",stochastic,augmented_action,Augmented (+action buffer),"(0-40,0-40)",0,40,0,40,1108000,8,23040,4,0.6094215025679833,0.0422711402226056,86,-47.09589977748692,-46.78640808351338,0.5476267415986851,0.05158194899559021,0.006858198903501034,1.0
stochastic_0_40,"(0-40,0-40)",stochastic,augmented_action,Augmented (+action buffer),"(0-40,0-40)",0,40,0,40,1108000,8,23040,5,0.6094215025679833,0.0422711402226056,84,-30.55525056179613,-30.440911314450204,0.36375298287852537,0.028584811836481094,0.012625996954739094,1.0
stochastic_0_40,"(0-40,0-40)",stochastic,augmented_action,Augmented (+action buffer),"(0-40,0-40)",0,40,0,40,1108000,8,23040,6,0.6094215025679833,0.0422711402226056,86,-67.45151241496205,-66.73385373130441,0.7843199118018843,0.1196097806096077,0.026661723852157593,0.0
stochastic_0_40,"(0-40,0-40)",stochastic,augmented_action,Augmented (+action buffer),"(0-40,0-40)",0,40,0,40,1108000,8,23040,7,0.6094215025679833,0.0422711402226056,83,-40.3519821325317,-39.77566245291382,0.4861684594280928,0.19210655987262726,0.012592214159667492,0.0
stochastic_0_40,"(0-40,0-40)",stochastic,augmented_action,Augmented (+action buffer),"(0-40,0-40)",0,40,0,40,1109000,9,25920,0,0.6094215025679833,0.0422711402226056,87,-46.763709688559175,-46.06424858607352,0.5375139044661974,0.0999230146408081,0.018127381801605225,0.0
stochastic_0_40,"(0-40,0-40)",stochastic,augmented_action,Augmented (+action buffer),"(0-40,0-40)",0,40,0,40,1109000,9,25920,1,0.6094215025679833,0.0422711402226056,83,-57.94637713115662,-57.22956446092576,0.698149122062128,0.23893755674362183,0.005842695944011211,0.0
stochastic_0_40,"(0-40,0-40)",stochastic,augmented_action,Augmented (+action buffer),"(0-40,0-40)",0,40,0,40,1109000,9,25920,2,0.6094215025679833,0.0422711402226056,88,-49.83281373232603,-48.0526422187686,0.5662819742309776,0.22252143919467926,0.018725048750638962,0.0
stochastic_0_40,"(0-40,0-40)",stochastic,augmented_action,Augmented (+action buffer),"(0-40,0-40)",0,40,0,40,1109000,9,25920,3,0.6094215025679833,0.0422711402226056,88,-45.02537627378479,-44.83645440498367,0.5116520031111907,0.023615233600139618,0.005402612499892712,1.0
stochastic_0_40,"(0-40,0-40)",stochastic,augmented_action,Augmented (+action buffer),"(0-40,0-40)",0,40,0,40,1109000,9,25920,4,0.6094215025679833,0.0422711402226056,88,-63.02698251232505,-62.56416052207351,0.7162157103673301,0.05785274878144264,0.008532428182661533,1.0
stochastic_0_40,"(0-40,0-40)",stochastic,augmented_action,Augmented (+action buffer),"(0-40,0-40)",0,40,0,40,1109000,9,25920,5,0.6094215025679833,0.0422711402226056,88,-52.979077853262424,-52.756119288504124,0.6020349756052549,0.027869820594787598,0.023073295131325722,1.0
stochastic_0_40,"(0-40,0-40)",stochastic,augmented_action,Augmented (+action buffer),"(0-40,0-40)",0,40,0,40,1109000,9,25920,6,0.6094215025679833,0.0422711402226056,86,-59.579059794545174,-59.02192188799381,0.6927797650528509,0.09285631775856018,0.04393095523118973,0.0
stochastic_0_40,"(0-40,0-40)",stochastic,augmented_action,Augmented (+action buffer),"(0-40,0-40)",0,40,0,40,1109000,9,25920,7,0.6094215025679833,0.0422711402226056,88,-41.59179031802341,-41.37927508307621,0.4726339808866297,0.026564404368400574,0.0035814312286674976,1.0
stochastic_0_40,"(0-40,0-40)",stochastic,augmented_action,Augmented (+action buffer),"(0-40,0-40)",0,40,0,40,1110000,10,28800,0,0.6094215025679833,0.0422711402226056,94,-35.58016211492941,-34.52221170766279,0.3785123629247809,0.07556788623332977,0.005990889389067888,0.0
stochastic_0_40,"(0-40,0-40)",stochastic,augmented_action,Augmented (+action buffer),"(0-40,0-40)",0,40,0,40,1110000,10,28800,1,0.6094215025679833,0.0422711402226056,84,-32.73721100552939,-32.575202183565125,0.38972870244677843,0.04050220549106598,0.002428083447739482,1.0
stochastic_0_40,"(0-40,0-40)",stochastic,augmented_action,Augmented (+action buffer),"(0-40,0-40)",0,40,0,40,1110000,10,28800,2,0.6094215025679833,0.0422711402226056,84,-41.60533958859742,-41.5623668525368,0.49530166176901685,0.010743184015154839,0.010743184015154839,1.0
stochastic_0_40,"(0-40,0-40)",stochastic,augmented_action,Augmented (+action buffer),"(0-40,0-40)",0,40,0,40,1110000,10,28800,3,0.6094215025679833,0.0422711402226056,95,-62.22025895072147,-62.01383256865665,0.6549500942181208,0.013761758804321289,0.002916357945650816,1.0
stochastic_0_40,"(0-40,0-40)",stochastic,augmented_action,Augmented (+action buffer),"(0-40,0-40)",0,40,0,40,1110000,10,28800,4,0.6094215025679833,0.0422711402226056,91,-73.23196255788207,-69.62137493118644,0.8047468412954074,0.3282352387905121,0.023529913276433945,0.0
stochastic_0_40,"(0-40,0-40)",stochastic,augmented_action,Augmented (+action buffer),"(0-40,0-40)",0,40,0,40,1110000,10,28800,5,0.6094215025679833,0.0422711402226056,83,-54.01888153702021,-53.81457347422838,0.650829898036388,0.06810268759727478,0.022549312561750412,0.0
stochastic_0_40,"(0-40,0-40)",stochastic,augmented_action,Augmented (+action buffer),"(0-40,0-40)",0,40,0,40,1110000,10,28800,6,0.6094215025679833,0.0422711402226056,84,-52.81683058105409,-52.02504557929933,0.6287717926315963,0.19794625043869019,0.023769890889525414,0.0
stochastic_0_40,"(0-40,0-40)",stochastic,augmented_action,Augmented (+action buffer),"(0-40,0-40)",0,40,0,40,1110000,10,28800,7,0.6094215025679833,0.0422711402226056,88,-50.50200619548559,-49.880704544484615,0.573886434039609,0.07766270637512207,0.005713752470910549,0.0
stochastic_0_40,"(0-40,0-40)",stochastic,augmented_action,Augmented (+action buffer),"(0-40,0-40)",0,40,0,40,1111000,11,31680,0,0.6094215025679833,0.0422711402226056,89,-56.886830393224955,-55.30243678763509,0.6391778695867972,0.17604373395442963,0.005686243064701557,0.0
stochastic_0_40,"(0-40,0-40)",stochastic,augmented_action,Augmented (+action buffer),"(0-40,0-40)",0,40,0,40,1111000,11,31680,1,0.6094215025679833,0.0422711402226056,89,-77.09306360036135,-76.2365088686347,0.866214197756869,0.09517274796962738,0.03894210606813431,0.0
stochastic_0_40,"(0-40,0-40)",stochastic,augmented_action,Augmented (+action buffer),"(0-40,0-40)",0,40,0,40,1111000,11,31680,2,0.6094215025679833,0.0422711402226056,83,-65.76424811407924,-65.31924916431308,0.7923403387238462,0.14833298325538635,0.010950809344649315,0.0
stochastic_0_40,"(0-40,0-40)",stochastic,augmented_action,Augmented (+action buffer),"(0-40,0-40)",0,40,0,40,1111000,11,31680,3,0.6094215025679833,0.0422711402226056,91,-63.08362907730043,-62.0655184071511,0.6932266931571476,0.09255551546812057,0.0295547004789114,0.0
stochastic_0_40,"(0-40,0-40)",stochastic,augmented_action,Augmented (+action buffer),"(0-40,0-40)",0,40,0,40,1111000,11,31680,4,0.6094215025679833,0.0422711402226056,88,-51.387622997164726,-50.43616072833538,0.5839502613314174,0.11893278360366821,0.004422931000590324,0.0
stochastic_0_40,"(0-40,0-40)",stochastic,augmented_action,Augmented (+action buffer),"(0-40,0-40)",0,40,0,40,1111000,11,31680,5,0.6094215025679833,0.0422711402226056,87,-56.61009554704651,-56.282500171568245,0.6506907534143277,0.04679933935403824,0.0043821982108056545,1.0
stochastic_0_40,"(0-40,0-40)",stochastic,augmented_action,Augmented (+action buffer),"(0-40,0-40)",0,40,0,40,1111000,11,31680,6,0.6094215025679833,0.0422711402226056,83,-30.54037859523669,-30.432700051460415,0.3679563686173095,0.035892847925424576,0.004496742505580187,1.0
stochastic_0_40,"(0-40,0-40)",stochastic,augmented_action,Augmented (+action buffer),"(0-40,0-40)",0,40,0,40,1111000,11,31680,7,0.6094215025679833,0.0422711402226056,86,-54.7811872405,-54.36214076401666,0.6369905493081396,0.06984107941389084,0.004208945203572512,0.0
stochastic_0_40,"(0-40,0-40)",stochastic,augmented_action,Augmented (+action buffer),"(0-40,0-40)",0,40,0,40,1112000,12,34560,0,0.6094215025679833,0.0422711402226056,93,-63.0800878982991,-62.72836571931839,0.6782805150354742,0.02705555222928524,0.023935772478580475,1.0
stochastic_0_40,"(0-40,0-40)",stochastic,augmented_action,Augmented (+action buffer),"(0-40,0-40)",0,40,0,40,1112000,12,34560,1,0.6094215025679833,0.0422711402226056,89,-44.69125438854098,-43.33935854956508,0.5021489257139437,0.1502106487751007,0.0323609784245491,0.0
stochastic_0_40,"(0-40,0-40)",stochastic,augmented_action,Augmented (+action buffer),"(0-40,0-40)",0,40,0,40,1112000,12,34560,2,0.6094215025679833,0.0422711402226056,87,-37.5026619231794,-36.90225828648545,0.43106507957677476,0.08577194809913635,0.0021994265262037516,0.0
stochastic_0_40,"(0-40,0-40)",stochastic,augmented_action,Augmented (+action buffer),"(0-40,0-40)",0,40,0,40,1112000,12,34560,3,0.6094215025679833,0.0422711402226056,82,-36.88507368974388,-36.73064516298473,0.44981797182614486,0.07721426337957382,0.028251713141798973,0.0
stochastic_0_40,"(0-40,0-40)",stochastic,augmented_action,Augmented (+action buffer),"(0-40,0-40)",0,40,0,40,1112000,12,34560,4,0.6094215025679833,0.0422711402226056,84,-58.94543339498341,-58.63111959584057,0.7017313499402787,0.07857844978570938,0.020056650042533875,0.0
stochastic_0_40,"(0-40,0-40)",stochastic,augmented_action,Augmented (+action buffer),"(0-40,0-40)",0,40,0,40,1112000,12,34560,5,0.6094215025679833,0.0422711402226056,95,-46.8873939467594,-46.55651809554547,0.49355151522904633,0.022058390080928802,0.010162909515202045,1.0
stochastic_0_40,"(0-40,0-40)",stochastic,augmented_action,Augmented (+action buffer),"(0-40,0-40)",0,40,0,40,1112000,12,34560,6,0.6094215025679833,0.0422711402226056,87,-56.7970924526453,-56.17605322599411,0.6528401431338541,0.08871988952159882,0.019702285528182983,0.0
stochastic_0_40,"(0-40,0-40)",stochastic,augmented_action,Augmented (+action buffer),"(0-40,0-40)",0,40,0,40,1112000,12,34560,7,0.6094215025679833,0.0422711402226056,87,-51.73728883266449,-50.8052081912756,0.594681480835224,0.13315437734127045,0.01337682455778122,0.0
stochastic_0_40,"(0-40,0-40)",stochastic,augmented_action,Augmented (+action buffer),"(0-40,0-40)",0,40,0,40,1113000,13,37440,0,0.6094215025679833,0.0422711402226056,93,-48.846273922827095,-48.27215473121032,0.5252287518583558,0.044163014739751816,0.007200819905847311,1.0
stochastic_0_40,"(0-40,0-40)",stochastic,augmented_action,Augmented (+action buffer),"(0-40,0-40)",0,40,0,40,1113000,13,37440,1,0.6094215025679833,0.0422711402226056,91,-62.60065567493439,-62.267089657485485,0.6879192931311471,0.030324183404445648,0.030324183404445648,1.0
stochastic_0_40,"(0-40,0-40)",stochastic,augmented_action,Augmented (+action buffer),"(0-40,0-40)",0,40,0,40,1113000,13,37440,2,0.6094215025679833,0.0422711402226056,96,-70.23420163616538,-69.43429037556052,0.7316062670433894,0.04999445378780365,0.019404329359531403,1.0
stochastic_0_40,"(0-40,0-40)",stochastic,augmented_action,Augmented (+action buffer),"(0-40,0-40)",0,40,0,40,1113000,13,37440,3,0.6094215025679833,0.0422711402226056,90,-49.54252830054611,-48.5220977505669,0.5504725366727345,0.10204305499792099,0.0064056189730763435,0.0
stochastic_0_40,"(0-40,0-40)",stochastic,augmented_action,Augmented (+action buffer),"(0-40,0-40)",0,40,0,40,1113000,13,37440,4,0.6094215025679833,0.0422711402226056,85,-43.39898977149278,-43.248115421272814,0.5105763502528562,0.030174870043992996,0.008038975298404694,1.0
stochastic_0_40,"(0-40,0-40)",stochastic,augmented_action,Augmented (+action buffer),"(0-40,0-40)",0,40,0,40,1113000,13,37440,5,0.6094215025679833,0.0422711402226056,83,-56.43601544573903,-56.26902949437499,0.679951993322157,0.05566198378801346,0.008133412338793278,1.0
stochastic_0_40,"(0-40,0-40)",stochastic,augmented_action,Augmented (+action buffer),"(0-40,0-40)",0,40,0,40,1113000,13,37440,6,0.6094215025679833,0.0422711402226056,92,-59.19789130799472,-58.11766676418483,0.6434553403042905,0.09001871198415756,0.0041303071193397045,0.0
stochastic_0_40,"(0-40,0-40)",stochastic,augmented_action,Augmented (+action buffer),"(0-40,0-40)",0,40,0,40,1113000,13,37440,7,0.6094215025679833,0.0422711402226056,81,-44.39863003510982,-44.35956822428852,0.5481312350013557,0.039061810821294785,0.013514685444533825,1.0
stochastic_0_40,"(0-40,0-40)",stochastic,augmented_action,Augmented (+action buffer),"(0-40,0-40)",0,40,0,40,1114000,14,40320,0,0.6094215025679833,0.0422711402226056,89,-52.45744623616338,-51.32279685512185,0.5894095082714986,0.12607215344905853,0.010450463742017746,0.0
stochastic_0_40,"(0-40,0-40)",stochastic,augmented_action,Augmented (+action buffer),"(0-40,0-40)",0,40,0,40,1114000,14,40320,1,0.6094215025679833,0.0422711402226056,83,-40.73934920690954,-40.401935493573546,0.49083553261336793,0.11247123777866364,0.023750605061650276,0.0
stochastic_0_40,"(0-40,0-40)",stochastic,augmented_action,Augmented (+action buffer),"(0-40,0-40)",0,40,0,40,1114000,14,40320,2,0.6094215025679833,0.0422711402226056,84,-62.587756872177124,-62.32166966795921,0.7450923437163943,0.06652180105447769,0.01044165063649416,0.0
stochastic_0_40,"(0-40,0-40)",stochastic,augmented_action,Augmented (+action buffer),"(0-40,0-40)",0,40,0,40,1114000,14,40320,3,0.6094215025679833,0.0422711402226056,83,-37.92445719987154,-37.87622131407261,0.4569211710827896,0.016078628599643707,0.009945444762706757,1.0
stochastic_0_40,"(0-40,0-40)",stochastic,augmented_action,Augmented (+action buffer),"(0-40,0-40)",0,40,0,40,1114000,14,40320,4,0.6094215025679833,0.0422711402226056,80,-48.428892727941275,-48.428892727941275,0.6053611590992659,0.29394471645355225,0.017286743968725204,0.0
stochastic_0_40,"(0-40,0-40)",stochastic,augmented_action,Augmented (+action buffer),"(0-40,0-40)",0,40,0,40,1114000,14,40320,5,0.6094215025679833,0.0422711402226056,90,-29.878839457873255,-29.402576106134802,0.33198710508748064,0.04762633517384529,0.00662970170378685,1.0
stochastic_0_40,"(0-40,0-40)",stochastic,augmented_action,Augmented (+action buffer),"(0-40,0-40)",0,40,0,40,1114000,14,40320,6,0.6094215025679833,0.0422711402226056,82,-62.791000071913004,-62.62251106277108,0.7657439033160123,0.084244504570961,0.02151402086019516,0.0
stochastic_0_40,"(0-40,0-40)",stochastic,augmented_action,Augmented (+action buffer),"(0-40,0-40)",0,40,0,40,1114000,14,40320,7,0.6094215025679833,0.0422711402226056,80,-52.10655456408858,-52.10655456408858,0.6513319320511073,0.15670911967754364,0.01581796072423458,0.0
stochastic_0_40,"(0-40,0-40)",stochastic,augmented_action,Augmented (+action buffer),"(0-40,0-40)",0,40,0,40,1115000,15,43200,0,0.6094215025679833,0.0422711402226056,83,-54.47746500233188,-54.3465749793686,0.656355000028095,0.04363000765442848,0.006268857512623072,1.0
stochastic_0_40,"(0-40,0-40)",stochastic,augmented_action,Augmented (+action buffer),"(0-40,0-40)",0,40,0,40,1115000,15,43200,1,0.6094215025679833,0.0422711402226056,84,-43.444393190555274,-43.104764643125236,0.51719515703042,0.08490713685750961,0.011608450673520565,0.0
stochastic_0_40,"(0-40,0-40)",stochastic,augmented_action,Augmented (+action buffer),"(0-40,0-40)",0,40,0,40,1115000,15,43200,2,0.6094215025679833,0.0422711402226056,86,-41.000621617771685,-40.677314021624625,0.4767514141601359,0.0538845993578434,0.0065656122751533985,1.0
stochastic_0_40,"(0-40,0-40)",stochastic,augmented_action,Augmented (+action buffer),"(0-40,0-40)",0,40,0,40,1115000,15,43200,3,0.6094215025679833,0.0422711402226056,83,-51.93788616731763,-51.665074463933706,0.6257576646664774,0.09093723446130753,0.039943721145391464,0.0
stochastic_0_40,"(0-40,0-40)",stochastic,augmented_action,Augmented (+action buffer),"(0-40,0-40)",0,40,0,40,1115000,15,43200,4,0.6094215025679833,0.0422711402226056,81,-57.518281150609255,-57.48612739890814,0.7101022364272748,0.03215375170111656,0.030277226120233536,1.0
stochastic_0_40,"(0-40,0-40)",stochastic,augmented_action,Augmented (+action buffer),"(0-40,0-40)",0,40,0,40,1115000,15,43200,5,0.6094215025679833,0.0422711402226056,82,-50.62421712744981,-50.55189423728734,0.617368501554266,0.03616144508123398,0.005894907750189304,1.0
stochastic_0_40,"(0-40,0-40)",stochastic,augmented_action,Augmented (+action buffer),"(0-40,0-40)",0,40,0,40,1115000,15,43200,6,0.6094215025679833,0.0422711402226056,88,-48.957932610064745,-48.565180975943804,0.5563401432961903,0.049093954265117645,0.035660844296216965,1.0
stochastic_0_40,"(0-40,0-40)",stochastic,augmented_action,Augmented (+action buffer),"(0-40,0-40)",0,40,0,40,1115000,15,43200,7,0.6094215025679833,0.0422711402226056,87,-38.54244729876518,-38.30048070847988,0.4430166356179906,0.03456665575504303,0.007558674551546574,1.0
stochastic_0_40,"(0-40,0-40)",stochastic,augmented_action,Augmented (+action buffer),"(0-40,0-40)",0,40,0,40,1116000,16,46080,0,0.6094215025679833,0.0422711402226056,89,-50.20879655145109,-50.06565760076046,0.5641437814769785,0.015904327854514122,0.015703534707427025,1.0
stochastic_0_40,"(0-40,0-40)",stochastic,augmented_action,Augmented (+action buffer),"(0-40,0-40)",0,40,0,40,1116000,16,46080,1,0.6094215025679833,0.0422711402226056,80,-46.348365319892764,-46.348365319892764,0.5793545664986596,0.09602069854736328,0.009214258752763271,0.0
stochastic_0_40,"(0-40,0-40)",stochastic,augmented_action,Augmented (+action buffer),"(0-40,0-40)",0,40,0,40,1116000,16,46080,2,0.6094215025679833,0.0422711402226056,92,-37.8713794182986,-36.43198741786182,0.4116454284597674,0.1199493333697319,0.0196214746683836,0.0
stochastic_0_40,"(0-40,0-40)",stochastic,augmented_action,Augmented (+action buffer),"(0-40,0-40)",0,40,0,40,1116000,16,46080,3,0.6094215025679833,0.0422711402226056,87,-51.12512256484479,-50.92706367280334,0.5876450869522389,0.02829412743449211,0.015099238604307175,1.0
stochastic_0_40,"(0-40,0-40)",stochastic,augmented_action,Augmented (+action buffer),"(0-40,0-40)",0,40,0,40,1116000,16,46080,4,0.6094215025679833,0.0422711402226056,91,-52.09317153925076,-51.79754626797512,0.5724524344972611,0.026875024661421776,0.006731512490659952,1.0
stochastic_0_40,"(0-40,0-40)",stochastic,augmented_action,Augmented (+action buffer),"(0-40,0-40)",0,40,0,40,1116000,16,46080,5,0.6094215025679833,0.0422711402226056,91,-56.34226360544562,-55.70022751763463,0.6191457539059959,0.058366917073726654,0.013198036700487137,1.0
stochastic_0_40,"(0-40,0-40)",stochastic,augmented_action,Augmented (+action buffer),"(0-40,0-40)",0,40,0,40,1116000,16,46080,6,0.6094215025679833,0.0422711402226056,88,-45.65471003949642,-45.132568284869194,0.5188035231760957,0.06526771932840347,0.042073022574186325,0.0
stochastic_0_40,"(0-40,0-40)",stochastic,augmented_action,Augmented (+action buffer),"(0-40,0-40)",0,40,0,40,1116000,16,46080,7,0.6094215025679833,0.0422711402226056,82,-37.698603129945695,-37.42295846994966,0.4597390625603134,0.13782232999801636,0.008607753552496433,0.0
stochastic_0_40,"(0-40,0-40)",stochastic,augmented_action,Augmented (+action buffer),"(0-40,0-40)",0,40,0,40,1117000,17,48960,0,0.5233242843154682,0.029844724931622154,84,-49.11205867677927,-49.00257543474436,0.5846673651997533,0.027370810508728027,0.015469610691070557,1.0
stochastic_0_40,"(0-40,0-40)",stochastic,augmented_action,Augmented (+action buffer),"(0-40,0-40)",0,40,0,40,1117000,17,48960,1,0.5233242843154682,0.029844724931622154,80,-45.995632679667324,-45.995632679667324,0.5749454084958415,0.04554658383131027,0.005934569519013166,1.0
stochastic_0_40,"(0-40,0-40)",stochastic,augmented_action,Augmented (+action buffer),"(0-40,0-40)",0,40,0,40,1117000,17,48960,2,0.5233242843154682,0.029844724931622154,89,-41.69171058386564,-41.26583268865943,0.468446186335569,0.047319766134023666,0.0052378978580236435,1.0
stochastic_0_40,"(0-40,0-40)",stochastic,augmented_action,Augmented (+action buffer),"(0-40,0-40)",0,40,0,40,1117000,17,48960,3,0.5233242843154682,0.029844724931622154,91,-52.903828874230385,-52.11334969103336,0.5813607568596746,0.07186174392700195,0.029795628041028976,0.0
stochastic_0_40,"(0-40,0-40)",stochastic,augmented_action,Augmented (+action buffer),"(0-40,0-40)",0,40,0,40,1117000,17,48960,4,0.5233242843154682,0.029844724931622154,86,-64.87267896160483,-64.46734223887324,0.7543334762977306,0.06755612045526505,0.010691633448004723,0.0
stochastic_0_40,"(0-40,0-40)",stochastic,augmented_action,Augmented (+action buffer),"(0-40,0-40)",0,40,0,40,1117000,17,48960,5,0.5233242843154682,0.029844724931622154,85,-50.8725537834689,-50.3918425841257,0.598500632746693,0.0961422398686409,0.005678786896169186,0.0
stochastic_0_40,"(0-40,0-40)",stochastic,augmented_action,Augmented (+action buffer),"(0-40,0-40)",0,40,0,40,1117000,17,48960,6,0.5233242843154682,0.029844724931622154,85,-66.40125775709748,-66.12924855202436,0.7811912677305586,0.05440184101462364,0.021274682134389877,1.0
stochastic_0_40,"(0-40,0-40)",stochastic,augmented_action,Augmented (+action buffer),"(0-40,0-40)",0,40,0,40,1117000,17,48960,7,0.5233242843154682,0.029844724931622154,89,-50.10114973783493,-49.36962906271219,0.5629342667172464,0.08128007501363754,0.05257647484540939,0.0
stochastic_0_40,"(0-40,0-40)",stochastic,augmented_action,Augmented (+action buffer),"(0-40,0-40)",0,40,0,40,1118000,18,51840,0,0.5233242843154682,0.029844724931622154,85,-59.84694096632302,-59.134969444945455,0.7040816584273296,0.1423943042755127,0.01918479986488819,0.0
stochastic_0_40,"(0-40,0-40)",stochastic,augmented_action,Augmented (+action buffer),"(0-40,0-40)",0,40,0,40,1118000,18,51840,1,0.5233242843154682,0.029844724931622154,83,-42.40332700009458,-42.10163262183778,0.5108834578324648,0.10056479275226593,0.0036277922336012125,0.0
stochastic_0_40,"(0-40,0-40)",stochastic,augmented_action,Augmented (+action buffer),"(0-40,0-40)",0,40,0,40,1118000,18,51840,2,0.5233242843154682,0.029844724931622154,85,-49.2843001075089,-49.03984795510769,0.5798152953824576,0.048890430480241776,0.03004782274365425,1.0
stochastic_0_40,"(0-40,0-40)",stochastic,augmented_action,Augmented (+action buffer),"(0-40,0-40)",0,40,0,40,1118000,18,51840,3,0.5233242843154682,0.029844724931622154,90,-40.761328167282045,-40.38056587334722,0.45290364630313384,0.03807622939348221,0.008014037273824215,1.0
stochastic_0_40,"(0-40,0-40)",stochastic,augmented_action,Augmented (+action buffer),"(0-40,0-40)",0,40,0,40,1118000,18,51840,4,0.5233242843154682,0.029844724931622154,90,-68.92074475623667,-67.50188539363444,0.7657860528470741,0.1418859362602234,0.028536038473248482,0.0
stochastic_0_40,"(0-40,0-40)",stochastic,augmented_action,Augmented (+action buffer),"(0-40,0-40)",0,40,0,40,1118000,18,51840,5,0.5233242843154682,0.029844724931622154,90,-34.653598070610315,-34.58751488989219,0.38503997856233685,0.006608318071812391,0.006608318071812391,1.0
stochastic_0_40,"(0-40,0-40)",stochastic,augmented_action,Augmented (+action buffer),"(0-40,0-40)",0,40,0,40,1118000,18,51840,6,0.5233242843154682,0.029844724931622154,84,-53.39590173587203,-53.33553243800998,0.6356654968556195,0.01509232446551323,0.006991447880864143,1.0
stochastic_0_40,"(0-40,0-40)",stochastic,augmented_action,Augmented (+action buffer),"(0-40,0-40)",0,40,0,40,1118000,18,51840,7,0.5233242843154682,0.029844724931622154,84,-62.91949620004743,-62.884915756992996,0.7490416214291361,0.00864511076360941,0.00864511076360941,1.0
stochastic_0_40,"(0-40,0-40)",stochastic,augmented_action,Augmented (+action buffer),"(0-40,0-40)",0,40,0,40,1119000,19,54720,0,0.5233242843154682,0.029844724931622154,93,-54.989862541202456,-54.798599055502564,0.5912888445290586,0.014712575823068619,0.0031979875639081,1.0
stochastic_0_40,"(0-40,0-40)",stochastic,augmented_action,Augmented (+action buffer),"(0-40,0-40)",0,40,0,40,1119000,19,54720,1,0.5233242843154682,0.029844724931622154,87,-62.084099035710096,-61.61099262163043,0.7136103337437942,0.06758663058280945,0.036202214658260345,0.0
stochastic_0_40,"(0-40,0-40)",stochastic,augmented_action,Augmented (+action buffer),"(0-40,0-40)",0,40,0,40,1119000,19,54720,2,0.5233242843154682,0.029844724931622154,91,-46.13647100329399,-45.76160494983196,0.5069941868493845,0.03407873213291168,0.013277538120746613,1.0
stochastic_0_40,"(0-40,0-40)",stochastic,augmented_action,Augmented (+action buffer),"(0-40,0-40)",0,40,0,40,1119000,19,54720,3,0.5233242843154682,0.029844724931622154,88,-56.51756741385907,-56.093513059429824,0.6422450842483985,0.053006794303655624,0.007832919247448444,1.0
stochastic_0_40,"(0-40,0-40)",stochastic,augmented_action,Augmented (+action buffer),"(0-40,0-40)",0,40,0,40,1119000,19,54720,4,0.5233242843154682,0.029844724931622154,82,-46.01800839975476,-45.976006392389536,0.5611952243872532,0.021001003682613373,0.017075294628739357,1.0
stochastic_0_40,"(0-40,0-40)",stochastic,augmented_action,Augmented (+action buffer),"(0-40,0-40)",0,40,0,40,1119000,19,54720,5,0.5233242843154682,0.029844724931622154,88,-41.30794566590339,-41.07449741382152,0.46940847347617487,0.02918103151023388,0.013442971743643284,1.0
stochastic_0_40,"(0-40,0-40)",stochastic,augmented_action,Augmented (+action buffer),"(0-40,0-40)",0,40,0,40,1119000,19,54720,6,0.5233242843154682,0.029844724931622154,92,-68.3064420055598,-67.91437421552837,0.7424613261473891,0.03267231583595276,0.008204654790461063,1.0
stochastic_0_40,"(0-40,0-40)",stochastic,augmented_action,Augmented (+action buffer),"(0-40,0-40)",0,40,0,40,1119000,19,54720,7,0.5233242843154682,0.029844724931622154,82,-50.188191652297974,-50.12799910455942,0.6120511177109509,0.030096273869276047,0.01408764161169529,1.0
stochastic_0_40,"(0-40,0-40)",stochastic,augmented_action,Augmented (+action buffer),"(0-40,0-40)",0,40,0,40,1120000,20,57600,0,0.5233242843154682,0.029844724931622154,88,-59.156843196600676,-58.55286694690585,0.6722368545068259,0.07549703121185303,0.05846288427710533,0.0
stochastic_0_40,"(0-40,0-40)",stochastic,augmented_action,Augmented (+action buffer),"(0-40,0-40)",0,40,0,40,1120000,20,57600,1,0.5233242843154682,0.029844724931622154,93,-66.67855683714151,-64.59406366199255,0.7169737294316292,0.1603456288576126,0.03760547563433647,0.0
stochastic_0_40,"(0-40,0-40)",stochastic,augmented_action,Augmented (+action buffer),"(0-40,0-40)",0,40,0,40,1120000,20,57600,2,0.5233242843154682,0.029844724931622154,85,-44.78728830628097,-44.596150217577815,0.5269092741915409,0.038227617740631104,0.015594391152262688,1.0
stochastic_0_40,"(0-40,0-40)",stochastic,augmented_action,Augmented (+action buffer),"(0-40,0-40)",0,40,0,40,1120000,20,57600,3,0.5233242843154682,0.029844724931622154,90,-34.883107425644994,-34.6769347358495,0.3875900825071666,0.020617268979549408,0.020617268979549408,1.0
stochastic_0_40,"(0-40,0-40)",stochastic,augmented_action,Augmented (+action buffer),"(0-40,0-40)",0,40,0,40,1120000,20,57600,4,0.5233242843154682,0.029844724931622154,86,-53.19576402567327,-52.965617237612605,0.6185553956473636,0.038357798010110855,0.018750285729765892,1.0
stochastic_0_40,"(0-40,0-40)",stochastic,augmented_action,Augmented (+action buffer),"(0-40,0-40)",0,40,0,40,1120000,20,57600,5,0.5233242843154682,0.029844724931622154,90,-63.3814740087837,-63.13895716331899,0.7042386000975966,0.024251684546470642,0.0015280339866876602,1.0
stochastic_0_40,"(0-40,0-40)",stochastic,augmented_action,Augmented (+action buffer),"(0-40,0-40)",0,40,0,40,1120000,20,57600,6,0.5233242843154682,0.029844724931622154,85,-46.83014299720526,-46.562868524342775,0.5509428587906501,0.053454894572496414,0.020596139132976532,1.0
stochastic_0_40,"(0-40,0-40)",stochastic,augmented_action,Augmented (+action buffer),"(0-40,0-40)",0,40,0,40,1120000,20,57600,7,0.5233242843154682,0.029844724931622154,90,-46.50113049149513,-46.328943215310574,0.5166792276832792,0.017218727618455887,0.013362769968807697,1.0
stochastic_0_40,"(0-40,0-40)",stochastic,augmented_action,Augmented (+action buffer),"(0-40,0-40)",0,40,0,40,1121000,21,60480,0,0.5233242843154682,0.029844724931622154,82,-53.200436496175826,-53.15628142748028,0.6487858109289735,0.0220775343477726,0.009790662676095963,1.0
stochastic_0_40,"(0-40,0-40)",stochastic,augmented_action,Augmented (+action buffer),"(0-40,0-40)",0,40,0,40,1121000,21,60480,1,0.5233242843154682,0.029844724931622154,86,-62.48569318652153,-61.23069608211517,0.7265778277502504,0.20916618406772614,0.01868157461285591,0.0
stochastic_0_40,"(0-40,0-40)",stochastic,augmented_action,Augmented (+action buffer),"(0-40,0-40)",0,40,0,40,1121000,21,60480,2,0.5233242843154682,0.029844724931622154,85,-61.7476297467947,-61.52303545922041,0.726442702903467,0.044918857514858246,0.021090799942612648,1.0
stochastic_0_40,"(0-40,0-40)",stochastic,augmented_action,Augmented (+action buffer),"(0-40,0-40)",0,40,0,40,1121000,21,60480,3,0.5233242843154682,0.029844724931622154,91,-41.33238934725523,-40.16409868001938,0.4542020807390685,0.10620824247598648,0.03249255567789078,0.0
stochastic_0_40,"(0-40,0-40)",stochastic,augmented_action,Augmented (+action buffer),"(0-40,0-40)",0,40,0,40,1121000,21,60480,4,0.5233242843154682,0.029844724931622154,90,-44.719553865492344,-44.48896089196205,0.4968839318388038,0.02305929735302925,0.009473512880504131,1.0
stochastic_0_40,"(0-40,0-40)",stochastic,augmented_action,Augmented (+action buffer),"(0-40,0-40)",0,40,0,40,1121000,21,60480,5,0.5233242843154682,0.029844724931622154,86,-49.251927925273776,-48.79627407900989,0.5726968363403927,0.07594230771064758,0.0264641884714365,0.0
stochastic_0_40,"(0-40,0-40)",stochastic,augmented_action,Augmented (+action buffer),"(0-40,0-40)",0,40,0,40,1121000,21,60480,6,0.5233242843154682,0.029844724931622154,88,-54.2416557619581,-54.067173297167756,0.6163824518404329,0.02181030809879303,0.0013930505374446511,1.0
stochastic_0_40,"(0-40,0-40)",stochastic,augmented_action,Augmented (+action buffer),"(0-40,0-40)",0,40,0,40,1121000,21,60480,7,0.5233242843154682,0.029844724931622154,84,-53.68672378361225,-53.35112453997135,0.639127664090622,0.08389981091022491,0.06828523427248001,0.0
stochastic_0_40,"(0-40,0-40)",stochastic,augmented_action,Augmented (+action buffer),"(0-40,0-40)",0,40,0,40,1122000,22,63360,0,0.5233242843154682,0.029844724931622154,83,-44.20227785222232,-44.117178339511156,0.5325575644846063,0.02836650423705578,0.009691529907286167,1.0
stochastic_0_40,"(0-40,0-40)",stochastic,augmented_action,Augmented (+action buffer),"(0-40,0-40)",0,40,0,40,1122000,22,63360,1,0.5233242843154682,0.029844724931622154,83,-67.49694900400937,-67.43272309564054,0.8132162530603538,0.02140863612294197,0.021183766424655914,1.0
stochastic_0_40,"(0-40,0-40)",stochastic,augmented_action,Augmented (+action buffer),"(0-40,0-40)",0,40,0,40,1122000,22,63360,2,0.5233242843154682,0.029844724931622154,88,-45.925471268594265,-45.7796531394124,0.5218803553249348,0.018227266147732735,0.018227266147732735,1.0
stochastic_0_40,"(0-40,0-40)",stochastic,augmented_action,Augmented (+action buffer),"(0-40,0-40)",0,40,0,40,1122000,22,63360,3,0.5233242843154682,0.029844724931622154,87,-45.14236568938941,-44.64973957370967,0.5188777665447059,0.07037515938282013,0.01311545167118311,0.0
stochastic_0_40,"(0-40,0-40)",stochastic,augmented_action,Augmented (+action buffer),"(0-40,0-40)",0,40,0,40,1122000,22,63360,4,0.5233242843154682,0.029844724931622154,89,-42.592376716434956,-42.41897180303931,0.47856603052174107,0.019267212599515915,0.01574449986219406,1.0
stochastic_0_40,"(0-40,0-40)",stochastic,augmented_action,Augmented (+action buffer),"(0-40,0-40)",0,40,0,40,1122000,22,63360,5,0.5233242843154682,0.029844724931622154,93,-51.97275363607332,-51.324974473100156,0.558846813291111,0.04982916638255119,0.006659678649157286,1.0
stochastic_0_40,"(0-40,0-40)",stochastic,augmented_action,Augmented (+action buffer),"(0-40,0-40)",0,40,0,40,1122000,22,63360,6,0.5233242843154682,0.029844724931622154,85,-35.04885049397126,-35.028887287247926,0.41233941757613246,0.003992641344666481,0.0018312956672161818,1.0
stochastic_0_40,"(0-40,0-40)",stochastic,augmented_action,Augmented (+action buffer),"(0-40,0-40)",0,40,0,40,1122000,22,63360,7,0.5233242843154682,0.029844724931622154,91,-63.93697845679708,-63.349859909387305,0.702604158865902,0.05337441340088844,0.0029248048085719347,1.0
stochastic_0_40,"(0-40,0-40)",stochastic,augmented_action,Augmented (+action buffer),"(0-40,0-40)",0,40,0,40,1123000,23,66240,0,0.5233242843154682,0.029844724931622154,88,-41.85790431126952,-41.56460350379348,0.47565800353715365,0.03666260093450546,0.03666260093450546,1.0
stochastic_0_40,"(0-40,0-40)",stochastic,augmented_action,Augmented (+action buffer),"(0-40,0-40)",0,40,0,40,1123000,23,66240,1,0.5233242843154682,0.029844724931622154,82,-36.60155115183443,-36.53477980848402,0.4463603799004199,0.03338567167520523,0.01551897544413805,1.0
stochastic_0_40,"(0-40,0-40)",stochastic,augmented_action,Augmented (+action buffer),"(0-40,0-40)",0,40,0,40,1123000,23,66240,2,0.5233242843154682,0.029844724931622154,87,-42.80981872603297,-42.67933834530413,0.49206688190842496,0.018640054389834404,0.018640054389834404,1.0
stochastic_0_40,"(0-40,0-40)",stochastic,augmented_action,Augmented (+action buffer),"(0-40,0-40)",0,40,0,40,1123000,23,66240,3,0.5233242843154682,0.029844724931622154,86,-52.08454570546746,-51.25936419144273,0.6056342523891566,0.13753025233745575,0.021021030843257904,0.0
stochastic_0_40,"(0-40,0-40)",stochastic,augmented_action,Augmented (+action buffer),"(0-40,0-40)",0,40,0,40,1123000,23,66240,4,0.5233242843154682,0.029844724931622154,85,-49.933698133565485,-49.379884854890406,0.5874552721595939,0.11076265573501587,0.01023028139024973,0.0
stochastic_0_40,"(0-40,0-40)",stochastic,augmented_action,Augmented (+action buffer),"(0-40,0-40)",0,40,0,40,1123000,23,66240,5,0.5233242843154682,0.029844724931622154,86,-78.68070689961314,-77.90443653985858,0.914891940693176,0.12937839329242706,0.037642043083906174,0.0
stochastic_0_40,"(0-40,0-40)",stochastic,augmented_action,Augmented (+action buffer),"(0-40,0-40)",0,40,0,40,1123000,23,66240,6,0.5233242843154682,0.029844724931622154,82,-51.588282871991396,-51.470106575638056,0.6291254008779439,0.059088148176670074,0.033375333994627,1.0
stochastic_0_40,"(0-40,0-40)",stochastic,augmented_action,Augmented (+action buffer),"(0-40,0-40)",0,40,0,40,1123000,23,66240,7,0.5233242843154682,0.029844724931622154,98,-51.3065375671722,-51.11865923600271,0.5235360976242062,0.010437685064971447,0.004575006198137999,1.0
stochastic_0_40,"(0-40,0-40)",stochastic,augmented_action,Augmented (+action buffer),"(0-40,0-40)",0,40,0,40,1124000,24,69120,0,0.5233242843154682,0.029844724931622154,87,-51.40769729670137,-50.7483822023496,0.5908930723758778,0.09418787062168121,0.008865431882441044,0.0
stochastic_0_40,"(0-40,0-40)",stochastic,augmented_action,Augmented (+action buffer),"(0-40,0-40)",0,40,0,40,1124000,24,69120,1,0.5233242843154682,0.029844724931622154,86,-71.48343599960208,-70.85541405901313,0.8312027441814195,0.10467032343149185,0.05840122699737549,0.0
stochastic_0_40,"(0-40,0-40)",stochastic,augmented_action,Augmented (+action buffer),"(0-40,0-40)",0,40,0,40,1124000,24,69120,2,0.5233242843154682,0.029844724931622154,82,-47.767654372379184,-47.628586215898395,0.582532370394868,0.06953407824039459,0.028546061366796494,0.0
stochastic_0_40,"(0-40,0-40)",stochastic,augmented_action,Augmented (+action buffer),"(0-40,0-40)",0,40,0,40,1124000,24,69120,3,0.5233242843154682,0.029844724931622154,90,-51.82829846441746,-51.4647590816021,0.5758699829379718,0.0363539382815361,0.021653417497873306,1.0
stochastic_0_40,"(0-40,0-40)",stochastic,augmented_action,Augmented (+action buffer),"(0-40,0-40)",0,40,0,40,1124000,24,69120,4,0.5233242843154682,0.029844724931622154,88,-56.71519976109266,-56.26187556236982,0.644490906376053,0.05666552484035492,0.03425940126180649,1.0
stochastic_0_40,"(0-40,0-40)",stochastic,augmented_action,Augmented (+action buffer),"(0-40,0-40)",0,40,0,40,1124000,24,69120,5,0.5233242843154682,0.029844724931622154,97,-50.21412203274667,-49.435648368671536,0.5176713611623368,0.04579256847500801,0.01685147173702717,1.0
stochastic_0_40,"(0-40,0-40)",stochastic,augmented_action,Augmented (+action buffer),"(0-40,0-40)",0,40,0,40,1124000,24,69120,6,0.5233242843154682,0.029844724931622154,87,-40.37155730742961,-39.67970876861364,0.46404088859114495,0.09883550554513931,0.0073026018217206,0.0
stochastic_0_40,"(0-40,0-40)",stochastic,augmented_action,Augmented (+action buffer),"(0-40,0-40)",0,40,0,40,1124000,24,69120,7,0.5233242843154682,0.029844724931622154,83,-40.04475647560321,-39.976649567252025,0.4824669454891953,0.022702302783727646,0.002104948041960597,1.0
stochastic_0_40,"(0-40,0-40)",stochastic,augmented_action_delay,Augmented (+action buffer + delay values),"(0-40,0-40)",0,40,0,40,900000,0,0,0,0.7592573860315994,0.2384058440442351,83,-52.13949642702937,-52.01199470460415,0.6281867039401129,0.0425005741417408,0.011793648824095726,1.0
stochastic_0_40,"(0-40,0-40)",stochastic,augmented_action_delay,Augmented (+action buffer + delay values),"(0-40,0-40)",0,40,0,40,900000,0,0,1,0.7592573860315994,0.2384058440442351,84,-48.780318319797516,-48.118526458740234,0.5807180752356847,0.16544796526432037,0.030578529462218285,0.0
stochastic_0_40,"(0-40,0-40)",stochastic,augmented_action_delay,Augmented (+action buffer + delay values),"(0-40,0-40)",0,40,0,40,900000,0,0,2,0.7592573860315994,0.2384058440442351,82,-34.09731055051088,-34.059034049510956,0.41582086037208393,0.01913825049996376,0.01781250350177288,1.0
stochastic_0_40,"(0-40,0-40)",stochastic,augmented_action_delay,Augmented (+action buffer + delay values),"(0-40,0-40)",0,40,0,40,900000,0,0,3,0.7592573860315994,0.2384058440442351,89,-59.13015845045447,-57.63695136830211,0.6643838028140953,0.16591189801692963,0.010025249794125557,0.0
stochastic_0_40,"(0-40,0-40)",stochastic,augmented_action_delay,Augmented (+action buffer + delay values),"(0-40,0-40)",0,40,0,40,900000,0,0,4,0.7592573860315994,0.2384058440442351,83,-42.13777846796438,-41.88242173148319,0.5076840779272817,0.08511891216039658,0.0026648184284567833,0.0
stochastic_0_40,"(0-40,0-40)",stochastic,augmented_action_delay,Augmented (+action buffer + delay values),"(0-40,0-40)",0,40,0,40,900000,0,0,5,0.7592573860315994,0.2384058440442351,87,-45.10868642106652,-44.825781758874655,0.518490648518006,0.040414951741695404,0.019397418946027756,1.0
stochastic_0_40,"(0-40,0-40)",stochastic,augmented_action_delay,Augmented (+action buffer + delay values),"(0-40,0-40)",0,40,0,40,900000,0,0,6,0.7592573860315994,0.2384058440442351,93,-58.2049366356805,-57.179926914162934,0.6258595337169945,0.07884690165519714,0.008952626027166843,0.0
stochastic_0_40,"(0-40,0-40)",stochastic,augmented_action_delay,Augmented (+action buffer + delay values),"(0-40,0-40)",0,40,0,40,900000,0,0,7,0.7592573860315994,0.2384058440442351,89,-48.14311516471207,-47.90183678455651,0.5409338782551918,0.026808708906173706,0.026808708906173706,1.0
stochastic_0_40,"(0-40,0-40)",stochastic,augmented_action_delay,Augmented (+action buffer + delay values),"(0-40,0-40)",0,40,0,40,901000,1,2880,0,0.6397896696076902,0.4293741588418708,84,-46.68140255380422,-46.39727105665952,0.5557309827833835,0.07103287428617477,0.012575187720358372,0.0
stochastic_0_40,"(0-40,0-40)",stochastic,augmented_action_delay,Augmented (+action buffer + delay values),"(0-40,0-40)",0,40,0,40,901000,1,2880,1,0.6397896696076902,0.4293741588418708,90,-38.721029629930854,-38.40466225706041,0.4302336625547873,0.031636737287044525,0.02123131975531578,1.0
stochastic_0_40,"(0-40,0-40)",stochastic,augmented_action_delay,Augmented (+action buffer + delay values),"(0-40,0-40)",0,40,0,40,901000,1,2880,2,0.6397896696076902,0.4293741588418708,88,-60.86054929718375,-60.64273789152503,0.6915971511043608,0.02722642570734024,0.02450781874358654,1.0
stochastic_0_40,"(0-40,0-40)",stochastic,augmented_action_delay,Augmented (+action buffer + delay values),"(0-40,0-40)",0,40,0,40,901000,1,2880,3,0.6397896696076902,0.4293741588418708,83,-57.297634368762374,-57.07501604966819,0.6903329442019563,0.07420610636472702,0.024053536355495453,0.0
stochastic_0_40,"(0-40,0-40)",stochastic,augmented_action_delay,Augmented (+action buffer + delay values),"(0-40,0-40)",0,40,0,40,901000,1,2880,4,0.6397896696076902,0.4293741588418708,90,-35.160291381180286,-34.65581640601158,0.39066990423533654,0.0504474975168705,0.037783198058605194,1.0
stochastic_0_40,"(0-40,0-40)",stochastic,augmented_action_delay,Augmented (+action buffer + delay values),"(0-40,0-40)",0,40,0,40,901000,1,2880,5,0.6397896696076902,0.4293741588418708,80,-48.218105994164944,-48.218105994164944,0.6027263249270618,0.03769972175359726,0.01815020851790905,1.0
stochastic_0_40,"(0-40,0-40)",stochastic,augmented_action_delay,Augmented (+action buffer + delay values),"(0-40,0-40)",0,40,0,40,901000,1,2880,6,0.6397896696076902,0.4293741588418708,83,-53.05366018228233,-52.96504061669111,0.639200725087739,0.02953985519707203,0.005409351550042629,1.0
stochastic_0_40,"(0-40,0-40)",stochastic,augmented_action_delay,Augmented (+action buffer + delay values),"(0-40,0-40)",0,40,0,40,901000,1,2880,7,0.6397896696076902,0.4293741588418708,90,-30.811503570294008,-30.555346201872453,0.34235003966993344,0.025615736842155457,0.002567588584497571,1.0
stochastic_0_40,"(0-40,0-40)",stochastic,augmented_action_delay,Augmented (+action buffer + delay values),"(0-40,0-40)",0,40,0,40,902000,2,5760,0,0.7267378228311662,0.6652827026594303,92,-49.16570244077593,-48.89226766023785,0.5344098091388688,0.022786231711506844,0.013836837373673916,1.0
stochastic_0_40,"(0-40,0-40)",stochastic,augmented_action_delay,Augmented (+action buffer + delay values),"(0-40,0-40)",0,40,0,40,902000,2,5760,1,0.7267378228311662,0.6652827026594303,88,-48.63817857555114,-48.51054311147891,0.552706574722172,0.015954433009028435,0.002773560816422105,1.0
stochastic_0_40,"(0-40,0-40)",stochastic,augmented_action_delay,Augmented (+action buffer + delay values),"(0-40,0-40)",0,40,0,40,902000,2,5760,2,0.7267378228311662,0.6652827026594303,86,-36.88199530541897,-36.70446005836129,0.4288604105281275,0.029589207842946053,0.010127043351531029,1.0
stochastic_0_40,"(0-40,0-40)",stochastic,augmented_action_delay,Augmented (+action buffer + delay values),"(0-40,0-40)",0,40,0,40,902000,2,5760,3,0.7267378228311662,0.6652827026594303,94,-28.70197901688516,-28.156802309677005,0.305340202307289,0.038941193372011185,0.007395106367766857,1.0
stochastic_0_40,"(0-40,0-40)",stochastic,augmented_action_delay,Augmented (+action buffer + delay values),"(0-40,0-40)",0,40,0,40,902000,2,5760,4,0.7267378228311662,0.6652827026594303,86,-36.77281620539725,-36.60080770589411,0.4275908861092703,0.028668083250522614,0.018206549808382988,1.0
stochastic_0_40,"(0-40,0-40)",stochastic,augmented_action_delay,Augmented (+action buffer + delay values),"(0-40,0-40)",0,40,0,40,902000,2,5760,5,0.7267378228311662,0.6652827026594303,93,-50.03231163881719,-49.830119219608605,0.5379818455786795,0.015553263016045094,0.011363033205270767,1.0
stochastic_0_40,"(0-40,0-40)",stochastic,augmented_action_delay,Augmented (+action buffer + delay values),"(0-40,0-40)",0,40,0,40,902000,2,5760,6,0.7267378228311662,0.6652827026594303,88,-50.26784537732601,-49.47537611424923,0.571225515651432,0.09905865788459778,0.00276083592325449,0.0
stochastic_0_40,"(0-40,0-40)",stochastic,augmented_action_delay,Augmented (+action buffer + delay values),"(0-40,0-40)",0,40,0,40,902000,2,5760,7,0.7267378228311662,0.6652827026594303,86,-43.36151274852455,-43.065129769966006,0.5042036366107505,0.04939716309309006,0.017139475792646408,1.0
stochastic_0_40,"(0-40,0-40)",stochastic,augmented_action_delay,Augmented (+action buffer + delay values),"(0-40,0-40)",0,40,0,40,903000,3,8640,0,0.7267378228311662,0.6652827026594303,82,-45.10091031715274,-44.98857031390071,0.5500111014286919,0.05617000162601471,0.021282780915498734,1.0
stochastic_0_40,"(0-40,0-40)",stochastic,augmented_action_delay,Augmented (+action buffer + delay values),"(0-40,0-40)",0,40,0,40,903000,3,8640,1,0.7267378228311662,0.6652827026594303,83,-42.961117308586836,-42.832320246845484,0.5176038229950222,0.04293235391378403,0.005683243274688721,1.0
stochastic_0_40,"(0-40,0-40)",stochastic,augmented_action_delay,Augmented (+action buffer + delay values),"(0-40,0-40)",0,40,0,40,903000,3,8640,2,0.7267378228311662,0.6652827026594303,88,-42.06262383214198,-41.94539115182124,0.47798436172888614,0.014654085040092468,0.0019079933408647776,1.0
stochastic_0_40,"(0-40,0-40)",stochastic,augmented_action_delay,Augmented (+action buffer + delay values),"(0-40,0-40)",0,40,0,40,903000,3,8640,3,0.7267378228311662,0.6652827026594303,91,-59.788693777285516,-59.51333978306502,0.6570186129372034,0.025032181292772293,0.0040986910462379456,1.0
stochastic_0_40,"(0-40,0-40)",stochastic,augmented_action_delay,Augmented (+action buffer + delay values),"(0-40,0-40)",0,40,0,40,903000,3,8640,4,0.7267378228311662,0.6652827026594303,90,-68.79041466582566,-68.52026689518243,0.7643379407313963,0.027014777064323425,0.012933619320392609,1.0
stochastic_0_40,"(0-40,0-40)",stochastic,augmented_action_delay,Augmented (+action buffer + delay values),"(0-40,0-40)",0,40,0,40,903000,3,8640,5,0.7267378228311662,0.6652827026594303,90,-56.79950460558757,-56.71832466265187,0.6311056067287508,0.008117994293570518,0.002860387321561575,1.0
stochastic_0_40,"(0-40,0-40)",stochastic,augmented_action_delay,Augmented (+action buffer + delay values),"(0-40,0-40)",0,40,0,40,903000,3,8640,6,0.7267378228311662,0.6652827026594303,82,-35.7679125261493,-35.74816110031679,0.4361940551969427,0.009875712916254997,0.0042292457073926926,1.0
stochastic_0_40,"(0-40,0-40)",stochastic,augmented_action_delay,Augmented (+action buffer + delay values),"(0-40,0-40)",0,40,0,40,903000,3,8640,7,0.7267378228311662,0.6652827026594303,90,-59.00465619750321,-58.70721480809152,0.655607291083369,0.029744138941168785,0.029744138941168785,1.0
stochastic_0_40,"(0-40,0-40)",stochastic,augmented_action_delay,Augmented (+action buffer + delay values),"(0-40,0-40)",0,40,0,40,904000,4,11520,0,0.7267378228311662,0.6652827026594303,85,-62.28065493889153,-62.167744230479,0.732713587516371,0.022582141682505608,0.01827743649482727,1.0
stochastic_0_40,"(0-40,0-40)",stochastic,augmented_action_delay,Augmented (+action buffer + delay values),"(0-40,0-40)",0,40,0,40,904000,4,11520,1,0.7267378228311662,0.6652827026594303,84,-38.26200494449586,-38.176002132706344,0.4555000588630459,0.02150070294737816,0.003636052832007408,1.0
stochastic_0_40,"(0-40,0-40)",stochastic,augmented_action_delay,Augmented (+action buffer + delay values),"(0-40,0-40)",0,40,0,40,904000,4,11520,2,0.7267378228311662,0.6652827026594303,86,-55.59286965057254,-55.46734178811312,0.6464287168671226,0.020921310409903526,0.020921310409903526,1.0
stochastic_0_40,"(0-40,0-40)",stochastic,augmented_action_delay,Augmented (+action buffer + delay values),"(0-40,0-40)",0,40,0,40,904000,4,11520,3,0.7267378228311662,0.6652827026594303,92,-51.23945108614862,-51.012873178347945,0.5569505552842241,0.01888149231672287,0.009278688579797745,1.0
stochastic_0_40,"(0-40,0-40)",stochastic,augmented_action_delay,Augmented (+action buffer + delay values),"(0-40,0-40)",0,40,0,40,904000,4,11520,4,0.7267378228311662,0.6652827026594303,88,-43.78695807233453,-43.60671919956803,0.49757906900380144,0.022529859095811844,0.022529859095811844,1.0
stochastic_0_40,"(0-40,0-40)",stochastic,augmented_action_delay,Augmented (+action buffer + delay values),"(0-40,0-40)",0,40,0,40,904000,4,11520,5,0.7267378228311662,0.6652827026594303,89,-29.76040967926383,-29.571834426373243,0.33438662560970595,0.020952805876731873,0.020952805876731873,1.0
stochastic_0_40,"(0-40,0-40)",stochastic,augmented_action_delay,Augmented (+action buffer + delay values),"(0-40,0-40)",0,40,0,40,904000,4,11520,6,0.7267378228311662,0.6652827026594303,92,-30.451769782230258,-29.827689794823527,0.33099749763293757,0.052006665617227554,0.019585169851779938,1.0
stochastic_0_40,"(0-40,0-40)",stochastic,augmented_action_delay,Augmented (+action buffer + delay values),"(0-40,0-40)",0,40,0,40,904000,4,11520,7,0.7267378228311662,0.6652827026594303,88,-51.19671294093132,-50.98568534851074,0.5817808288742196,0.02637844905257225,0.021327953785657883,1.0
stochastic_0_40,"(0-40,0-40)",stochastic,augmented_action_delay,Augmented (+action buffer + delay values),"(0-40,0-40)",0,40,0,40,905000,5,14400,0,0.7267378228311662,0.6652827026594303,92,-49.80464940704405,-49.28843114711344,0.5413548848591745,0.04301818832755089,0.015383308753371239,1.0
stochastic_0_40,"(0-40,0-40)",stochastic,augmented_action_delay,Augmented (+action buffer + delay values),"(0-40,0-40)",0,40,0,40,905000,5,14400,1,0.7267378228311662,0.6652827026594303,85,-36.14041745103896,-35.60938413627446,0.4251813817769289,0.10620666295289993,0.017171116545796394,0.0
stochastic_0_40,"(0-40,0-40)",stochastic,augmented_action_delay,Augmented (+action buffer + delay values),"(0-40,0-40)",0,40,0,40,905000,5,14400,2,0.7267378228311662,0.6652827026594303,87,-49.549278157996014,-49.20129309897311,0.5695319328505289,0.049712151288986206,0.0020130279008299112,1.0
stochastic_0_40,"(0-40,0-40)",stochastic,augmented_action_delay,Augmented (+action buffer + delay values),"(0-40,0-40)",0,40,0,40,905000,5,14400,3,0.7267378228311662,0.6652827026594303,87,-49.75747753679752,-49.5073340497911,0.5719250291585922,0.03573478385806084,0.03187211602926254,1.0
stochastic_0_40,"(0-40,0-40)",stochastic,augmented_action_delay,Augmented (+action buffer + delay values),"(0-40,0-40)",0,40,0,40,905000,5,14400,4,0.7267378228311662,0.6652827026594303,84,-48.51508478820324,-48.41378577053547,0.5775605331928957,0.025324754416942596,0.016894053667783737,1.0
stochastic_0_40,"(0-40,0-40)",stochastic,augmented_action_delay,Augmented (+action buffer + delay values),"(0-40,0-40)",0,40,0,40,905000,5,14400,5,0.7267378228311662,0.6652827026594303,85,-35.13138488866389,-34.830675618723035,0.41331041045486927,0.060141853988170624,0.01956472359597683,0.0
stochastic_0_40,"(0-40,0-40)",stochastic,augmented_action_delay,Augmented (+action buffer + delay values),"(0-40,0-40)",0,40,0,40,905000,5,14400,6,0.7267378228311662,0.6652827026594303,83,-80.94857029244304,-80.48787420615554,0.9752839794270245,0.15356536209583282,0.038463715463876724,0.0
stochastic_0_40,"(0-40,0-40)",stochastic,augmented_action_delay,Augmented (+action buffer + delay values),"(0-40,0-40)",0,40,0,40,905000,5,14400,7,0.7267378228311662,0.6652827026594303,94,-48.14933295547962,-47.09970247745514,0.5122269463348896,0.07497360557317734,0.007165350019931793,0.0
stochastic_0_40,"(0-40,0-40)",stochastic,augmented_action_delay,Augmented (+action buffer + delay values),"(0-40,0-40)",0,40,0,40,906000,6,17280,0,0.7267378228311662,0.6652827026594303,91,-42.1142744012177,-41.74042198434472,0.46279422418920546,0.03398658335208893,0.03398658335208893,1.0
stochastic_0_40,"(0-40,0-40)",stochastic,augmented_action_delay,Augmented (+action buffer + delay values),"(0-40,0-40)",0,40,0,40,906000,6,17280,1,0.7267378228311662,0.6652827026594303,87,-69.55327127687633,-69.43856340646744,0.7994628882399578,0.016386838629841805,0.016386838629841805,1.0
stochastic_0_40,"(0-40,0-40)",stochastic,augmented_action_delay,Augmented (+action buffer + delay values),"(0-40,0-40)",0,40,0,40,906000,6,17280,2,0.7267378228311662,0.6652827026594303,89,-69.56311558559537,-69.26565461605787,0.7816080402875885,0.03305121883749962,0.02046254277229309,1.0
stochastic_0_40,"(0-40,0-40)",stochastic,augmented_action_delay,Augmented (+action buffer + delay values),"(0-40,0-40)",0,40,0,40,906000,6,17280,3,0.7267378228311662,0.6652827026594303,86,-43.49951067264192,-43.43575526843779,0.5058082636353711,0.010625900700688362,0.00042380462400615215,1.0
stochastic_0_40,"(0-40,0-40)",stochastic,augmented_action_delay,Augmented (+action buffer + delay values),"(0-40,0-40)",0,40,0,40,906000,6,17280,4,0.7267378228311662,0.6652827026594303,84,-33.92976341024041,-33.76930603757501,0.40392575488381444,0.04011434316635132,0.026665110141038895,1.0
stochastic_0_40,"(0-40,0-40)",stochastic,augmented_action_delay,Augmented (+action buffer + delay values),"(0-40,0-40)",0,40,0,40,906000,6,17280,5,0.7267378228311662,0.6652827026594303,87,-47.22307697311044,-46.87300157919526,0.5427939881966717,0.05001077055931091,0.049310002475976944,1.0
stochastic_0_40,"(0-40,0-40)",stochastic,augmented_action_delay,Augmented (+action buffer + delay values),"(0-40,0-40)",0,40,0,40,906000,6,17280,6,0.7267378228311662,0.6652827026594303,88,-43.34390844963491,-42.961126735433936,0.4925444142003967,0.04784771427512169,0.01771490089595318,1.0
stochastic_0_40,"(0-40,0-40)",stochastic,augmented_action_delay,Augmented (+action buffer + delay values),"(0-40,0-40)",0,40,0,40,906000,6,17280,7,0.7267378228311662,0.6652827026594303,97,-44.57370267808437,-44.02205290272832,0.45952270802148837,0.03244998678565025,0.016005998477339745,1.0
stochastic_0_40,"(0-40,0-40)",stochastic,augmented_action_delay,Augmented (+action buffer + delay values),"(0-40,0-40)",0,40,0,40,907000,7,20160,0,0.7267378228311662,0.6652827026594303,81,-43.83890004269779,-43.78534680791199,0.5412209881814541,0.05355323478579521,0.01161821000277996,1.0
stochastic_0_40,"(0-40,0-40)",stochastic,augmented_action_delay,Augmented (+action buffer + delay values),"(0-40,0-40)",0,40,0,40,907000,7,20160,1,0.7267378228311662,0.6652827026594303,89,-50.22348829358816,-49.33011192828417,0.5643088572313276,0.09926404058933258,0.036158353090286255,0.0
stochastic_0_40,"(0-40,0-40)",stochastic,augmented_action_delay,Augmented (+action buffer + delay values),"(0-40,0-40)",0,40,0,40,907000,7,20160,2,0.7267378228311662,0.6652827026594303,90,-26.797801297158003,-26.449329521507025,0.29775334774620005,0.03484717756509781,0.02227429300546646,1.0
stochastic_0_40,"(0-40,0-40)",stochastic,augmented_action_delay,Augmented (+action buffer + delay values),"(0-40,0-40)",0,40,0,40,907000,7,20160,3,0.7267378228311662,0.6652827026594303,86,-50.76666880771518,-50.54479283466935,0.5903101024152928,0.03697932884097099,0.03697932884097099,1.0
stochastic_0_40,"(0-40,0-40)",stochastic,augmented_action_delay,Augmented (+action buffer + delay values),"(0-40,0-40)",0,40,0,40,907000,7,20160,4,0.7267378228311662,0.6652827026594303,88,-35.45191799849272,-35.33963168412447,0.40286270452832634,0.014035789296030998,0.011262751184403896,1.0
stochastic_0_40,"(0-40,0-40)",stochastic,augmented_action_delay,Augmented (+action buffer + delay values),"(0-40,0-40)",0,40,0,40,907000,7,20160,5,0.7267378228311662,0.6652827026594303,86,-44.428640401922166,-44.02593631204218,0.5166120976967694,0.0671173483133316,0.010234600864350796,0.0
stochastic_0_40,"(0-40,0-40)",stochastic,augmented_action_delay,Augmented (+action buffer + delay values),"(0-40,0-40)",0,40,0,40,907000,7,20160,6,0.7267378228311662,0.6652827026594303,88,-57.982927119359374,-57.441364204511046,0.6588968990836293,0.06769536435604095,0.01744142919778824,0.0
stochastic_0_40,"(0-40,0-40)",stochastic,augmented_action_delay,Augmented (+action buffer + delay values),"(0-40,0-40)",0,40,0,40,907000,7,20160,7,0.7267378228311662,0.6652827026594303,84,-50.28835357353091,-50.19741625711322,0.598670875875368,0.022734329104423523,0.022734329104423523,1.0
stochastic_0_40,"(0-40,0-40)",stochastic,augmented_action_delay,Augmented (+action buffer + delay values),"(0-40,0-40)",0,40,0,40,908000,8,23040,0,0.7267378228311662,0.6652827026594303,83,-57.716118406970054,-57.47262512566522,0.6953749205659042,0.08116442710161209,0.006286532152444124,0.0
stochastic_0_40,"(0-40,0-40)",stochastic,augmented_action_delay,Augmented (+action buffer + delay values),"(0-40,0-40)",0,40,0,40,908000,8,23040,1,0.7267378228311662,0.6652827026594303,90,-42.05647515133023,-41.86488697305322,0.4672941683481137,0.01915881782770157,0.01674937643110752,1.0
stochastic_0_40,"(0-40,0-40)",stochastic,augmented_action_delay,Augmented (+action buffer + delay values),"(0-40,0-40)",0,40,0,40,908000,8,23040,2,0.7267378228311662,0.6652827026594303,83,-29.996529248310253,-29.93762824567966,0.36140396684711146,0.019633667543530464,0.0022692165803164244,1.0
stochastic_0_40,"(0-40,0-40)",stochastic,augmented_action_delay,Augmented (+action buffer + delay values),"(0-40,0-40)",0,40,0,40,908000,8,23040,3,0.7267378228311662,0.6652827026594303,89,-48.0454553863965,-47.98545785341412,0.5398365773752416,0.006666392553597689,0.0024771783500909805,1.0
stochastic_0_40,"(0-40,0-40)",stochastic,augmented_action_delay,Augmented (+action buffer + delay values),"(0-40,0-40)",0,40,0,40,908000,8,23040,4,0.7267378228311662,0.6652827026594303,83,-38.46633389312774,-38.452149393968284,0.4634498059412981,0.0047281663864851,0.0047281663864851,1.0
stochastic_0_40,"(0-40,0-40)",stochastic,augmented_action_delay,Augmented (+action buffer + delay values),"(0-40,0-40)",0,40,0,40,908000,8,23040,5,0.7267378228311662,0.6652827026594303,88,-42.64770475262776,-42.36067548627034,0.4846330085525882,0.035878658294677734,0.007243440952152014,1.0
stochastic_0_40,"(0-40,0-40)",stochastic,augmented_action_delay,Augmented (+action buffer + delay values),"(0-40,0-40)",0,40,0,40,908000,8,23040,6,0.7267378228311662,0.6652827026594303,87,-38.07313294894993,-37.79642124287784,0.4376222178040222,0.03953024372458458,0.027348654344677925,1.0
stochastic_0_40,"(0-40,0-40)",stochastic,augmented_action_delay,Augmented (+action buffer + delay values),"(0-40,0-40)",0,40,0,40,908000,8,23040,7,0.7267378228311662,0.6652827026594303,93,-38.41155519336462,-37.80553461238742,0.413027475197469,0.046616967767477036,0.046616967767477036,1.0
stochastic_0_40,"(0-40,0-40)",stochastic,augmented_action_delay,Augmented (+action buffer + delay values),"(0-40,0-40)",0,40,0,40,909000,9,25920,0,0.7267378228311662,0.6652827026594303,81,-55.05286697298288,-55.04190022405237,0.6796650243578134,0.010966748930513859,0.009836825542151928,1.0
stochastic_0_40,"(0-40,0-40)",stochastic,augmented_action_delay,Augmented (+action buffer + delay values),"(0-40,0-40)",0,40,0,40,909000,9,25920,1,0.7267378228311662,0.6652827026594303,84,-41.840760277584195,-41.69623224623501,0.49810428901885945,0.03613200783729553,0.013061264529824257,1.0
stochastic_0_40,"(0-40,0-40)",stochastic,augmented_action_delay,Augmented (+action buffer + delay values),"(0-40,0-40)",0,40,0,40,909000,9,25920,2,0.7267378228311662,0.6652827026594303,91,-70.84637251496315,-70.02961876988411,0.7785315660984962,0.07425034046173096,0.03899397328495979,0.0
stochastic_0_40,"(0-40,0-40)",stochastic,augmented_action_delay,Augmented (+action buffer + delay values),"(0-40,0-40)",0,40,0,40,909000,9,25920,3,0.7267378228311662,0.6652827026594303,84,-53.02280880976468,-52.94697398412973,0.6312239144019605,0.01895870640873909,0.007726764306426048,1.0
stochastic_0_40,"(0-40,0-40)",stochastic,augmented_action_delay,Augmented (+action buffer + delay values),"(0-40,0-40)",0,40,0,40,909000,9,25920,4,0.7267378228311662,0.6652827026594303,83,-39.844590042252094,-39.813648148905486,0.48005530171388067,0.010313964448869228,0.0031945938244462013,1.0
stochastic_0_40,"(0-40,0-40)",stochastic,augmented_action_delay,Augmented (+action buffer + delay values),"(0-40,0-40)",0,40,0,40,909000,9,25920,5,0.7267378228311662,0.6652827026594303,85,-35.0906127858907,-35.00929299555719,0.4128307386575376,0.01626395806670189,0.011962193995714188,1.0
stochastic_0_40,"(0-40,0-40)",stochastic,augmented_action_delay,Augmented (+action buffer + delay values),"(0-40,0-40)",0,40,0,40,909000,9,25920,6,0.7267378228311662,0.6652827026594303,82,-62.45463170111179,-62.19700761139393,0.7616418500135584,0.1288120448589325,0.03724236413836479,0.0
stochastic_0_40,"(0-40,0-40)",stochastic,augmented_action_delay,Augmented (+action buffer + delay values),"(0-40,0-40)",0,40,0,40,909000,9,25920,7,0.7267378228311662,0.6652827026594303,95,-62.29684429662302,-61.601806547958404,0.6557562557539265,0.0463358499109745,0.00655329367145896,1.0
stochastic_0_40,"(0-40,0-40)",stochastic,augmented_action_delay,Augmented (+action buffer + delay values),"(0-40,0-40)",0,40,0,40,910000,10,28800,0,0.7267378228311662,0.6652827026594303,87,-51.70782303623855,-51.491946659982204,0.5943427935199833,0.030839482322335243,0.01651015505194664,1.0
stochastic_0_40,"(0-40,0-40)",stochastic,augmented_action_delay,Augmented (+action buffer + delay values),"(0-40,0-40)",0,40,0,40,910000,10,28800,1,0.7267378228311662,0.6652827026594303,93,-29.978847557213157,-29.675722708459944,0.3223531995399264,0.02331729605793953,0.006996899377554655,1.0
stochastic_0_40,"(0-40,0-40)",stochastic,augmented_action_delay,Augmented (+action buffer + delay values),"(0-40,0-40)",0,40,0,40,910000,10,28800,2,0.7267378228311662,0.6652827026594303,91,-27.04980576224625,-26.896702370606363,0.2972506127719368,0.013918490149080753,0.011180567555129528,1.0
stochastic_0_40,"(0-40,0-40)",stochastic,augmented_action_delay,Augmented (+action buffer + delay values),"(0-40,0-40)",0,40,0,40,910000,10,28800,3,0.7267378228311662,0.6652827026594303,83,-32.66608492145315,-32.56084085116163,0.3935672882102789,0.03508135676383972,0.00520360330119729,1.0
stochastic_0_40,"(0-40,0-40)",stochastic,augmented_action_delay,Augmented (+action buffer + delay values),"(0-40,0-40)",0,40,0,40,910000,10,28800,4,0.7267378228311662,0.6652827026594303,82,-43.40804148837924,-43.15797520801425,0.5293663596143809,0.12503314018249512,0.020358242094516754,0.0
stochastic_0_40,"(0-40,0-40)",stochastic,augmented_action_delay,Augmented (+action buffer + delay values),"(0-40,0-40)",0,40,0,40,910000,10,28800,5,0.7267378228311662,0.6652827026594303,95,-48.81609577592462,-48.33247197698802,0.5138536397465749,0.0322415865957737,0.009797140955924988,1.0
stochastic_0_40,"(0-40,0-40)",stochastic,augmented_action_delay,Augmented (+action buffer + delay values),"(0-40,0-40)",0,40,0,40,910000,10,28800,6,0.7267378228311662,0.6652827026594303,95,-42.878726484254,-42.51527609862387,0.4513550156237263,0.024230025708675385,0.012889179401099682,1.0
stochastic_0_40,"(0-40,0-40)",stochastic,augmented_action_delay,Augmented (+action buffer + delay values),"(0-40,0-40)",0,40,0,40,910000,10,28800,7,0.7267378228311662,0.6652827026594303,85,-53.291401313617826,-53.034955421462655,0.6269576625131509,0.05128917843103409,0.02502499520778656,1.0
stochastic_0_40,"(0-40,0-40)",stochastic,augmented_action_delay,Augmented (+action buffer + delay values),"(0-40,0-40)",0,40,0,40,911000,11,31680,0,0.7267378228311662,0.6652827026594303,87,-56.74032113328576,-56.60919568501413,0.6521875992331697,0.018732206895947456,0.01361203845590353,1.0
stochastic_0_40,"(0-40,0-40)",stochastic,augmented_action_delay,Augmented (+action buffer + delay values),"(0-40,0-40)",0,40,0,40,911000,11,31680,1,0.7267378228311662,0.6652827026594303,91,-75.11047683097422,-72.18487904407084,0.825389855285431,0.26596343517303467,0.0208126213401556,0.0
stochastic_0_40,"(0-40,0-40)",stochastic,augmented_action_delay,Augmented (+action buffer + delay values),"(0-40,0-40)",0,40,0,40,911000,11,31680,2,0.7267378228311662,0.6652827026594303,83,-51.15656846575439,-50.97395193018019,0.616344198382583,0.06087217852473259,0.01083753164857626,0.0
stochastic_0_40,"(0-40,0-40)",stochastic,augmented_action_delay,Augmented (+action buffer + delay values),"(0-40,0-40)",0,40,0,40,911000,11,31680,3,0.7267378228311662,0.6652827026594303,92,-53.361152678728104,-50.95107898116112,0.5800125291166098,0.20083947479724884,0.08267808705568314,0.0
stochastic_0_40,"(0-40,0-40)",stochastic,augmented_action_delay,Augmented (+action buffer + delay values),"(0-40,0-40)",0,40,0,40,911000,11,31680,4,0.7267378228311662,0.6652827026594303,86,-44.4832230033353,-44.39242335502058,0.51724677910855,0.015133274719119072,0.010034581646323204,1.0
stochastic_0_40,"(0-40,0-40)",stochastic,augmented_action_delay,Augmented (+action buffer + delay values),"(0-40,0-40)",0,40,0,40,911000,11,31680,5,0.7267378228311662,0.6652827026594303,83,-21.798823131161043,-21.717056972818682,0.26263642326700054,0.027255386114120483,0.00030943742603994906,1.0
stochastic_0_40,"(0-40,0-40)",stochastic,augmented_action_delay,Augmented (+action buffer + delay values),"(0-40,0-40)",0,40,0,40,911000,11,31680,6,0.7267378228311662,0.6652827026594303,83,-31.182443391531706,-31.129517981782556,0.3756920890545989,0.01764180324971676,0.01581209897994995,1.0
stochastic_0_40,"(0-40,0-40)",stochastic,augmented_action_delay,Augmented (+action buffer + delay values),"(0-40,0-40)",0,40,0,40,911000,11,31680,7,0.7267378228311662,0.6652827026594303,87,-38.983986486680806,-38.85751805733889,0.4480917986974805,0.01806691847741604,0.011974873952567577,1.0
stochastic_0_40,"(0-40,0-40)",stochastic,augmented_action_delay,Augmented (+action buffer + delay values),"(0-40,0-40)",0,40,0,40,912000,12,34560,0,0.7267378228311662,0.6652827026594303,87,-38.75526469387114,-38.632303442806005,0.4454628125732315,0.017565893009305,0.004224721807986498,1.0
stochastic_0_40,"(0-40,0-40)",stochastic,augmented_action_delay,Augmented (+action buffer + delay values),"(0-40,0-40)",0,40,0,40,912000,12,34560,1,0.7267378228311662,0.6652827026594303,87,-34.916850281879306,-34.69453808106482,0.4013431066882679,0.03175888583064079,0.015898099169135094,1.0
stochastic_0_40,"(0-40,0-40)",stochastic,augmented_action_delay,Augmented (+action buffer + delay values),"(0-40,0-40)",0,40,0,40,912000,12,34560,2,0.7267378228311662,0.6652827026594303,89,-70.41723516583443,-69.032546505332,0.7912048895037576,0.15385429561138153,0.15385429561138153,0.0
stochastic_0_40,"(0-40,0-40)",stochastic,augmented_action_delay,Augmented (+action buffer + delay values),"(0-40,0-40)",0,40,0,40,912000,12,34560,3,0.7267378228311662,0.6652827026594303,81,-45.1989177800715,-45.16260624676943,0.5580113306181667,0.03631153330206871,0.021988213062286377,1.0
stochastic_0_40,"(0-40,0-40)",stochastic,augmented_action_delay,Augmented (+action buffer + delay values),"(0-40,0-40)",0,40,0,40,912000,12,34560,4,0.7267378228311662,0.6652827026594303,80,-36.08573881816119,-36.08573881816119,0.4510717352270149,0.022306831553578377,0.006585737690329552,1.0
stochastic_0_40,"(0-40,0-40)",stochastic,augmented_action_delay,Augmented (+action buffer + delay values),"(0-40,0-40)",0,40,0,40,912000,12,34560,5,0.7267378228311662,0.6652827026594303,89,-50.42783875390887,-49.92592693865299,0.5666049298192009,0.055767979472875595,0.055767979472875595,1.0
stochastic_0_40,"(0-40,0-40)",stochastic,augmented_action_delay,Augmented (+action buffer + delay values),"(0-40,0-40)",0,40,0,40,912000,12,34560,6,0.7267378228311662,0.6652827026594303,80,-57.920451406389475,-57.920451406389475,0.7240056425798684,0.06962726265192032,0.023166611790657043,0.0
stochastic_0_40,"(0-40,0-40)",stochastic,augmented_action_delay,Augmented (+action buffer + delay values),"(0-40,0-40)",0,40,0,40,912000,12,34560,7,0.7267378228311662,0.6652827026594303,82,-39.77769817970693,-39.712072325870395,0.4850938802403284,0.032812926918268204,0.0119999460875988,1.0
stochastic_0_40,"(0-40,0-40)",stochastic,augmented_action_delay,Augmented (+action buffer + delay values),"(0-40,0-40)",0,40,0,40,913000,13,37440,0,0.7267378228311662,0.6652827026594303,88,-36.0303260255605,-35.731482880190015,0.40943552301773295,0.037355393171310425,0.013921311125159264,1.0
stochastic_0_40,"(0-40,0-40)",stochastic,augmented_action_delay,Augmented (+action buffer + delay values),"(0-40,0-40)",0,40,0,40,913000,13,37440,1,0.7267378228311662,0.6652827026594303,90,-42.77246296405792,-42.65252722427249,0.47524958848953247,0.011993573978543282,0.008765875361859798,1.0
stochastic_0_40,"(0-40,0-40)",stochastic,augmented_action_delay,Augmented (+action buffer + delay values),"(0-40,0-40)",0,40,0,40,913000,13,37440,2,0.7267378228311662,0.6652827026594303,83,-58.54652771074325,-58.429168046452105,0.7053798519366656,0.039119888097047806,0.014612560160458088,1.0
stochastic_0_40,"(0-40,0-40)",stochastic,augmented_action_delay,Augmented (+action buffer + delay values),"(0-40,0-40)",0,40,0,40,913000,13,37440,3,0.7267378228311662,0.6652827026594303,84,-32.76042550802231,-32.69506722688675,0.3900050655716941,0.01633957028388977,0.007674374617636204,1.0
stochastic_0_40,"(0-40,0-40)",stochastic,augmented_action_delay,Augmented (+action buffer + delay values),"(0-40,0-40)",0,40,0,40,913000,13,37440,4,0.7267378228311662,0.6652827026594303,86,-59.04887594655156,-58.783191565424204,0.6866148365878089,0.044280730187892914,0.044186875224113464,1.0
stochastic_0_40,"(0-40,0-40)",stochastic,augmented_action_delay,Augmented (+action buffer + delay values),"(0-40,0-40)",0,40,0,40,913000,13,37440,5,0.7267378228311662,0.6652827026594303,83,-39.90062161907554,-39.81671753898263,0.4807303809527173,0.02796802669763565,0.02796802669763565,1.0
stochastic_0_40,"(0-40,0-40)",stochastic,augmented_action_delay,Augmented (+action buffer + delay values),"(0-40,0-40)",0,40,0,40,913000,13,37440,6,0.7267378228311662,0.6652827026594303,85,-37.755902737379074,-37.63835735805333,0.4441870910279891,0.023509075865149498,0.020797530189156532,1.0
stochastic_0_40,"(0-40,0-40)",stochastic,augmented_action_delay,Augmented (+action buffer + delay values),"(0-40,0-40)",0,40,0,40,913000,13,37440,7,0.7267378228311662,0.6652827026594303,86,-30.389755877666175,-30.20655512344092,0.35336925439146716,0.030533459037542343,0.010012727230787277,1.0
stochastic_0_40,"(0-40,0-40)",stochastic,augmented_action_delay,Augmented (+action buffer + delay values),"(0-40,0-40)",0,40,0,40,914000,14,40320,0,0.7267378228311662,0.6652827026594303,80,-30.673982308711857,-30.673982308711857,0.3834247788588982,0.024935882538557053,0.005512268282473087,1.0
stochastic_0_40,"(0-40,0-40)",stochastic,augmented_action_delay,Augmented (+action buffer + delay values),"(0-40,0-40)",0,40,0,40,914000,14,40320,1,0.7267378228311662,0.6652827026594303,90,-65.70739917270839,-64.89752881042659,0.7300822130300932,0.08098703622817993,0.02098042704164982,0.0
stochastic_0_40,"(0-40,0-40)",stochastic,augmented_action_delay,Augmented (+action buffer + delay values),"(0-40,0-40)",0,40,0,40,914000,14,40320,2,0.7267378228311662,0.6652827026594303,88,-36.88587932102382,-36.44703323952854,0.41915771955708886,0.05485576018691063,0.0026346296072006226,1.0
stochastic_0_40,"(0-40,0-40)",stochastic,augmented_action_delay,Augmented (+action buffer + delay values),"(0-40,0-40)",0,40,0,40,914000,14,40320,3,0.7267378228311662,0.6652827026594303,81,-55.87775352783501,-55.80492271669209,0.6898488089856174,0.07283081114292145,0.023070337250828743,0.0
stochastic_0_40,"(0-40,0-40)",stochastic,augmented_action_delay,Augmented (+action buffer + delay values),"(0-40,0-40)",0,40,0,40,914000,14,40320,4,0.7267378228311662,0.6652827026594303,85,-36.807036304846406,-36.70458681695163,0.4330239565276048,0.020489897578954697,0.004703190177679062,1.0
stochastic_0_40,"(0-40,0-40)",stochastic,augmented_action_delay,Augmented (+action buffer + delay values),"(0-40,0-40)",0,40,0,40,914000,14,40320,5,0.7267378228311662,0.6652827026594303,90,-47.164196226745844,-46.880111176520586,0.5240466247416204,0.028408505022525787,0.024342352524399757,1.0
stochastic_0_40,"(0-40,0-40)",stochastic,augmented_action_delay,Augmented (+action buffer + delay values),"(0-40,0-40)",0,40,0,40,914000,14,40320,6,0.7267378228311662,0.6652827026594303,83,-41.691532019060105,-41.527940716128796,0.5023076146874711,0.05453043431043625,0.005858616437762976,1.0
stochastic_0_40,"(0-40,0-40)",stochastic,augmented_action_delay,Augmented (+action buffer + delay values),"(0-40,0-40)",0,40,0,40,914000,14,40320,7,0.7267378228311662,0.6652827026594303,86,-53.494022622704506,-53.08237189054489,0.622023518868657,0.06860845535993576,0.06380926072597504,0.0
stochastic_0_40,"(0-40,0-40)",stochastic,augmented_action_delay,Augmented (+action buffer + delay values),"(0-40,0-40)",0,40,0,40,915000,15,43200,0,0.7267378228311662,0.6652827026594303,84,-31.277992175426334,-31.161059917416424,0.37235704970745637,0.029233064502477646,0.004171360749751329,1.0
stochastic_0_40,"(0-40,0-40)",stochastic,augmented_action_delay,Augmented (+action buffer + delay values),"(0-40,0-40)",0,40,0,40,915000,15,43200,1,0.7267378228311662,0.6652827026594303,93,-47.124420379288495,-46.913025609217584,0.506714197626758,0.016261136159300804,0.011197054758667946,1.0
stochastic_0_40,"(0-40,0-40)",stochastic,augmented_action_delay,Augmented (+action buffer + delay values),"(0-40,0-40)",0,40,0,40,915000,15,43200,2,0.7267378228311662,0.6652827026594303,87,-33.13783519156277,-33.054688431322575,0.38089465737428474,0.011878108605742455,0.005188914015889168,1.0
stochastic_0_40,"(0-40,0-40)",stochastic,augmented_action_delay,Augmented (+action buffer + delay values),"(0-40,0-40)",0,40,0,40,915000,15,43200,3,0.7267378228311662,0.6652827026594303,88,-37.84852122142911,-37.71352896466851,0.4300968320616944,0.016874032095074654,0.009382588788866997,1.0
stochastic_0_40,"(0-40,0-40)",stochastic,augmented_action_delay,Augmented (+action buffer + delay values),"(0-40,0-40)",0,40,0,40,915000,15,43200,4,0.7267378228311662,0.6652827026594303,86,-26.751645792275667,-26.47875263914466,0.31106564874739145,0.04548219218850136,0.0030171293765306473,1.0
stochastic_0_40,"(0-40,0-40)",stochastic,augmented_action_delay,Augmented (+action buffer + delay values),"(0-40,0-40)",0,40,0,40,915000,15,43200,5,0.7267378228311662,0.6652827026594303,92,-42.87590913102031,-42.14132687076926,0.46604249055456853,0.06121518835425377,0.04864804074168205,0.0
stochastic_0_40,"(0-40,0-40)",stochastic,augmented_action_delay,Augmented (+action buffer + delay values),"(0-40,0-40)",0,40,0,40,915000,15,43200,6,0.7267378228311662,0.6652827026594303,86,-39.13512756116688,-38.7580418754369,0.4550596228042661,0.06284761428833008,0.00834750011563301,0.0
stochastic_0_40,"(0-40,0-40)",stochastic,augmented_action_delay,Augmented (+action buffer + delay values),"(0-40,0-40)",0,40,0,40,915000,15,43200,7,0.7267378228311662,0.6652827026594303,84,-57.10167867876589,-56.92896940745413,0.6797818890329272,0.04317731782793999,0.015077104791998863,1.0
stochastic_0_40,"(0-40,0-40)",stochastic,augmented_action_delay,Augmented (+action buffer + delay values),"(0-40,0-40)",0,40,0,40,916000,16,46080,0,0.697941738124643,0.5205105290253624,88,-45.82618239335716,-45.51916608028114,0.5207520726517859,0.03837703913450241,0.01104638259857893,1.0
stochastic_0_40,"(0-40,0-40)",stochastic,augmented_action_delay,Augmented (+action buffer + delay values),"(0-40,0-40)",0,40,0,40,916000,16,46080,1,0.697941738124643,0.5205105290253624,82,-55.88268103264272,-55.80015200935304,0.6814961101541795,0.04126451164484024,0.0076811788603663445,1.0
stochastic_0_40,"(0-40,0-40)",stochastic,augmented_action_delay,Augmented (+action buffer + delay values),"(0-40,0-40)",0,40,0,40,916000,16,46080,2,0.697941738124643,0.5205105290253624,82,-67.37299587205052,-66.88604353740811,0.8216219008786649,0.24347616732120514,0.03338981047272682,0.0
stochastic_0_40,"(0-40,0-40)",stochastic,augmented_action_delay,Augmented (+action buffer + delay values),"(0-40,0-40)",0,40,0,40,916000,16,46080,3,0.697941738124643,0.5205105290253624,89,-21.963702474720776,-21.770353727973998,0.24678317387326715,0.021483194082975388,0.005039986222982407,1.0
stochastic_0_40,"(0-40,0-40)",stochastic,augmented_action_delay,Augmented (+action buffer + delay values),"(0-40,0-40)",0,40,0,40,916000,16,46080,4,0.697941738124643,0.5205105290253624,86,-60.38228723406792,-59.98756700754166,0.7021196190007898,0.0657867044210434,0.0657867044210434,0.0
stochastic_0_40,"(0-40,0-40)",stochastic,augmented_action_delay,Augmented (+action buffer + delay values),"(0-40,0-40)",0,40,0,40,916000,16,46080,5,0.697941738124643,0.5205105290253624,82,-41.47931116912514,-41.44277197588235,0.5058452581600626,0.018269596621394157,0.009933502413332462,1.0
stochastic_0_40,"(0-40,0-40)",stochastic,augmented_action_delay,Augmented (+action buffer + delay values),"(0-40,0-40)",0,40,0,40,916000,16,46080,6,0.697941738124643,0.5205105290253624,92,-29.1647078813985,-28.871357274241745,0.31700769436302717,0.02444588392972946,0.010035891085863113,1.0
stochastic_0_40,"(0-40,0-40)",stochastic,augmented_action_delay,Augmented (+action buffer + delay values),"(0-40,0-40)",0,40,0,40,916000,16,46080,7,0.697941738124643,0.5205105290253624,92,-48.93743195384741,-48.623205713927746,0.5319286081939936,0.026185519993305206,0.01902903988957405,1.0
stochastic_0_40,"(0-40,0-40)",stochastic,augmented_action_delay,Augmented (+action buffer + delay values),"(0-40,0-40)",0,40,0,40,917000,17,48960,0,0.697941738124643,0.5205105290253624,87,-37.673398413695395,-37.61045481450856,0.4330275679735103,0.00899194274097681,0.00428503192961216,1.0
stochastic_0_40,"(0-40,0-40)",stochastic,augmented_action_delay,Augmented (+action buffer + delay values),"(0-40,0-40)",0,40,0,40,917000,17,48960,1,0.697941738124643,0.5205105290253624,85,-30.83289256133139,-30.681831723079085,0.36273991248625165,0.030212167650461197,0.026720480993390083,1.0
stochastic_0_40,"(0-40,0-40)",stochastic,augmented_action_delay,Augmented (+action buffer + delay values),"(0-40,0-40)",0,40,0,40,917000,17,48960,2,0.697941738124643,0.5205105290253624,82,-44.23351910337806,-44.13079606369138,0.5394331597972933,0.05136151984333992,0.0213614609092474,1.0
stochastic_0_40,"(0-40,0-40)",stochastic,augmented_action_delay,Augmented (+action buffer + delay values),"(0-40,0-40)",0,40,0,40,917000,17,48960,3,0.697941738124643,0.5205105290253624,87,-50.746653474867344,-50.348470728844404,0.5832948675272108,0.056883249431848526,0.011336347088217735,1.0
stochastic_0_40,"(0-40,0-40)",stochastic,augmented_action_delay,Augmented (+action buffer + delay values),"(0-40,0-40)",0,40,0,40,917000,17,48960,4,0.697941738124643,0.5205105290253624,89,-36.935653432272375,-36.61342672165483,0.41500734193564465,0.035802967846393585,0.007144182920455933,1.0
stochastic_0_40,"(0-40,0-40)",stochastic,augmented_action_delay,Augmented (+action buffer + delay values),"(0-40,0-40)",0,40,0,40,917000,17,48960,5,0.697941738124643,0.5205105290253624,85,-43.393286518752575,-43.352292185649276,0.510509253161795,0.008198866620659828,0.006669440306723118,1.0
stochastic_0_40,"(0-40,0-40)",stochastic,augmented_action_delay,Augmented (+action buffer + delay values),"(0-40,0-40)",0,40,0,40,917000,17,48960,6,0.697941738124643,0.5205105290253624,91,-51.401855050586164,-51.295393919572234,0.5648555500064414,0.009678284637629986,0.009678284637629986,1.0
stochastic_0_40,"(0-40,0-40)",stochastic,augmented_action_delay,Augmented (+action buffer + delay values),"(0-40,0-40)",0,40,0,40,917000,17,48960,7,0.697941738124643,0.5205105290253624,85,-48.42930949712172,-48.37634609034285,0.5697565823190791,0.010592681355774403,0.004491750150918961,1.0
stochastic_0_40,"(0-40,0-40)",stochastic,augmented_action_delay,Augmented (+action buffer + delay values),"(0-40,0-40)",0,40,0,40,918000,18,51840,0,0.697941738124643,0.5205105290253624,86,-46.07151827774942,-45.86592838726938,0.5357153288110398,0.034264981746673584,0.029242010787129402,1.0
stochastic_0_40,"(0-40,0-40)",stochastic,augmented_action_delay,Augmented (+action buffer + delay values),"(0-40,0-40)",0,40,0,40,918000,18,51840,1,0.697941738124643,0.5205105290253624,90,-42.544825384393334,-42.272065533325076,0.47272028204881483,0.02727598510682583,0.02244514785706997,1.0
stochastic_0_40,"(0-40,0-40)",stochastic,augmented_action_delay,Augmented (+action buffer + delay values),"(0-40,0-40)",0,40,0,40,918000,18,51840,2,0.697941738124643,0.5205105290253624,87,-45.51133607048541,-45.13709579501301,0.5231188054078784,0.05346289649605751,0.010713101364672184,1.0
stochastic_0_40,"(0-40,0-40)",stochastic,augmented_action_delay,Augmented (+action buffer + delay values),"(0-40,0-40)",0,40,0,40,918000,18,51840,3,0.697941738124643,0.5205105290253624,89,-48.6899584941566,-48.3453509286046,0.5470781853276022,0.03828972950577736,0.020667381584644318,1.0
stochastic_0_40,"(0-40,0-40)",stochastic,augmented_action_delay,Augmented (+action buffer + delay values),"(0-40,0-40)",0,40,0,40,918000,18,51840,4,0.697941738124643,0.5205105290253624,85,-36.168210667558014,-35.99470262695104,0.42550836079480014,0.03470160812139511,0.015386844985187054,1.0
stochastic_0_40,"(0-40,0-40)",stochastic,augmented_action_delay,Augmented (+action buffer + delay values),"(0-40,0-40)",0,40,0,40,918000,18,51840,5,0.697941738124643,0.5205105290253624,91,-40.46754181291908,-39.95953494589776,0.4446982616804295,0.04618244245648384,0.010930194519460201,1.0
stochastic_0_40,"(0-40,0-40)",stochastic,augmented_action_delay,Augmented (+action buffer + delay values),"(0-40,0-40)",0,40,0,40,918000,18,51840,6,0.697941738124643,0.5205105290253624,88,-51.70715257897973,-50.541430685669184,0.5875812793065879,0.14571523666381836,0.041287437081336975,0.0
stochastic_0_40,"(0-40,0-40)",stochastic,augmented_action_delay,Augmented (+action buffer + delay values),"(0-40,0-40)",0,40,0,40,918000,18,51840,7,0.697941738124643,0.5205105290253624,87,-50.924306482076645,-50.58231960982084,0.5853368561158235,0.048855267465114594,0.0278329961001873,1.0
stochastic_0_40,"(0-40,0-40)",stochastic,augmented_action_delay,Augmented (+action buffer + delay values),"(0-40,0-40)",0,40,0,40,919000,19,54720,0,0.697941738124643,0.5205105290253624,83,-57.59909972269088,-57.529378834180534,0.6939650568998901,0.02324029617011547,0.014929571188986301,1.0
stochastic_0_40,"(0-40,0-40)",stochastic,augmented_action_delay,Augmented (+action buffer + delay values),"(0-40,0-40)",0,40,0,40,919000,19,54720,1,0.697941738124643,0.5205105290253624,87,-49.96384455263615,-49.70580864325166,0.574297063823404,0.03686227276921272,0.03686227276921272,1.0
stochastic_0_40,"(0-40,0-40)",stochastic,augmented_action_delay,Augmented (+action buffer + delay values),"(0-40,0-40)",0,40,0,40,919000,19,54720,2,0.697941738124643,0.5205105290253624,82,-60.78506140038371,-60.74341447651386,0.7412812365900453,0.020823461934924126,0.01678439788520336,1.0
stochastic_0_40,"(0-40,0-40)",stochastic,augmented_action_delay,Augmented (+action buffer + delay values),"(0-40,0-40)",0,40,0,40,919000,19,54720,3,0.697941738124643,0.5205105290253624,83,-48.76510768197477,-48.627213506028056,0.5875314178551176,0.04596472531557083,0.026434311643242836,1.0
stochastic_0_40,"(0-40,0-40)",stochastic,augmented_action_delay,Augmented (+action buffer + delay values),"(0-40,0-40)",0,40,0,40,919000,19,54720,4,0.697941738124643,0.5205105290253624,87,-50.47162794950418,-50.30592257040553,0.5801336545920021,0.0236721970140934,0.002293812343850732,1.0
stochastic_0_40,"(0-40,0-40)",stochastic,augmented_action_delay,Augmented (+action buffer + delay values),"(0-40,0-40)",0,40,0,40,919000,19,54720,5,0.697941738124643,0.5205105290253624,86,-73.06298696994781,-72.14977580308914,0.8495696159296258,0.15220186114311218,0.053378988057374954,0.0
stochastic_0_40,"(0-40,0-40)",stochastic,augmented_action_delay,Augmented (+action buffer + delay values),"(0-40,0-40)",0,40,0,40,919000,19,54720,6,0.697941738124643,0.5205105290253624,81,-45.36811883747578,-45.33101982995868,0.5601002325614294,0.03709900751709938,0.01786152459681034,1.0
stochastic_0_40,"(0-40,0-40)",stochastic,augmented_action_delay,Augmented (+action buffer + delay values),"(0-40,0-40)",0,40,0,40,919000,19,54720,7,0.697941738124643,0.5205105290253624,94,-39.97269947780296,-39.697998754214495,0.42524148380641447,0.019621480256319046,0.005954689811915159,1.0
stochastic_0_40,"(0-40,0-40)",stochastic,augmented_action_delay,Augmented (+action buffer + delay values),"(0-40,0-40)",0,40,0,40,920000,20,57600,0,0.697941738124643,0.5205105290253624,82,-62.34916372271255,-62.30806860374287,0.760355655155031,0.02054755948483944,0.005932454485446215,1.0
stochastic_0_40,"(0-40,0-40)",stochastic,augmented_action_delay,Augmented (+action buffer + delay values),"(0-40,0-40)",0,40,0,40,920000,20,57600,1,0.697941738124643,0.5205105290253624,87,-43.54532216861844,-43.247816532850266,0.5005209444668787,0.042500805109739304,0.010108573362231255,1.0
stochastic_0_40,"(0-40,0-40)",stochastic,augmented_action_delay,Augmented (+action buffer + delay values),"(0-40,0-40)",0,40,0,40,920000,20,57600,2,0.697941738124643,0.5205105290253624,85,-37.55618616892025,-37.466302439104766,0.44183748434023823,0.01797674596309662,0.007783026900142431,1.0
stochastic_0_40,"(0-40,0-40)",stochastic,augmented_action_delay,Augmented (+action buffer + delay values),"(0-40,0-40)",0,40,0,40,920000,20,57600,3,0.697941738124643,0.5205105290253624,90,-36.01764272805303,-35.58619581069797,0.40019603031170037,0.04314469173550606,0.011701071634888649,1.0
stochastic_0_40,"(0-40,0-40)",stochastic,augmented_action_delay,Augmented (+action buffer + delay values),"(0-40,0-40)",0,40,0,40,920000,20,57600,4,0.697941738124643,0.5205105290253624,88,-37.76606869511306,-37.40760171227157,0.4291598715353757,0.04480837285518646,0.02106812596321106,1.0
stochastic_0_40,"(0-40,0-40)",stochastic,augmented_action_delay,Augmented (+action buffer + delay values),"(0-40,0-40)",0,40,0,40,920000,20,57600,5,0.697941738124643,0.5205105290253624,90,-57.76836244156584,-57.30950774392113,0.641870693795176,0.045885469764471054,0.007421810645610094,1.0
stochastic_0_40,"(0-40,0-40)",stochastic,augmented_action_delay,Augmented (+action buffer + delay values),"(0-40,0-40)",0,40,0,40,920000,20,57600,6,0.697941738124643,0.5205105290253624,87,-44.556651232764125,-44.320969650521874,0.5121454164685532,0.033668797463178635,0.0134218018501997,1.0
stochastic_0_40,"(0-40,0-40)",stochastic,augmented_action_delay,Augmented (+action buffer + delay values),"(0-40,0-40)",0,40,0,40,920000,20,57600,7,0.697941738124643,0.5205105290253624,89,-52.15405789366923,-51.941841918742284,0.5860006504906655,0.02357955276966095,0.002607666654512286,1.0
stochastic_0_40,"(0-40,0-40)",stochastic,augmented_action_delay,Augmented (+action buffer + delay values),"(0-40,0-40)",0,40,0,40,921000,21,60480,0,0.697941738124643,0.5205105290253624,88,-62.877037074416876,-61.65245833620429,0.7145117849365554,0.15307234227657318,0.026789207011461258,0.0
stochastic_0_40,"(0-40,0-40)",stochastic,augmented_action_delay,Augmented (+action buffer + delay values),"(0-40,0-40)",0,40,0,40,921000,21,60480,1,0.697941738124643,0.5205105290253624,82,-57.55305481515825,-57.43613507412374,0.7018665221360761,0.058459870517253876,0.027104465290904045,1.0
stochastic_0_40,"(0-40,0-40)",stochastic,augmented_action_delay,Augmented (+action buffer + delay values),"(0-40,0-40)",0,40,0,40,921000,21,60480,2,0.697941738124643,0.5205105290253624,83,-39.55803472129628,-39.40169023303315,0.4766028279674251,0.052114829421043396,0.0052295587956905365,1.0
stochastic_0_40,"(0-40,0-40)",stochastic,augmented_action_delay,Augmented (+action buffer + delay values),"(0-40,0-40)",0,40,0,40,921000,21,60480,3,0.697941738124643,0.5205105290253624,86,-47.20854463428259,-46.93235804140568,0.5489365655149139,0.04603109881281853,0.02208184450864792,1.0
stochastic_0_40,"(0-40,0-40)",stochastic,augmented_action_delay,Augmented (+action buffer + delay values),"(0-40,0-40)",0,40,0,40,921000,21,60480,4,0.697941738124643,0.5205105290253624,91,-43.71206398308277,-43.408396638929844,0.48035235146244804,0.027606122195720673,0.01845698244869709,1.0
stochastic_0_40,"(0-40,0-40)",stochastic,augmented_action_delay,Augmented (+action buffer + delay values),"(0-40,0-40)",0,40,0,40,921000,21,60480,5,0.697941738124643,0.5205105290253624,80,-42.94690516963601,-42.94690516963601,0.5368363146204501,0.12017267942428589,0.04086817055940628,0.0
stochastic_0_40,"(0-40,0-40)",stochastic,augmented_action_delay,Augmented (+action buffer + delay values),"(0-40,0-40)",0,40,0,40,921000,21,60480,6,0.697941738124643,0.5205105290253624,87,-40.9394650105387,-40.757100593298674,0.47056856333952524,0.02605205960571766,0.01773824915289879,1.0
stochastic_0_40,"(0-40,0-40)",stochastic,augmented_action_delay,Augmented (+action buffer + delay values),"(0-40,0-40)",0,40,0,40,921000,21,60480,7,0.697941738124643,0.5205105290253624,80,-37.16433331929147,-37.16433331929147,0.4645541664911434,0.03887994587421417,0.017130721360445023,1.0
stochastic_0_40,"(0-40,0-40)",stochastic,augmented_action_delay,Augmented (+action buffer + delay values),"(0-40,0-40)",0,40,0,40,922000,22,63360,0,0.6799113603937355,0.5967122900744567,92,-44.62298857327551,-44.01081947144121,0.48503248449212505,0.051014091819524765,0.010148688219487667,1.0
stochastic_0_40,"(0-40,0-40)",stochastic,augmented_action_delay,Augmented (+action buffer + delay values),"(0-40,0-40)",0,40,0,40,922000,22,63360,1,0.6799113603937355,0.5967122900744567,95,-41.113469606265426,-40.77806677296758,0.43277336427647817,0.022360188886523247,0.015782728791236877,1.0
stochastic_0_40,"(0-40,0-40)",stochastic,augmented_action_delay,Augmented (+action buffer + delay values),"(0-40,0-40)",0,40,0,40,922000,22,63360,2,0.6799113603937355,0.5967122900744567,82,-38.016206700354815,-37.965145125985146,0.4636122768335953,0.02553078718483448,0.0068455906584858894,1.0
stochastic_0_40,"(0-40,0-40)",stochastic,augmented_action_delay,Augmented (+action buffer + delay values),"(0-40,0-40)",0,40,0,40,922000,22,63360,3,0.6799113603937355,0.5967122900744567,91,-60.843877697363496,-60.457126492634416,0.6686140406303681,0.03515920042991638,0.024110788479447365,1.0
stochastic_0_40,"(0-40,0-40)",stochastic,augmented_action_delay,Augmented (+action buffer + delay values),"(0-40,0-40)",0,40,0,40,922000,22,63360,4,0.6799113603937355,0.5967122900744567,84,-48.17204467765987,-48.094089364632964,0.5734767223530937,0.019488828256726265,0.019488828256726265,1.0
stochastic_0_40,"(0-40,0-40)",stochastic,augmented_action_delay,Augmented (+action buffer + delay values),"(0-40,0-40)",0,40,0,40,922000,22,63360,5,0.6799113603937355,0.5967122900744567,85,-56.70101636648178,-56.298923283815384,0.6670707807821386,0.08041861653327942,0.0358315147459507,0.0
stochastic_0_40,"(0-40,0-40)",stochastic,augmented_action_delay,Augmented (+action buffer + delay values),"(0-40,0-40)",0,40,0,40,922000,22,63360,6,0.6799113603937355,0.5967122900744567,87,-53.08717359369621,-52.46947514778003,0.6101973976286921,0.08824263513088226,0.005330455023795366,0.0
stochastic_0_40,"(0-40,0-40)",stochastic,augmented_action_delay,Augmented (+action buffer + delay values),"(0-40,0-40)",0,40,0,40,922000,22,63360,7,0.6799113603937355,0.5967122900744567,80,-41.70162651501596,-41.70162651501596,0.5212703314376995,0.033641207963228226,0.020813362672924995,1.0
stochastic_0_40,"(0-40,0-40)",stochastic,augmented_action_delay,Augmented (+action buffer + delay values),"(0-40,0-40)",0,40,0,40,923000,23,66240,0,0.6799113603937355,0.5967122900744567,85,-43.6703098108992,-43.562738384120166,0.5137683507164612,0.02151428535580635,0.008644032292068005,1.0
stochastic_0_40,"(0-40,0-40)",stochastic,augmented_action_delay,Augmented (+action buffer + delay values),"(0-40,0-40)",0,40,0,40,923000,23,66240,1,0.6799113603937355,0.5967122900744567,95,-40.60544001683593,-39.64821281656623,0.4274256843877466,0.0638151466846466,0.051614757627248764,0.0
stochastic_0_40,"(0-40,0-40)",stochastic,augmented_action_delay,Augmented (+action buffer + delay values),"(0-40,0-40)",0,40,0,40,923000,23,66240,2,0.6799113603937355,0.5967122900744567,90,-33.71866006636992,-33.645895270165056,0.37465177851522136,0.007276479620486498,0.00429568812251091,1.0
stochastic_0_40,"(0-40,0-40)",stochastic,augmented_action_delay,Augmented (+action buffer + delay values),"(0-40,0-40)",0,40,0,40,923000,23,66240,3,0.6799113603937355,0.5967122900744567,81,-67.62756152451038,-67.56775674596429,0.834908166969264,0.059804778546094894,0.059804778546094894,1.0
stochastic_0_40,"(0-40,0-40)",stochastic,augmented_action_delay,Augmented (+action buffer + delay values),"(0-40,0-40)",0,40,0,40,923000,23,66240,4,0.6799113603937355,0.5967122900744567,85,-61.40197474323213,-60.31763691268861,0.7223761734497898,0.2168675661087036,0.021191643550992012,0.0
stochastic_0_40,"(0-40,0-40)",stochastic,augmented_action_delay,Augmented (+action buffer + delay values),"(0-40,0-40)",0,40,0,40,923000,23,66240,5,0.6799113603937355,0.5967122900744567,89,-27.84018773585558,-27.51902710273862,0.31281109815568064,0.03568451479077339,0.019487643614411354,1.0
stochastic_0_40,"(0-40,0-40)",stochastic,augmented_action_delay,Augmented (+action buffer + delay values),"(0-40,0-40)",0,40,0,40,923000,23,66240,6,0.6799113603937355,0.5967122900744567,88,-47.10795983672142,-46.74217739701271,0.5353177254172888,0.045722804963588715,0.04170587286353111,1.0
stochastic_0_40,"(0-40,0-40)",stochastic,augmented_action_delay,Augmented (+action buffer + delay values),"(0-40,0-40)",0,40,0,40,923000,23,66240,7,0.6799113603937355,0.5967122900744567,86,-62.549376191571355,-62.33287035860121,0.7273183278089692,0.03608430549502373,0.030921047553420067,1.0
stochastic_0_40,"(0-40,0-40)",stochastic,augmented_action_delay,Augmented (+action buffer + delay values),"(0-40,0-40)",0,40,0,40,924000,24,69120,0,0.6799113603937355,0.5967122900744567,83,-45.581215040409006,-45.343597294413485,0.5491712655470965,0.07920591533184052,0.0019078903133049607,0.0
stochastic_0_40,"(0-40,0-40)",stochastic,augmented_action_delay,Augmented (+action buffer + delay values),"(0-40,0-40)",0,40,0,40,924000,24,69120,1,0.6799113603937355,0.5967122900744567,84,-62.17740570753813,-61.993059910833836,0.7402072108040253,0.046086449176073074,0.03565595671534538,1.0
stochastic_0_40,"(0-40,0-40)",stochastic,augmented_action_delay,Augmented (+action buffer + delay values),"(0-40,0-40)",0,40,0,40,924000,24,69120,2,0.6799113603937355,0.5967122900744567,85,-47.27744588442147,-47.05082634277642,0.5562052456990761,0.04532390832901001,0.02007492445409298,1.0
stochastic_0_40,"(0-40,0-40)",stochastic,augmented_action_delay,Augmented (+action buffer + delay values),"(0-40,0-40)",0,40,0,40,924000,24,69120,3,0.6799113603937355,0.5967122900744567,90,-37.857270343229175,-37.77534358203411,0.42063633714699084,0.008192676119506359,0.005583928897976875,1.0
stochastic_0_40,"(0-40,0-40)",stochastic,augmented_action_delay,Augmented (+action buffer + delay values),"(0-40,0-40)",0,40,0,40,924000,24,69120,4,0.6799113603937355,0.5967122900744567,85,-41.8714764341712,-41.79454991128296,0.49260560510789647,0.01538530457764864,0.00987529382109642,1.0
stochastic_0_40,"(0-40,0-40)",stochastic,augmented_action_delay,Augmented (+action buffer + delay values),"(0-40,0-40)",0,40,0,40,924000,24,69120,5,0.6799113603937355,0.5967122900744567,82,-34.74194691609591,-34.68256330024451,0.4236822794645843,0.02969180792570114,0.013737305998802185,1.0
stochastic_0_40,"(0-40,0-40)",stochastic,augmented_action_delay,Augmented (+action buffer + delay values),"(0-40,0-40)",0,40,0,40,924000,24,69120,6,0.6799113603937355,0.5967122900744567,81,-40.8556278066244,-40.822316916426644,0.5043904667484493,0.033310890197753906,0.0028134293388575315,1.0
stochastic_0_40,"(0-40,0-40)",stochastic,augmented_action_delay,Augmented (+action buffer + delay values),"(0-40,0-40)",0,40,0,40,924000,24,69120,7,0.6799113603937355,0.5967122900744567,87,-37.09883738216013,-36.928377273492515,0.4264234181857486,0.024351444095373154,0.014082253910601139,1.0
stochastic_0_40,"(0-40,0-40)",stochastic,augmented_action_delay,Augmented (+action buffer + delay values),"(0-40,0-40)",0,40,0,40,1000000,0,0,0,0.7592573860315994,0.2384058440442351,85,-60.02930547948927,-59.67678420152515,0.706227123288109,0.07050425559282303,0.010171531699597836,0.0
stochastic_0_40,"(0-40,0-40)",stochastic,augmented_action_delay,Augmented (+action buffer + delay values),"(0-40,0-40)",0,40,0,40,1000000,0,0,1,0.7592573860315994,0.2384058440442351,81,-55.16301111411303,-55.067134532146156,0.6810248285692967,0.09587658196687698,0.008643285371363163,0.0
stochastic_0_40,"(0-40,0-40)",stochastic,augmented_action_delay,Augmented (+action buffer + delay values),"(0-40,0-40)",0,40,0,40,1000000,0,0,2,0.7592573860315994,0.2384058440442351,84,-49.876440558582544,-49.065666411072016,0.5937671495069351,0.20269353687763214,0.040085386484861374,0.0
stochastic_0_40,"(0-40,0-40)",stochastic,augmented_action_delay,Augmented (+action buffer + delay values),"(0-40,0-40)",0,40,0,40,1000000,0,0,3,0.7592573860315994,0.2384058440442351,82,-41.77059213351458,-41.69655943941325,0.5093974650428608,0.03701634705066681,0.014591573737561703,1.0
stochastic_0_40,"(0-40,0-40)",stochastic,augmented_action_delay,Augmented (+action buffer + delay values),"(0-40,0-40)",0,40,0,40,1000000,0,0,4,0.7592573860315994,0.2384058440442351,90,-61.83644994813949,-61.6832240736112,0.6870716660904388,0.015322587452828884,0.015322587452828884,1.0
stochastic_0_40,"(0-40,0-40)",stochastic,augmented_action_delay,Augmented (+action buffer + delay values),"(0-40,0-40)",0,40,0,40,1000000,0,0,5,0.7592573860315994,0.2384058440442351,94,-38.195942651014775,-37.874186027329415,0.4063398154363274,0.02298261597752571,0.002736914437264204,1.0
stochastic_0_40,"(0-40,0-40)",stochastic,augmented_action_delay,Augmented (+action buffer + delay values),"(0-40,0-40)",0,40,0,40,1000000,0,0,6,0.7592573860315994,0.2384058440442351,89,-55.66771870106459,-54.73240499198437,0.6254799854052201,0.1039237454533577,0.022631868720054626,0.0
stochastic_0_40,"(0-40,0-40)",stochastic,augmented_action_delay,Augmented (+action buffer + delay values),"(0-40,0-40)",0,40,0,40,1000000,0,0,7,0.7592573860315994,0.2384058440442351,83,-48.64042303338647,-48.33003094419837,0.5860291931733309,0.1034640297293663,0.01961653120815754,0.0
stochastic_0_40,"(0-40,0-40)",stochastic,augmented_action_delay,Augmented (+action buffer + delay values),"(0-40,0-40)",0,40,0,40,1001000,1,2880,0,1.4708423154735089,0.48536902999808357,85,-72.89548926614225,-72.02077285014093,0.8575939913663794,0.17494328320026398,0.01993880234658718,0.0
stochastic_0_40,"(0-40,0-40)",stochastic,augmented_action_delay,Augmented (+action buffer + delay values),"(0-40,0-40)",0,40,0,40,1001000,1,2880,1,1.4708423154735089,0.48536902999808357,86,-34.56088154017925,-34.1105135679245,0.4018707155834797,0.07506132870912552,0.007388429716229439,0.0
stochastic_0_40,"(0-40,0-40)",stochastic,augmented_action_delay,Augmented (+action buffer + delay values),"(0-40,0-40)",0,40,0,40,1001000,1,2880,2,1.4708423154735089,0.48536902999808357,89,-24.93424382340163,-24.576322208158672,0.28016004295956887,0.039769068360328674,0.009404421783983707,1.0
stochastic_0_40,"(0-40,0-40)",stochastic,augmented_action_delay,Augmented (+action buffer + delay values),"(0-40,0-40)",0,40,0,40,1001000,1,2880,3,1.4708423154735089,0.48536902999808357,84,-57.322014136239886,-56.1245874594897,0.6824049301933319,0.2993566691875458,0.015920666977763176,0.0
stochastic_0_40,"(0-40,0-40)",stochastic,augmented_action_delay,Augmented (+action buffer + delay values),"(0-40,0-40)",0,40,0,40,1001000,1,2880,4,1.4708423154735089,0.48536902999808357,87,-54.42969041597098,-53.66922908555716,0.6256286254709308,0.10863733291625977,0.010976719669997692,0.0
stochastic_0_40,"(0-40,0-40)",stochastic,augmented_action_delay,Augmented (+action buffer + delay values),"(0-40,0-40)",0,40,0,40,1001000,1,2880,5,1.4708423154735089,0.48536902999808357,85,-59.93367110006511,-59.21874266676605,0.7051020129419425,0.14298568665981293,0.014525515958666801,0.0
stochastic_0_40,"(0-40,0-40)",stochastic,augmented_action_delay,Augmented (+action buffer + delay values),"(0-40,0-40)",0,40,0,40,1001000,1,2880,6,1.4708423154735089,0.48536902999808357,89,-53.152064956724644,-52.808613289147615,0.5972142129969061,0.038161296397447586,0.011895587667822838,1.0
stochastic_0_40,"(0-40,0-40)",stochastic,augmented_action_delay,Augmented (+action buffer + delay values),"(0-40,0-40)",0,40,0,40,1001000,1,2880,7,1.4708423154735089,0.48536902999808357,93,-55.60474352538586,-53.468160554766655,0.5979004680149017,0.16435253620147705,0.032887496054172516,0.0
stochastic_0_40,"(0-40,0-40)",stochastic,augmented_action_delay,Augmented (+action buffer + delay values),"(0-40,0-40)",0,40,0,40,1002000,2,5760,0,1.4708423154735089,0.48536902999808357,85,-60.78924848139286,-60.57655077800155,0.7151676291928571,0.04253954067826271,0.024988189339637756,1.0
stochastic_0_40,"(0-40,0-40)",stochastic,augmented_action_delay,Augmented (+action buffer + delay values),"(0-40,0-40)",0,40,0,40,1002000,2,5760,1,1.4708423154735089,0.48536902999808357,87,-59.44109899178147,-58.81873166188598,0.6832310228940399,0.08890961855649948,0.05728796496987343,0.0
stochastic_0_40,"(0-40,0-40)",stochastic,augmented_action_delay,Augmented (+action buffer + delay values),"(0-40,0-40)",0,40,0,40,1002000,2,5760,2,1.4708423154735089,0.48536902999808357,85,-65.75822335015982,-65.62535561900586,0.7736261570607038,0.026573546230793,0.0112348273396492,1.0
stochastic_0_40,"(0-40,0-40)",stochastic,augmented_action_delay,Augmented (+action buffer + delay values),"(0-40,0-40)",0,40,0,40,1002000,2,5760,3,1.4708423154735089,0.48536902999808357,88,-67.20704180188477,-65.28558713383973,0.7637163841123269,0.2401818335056305,0.026823442429304123,0.0
stochastic_0_40,"(0-40,0-40)",stochastic,augmented_action_delay,Augmented (+action buffer + delay values),"(0-40,0-40)",0,40,0,40,1002000,2,5760,4,1.4708423154735089,0.48536902999808357,87,-34.602853033691645,-34.4252523817122,0.3977339429159959,0.025371521711349487,0.016873694956302643,1.0
stochastic_0_40,"(0-40,0-40)",stochastic,augmented_action_delay,Augmented (+action buffer + delay values),"(0-40,0-40)",0,40,0,40,1002000,2,5760,5,1.4708423154735089,0.48536902999808357,94,-60.633722791448236,-53.51793242432177,0.6450396041643429,0.5082707405090332,0.030507558956742287,0.0
stochastic_0_40,"(0-40,0-40)",stochastic,augmented_action_delay,Augmented (+action buffer + delay values),"(0-40,0-40)",0,40,0,40,1002000,2,5760,6,1.4708423154735089,0.48536902999808357,85,-47.63051062449813,-47.42552745714784,0.5603589485235074,0.04099663347005844,0.020239651203155518,1.0
stochastic_0_40,"(0-40,0-40)",stochastic,augmented_action_delay,Augmented (+action buffer + delay values),"(0-40,0-40)",0,40,0,40,1002000,2,5760,7,1.4708423154735089,0.48536902999808357,89,-38.53678087890148,-37.132842138409615,0.4329975379651852,0.15599319338798523,0.048021238297224045,0.0
stochastic_0_40,"(0-40,0-40)",stochastic,augmented_action_delay,Augmented (+action buffer + delay values),"(0-40,0-40)",0,40,0,40,1003000,3,8640,0,1.4708423154735089,0.48536902999808357,90,-56.86590554751456,-55.21902518905699,0.631843394972384,0.16468803584575653,0.027748173102736473,0.0
stochastic_0_40,"(0-40,0-40)",stochastic,augmented_action_delay,Augmented (+action buffer + delay values),"(0-40,0-40)",0,40,0,40,1003000,3,8640,1,1.4708423154735089,0.48536902999808357,93,-71.44905899465084,-71.25822169426829,0.7682694515553854,0.01467979233711958,0.011109620332717896,1.0
stochastic_0_40,"(0-40,0-40)",stochastic,augmented_action_delay,Augmented (+action buffer + delay values),"(0-40,0-40)",0,40,0,40,1003000,3,8640,2,1.4708423154735089,0.48536902999808357,88,-51.25195418484509,-49.93606613762677,0.5824085702823306,0.16448600590229034,0.008678635582327843,0.0
stochastic_0_40,"(0-40,0-40)",stochastic,augmented_action_delay,Augmented (+action buffer + delay values),"(0-40,0-40)",0,40,0,40,1003000,3,8640,3,1.4708423154735089,0.48536902999808357,88,-32.98289629817009,-32.805173099040985,0.3748056397519328,0.022215399891138077,0.01228391844779253,1.0
stochastic_0_40,"(0-40,0-40)",stochastic,augmented_action_delay,Augmented (+action buffer + delay values),"(0-40,0-40)",0,40,0,40,1003000,3,8640,4,1.4708423154735089,0.48536902999808357,83,-59.2769291959703,-59.06579542532563,0.7141798698309675,0.07037792354822159,0.015842575579881668,0.0
stochastic_0_40,"(0-40,0-40)",stochastic,augmented_action_delay,Augmented (+action buffer + delay values),"(0-40,0-40)",0,40,0,40,1003000,3,8640,5,1.4708423154735089,0.48536902999808357,80,-74.84057395905256,-74.84057395905256,0.935507174488157,0.2986544072628021,0.03478091582655907,0.0
stochastic_0_40,"(0-40,0-40)",stochastic,augmented_action_delay,Augmented (+action buffer + delay values),"(0-40,0-40)",0,40,0,40,1003000,3,8640,6,1.4708423154735089,0.48536902999808357,83,-66.16339605487883,-66.04824953712523,0.7971493500587811,0.03838217258453369,0.027984248474240303,1.0
stochastic_0_40,"(0-40,0-40)",stochastic,augmented_action_delay,Augmented (+action buffer + delay values),"(0-40,0-40)",0,40,0,40,1003000,3,8640,7,1.4708423154735089,0.48536902999808357,84,-45.92582679819316,-45.47682262491435,0.5467360333118233,0.11225104331970215,0.014498810283839703,0.0
stochastic_0_40,"(0-40,0-40)",stochastic,augmented_action_delay,Augmented (+action buffer + delay values),"(0-40,0-40)",0,40,0,40,1004000,4,11520,0,1.4708423154735089,0.48536902999808357,87,-40.137635339051485,-39.99666661955416,0.46135213033392514,0.020138388499617577,0.020138388499617577,1.0
stochastic_0_40,"(0-40,0-40)",stochastic,augmented_action_delay,Augmented (+action buffer + delay values),"(0-40,0-40)",0,40,0,40,1004000,4,11520,1,1.4708423154735089,0.48536902999808357,88,-47.342894772067666,-47.25624010898173,0.537987440591678,0.010831832885742188,0.010831832885742188,1.0
stochastic_0_40,"(0-40,0-40)",stochastic,augmented_action_delay,Augmented (+action buffer + delay values),"(0-40,0-40)",0,40,0,40,1004000,4,11520,2,1.4708423154735089,0.48536902999808357,93,-66.34930928330868,-64.70603691320866,0.7134334331538569,0.12640556693077087,0.009048598818480968,0.0
stochastic_0_40,"(0-40,0-40)",stochastic,augmented_action_delay,Augmented (+action buffer + delay values),"(0-40,0-40)",0,40,0,40,1004000,4,11520,3,1.4708423154735089,0.48536902999808357,81,-30.812946596648544,-30.77923764800653,0.38040674810677216,0.03370894864201546,0.005189571063965559,1.0
stochastic_0_40,"(0-40,0-40)",stochastic,augmented_action_delay,Augmented (+action buffer + delay values),"(0-40,0-40)",0,40,0,40,1004000,4,11520,4,1.4708423154735089,0.48536902999808357,83,-55.55669040605426,-55.40778852254152,0.6693577157355934,0.04963396117091179,0.03789548948407173,1.0
stochastic_0_40,"(0-40,0-40)",stochastic,augmented_action_delay,Augmented (+action buffer + delay values),"(0-40,0-40)",0,40,0,40,1004000,4,11520,5,1.4708423154735089,0.48536902999808357,83,-65.71140975039452,-64.91839319746941,0.7917037319324641,0.2643388509750366,0.013665067963302135,0.0
stochastic_0_40,"(0-40,0-40)",stochastic,augmented_action_delay,Augmented (+action buffer + delay values),"(0-40,0-40)",0,40,0,40,1004000,4,11520,6,1.4708423154735089,0.48536902999808357,90,-55.74505688250065,-55.66579828597605,0.6193895209166739,0.007925859652459621,0.004619516897946596,1.0
stochastic_0_40,"(0-40,0-40)",stochastic,augmented_action_delay,Augmented (+action buffer + delay values),"(0-40,0-40)",0,40,0,40,1004000,4,11520,7,1.4708423154735089,0.48536902999808357,89,-55.32888623513281,-54.93707809410989,0.6216728790464361,0.04353423789143562,0.02272472344338894,1.0
stochastic_0_40,"(0-40,0-40)",stochastic,augmented_action_delay,Augmented (+action buffer + delay values),"(0-40,0-40)",0,40,0,40,1005000,5,14400,0,0.797778924533241,0.27386148603275706,83,-44.25936932954937,-44.09479659516364,0.5332454136090286,0.05485757812857628,0.005174220539629459,1.0
stochastic_0_40,"(0-40,0-40)",stochastic,augmented_action_delay,Augmented (+action buffer + delay values),"(0-40,0-40)",0,40,0,40,1005000,5,14400,1,0.797778924533241,0.27386148603275706,86,-41.4407573454082,-41.08413302525878,0.4818692714582349,0.05943738669157028,0.03230183571577072,1.0
stochastic_0_40,"(0-40,0-40)",stochastic,augmented_action_delay,Augmented (+action buffer + delay values),"(0-40,0-40)",0,40,0,40,1005000,5,14400,2,0.797778924533241,0.27386148603275706,91,-42.51273230323568,-41.607840611133724,0.4671728824531393,0.08226288110017776,0.005373107735067606,0.0
stochastic_0_40,"(0-40,0-40)",stochastic,augmented_action_delay,Augmented (+action buffer + delay values),"(0-40,0-40)",0,40,0,40,1005000,5,14400,3,0.797778924533241,0.27386148603275706,84,-53.75939116999507,-52.63765273615718,0.6399927520237508,0.28043460845947266,0.05302342772483826,0.0
stochastic_0_40,"(0-40,0-40)",stochastic,augmented_action_delay,Augmented (+action buffer + delay values),"(0-40,0-40)",0,40,0,40,1005000,5,14400,4,0.797778924533241,0.27386148603275706,92,-63.610049054026604,-60.07607989013195,0.6914135766742022,0.29449743032455444,0.032063599675893784,0.0
stochastic_0_40,"(0-40,0-40)",stochastic,augmented_action_delay,Augmented (+action buffer + delay values),"(0-40,0-40)",0,40,0,40,1005000,5,14400,5,0.797778924533241,0.27386148603275706,87,-45.88197068637237,-44.647052568849176,0.5273789734065789,0.17641687393188477,0.005758408922702074,0.0
stochastic_0_40,"(0-40,0-40)",stochastic,augmented_action_delay,Augmented (+action buffer + delay values),"(0-40,0-40)",0,40,0,40,1005000,5,14400,6,0.797778924533241,0.27386148603275706,89,-43.729205422103405,-43.48751488700509,0.4913393867652068,0.0268545038998127,0.016205785796046257,1.0
stochastic_0_40,"(0-40,0-40)",stochastic,augmented_action_delay,Augmented (+action buffer + delay values),"(0-40,0-40)",0,40,0,40,1005000,5,14400,7,0.797778924533241,0.27386148603275706,83,-67.71474187448621,-67.66820823866874,0.8158402635480266,0.015511211939156055,0.015511211939156055,1.0
stochastic_0_40,"(0-40,0-40)",stochastic,augmented_action_delay,Augmented (+action buffer + delay values),"(0-40,0-40)",0,40,0,40,1006000,6,17280,0,0.797778924533241,0.27386148603275706,85,-71.73547970503569,-71.2214527130127,0.8439468200592434,0.10280539840459824,0.021410522982478142,0.0
stochastic_0_40,"(0-40,0-40)",stochastic,augmented_action_delay,Augmented (+action buffer + delay values),"(0-40,0-40)",0,40,0,40,1006000,6,17280,1,0.797778924533241,0.27386148603275706,85,-30.092692903243005,-29.99381552170962,0.3540316812146236,0.019775476306676865,0.009575673379004002,1.0
stochastic_0_40,"(0-40,0-40)",stochastic,augmented_action_delay,Augmented (+action buffer + delay values),"(0-40,0-40)",0,40,0,40,1006000,6,17280,2,0.797778924533241,0.27386148603275706,97,-36.9408272318542,-36.20634203404188,0.3808332704314866,0.04320501163601875,0.01548047922551632,1.0
stochastic_0_40,"(0-40,0-40)",stochastic,augmented_action_delay,Augmented (+action buffer + delay values),"(0-40,0-40)",0,40,0,40,1006000,6,17280,3,0.797778924533241,0.27386148603275706,83,-47.96027879975736,-47.92429372482002,0.5778346843344261,0.011995024979114532,0.011995024979114532,1.0
stochastic_0_40,"(0-40,0-40)",stochastic,augmented_action_delay,Augmented (+action buffer + delay values),"(0-40,0-40)",0,40,0,40,1006000,6,17280,4,0.797778924533241,0.27386148603275706,87,-52.53488899767399,-52.289808966219425,0.603849298823839,0.03501143306493759,0.03501143306493759,1.0
stochastic_0_40,"(0-40,0-40)",stochastic,augmented_action_delay,Augmented (+action buffer + delay values),"(0-40,0-40)",0,40,0,40,1006000,6,17280,5,0.797778924533241,0.27386148603275706,82,-32.749403432011604,-32.71764564886689,0.39938296868306833,0.015878891572356224,0.01209441851824522,1.0
stochastic_0_40,"(0-40,0-40)",stochastic,augmented_action_delay,Augmented (+action buffer + delay values),"(0-40,0-40)",0,40,0,40,1006000,6,17280,6,0.797778924533241,0.27386148603275706,100,-54.63428499409929,-54.20471424469724,0.5463428499409929,0.02147853747010231,0.006377093959599733,1.0
stochastic_0_40,"(0-40,0-40)",stochastic,augmented_action_delay,Augmented (+action buffer + delay values),"(0-40,0-40)",0,40,0,40,1006000,6,17280,7,0.797778924533241,0.27386148603275706,88,-46.61609983257949,-46.121716974303126,0.5297284071884033,0.0617978572845459,0.015674885362386703,0.0
stochastic_0_40,"(0-40,0-40)",stochastic,augmented_action_delay,Augmented (+action buffer + delay values),"(0-40,0-40)",0,40,0,40,1007000,7,20160,0,0.797778924533241,0.27386148603275706,94,-39.129636463243514,-38.74167374940589,0.41627272833237783,0.027711622416973114,0.006304817274212837,1.0
stochastic_0_40,"(0-40,0-40)",stochastic,augmented_action_delay,Augmented (+action buffer + delay values),"(0-40,0-40)",0,40,0,40,1007000,7,20160,1,0.797778924533241,0.27386148603275706,91,-33.827076418325305,-33.520784851163626,0.37172611448709125,0.027844687923789024,0.0105967428535223,1.0
stochastic_0_40,"(0-40,0-40)",stochastic,augmented_action_delay,Augmented (+action buffer + delay values),"(0-40,0-40)",0,40,0,40,1007000,7,20160,2,0.797778924533241,0.27386148603275706,88,-44.437812585383654,-44.296055126935244,0.5049751430157233,0.017719682306051254,0.007019912824034691,1.0
stochastic_0_40,"(0-40,0-40)",stochastic,augmented_action_delay,Augmented (+action buffer + delay values),"(0-40,0-40)",0,40,0,40,1007000,7,20160,3,0.797778924533241,0.27386148603275706,83,-47.21528796106577,-47.11622601374984,0.5688588910971779,0.03302064910531044,0.03302064910531044,1.0
stochastic_0_40,"(0-40,0-40)",stochastic,augmented_action_delay,Augmented (+action buffer + delay values),"(0-40,0-40)",0,40,0,40,1007000,7,20160,4,0.797778924533241,0.27386148603275706,85,-39.10302830580622,-38.880355653353035,0.460035627127132,0.044534530490636826,0.011568203568458557,1.0
stochastic_0_40,"(0-40,0-40)",stochastic,augmented_action_delay,Augmented (+action buffer + delay values),"(0-40,0-40)",0,40,0,40,1007000,7,20160,5,0.797778924533241,0.27386148603275706,87,-49.84332586918026,-49.54875254351646,0.5729117915997731,0.04208190366625786,0.009016347117722034,1.0
stochastic_0_40,"(0-40,0-40)",stochastic,augmented_action_delay,Augmented (+action buffer + delay values),"(0-40,0-40)",0,40,0,40,1007000,7,20160,6,0.797778924533241,0.27386148603275706,86,-57.80123365856707,-57.11257881857455,0.672107368122873,0.11477580666542053,0.028818165883421898,0.0
stochastic_0_40,"(0-40,0-40)",stochastic,augmented_action_delay,Augmented (+action buffer + delay values),"(0-40,0-40)",0,40,0,40,1007000,7,20160,7,0.797778924533241,0.27386148603275706,99,-31.50612838822417,-30.276568623958156,0.31824372109317345,0.06471367180347443,0.001484718988649547,0.0
stochastic_0_40,"(0-40,0-40)",stochastic,augmented_action_delay,Augmented (+action buffer + delay values),"(0-40,0-40)",0,40,0,40,1008000,8,23040,0,0.797778924533241,0.27386148603275706,84,-46.44051910657436,-46.34081967640668,0.5528633226973138,0.024924857541918755,0.008306271396577358,1.0
stochastic_0_40,"(0-40,0-40)",stochastic,augmented_action_delay,Augmented (+action buffer + delay values),"(0-40,0-40)",0,40,0,40,1008000,8,23040,1,0.797778924533241,0.27386148603275706,83,-40.376341381284874,-40.30448689608602,0.4864619443528298,0.023951495066285133,0.0006264403345994651,1.0
stochastic_0_40,"(0-40,0-40)",stochastic,augmented_action_delay,Augmented (+action buffer + delay values),"(0-40,0-40)",0,40,0,40,1008000,8,23040,2,0.797778924533241,0.27386148603275706,88,-38.17091101594269,-37.88101235218346,0.4337603524538942,0.036237332969903946,0.005304987076669931,1.0
stochastic_0_40,"(0-40,0-40)",stochastic,augmented_action_delay,Augmented (+action buffer + delay values),"(0-40,0-40)",0,40,0,40,1008000,8,23040,3,0.797778924533241,0.27386148603275706,87,-53.55943123064935,-53.003350203856826,0.615625646329303,0.0794401466846466,0.013274475932121277,0.0
stochastic_0_40,"(0-40,0-40)",stochastic,augmented_action_delay,Augmented (+action buffer + delay values),"(0-40,0-40)",0,40,0,40,1008000,8,23040,4,0.797778924533241,0.27386148603275706,90,-61.02824728284031,-58.39169602189213,0.6780916364760035,0.2636551260948181,0.01274721696972847,0.0
stochastic_0_40,"(0-40,0-40)",stochastic,augmented_action_delay,Augmented (+action buffer + delay values),"(0-40,0-40)",0,40,0,40,1008000,8,23040,5,0.797778924533241,0.27386148603275706,86,-39.93961682263762,-39.67139290366322,0.46441414910043743,0.04470398649573326,0.010359951294958591,1.0
stochastic_0_40,"(0-40,0-40)",stochastic,augmented_action_delay,Augmented (+action buffer + delay values),"(0-40,0-40)",0,40,0,40,1008000,8,23040,6,0.797778924533241,0.27386148603275706,81,-50.52182530332357,-50.43655182141811,0.6237262383126366,0.08527348190546036,0.0012732753530144691,0.0
stochastic_0_40,"(0-40,0-40)",stochastic,augmented_action_delay,Augmented (+action buffer + delay values),"(0-40,0-40)",0,40,0,40,1008000,8,23040,7,0.797778924533241,0.27386148603275706,82,-40.3852460142225,-40.33066128753126,0.49250300017344517,0.027292363345623016,0.025899402797222137,1.0
stochastic_0_40,"(0-40,0-40)",stochastic,augmented_action_delay,Augmented (+action buffer + delay values),"(0-40,0-40)",0,40,0,40,1009000,9,25920,0,0.797778924533241,0.27386148603275706,91,-54.86116892332211,-54.52788901561871,0.6028699881683749,0.030298173427581787,0.003861404489725828,1.0
stochastic_0_40,"(0-40,0-40)",stochastic,augmented_action_delay,Augmented (+action buffer + delay values),"(0-40,0-40)",0,40,0,40,1009000,9,25920,1,0.797778924533241,0.27386148603275706,95,-41.5924366239924,-40.81222845730372,0.4378151223578147,0.05201387777924538,0.002306624548509717,1.0
stochastic_0_40,"(0-40,0-40)",stochastic,augmented_action_delay,Augmented (+action buffer + delay values),"(0-40,0-40)",0,40,0,40,1009000,9,25920,2,0.797778924533241,0.27386148603275706,83,-54.251783343032,-53.75602233596146,0.6536359438919518,0.1652536690235138,0.014049971476197243,0.0
stochastic_0_40,"(0-40,0-40)",stochastic,augmented_action_delay,Augmented (+action buffer + delay values),"(0-40,0-40)",0,40,0,40,1009000,9,25920,3,0.797778924533241,0.27386148603275706,83,-41.59523852542043,-41.44956789910793,0.5011474521134991,0.04855687543749809,0.026196468621492386,1.0
stochastic_0_40,"(0-40,0-40)",stochastic,augmented_action_delay,Augmented (+action buffer + delay values),"(0-40,0-40)",0,40,0,40,1009000,9,25920,4,0.797778924533241,0.27386148603275706,82,-36.56251121684909,-36.34721402451396,0.44588428313230594,0.10764859616756439,0.0258270762860775,0.0
stochastic_0_40,"(0-40,0-40)",stochastic,augmented_action_delay,Augmented (+action buffer + delay values),"(0-40,0-40)",0,40,0,40,1009000,9,25920,5,0.797778924533241,0.27386148603275706,85,-53.33805893920362,-53.245560232549906,0.6275065757553367,0.018499741330742836,0.018499741330742836,1.0
stochastic_0_40,"(0-40,0-40)",stochastic,augmented_action_delay,Augmented (+action buffer + delay values),"(0-40,0-40)",0,40,0,40,1009000,9,25920,6,0.797778924533241,0.27386148603275706,82,-38.25499843200669,-37.99120967229828,0.46652437112203277,0.13189437985420227,0.00545852305367589,0.0
stochastic_0_40,"(0-40,0-40)",stochastic,augmented_action_delay,Augmented (+action buffer + delay values),"(0-40,0-40)",0,40,0,40,1009000,9,25920,7,0.797778924533241,0.27386148603275706,84,-42.77109843818471,-42.67104450194165,0.5091797433117227,0.025013484060764313,0.004687062930315733,1.0
stochastic_0_40,"(0-40,0-40)",stochastic,augmented_action_delay,Augmented (+action buffer + delay values),"(0-40,0-40)",0,40,0,40,1010000,10,28800,0,0.797778924533241,0.27386148603275706,81,-57.86472425982356,-57.71265147253871,0.7143793118496736,0.15207278728485107,0.013641128316521645,0.0
stochastic_0_40,"(0-40,0-40)",stochastic,augmented_action_delay,Augmented (+action buffer + delay values),"(0-40,0-40)",0,40,0,40,1010000,10,28800,1,0.797778924533241,0.27386148603275706,85,-43.81238614860922,-43.63535064924508,0.5154398370424614,0.03540709987282753,0.004570214077830315,1.0
stochastic_0_40,"(0-40,0-40)",stochastic,augmented_action_delay,Augmented (+action buffer + delay values),"(0-40,0-40)",0,40,0,40,1010000,10,28800,2,0.797778924533241,0.27386148603275706,87,-52.77480831742287,-51.61989286541939,0.6066069921542858,0.16498792171478271,0.006192164495587349,0.0
stochastic_0_40,"(0-40,0-40)",stochastic,augmented_action_delay,Augmented (+action buffer + delay values),"(0-40,0-40)",0,40,0,40,1010000,10,28800,3,0.797778924533241,0.27386148603275706,93,-39.033667689422145,-38.686426310101524,0.4197168568755069,0.0267108753323555,0.0018813011702150106,1.0
stochastic_0_40,"(0-40,0-40)",stochastic,augmented_action_delay,Augmented (+action buffer + delay values),"(0-40,0-40)",0,40,0,40,1010000,10,28800,4,0.797778924533241,0.27386148603275706,87,-40.233627524226904,-39.727216463536024,0.4624554887842173,0.07234443724155426,0.025326987728476524,0.0
stochastic_0_40,"(0-40,0-40)",stochastic,augmented_action_delay,Augmented (+action buffer + delay values),"(0-40,0-40)",0,40,0,40,1010000,10,28800,5,0.797778924533241,0.27386148603275706,84,-35.960280345752835,-35.678188966587186,0.4280985755446766,0.07052284479141235,0.004381123930215836,0.0
stochastic_0_40,"(0-40,0-40)",stochastic,augmented_action_delay,Augmented (+action buffer + delay values),"(0-40,0-40)",0,40,0,40,1010000,10,28800,6,0.797778924533241,0.27386148603275706,88,-48.87696405313909,-48.3636417593807,0.5554200460583988,0.06416528671979904,0.016734272241592407,0.0
stochastic_0_40,"(0-40,0-40)",stochastic,augmented_action_delay,Augmented (+action buffer + delay values),"(0-40,0-40)",0,40,0,40,1010000,10,28800,7,0.797778924533241,0.27386148603275706,87,-48.757349133491516,-48.600058330222964,0.56042930038496,0.02247011475265026,0.012122083455324173,1.0
stochastic_0_40,"(0-40,0-40)",stochastic,augmented_action_delay,Augmented (+action buffer + delay values),"(0-40,0-40)",0,40,0,40,1011000,11,31680,0,0.797778924533241,0.27386148603275706,82,-49.70007173717022,-49.604964941740036,0.606098435819149,0.047553397715091705,0.011721324175596237,1.0
stochastic_0_40,"(0-40,0-40)",stochastic,augmented_action_delay,Augmented (+action buffer + delay values),"(0-40,0-40)",0,40,0,40,1011000,11,31680,1,0.797778924533241,0.27386148603275706,82,-39.16264922916889,-38.96937556564808,0.47759328328254746,0.0966368317604065,0.04110332205891609,0.0
stochastic_0_40,"(0-40,0-40)",stochastic,augmented_action_delay,Augmented (+action buffer + delay values),"(0-40,0-40)",0,40,0,40,1011000,11,31680,2,0.797778924533241,0.27386148603275706,91,-35.726050107972696,-35.20674358610995,0.3925939572304692,0.04720968380570412,0.0038015798199921846,1.0
stochastic_0_40,"(0-40,0-40)",stochastic,augmented_action_delay,Augmented (+action buffer + delay values),"(0-40,0-40)",0,40,0,40,1011000,11,31680,3,0.797778924533241,0.27386148603275706,89,-36.94724686141126,-36.872971447883174,0.4151376051843962,0.00825282372534275,0.0026493114419281483,1.0
stochastic_0_40,"(0-40,0-40)",stochastic,augmented_action_delay,Augmented (+action buffer + delay values),"(0-40,0-40)",0,40,0,40,1011000,11,31680,4,0.797778924533241,0.27386148603275706,81,-57.24356314353645,-57.04563028924167,0.7067106560930426,0.19793285429477692,0.024706052616238594,0.0
stochastic_0_40,"(0-40,0-40)",stochastic,augmented_action_delay,Augmented (+action buffer + delay values),"(0-40,0-40)",0,40,0,40,1011000,11,31680,5,0.797778924533241,0.27386148603275706,86,-61.56160227023065,-60.7285947855562,0.7158325845375657,0.13883458077907562,0.006916875019669533,0.0
stochastic_0_40,"(0-40,0-40)",stochastic,augmented_action_delay,Augmented (+action buffer + delay values),"(0-40,0-40)",0,40,0,40,1011000,11,31680,6,0.797778924533241,0.27386148603275706,84,-37.94226861000061,-37.76527924835682,0.4516936739285787,0.0442473404109478,0.02106545679271221,1.0
stochastic_0_40,"(0-40,0-40)",stochastic,augmented_action_delay,Augmented (+action buffer + delay values),"(0-40,0-40)",0,40,0,40,1011000,11,31680,7,0.797778924533241,0.27386148603275706,85,-42.92975551635027,-42.64386770501733,0.5050559472511796,0.05717756226658821,0.05291202291846275,1.0
stochastic_0_40,"(0-40,0-40)",stochastic,augmented_action_delay,Augmented (+action buffer + delay values),"(0-40,0-40)",0,40,0,40,1012000,12,34560,0,0.704466138372874,0.3032369145522797,87,-58.833995836786926,-58.07701568584889,0.6762528257101945,0.1081400215625763,0.01025103498250246,0.0
stochastic_0_40,"(0-40,0-40)",stochastic,augmented_action_delay,Augmented (+action buffer + delay values),"(0-40,0-40)",0,40,0,40,1012000,12,34560,1,0.704466138372874,0.3032369145522797,84,-54.64749859739095,-54.44252215791494,0.6505654594927494,0.051244109869003296,0.014358771033585072,1.0
stochastic_0_40,"(0-40,0-40)",stochastic,augmented_action_delay,Augmented (+action buffer + delay values),"(0-40,0-40)",0,40,0,40,1012000,12,34560,2,0.704466138372874,0.3032369145522797,83,-40.30651409551501,-40.20226316899061,0.4856206517531929,0.034750308841466904,0.034750308841466904,1.0
stochastic_0_40,"(0-40,0-40)",stochastic,augmented_action_delay,Augmented (+action buffer + delay values),"(0-40,0-40)",0,40,0,40,1012000,12,34560,3,0.704466138372874,0.3032369145522797,82,-53.06842405209318,-53.05338840326294,0.6471759030743071,0.007517824415117502,0.006620367057621479,1.0
stochastic_0_40,"(0-40,0-40)",stochastic,augmented_action_delay,Augmented (+action buffer + delay values),"(0-40,0-40)",0,40,0,40,1012000,12,34560,4,0.704466138372874,0.3032369145522797,88,-33.302301643416286,-32.79975217394531,0.37843524594791234,0.06281868368387222,0.013892175629734993,0.0
stochastic_0_40,"(0-40,0-40)",stochastic,augmented_action_delay,Augmented (+action buffer + delay values),"(0-40,0-40)",0,40,0,40,1012000,12,34560,5,0.704466138372874,0.3032369145522797,82,-51.46008771285415,-51.404924504458904,0.6275620452787091,0.027581604197621346,0.025041921064257622,1.0
stochastic_0_40,"(0-40,0-40)",stochastic,augmented_action_delay,Augmented (+action buffer + delay values),"(0-40,0-40)",0,40,0,40,1012000,12,34560,6,0.704466138372874,0.3032369145522797,94,-36.28779678978026,-34.598253885284066,0.38604039138064106,0.12068163603544235,0.02199092134833336,0.0
stochastic_0_40,"(0-40,0-40)",stochastic,augmented_action_delay,Augmented (+action buffer + delay values),"(0-40,0-40)",0,40,0,40,1012000,12,34560,7,0.704466138372874,0.3032369145522797,88,-37.60147515870631,-37.361548313871026,0.4272894904398444,0.02999085560441017,0.01938670128583908,1.0
stochastic_0_40,"(0-40,0-40)",stochastic,augmented_action_delay,Augmented (+action buffer + delay values),"(0-40,0-40)",0,40,0,40,1013000,13,37440,0,0.704466138372874,0.3032369145522797,88,-30.47328819707036,-29.754284758120775,0.34628736587579956,0.08987542986869812,0.0236054677516222,0.0
stochastic_0_40,"(0-40,0-40)",stochastic,augmented_action_delay,Augmented (+action buffer + delay values),"(0-40,0-40)",0,40,0,40,1013000,13,37440,1,0.704466138372874,0.3032369145522797,82,-47.728967405855656,-47.62702418863773,0.582060578120191,0.050971608608961105,0.016259925439953804,1.0
stochastic_0_40,"(0-40,0-40)",stochastic,augmented_action_delay,Augmented (+action buffer + delay values),"(0-40,0-40)",0,40,0,40,1013000,13,37440,2,0.704466138372874,0.3032369145522797,89,-55.94345152331516,-54.00512568606064,0.6285781070035411,0.21536953747272491,0.006115132477134466,0.0
stochastic_0_40,"(0-40,0-40)",stochastic,augmented_action_delay,Augmented (+action buffer + delay values),"(0-40,0-40)",0,40,0,40,1013000,13,37440,3,0.704466138372874,0.3032369145522797,89,-38.450771467760205,-38.156476778909564,0.43203114008719334,0.03269940987229347,0.02598167397081852,1.0
stochastic_0_40,"(0-40,0-40)",stochastic,augmented_action_delay,Augmented (+action buffer + delay values),"(0-40,0-40)",0,40,0,40,1013000,13,37440,4,0.704466138372874,0.3032369145522797,84,-39.202602540142834,-39.083842364139855,0.4666976492874147,0.02969004400074482,0.008461306802928448,1.0
stochastic_0_40,"(0-40,0-40)",stochastic,augmented_action_delay,Augmented (+action buffer + delay values),"(0-40,0-40)",0,40,0,40,1013000,13,37440,5,0.704466138372874,0.3032369145522797,85,-33.483886821661144,-33.43406039336696,0.393928080254837,0.009965285658836365,0.0058853114023804665,1.0
stochastic_0_40,"(0-40,0-40)",stochastic,augmented_action_delay,Augmented (+action buffer + delay values),"(0-40,0-40)",0,40,0,40,1013000,13,37440,6,0.704466138372874,0.3032369145522797,91,-42.326182125136256,-41.95151534862816,0.4651228804960028,0.03406061604619026,0.018587179481983185,1.0
stochastic_0_40,"(0-40,0-40)",stochastic,augmented_action_delay,Augmented (+action buffer + delay values),"(0-40,0-40)",0,40,0,40,1013000,13,37440,7,0.704466138372874,0.3032369145522797,85,-39.14376838877797,-38.586055774241686,0.46051492222091733,0.11154252290725708,0.039451248943805695,0.0
stochastic_0_40,"(0-40,0-40)",stochastic,augmented_action_delay,Augmented (+action buffer + delay values),"(0-40,0-40)",0,40,0,40,1014000,14,40320,0,0.704466138372874,0.3032369145522797,83,-48.54292569775134,-48.47480340022594,0.5848545264789319,0.022707432508468628,0.011527079157531261,1.0
stochastic_0_40,"(0-40,0-40)",stochastic,augmented_action_delay,Augmented (+action buffer + delay values),"(0-40,0-40)",0,40,0,40,1014000,14,40320,1,0.704466138372874,0.3032369145522797,86,-42.1466444497928,-41.958187147043645,0.4900772610441024,0.031409550458192825,0.014622357673943043,1.0
stochastic_0_40,"(0-40,0-40)",stochastic,augmented_action_delay,Augmented (+action buffer + delay values),"(0-40,0-40)",0,40,0,40,1014000,14,40320,2,0.704466138372874,0.3032369145522797,91,-53.77172897383571,-53.391750972718,0.5908981205916012,0.03454345464706421,0.007138397544622421,1.0
stochastic_0_40,"(0-40,0-40)",stochastic,augmented_action_delay,Augmented (+action buffer + delay values),"(0-40,0-40)",0,40,0,40,1014000,14,40320,3,0.704466138372874,0.3032369145522797,89,-55.08162445947528,-54.836937544867396,0.6188946568480368,0.02718743495643139,0.02092142403125763,1.0
stochastic_0_40,"(0-40,0-40)",stochastic,augmented_action_delay,Augmented (+action buffer + delay values),"(0-40,0-40)",0,40,0,40,1014000,14,40320,4,0.704466138372874,0.3032369145522797,86,-47.5670260656625,-47.39331200532615,0.5531049542518895,0.0289523433893919,0.019777949899435043,1.0
stochastic_0_40,"(0-40,0-40)",stochastic,augmented_action_delay,Augmented (+action buffer + delay values),"(0-40,0-40)",0,40,0,40,1014000,14,40320,5,0.704466138372874,0.3032369145522797,84,-57.46003967244178,-57.15478077251464,0.6840480913385927,0.07631472498178482,0.012877545319497585,0.0
stochastic_0_40,"(0-40,0-40)",stochastic,augmented_action_delay,Augmented (+action buffer + delay values),"(0-40,0-40)",0,40,0,40,1014000,14,40320,6,0.704466138372874,0.3032369145522797,83,-43.90878098644316,-43.83090460114181,0.5290214576679899,0.025958795100450516,0.025958795100450516,1.0
stochastic_0_40,"(0-40,0-40)",stochastic,augmented_action_delay,Augmented (+action buffer + delay values),"(0-40,0-40)",0,40,0,40,1014000,14,40320,7,0.704466138372874,0.3032369145522797,90,-32.40348399756476,-32.22845313278958,0.36003871108405294,0.01750308647751808,0.004692204762250185,1.0
stochastic_0_40,"(0-40,0-40)",stochastic,augmented_action_delay,Augmented (+action buffer + delay values),"(0-40,0-40)",0,40,0,40,1015000,15,43200,0,0.704466138372874,0.3032369145522797,94,-58.947142301592976,-58.63479685271159,0.6270972585275848,0.022310389205813408,0.005689821671694517,1.0
stochastic_0_40,"(0-40,0-40)",stochastic,augmented_action_delay,Augmented (+action buffer + delay values),"(0-40,0-40)",0,40,0,40,1015000,15,43200,1,0.704466138372874,0.3032369145522797,95,-58.0553760137409,-55.70661430619657,0.6111092211972726,0.15658411383628845,0.020137883722782135,0.0
stochastic_0_40,"(0-40,0-40)",stochastic,augmented_action_delay,Augmented (+action buffer + delay values),"(0-40,0-40)",0,40,0,40,1015000,15,43200,2,0.704466138372874,0.3032369145522797,81,-45.49953757412732,-45.47145758382976,0.5617226861003373,0.028079990297555923,0.028079990297555923,1.0
stochastic_0_40,"(0-40,0-40)",stochastic,augmented_action_delay,Augmented (+action buffer + delay values),"(0-40,0-40)",0,40,0,40,1015000,15,43200,3,0.704466138372874,0.3032369145522797,95,-46.06334942043759,-44.67358830035664,0.4848773623203957,0.09265074133872986,0.0012490537483245134,0.0
stochastic_0_40,"(0-40,0-40)",stochastic,augmented_action_delay,Augmented (+action buffer + delay values),"(0-40,0-40)",0,40,0,40,1015000,15,43200,4,0.704466138372874,0.3032369145522797,80,-61.48290635086596,-61.48290635086596,0.7685363293858245,0.07440875470638275,0.023277519270777702,0.0
stochastic_0_40,"(0-40,0-40)",stochastic,augmented_action_delay,Augmented (+action buffer + delay values),"(0-40,0-40)",0,40,0,40,1015000,15,43200,5,0.704466138372874,0.3032369145522797,86,-44.14372689742595,-43.82396124769002,0.5132991499700692,0.05329427495598793,0.011348733678460121,1.0
stochastic_0_40,"(0-40,0-40)",stochastic,augmented_action_delay,Augmented (+action buffer + delay values),"(0-40,0-40)",0,40,0,40,1015000,15,43200,6,0.704466138372874,0.3032369145522797,90,-57.45754307741299,-53.81182557577267,0.6384171453045888,0.364571750164032,0.00650069722905755,0.0
stochastic_0_40,"(0-40,0-40)",stochastic,augmented_action_delay,Augmented (+action buffer + delay values),"(0-40,0-40)",0,40,0,40,1015000,15,43200,7,0.704466138372874,0.3032369145522797,83,-40.87887152377516,-40.70323564950377,0.4925165243828333,0.05854529142379761,0.004073190502822399,1.0
stochastic_0_40,"(0-40,0-40)",stochastic,augmented_action_delay,Augmented (+action buffer + delay values),"(0-40,0-40)",0,40,0,40,1016000,16,46080,0,0.704466138372874,0.3032369145522797,91,-44.429648887133226,-44.29129055584781,0.4882378998586069,0.012578030116856098,0.0013022089842706919,1.0
stochastic_0_40,"(0-40,0-40)",stochastic,augmented_action_delay,Augmented (+action buffer + delay values),"(0-40,0-40)",0,40,0,40,1016000,16,46080,1,0.704466138372874,0.3032369145522797,92,-37.48812873009592,-37.38956180680543,0.4074796601097383,0.008213910274207592,0.006361800245940685,1.0
stochastic_0_40,"(0-40,0-40)",stochastic,augmented_action_delay,Augmented (+action buffer + delay values),"(0-40,0-40)",0,40,0,40,1016000,16,46080,2,0.704466138372874,0.3032369145522797,92,-53.29953310638666,-52.737535037100315,0.5793427511563768,0.04683317244052887,0.040211670100688934,1.0
stochastic_0_40,"(0-40,0-40)",stochastic,augmented_action_delay,Augmented (+action buffer + delay values),"(0-40,0-40)",0,40,0,40,1016000,16,46080,3,0.704466138372874,0.3032369145522797,98,-39.96614305488765,-39.418416460976005,0.4078177862743638,0.030429255217313766,0.017482558265328407,1.0
stochastic_0_40,"(0-40,0-40)",stochastic,augmented_action_delay,Augmented (+action buffer + delay values),"(0-40,0-40)",0,40,0,40,1016000,16,46080,4,0.704466138372874,0.3032369145522797,85,-36.66916175826918,-36.634245478431694,0.431401903038461,0.006983255967497826,0.0019439969910308719,1.0
stochastic_0_40,"(0-40,0-40)",stochastic,augmented_action_delay,Augmented (+action buffer + delay values),"(0-40,0-40)",0,40,0,40,1016000,16,46080,5,0.704466138372874,0.3032369145522797,89,-40.544834540225565,-40.2197423921898,0.45555993865421984,0.03612134978175163,0.009154628030955791,1.0
stochastic_0_40,"(0-40,0-40)",stochastic,augmented_action_delay,Augmented (+action buffer + delay values),"(0-40,0-40)",0,40,0,40,1016000,16,46080,6,0.704466138372874,0.3032369145522797,86,-27.630379284732044,-27.492417774163187,0.3212834800550238,0.022993585094809532,0.01230993214994669,1.0
stochastic_0_40,"(0-40,0-40)",stochastic,augmented_action_delay,Augmented (+action buffer + delay values),"(0-40,0-40)",0,40,0,40,1016000,16,46080,7,0.704466138372874,0.3032369145522797,89,-37.43377240106929,-36.95494508475531,0.42060418428167745,0.053203035145998,0.0012005363823845983,1.0
stochastic_0_40,"(0-40,0-40)",stochastic,augmented_action_delay,Augmented (+action buffer + delay values),"(0-40,0-40)",0,40,0,40,1017000,17,48960,0,0.704466138372874,0.3032369145522797,89,-57.28174023702741,-56.548471700400114,0.6436150588430045,0.08147428184747696,0.013026168569922447,0.0
stochastic_0_40,"(0-40,0-40)",stochastic,augmented_action_delay,Augmented (+action buffer + delay values),"(0-40,0-40)",0,40,0,40,1017000,17,48960,1,0.704466138372874,0.3032369145522797,85,-48.06981474789791,-47.50065297516994,0.5655272323282107,0.11383235454559326,0.0037302726414054632,0.0
stochastic_0_40,"(0-40,0-40)",stochastic,augmented_action_delay,Augmented (+action buffer + delay values),"(0-40,0-40)",0,40,0,40,1017000,17,48960,2,0.704466138372874,0.3032369145522797,85,-57.78373144380748,-57.269199749454856,0.6798086052212645,0.10290633887052536,0.026581531390547752,0.0
stochastic_0_40,"(0-40,0-40)",stochastic,augmented_action_delay,Augmented (+action buffer + delay values),"(0-40,0-40)",0,40,0,40,1017000,17,48960,3,0.704466138372874,0.3032369145522797,90,-46.858213629573584,-46.23871439322829,0.5206468181063731,0.061949923634529114,0.02221226692199707,0.0
stochastic_0_40,"(0-40,0-40)",stochastic,augmented_action_delay,Augmented (+action buffer + delay values),"(0-40,0-40)",0,40,0,40,1017000,17,48960,4,0.704466138372874,0.3032369145522797,82,-39.901147258933634,-39.6462842351757,0.4865993568162638,0.12743151187896729,0.004920109640806913,0.0
stochastic_0_40,"(0-40,0-40)",stochastic,augmented_action_delay,Augmented (+action buffer + delay values),"(0-40,0-40)",0,40,0,40,1017000,17,48960,5,0.704466138372874,0.3032369145522797,83,-55.99880377203226,-55.54399437457323,0.6746843827955694,0.15160313248634338,0.02493666484951973,0.0
stochastic_0_40,"(0-40,0-40)",stochastic,augmented_action_delay,Augmented (+action buffer + delay values),"(0-40,0-40)",0,40,0,40,1017000,17,48960,6,0.704466138372874,0.3032369145522797,84,-29.40574707777705,-29.399004161241464,0.35006841759258395,0.0016857291338965297,0.0016857291338965297,1.0
stochastic_0_40,"(0-40,0-40)",stochastic,augmented_action_delay,Augmented (+action buffer + delay values),"(0-40,0-40)",0,40,0,40,1017000,17,48960,7,0.704466138372874,0.3032369145522797,82,-38.9646107442677,-38.80127418413758,0.4751781798081427,0.08166828006505966,0.026515640318393707,0.0
stochastic_0_40,"(0-40,0-40)",stochastic,augmented_action_delay,Augmented (+action buffer + delay values),"(0-40,0-40)",0,40,0,40,1018000,18,51840,0,0.704466138372874,0.3032369145522797,83,-63.66043598391116,-63.613148264586926,0.7669932046254356,0.01576257310807705,0.015342343598604202,1.0
stochastic_0_40,"(0-40,0-40)",stochastic,augmented_action_delay,Augmented (+action buffer + delay values),"(0-40,0-40)",0,40,0,40,1018000,18,51840,1,0.704466138372874,0.3032369145522797,82,-48.2277809670195,-48.12494350131601,0.5881436703295061,0.0514187328517437,0.014643381349742413,1.0
stochastic_0_40,"(0-40,0-40)",stochastic,augmented_action_delay,Augmented (+action buffer + delay values),"(0-40,0-40)",0,40,0,40,1018000,18,51840,2,0.704466138372874,0.3032369145522797,88,-46.95010711206123,-46.85195007873699,0.5335239444552413,0.012269629165530205,0.005846618674695492,1.0
stochastic_0_40,"(0-40,0-40)",stochastic,augmented_action_delay,Augmented (+action buffer + delay values),"(0-40,0-40)",0,40,0,40,1018000,18,51840,3,0.704466138372874,0.3032369145522797,83,-34.80176970874891,-34.773079342674464,0.4192984302258904,0.009563455358147621,0.0026543359272181988,1.0
stochastic_0_40,"(0-40,0-40)",stochastic,augmented_action_delay,Augmented (+action buffer + delay values),"(0-40,0-40)",0,40,0,40,1018000,18,51840,4,0.704466138372874,0.3032369145522797,83,-71.26210942864418,-70.98401784151793,0.8585796316704118,0.09269719570875168,0.025196406990289688,0.0
stochastic_0_40,"(0-40,0-40)",stochastic,augmented_action_delay,Augmented (+action buffer + delay values),"(0-40,0-40)",0,40,0,40,1018000,18,51840,5,0.704466138372874,0.3032369145522797,99,-54.91460611950606,-51.15540225338191,0.5546929911061218,0.19785283505916595,0.010454843752086163,0.0
stochastic_0_40,"(0-40,0-40)",stochastic,augmented_action_delay,Augmented (+action buffer + delay values),"(0-40,0-40)",0,40,0,40,1018000,18,51840,6,0.704466138372874,0.3032369145522797,83,-48.82020253734663,-48.68347941385582,0.5881952112933329,0.0455743744969368,0.0021183760836720467,1.0
stochastic_0_40,"(0-40,0-40)",stochastic,augmented_action_delay,Augmented (+action buffer + delay values),"(0-40,0-40)",0,40,0,40,1018000,18,51840,7,0.704466138372874,0.3032369145522797,92,-27.847019663546234,-27.645885950420052,0.30268499634289386,0.016761142760515213,0.0018425029702484608,1.0
stochastic_0_40,"(0-40,0-40)",stochastic,augmented_action_delay,Augmented (+action buffer + delay values),"(0-40,0-40)",0,40,0,40,1019000,19,54720,0,0.704466138372874,0.3032369145522797,86,-37.19939123559743,-37.07870435807854,0.4325510608790399,0.020114479586482048,0.012724503874778748,1.0
stochastic_0_40,"(0-40,0-40)",stochastic,augmented_action_delay,Augmented (+action buffer + delay values),"(0-40,0-40)",0,40,0,40,1019000,19,54720,1,0.704466138372874,0.3032369145522797,91,-44.282122652977705,-43.813504721969366,0.48661673245030446,0.042601630091667175,0.031033236533403397,1.0
stochastic_0_40,"(0-40,0-40)",stochastic,augmented_action_delay,Augmented (+action buffer + delay values),"(0-40,0-40)",0,40,0,40,1019000,19,54720,2,0.704466138372874,0.3032369145522797,86,-35.57081960560754,-35.39043952943757,0.4136141814605528,0.030063346028327942,0.007762986700981855,1.0
stochastic_0_40,"(0-40,0-40)",stochastic,augmented_action_delay,Augmented (+action buffer + delay values),"(0-40,0-40)",0,40,0,40,1019000,19,54720,3,0.704466138372874,0.3032369145522797,82,-45.44214797252789,-45.37652783328667,0.5541725362503401,0.03281006962060928,0.005402281414717436,1.0
stochastic_0_40,"(0-40,0-40)",stochastic,augmented_action_delay,Augmented (+action buffer + delay values),"(0-40,0-40)",0,40,0,40,1019000,19,54720,4,0.704466138372874,0.3032369145522797,86,-50.71952146012336,-50.12237004656345,0.5897618774432949,0.09952523559331894,0.013872870244085789,0.0
stochastic_0_40,"(0-40,0-40)",stochastic,augmented_action_delay,Augmented (+action buffer + delay values),"(0-40,0-40)",0,40,0,40,1019000,19,54720,5,0.704466138372874,0.3032369145522797,82,-53.19510384416208,-53.11142445867881,0.6487207785873425,0.04183969274163246,0.006009415257722139,1.0
stochastic_0_40,"(0-40,0-40)",stochastic,augmented_action_delay,Augmented (+action buffer + delay values),"(0-40,0-40)",0,40,0,40,1019000,19,54720,6,0.704466138372874,0.3032369145522797,83,-38.43428885936737,-38.2683399617672,0.46306372119719724,0.05531629920005798,0.03359684720635414,1.0
stochastic_0_40,"(0-40,0-40)",stochastic,augmented_action_delay,Augmented (+action buffer + delay values),"(0-40,0-40)",0,40,0,40,1019000,19,54720,7,0.704466138372874,0.3032369145522797,91,-42.08054919820279,-41.174192945472896,0.46242361756266803,0.0823960229754448,0.01540416944772005,0.0
stochastic_0_40,"(0-40,0-40)",stochastic,augmented_action_delay,Augmented (+action buffer + delay values),"(0-40,0-40)",0,40,0,40,1020000,20,57600,0,0.6470900018864941,0.325249862782566,81,-47.0539067494683,-47.022051482927054,0.5809124290057814,0.0318552665412426,0.004484635312110186,1.0
stochastic_0_40,"(0-40,0-40)",stochastic,augmented_action_delay,Augmented (+action buffer + delay values),"(0-40,0-40)",0,40,0,40,1020000,20,57600,1,0.6470900018864941,0.325249862782566,86,-46.45438905246556,-46.277012245729566,0.540167314563553,0.029562801122665405,0.014888972975313663,1.0
stochastic_0_40,"(0-40,0-40)",stochastic,augmented_action_delay,Augmented (+action buffer + delay values),"(0-40,0-40)",0,40,0,40,1020000,20,57600,2,0.6470900018864941,0.325249862782566,92,-32.448419788852334,-32.124874683097005,0.352700215096221,0.026962092146277428,0.01423548348248005,1.0
stochastic_0_40,"(0-40,0-40)",stochastic,augmented_action_delay,Augmented (+action buffer + delay values),"(0-40,0-40)",0,40,0,40,1020000,20,57600,3,0.6470900018864941,0.325249862782566,87,-55.30796511378139,-55.16388756874949,0.635723736940016,0.02058250643312931,0.014449709095060825,1.0
stochastic_0_40,"(0-40,0-40)",stochastic,augmented_action_delay,Augmented (+action buffer + delay values),"(0-40,0-40)",0,40,0,40,1020000,20,57600,4,0.6470900018864941,0.325249862782566,81,-54.15635196492076,-54.07503144070506,0.6685969378385279,0.08132052421569824,0.017985889688134193,0.0
stochastic_0_40,"(0-40,0-40)",stochastic,augmented_action_delay,Augmented (+action buffer + delay values),"(0-40,0-40)",0,40,0,40,1020000,20,57600,5,0.6470900018864941,0.325249862782566,85,-48.642104499042034,-48.15427292883396,0.5722600529299063,0.09756631404161453,0.05102398619055748,0.0
stochastic_0_40,"(0-40,0-40)",stochastic,augmented_action_delay,Augmented (+action buffer + delay values),"(0-40,0-40)",0,40,0,40,1020000,20,57600,6,0.6470900018864941,0.325249862782566,82,-59.61560216359794,-59.347037522122264,0.7270195385804628,0.13428232073783875,0.006707267835736275,0.0
stochastic_0_40,"(0-40,0-40)",stochastic,augmented_action_delay,Augmented (+action buffer + delay values),"(0-40,0-40)",0,40,0,40,1020000,20,57600,7,0.6470900018864941,0.325249862782566,93,-54.88969033956528,-54.2372644841671,0.590211724081347,0.050186604261398315,0.01993931271135807,1.0
stochastic_0_40,"(0-40,0-40)",stochastic,augmented_action_delay,Augmented (+action buffer + delay values),"(0-40,0-40)",0,40,0,40,1021000,21,60480,0,0.6470900018864941,0.325249862782566,90,-29.211531329900026,-29.149805774912238,0.32457257033222253,0.00617255549877882,0.00617255549877882,1.0
stochastic_0_40,"(0-40,0-40)",stochastic,augmented_action_delay,Augmented (+action buffer + delay values),"(0-40,0-40)",0,40,0,40,1021000,21,60480,1,0.6470900018864941,0.325249862782566,91,-32.90523405279964,-32.42141558881849,0.3615959786021939,0.043983496725559235,0.010801649652421474,1.0
stochastic_0_40,"(0-40,0-40)",stochastic,augmented_action_delay,Augmented (+action buffer + delay values),"(0-40,0-40)",0,40,0,40,1021000,21,60480,2,0.6470900018864941,0.325249862782566,91,-62.8312334343791,-62.22373778373003,0.6904531146635066,0.055226877331733704,0.03183339908719063,1.0
stochastic_0_40,"(0-40,0-40)",stochastic,augmented_action_delay,Augmented (+action buffer + delay values),"(0-40,0-40)",0,40,0,40,1021000,21,60480,3,0.6470900018864941,0.325249862782566,90,-51.241487773135304,-50.90951664932072,0.5693498641459478,0.03319711238145828,0.02228197269141674,1.0
stochastic_0_40,"(0-40,0-40)",stochastic,augmented_action_delay,Augmented (+action buffer + delay values),"(0-40,0-40)",0,40,0,40,1021000,21,60480,4,0.6470900018864941,0.325249862782566,93,-45.173970992676914,-44.38188754674047,0.4857416235771711,0.060929495841264725,0.010020379908382893,0.0
stochastic_0_40,"(0-40,0-40)",stochastic,augmented_action_delay,Augmented (+action buffer + delay values),"(0-40,0-40)",0,40,0,40,1021000,21,60480,5,0.6470900018864941,0.325249862782566,83,-38.20429331809282,-37.83824843168259,0.4602926905794316,0.12201496213674545,0.025026828050613403,0.0
stochastic_0_40,"(0-40,0-40)",stochastic,augmented_action_delay,Augmented (+action buffer + delay values),"(0-40,0-40)",0,40,0,40,1021000,21,60480,6,0.6470900018864941,0.325249862782566,85,-54.95765180699527,-54.03510787896812,0.646560609494062,0.1845087856054306,0.008093306794762611,0.0
stochastic_0_40,"(0-40,0-40)",stochastic,augmented_action_delay,Augmented (+action buffer + delay values),"(0-40,0-40)",0,40,0,40,1021000,21,60480,7,0.6470900018864941,0.325249862782566,82,-49.72918666433543,-49.699898830614984,0.6064534959065296,0.014643916860222816,0.00568272965028882,1.0
stochastic_0_40,"(0-40,0-40)",stochastic,augmented_action_delay,Augmented (+action buffer + delay values),"(0-40,0-40)",0,40,0,40,1022000,22,63360,0,0.6470900018864941,0.325249862782566,89,-49.82620944827795,-48.732878021895885,0.5598450499806511,0.1214812695980072,0.02220688946545124,0.0
stochastic_0_40,"(0-40,0-40)",stochastic,augmented_action_delay,Augmented (+action buffer + delay values),"(0-40,0-40)",0,40,0,40,1022000,22,63360,1,0.6470900018864941,0.325249862782566,83,-38.12645636755042,-38.08414914435707,0.45935489599458335,0.014102407731115818,0.0032679548021405935,1.0
stochastic_0_40,"(0-40,0-40)",stochastic,augmented_action_delay,Augmented (+action buffer + delay values),"(0-40,0-40)",0,40,0,40,1022000,22,63360,2,0.6470900018864941,0.325249862782566,85,-40.531203175894916,-40.33439322095364,0.47683768442229313,0.03936199098825455,0.014799508266150951,1.0
stochastic_0_40,"(0-40,0-40)",stochastic,augmented_action_delay,Augmented (+action buffer + delay values),"(0-40,0-40)",0,40,0,40,1022000,22,63360,3,0.6470900018864941,0.325249862782566,82,-44.17331447266042,-44.068596391007304,0.5386989569836637,0.05235904082655907,0.010538551956415176,1.0
stochastic_0_40,"(0-40,0-40)",stochastic,augmented_action_delay,Augmented (+action buffer + delay values),"(0-40,0-40)",0,40,0,40,1022000,22,63360,4,0.6470900018864941,0.325249862782566,85,-45.51017362065613,-45.46419049985707,0.5354138073018369,0.009196624159812927,0.009196624159812927,1.0
stochastic_0_40,"(0-40,0-40)",stochastic,augmented_action_delay,Augmented (+action buffer + delay values),"(0-40,0-40)",0,40,0,40,1022000,22,63360,5,0.6470900018864941,0.325249862782566,81,-71.88778185844421,-71.71232548356056,0.8875034797338792,0.17545637488365173,0.029760945588350296,0.0
stochastic_0_40,"(0-40,0-40)",stochastic,augmented_action_delay,Augmented (+action buffer + delay values),"(0-40,0-40)",0,40,0,40,1022000,22,63360,6,0.6470900018864941,0.325249862782566,87,-61.94987630099058,-61.77189724519849,0.712067543689547,0.025425579398870468,0.012707669287919998,1.0
stochastic_0_40,"(0-40,0-40)",stochastic,augmented_action_delay,Augmented (+action buffer + delay values),"(0-40,0-40)",0,40,0,40,1022000,22,63360,7,0.6470900018864941,0.325249862782566,85,-35.49044784717262,-35.3813685439527,0.41753468055497195,0.021815860643982887,0.010620836168527603,1.0
stochastic_0_40,"(0-40,0-40)",stochastic,augmented_action_delay,Augmented (+action buffer + delay values),"(0-40,0-40)",0,40,0,40,1023000,23,66240,0,0.6470900018864941,0.325249862782566,81,-45.42494645155966,-45.356177458539605,0.5608018080439464,0.06876899302005768,0.019595112651586533,0.0
stochastic_0_40,"(0-40,0-40)",stochastic,augmented_action_delay,Augmented (+action buffer + delay values),"(0-40,0-40)",0,40,0,40,1023000,23,66240,1,0.6470900018864941,0.325249862782566,90,-32.035548992455006,-31.773162938654423,0.3559505443606112,0.02623860538005829,0.012648124247789383,1.0
stochastic_0_40,"(0-40,0-40)",stochastic,augmented_action_delay,Augmented (+action buffer + delay values),"(0-40,0-40)",0,40,0,40,1023000,23,66240,2,0.6470900018864941,0.325249862782566,85,-40.768854290712625,-40.52788532199338,0.47963357989073674,0.0481937937438488,0.0070339092053473,1.0
stochastic_0_40,"(0-40,0-40)",stochastic,augmented_action_delay,Augmented (+action buffer + delay values),"(0-40,0-40)",0,40,0,40,1023000,23,66240,3,0.6470900018864941,0.325249862782566,87,-46.9069633372128,-46.648887034505606,0.5391604981288828,0.03686804324388504,0.02376158908009529,1.0
stochastic_0_40,"(0-40,0-40)",stochastic,augmented_action_delay,Augmented (+action buffer + delay values),"(0-40,0-40)",0,40,0,40,1023000,23,66240,4,0.6470900018864941,0.325249862782566,82,-48.086123302578926,-47.963787503540516,0.5864161378363284,0.06116789951920509,0.05586947128176689,0.0
stochastic_0_40,"(0-40,0-40)",stochastic,augmented_action_delay,Augmented (+action buffer + delay values),"(0-40,0-40)",0,40,0,40,1023000,23,66240,5,0.6470900018864941,0.325249862782566,89,-45.81776363030076,-45.047380831092596,0.5148063329247277,0.08559808880090714,0.024123406037688255,0.0
stochastic_0_40,"(0-40,0-40)",stochastic,augmented_action_delay,Augmented (+action buffer + delay values),"(0-40,0-40)",0,40,0,40,1023000,23,66240,6,0.6470900018864941,0.325249862782566,85,-47.01478863414377,-46.605624354444444,0.5531151604016914,0.08183285593986511,0.00990587193518877,0.0
stochastic_0_40,"(0-40,0-40)",stochastic,augmented_action_delay,Augmented (+action buffer + delay values),"(0-40,0-40)",0,40,0,40,1023000,23,66240,7,0.6470900018864941,0.325249862782566,92,-57.13792803417891,-56.80065305810422,0.6210644351541186,0.028106248006224632,0.014790982939302921,1.0
stochastic_0_40,"(0-40,0-40)",stochastic,augmented_action_delay,Augmented (+action buffer + delay values),"(0-40,0-40)",0,40,0,40,1024000,24,69120,0,0.6470900018864941,0.325249862782566,81,-59.83176223188639,-59.80557449348271,0.7386637312578567,0.02618773840367794,0.0203679371625185,1.0
stochastic_0_40,"(0-40,0-40)",stochastic,augmented_action_delay,Augmented (+action buffer + delay values),"(0-40,0-40)",0,40,0,40,1024000,24,69120,1,0.6470900018864941,0.325249862782566,83,-49.3796593202278,-49.324244127608836,0.594935654460576,0.0184717308729887,0.004304410889744759,1.0
stochastic_0_40,"(0-40,0-40)",stochastic,augmented_action_delay,Augmented (+action buffer + delay values),"(0-40,0-40)",0,40,0,40,1024000,24,69120,2,0.6470900018864941,0.325249862782566,91,-29.267010742798448,-28.990499954670668,0.3216155026681148,0.025137344375252724,0.01667829044163227,1.0
stochastic_0_40,"(0-40,0-40)",stochastic,augmented_action_delay,Augmented (+action buffer + delay values),"(0-40,0-40)",0,40,0,40,1024000,24,69120,3,0.6470900018864941,0.325249862782566,84,-46.591240311507136,-46.250730896834284,0.5546576227560374,0.08512735366821289,0.0036825458519160748,0.0
stochastic_0_40,"(0-40,0-40)",stochastic,augmented_action_delay,Augmented (+action buffer + delay values),"(0-40,0-40)",0,40,0,40,1024000,24,69120,4,0.6470900018864941,0.325249862782566,88,-60.90151995047927,-59.75904196128249,0.6920627267099917,0.14280974864959717,0.04075636714696884,0.0
stochastic_0_40,"(0-40,0-40)",stochastic,augmented_action_delay,Augmented (+action buffer + delay values),"(0-40,0-40)",0,40,0,40,1024000,24,69120,5,0.6470900018864941,0.325249862782566,86,-35.34641889715567,-35.260577105451375,0.411004870897159,0.014306965284049511,0.006457712966948748,1.0
stochastic_0_40,"(0-40,0-40)",stochastic,augmented_action_delay,Augmented (+action buffer + delay values),"(0-40,0-40)",0,40,0,40,1024000,24,69120,6,0.6470900018864941,0.325249862782566,83,-45.027019849047065,-44.82297804020345,0.5424942150487598,0.06801393628120422,0.024301663041114807,0.0
stochastic_0_40,"(0-40,0-40)",stochastic,augmented_action_delay,Augmented (+action buffer + delay values),"(0-40,0-40)",0,40,0,40,1024000,24,69120,7,0.6470900018864941,0.325249862782566,84,-36.21542092971504,-35.96714539639652,0.4311359634489885,0.0620688833296299,0.021578438580036163,0.0
stochastic_0_40,"(0-40,0-40)",stochastic,augmented_action_delay,Augmented (+action buffer + delay values),"(0-40,0-40)",0,40,0,40,1100000,0,0,0,0.7592573860315994,0.2384058440442351,87,-47.10983515391126,-46.91254121856764,0.5414923580909341,0.02818484790623188,0.0076431226916611195,1.0
stochastic_0_40,"(0-40,0-40)",stochastic,augmented_action_delay,Augmented (+action buffer + delay values),"(0-40,0-40)",0,40,0,40,1100000,0,0,1,0.7592573860315994,0.2384058440442351,88,-42.14803000167012,-41.74175991490483,0.478954886382615,0.05078376084566116,0.02318207360804081,1.0
stochastic_0_40,"(0-40,0-40)",stochastic,augmented_action_delay,Augmented (+action buffer + delay values),"(0-40,0-40)",0,40,0,40,1100000,0,0,2,0.7592573860315994,0.2384058440442351,84,-48.920315716415644,-48.09118864312768,0.58238471090971,0.20728176832199097,0.021877383813261986,0.0
stochastic_0_40,"(0-40,0-40)",stochastic,augmented_action_delay,Augmented (+action buffer + delay values),"(0-40,0-40)",0,40,0,40,1100000,0,0,3,0.7592573860315994,0.2384058440442351,80,-51.89095862174872,-51.89095862174872,0.648636982771859,0.019603339955210686,0.0016640365356579423,1.0
stochastic_0_40,"(0-40,0-40)",stochastic,augmented_action_delay,Augmented (+action buffer + delay values),"(0-40,0-40)",0,40,0,40,1100000,0,0,4,0.7592573860315994,0.2384058440442351,85,-39.56228973297402,-39.509912002366036,0.46543870274087085,0.01047554612159729,0.007144287694245577,1.0
stochastic_0_40,"(0-40,0-40)",stochastic,augmented_action_delay,Augmented (+action buffer + delay values),"(0-40,0-40)",0,40,0,40,1100000,0,0,5,0.7592573860315994,0.2384058440442351,85,-46.73246577382088,-46.30615569651127,0.549793714986128,0.08526201546192169,0.008106941357254982,0.0
stochastic_0_40,"(0-40,0-40)",stochastic,augmented_action_delay,Augmented (+action buffer + delay values),"(0-40,0-40)",0,40,0,40,1100000,0,0,6,0.7592573860315994,0.2384058440442351,88,-53.339687729720026,-53.098581860307604,0.6061328151104548,0.030138233676552773,0.007301861885935068,1.0
stochastic_0_40,"(0-40,0-40)",stochastic,augmented_action_delay,Augmented (+action buffer + delay values),"(0-40,0-40)",0,40,0,40,1100000,0,0,7,0.7592573860315994,0.2384058440442351,89,-41.06053773313761,-40.78168277814984,0.46135435655210794,0.030983883887529373,0.020952193066477776,1.0
stochastic_0_40,"(0-40,0-40)",stochastic,augmented_action_delay,Augmented (+action buffer + delay values),"(0-40,0-40)",0,40,0,40,1101000,1,2880,0,0.5325553165404062,0.09219605221569419,87,-47.09344640746713,-46.53469931706786,0.5413039816950245,0.07982101291418076,0.021163366734981537,0.0
stochastic_0_40,"(0-40,0-40)",stochastic,augmented_action_delay,Augmented (+action buffer + delay values),"(0-40,0-40)",0,40,0,40,1101000,1,2880,1,0.5325553165404062,0.09219605221569419,81,-50.83850793261081,-50.79992201272398,0.6276359004026026,0.03858591988682747,0.01457828376442194,1.0
stochastic_0_40,"(0-40,0-40)",stochastic,augmented_action_delay,Augmented (+action buffer + delay values),"(0-40,0-40)",0,40,0,40,1101000,1,2880,2,0.5325553165404062,0.09219605221569419,95,-51.13046863861382,-50.35953784175217,0.5382154593538296,0.05139538645744324,0.022357530891895294,1.0
stochastic_0_40,"(0-40,0-40)",stochastic,augmented_action_delay,Augmented (+action buffer + delay values),"(0-40,0-40)",0,40,0,40,1101000,1,2880,3,0.5325553165404062,0.09219605221569419,85,-54.14126309379935,-53.95284403860569,0.6369560363976394,0.03768381103873253,0.012705022469162941,1.0
stochastic_0_40,"(0-40,0-40)",stochastic,augmented_action_delay,Augmented (+action buffer + delay values),"(0-40,0-40)",0,40,0,40,1101000,1,2880,4,0.5325553165404062,0.09219605221569419,86,-62.40217277291231,-62.349263668758795,0.7256066601501431,0.008818184025585651,0.0037008875515311956,1.0
stochastic_0_40,"(0-40,0-40)",stochastic,augmented_action_delay,Augmented (+action buffer + delay values),"(0-40,0-40)",0,40,0,40,1101000,1,2880,5,0.5325553165404062,0.09219605221569419,82,-46.773599880514666,-46.65304459887557,0.5704097546404228,0.06027764081954956,0.002097104210406542,0.0
stochastic_0_40,"(0-40,0-40)",stochastic,augmented_action_delay,Augmented (+action buffer + delay values),"(0-40,0-40)",0,40,0,40,1101000,1,2880,6,0.5325553165404062,0.09219605221569419,89,-39.77008377481252,-39.721073906868696,0.44685487387429795,0.0054455408826470375,0.0054455408826470375,1.0
stochastic_0_40,"(0-40,0-40)",stochastic,augmented_action_delay,Augmented (+action buffer + delay values),"(0-40,0-40)",0,40,0,40,1101000,1,2880,7,0.5325553165404062,0.09219605221569419,88,-38.26456530764699,-38.06997283175588,0.4348246057687158,0.02432405948638916,0.021736904978752136,1.0
stochastic_0_40,"(0-40,0-40)",stochastic,augmented_action_delay,Augmented (+action buffer + delay values),"(0-40,0-40)",0,40,0,40,1102000,2,5760,0,0.5325553165404062,0.09219605221569419,85,-50.55066635273397,-50.204114777967334,0.5947137217968702,0.06931031495332718,0.0270597655326128,0.0
stochastic_0_40,"(0-40,0-40)",stochastic,augmented_action_delay,Augmented (+action buffer + delay values),"(0-40,0-40)",0,40,0,40,1102000,2,5760,1,0.5325553165404062,0.09219605221569419,81,-32.67631272645667,-32.642037969548255,0.40341126822786016,0.03427475690841675,0.005842761602252722,1.0
stochastic_0_40,"(0-40,0-40)",stochastic,augmented_action_delay,Augmented (+action buffer + delay values),"(0-40,0-40)",0,40,0,40,1102000,2,5760,2,0.5325553165404062,0.09219605221569419,85,-33.83427520329133,-33.41596921021119,0.39805029650930973,0.08366119861602783,0.006764200050383806,0.0
stochastic_0_40,"(0-40,0-40)",stochastic,augmented_action_delay,Augmented (+action buffer + delay values),"(0-40,0-40)",0,40,0,40,1102000,2,5760,3,0.5325553165404062,0.09219605221569419,87,-67.95260114315897,-66.41524536255747,0.7810643809558503,0.21962225437164307,0.009977268986403942,0.0
stochastic_0_40,"(0-40,0-40)",stochastic,augmented_action_delay,Augmented (+action buffer + delay values),"(0-40,0-40)",0,40,0,40,1102000,2,5760,4,0.5325553165404062,0.09219605221569419,86,-57.58495926391333,-57.42938372027129,0.6695925495803876,0.02592925727367401,0.008975116536021233,1.0
stochastic_0_40,"(0-40,0-40)",stochastic,augmented_action_delay,Augmented (+action buffer + delay values),"(0-40,0-40)",0,40,0,40,1102000,2,5760,5,0.5325553165404062,0.09219605221569419,84,-54.647757951170206,-54.378394428640604,0.6505685470377406,0.06734088063240051,0.035723958164453506,0.0
stochastic_0_40,"(0-40,0-40)",stochastic,augmented_action_delay,Augmented (+action buffer + delay values),"(0-40,0-40)",0,40,0,40,1102000,2,5760,6,0.5325553165404062,0.09219605221569419,80,-54.064584497362375,-54.064584497362375,0.6758073062170297,0.03969365358352661,0.005784079432487488,1.0
stochastic_0_40,"(0-40,0-40)",stochastic,augmented_action_delay,Augmented (+action buffer + delay values),"(0-40,0-40)",0,40,0,40,1102000,2,5760,7,0.5325553165404062,0.09219605221569419,89,-34.381206242367625,-34.07977486588061,0.3863056881164902,0.033492375165224075,0.024167263880372047,1.0
stochastic_0_40,"(0-40,0-40)",stochastic,augmented_action_delay,Augmented (+action buffer + delay values),"(0-40,0-40)",0,40,0,40,1103000,3,8640,0,0.8642639532438977,0.8528681677062104,88,-36.479623924940825,-36.20591799542308,0.4145411809652366,0.034213241189718246,0.034213241189718246,1.0
stochastic_0_40,"(0-40,0-40)",stochastic,augmented_action_delay,Augmented (+action buffer + delay values),"(0-40,0-40)",0,40,0,40,1103000,3,8640,1,0.8642639532438977,0.8528681677062104,92,-38.92117561399937,-38.25218579173088,0.4230562566739062,0.05574915185570717,0.017673855647444725,1.0
stochastic_0_40,"(0-40,0-40)",stochastic,augmented_action_delay,Augmented (+action buffer + delay values),"(0-40,0-40)",0,40,0,40,1103000,3,8640,2,0.8642639532438977,0.8528681677062104,85,-47.128228064626455,-46.979863395914435,0.5544497419367819,0.029672933742403984,0.023997390642762184,1.0
stochastic_0_40,"(0-40,0-40)",stochastic,augmented_action_delay,Augmented (+action buffer + delay values),"(0-40,0-40)",0,40,0,40,1103000,3,8640,3,0.8642639532438977,0.8528681677062104,86,-32.86667422018945,-32.68019769527018,0.3821706304673192,0.031079420819878578,0.031079420819878578,1.0
stochastic_0_40,"(0-40,0-40)",stochastic,augmented_action_delay,Augmented (+action buffer + delay values),"(0-40,0-40)",0,40,0,40,1103000,3,8640,4,0.8642639532438977,0.8528681677062104,84,-34.950166494585574,-34.80872690770775,0.4160734106498283,0.03535989671945572,0.008263285271823406,1.0
stochastic_0_40,"(0-40,0-40)",stochastic,augmented_action_delay,Augmented (+action buffer + delay values),"(0-40,0-40)",0,40,0,40,1103000,3,8640,5,0.8642639532438977,0.8528681677062104,82,-59.05092691490427,-58.95967866340652,0.7201332550598081,0.04562412574887276,0.006295955274254084,1.0
stochastic_0_40,"(0-40,0-40)",stochastic,augmented_action_delay,Augmented (+action buffer + delay values),"(0-40,0-40)",0,40,0,40,1103000,3,8640,6,0.8642639532438977,0.8528681677062104,92,-35.34688578452915,-35.14531849231571,0.3842052802666212,0.016797274351119995,0.00902713742107153,1.0
stochastic_0_40,"(0-40,0-40)",stochastic,augmented_action_delay,Augmented (+action buffer + delay values),"(0-40,0-40)",0,40,0,40,1103000,3,8640,7,0.8642639532438977,0.8528681677062104,88,-63.422270173206925,-63.30253543891013,0.7207076156046242,0.014966841787099838,0.014648118056356907,1.0
stochastic_0_40,"(0-40,0-40)",stochastic,augmented_action_delay,Augmented (+action buffer + delay values),"(0-40,0-40)",0,40,0,40,1104000,4,11520,0,0.6343328071024467,0.26854120343093296,86,-46.709687245078385,-46.39404468704015,0.5431358981985859,0.05260709300637245,0.0038746697828173637,1.0
stochastic_0_40,"(0-40,0-40)",stochastic,augmented_action_delay,Augmented (+action buffer + delay values),"(0-40,0-40)",0,40,0,40,1104000,4,11520,1,0.6343328071024467,0.26854120343093296,86,-43.34291621297598,-43.01189675182104,0.5039873978253021,0.055169910192489624,0.055169910192489624,1.0
stochastic_0_40,"(0-40,0-40)",stochastic,augmented_action_delay,Augmented (+action buffer + delay values),"(0-40,0-40)",0,40,0,40,1104000,4,11520,2,0.6343328071024467,0.26854120343093296,80,-35.58501988463104,-35.58501988463104,0.444812748557888,0.018752221018075943,0.008054553531110287,1.0
stochastic_0_40,"(0-40,0-40)",stochastic,augmented_action_delay,Augmented (+action buffer + delay values),"(0-40,0-40)",0,40,0,40,1104000,4,11520,3,0.6343328071024467,0.26854120343093296,89,-41.233172663487494,-41.085536235012114,0.463294074870646,0.01640404760837555,0.012508192099630833,1.0
stochastic_0_40,"(0-40,0-40)",stochastic,augmented_action_delay,Augmented (+action buffer + delay values),"(0-40,0-40)",0,40,0,40,1104000,4,11520,4,0.6343328071024467,0.26854120343093296,85,-30.828149526380002,-30.593180715106428,0.36268411207505885,0.046993762254714966,0.012991196475923061,1.0
stochastic_0_40,"(0-40,0-40)",stochastic,augmented_action_delay,Augmented (+action buffer + delay values),"(0-40,0-40)",0,40,0,40,1104000,4,11520,5,0.6343328071024467,0.26854120343093296,94,-40.807063503190875,-40.68298912793398,0.4341176968424561,0.008862455375492573,0.008862455375492573,1.0
stochastic_0_40,"(0-40,0-40)",stochastic,augmented_action_delay,Augmented (+action buffer + delay values),"(0-40,0-40)",0,40,0,40,1104000,4,11520,6,0.6343328071024467,0.26854120343093296,88,-34.462096409872174,-34.252493562176824,0.3916147319303656,0.02620035596191883,0.008898008614778519,1.0
stochastic_0_40,"(0-40,0-40)",stochastic,augmented_action_delay,Augmented (+action buffer + delay values),"(0-40,0-40)",0,40,0,40,1104000,4,11520,7,0.6343328071024467,0.26854120343093296,89,-45.19196122139692,-44.55956915766001,0.5077748451842351,0.07026578485965729,0.028071388602256775,0.0
stochastic_0_40,"(0-40,0-40)",stochastic,augmented_action_delay,Augmented (+action buffer + delay values),"(0-40,0-40)",0,40,0,40,1105000,5,14400,0,0.6343328071024467,0.26854120343093296,92,-56.82683598250151,-55.75067346543074,0.617682999809799,0.08968020975589752,0.021996822208166122,0.0
stochastic_0_40,"(0-40,0-40)",stochastic,augmented_action_delay,Augmented (+action buffer + delay values),"(0-40,0-40)",0,40,0,40,1105000,5,14400,1,0.6343328071024467,0.26854120343093296,86,-44.95429205754772,-44.66231176862493,0.5227243262505549,0.04866338148713112,0.0043603950180113316,1.0
stochastic_0_40,"(0-40,0-40)",stochastic,augmented_action_delay,Augmented (+action buffer + delay values),"(0-40,0-40)",0,40,0,40,1105000,5,14400,2,0.6343328071024467,0.26854120343093296,81,-33.49466841854155,-33.467394875362515,0.4135144249202661,0.027273543179035187,0.027273543179035187,1.0
stochastic_0_40,"(0-40,0-40)",stochastic,augmented_action_delay,Augmented (+action buffer + delay values),"(0-40,0-40)",0,40,0,40,1105000,5,14400,3,0.6343328071024467,0.26854120343093296,87,-40.19809945765883,-39.64280147198588,0.462047120202975,0.07932828366756439,0.014634891413152218,0.0
stochastic_0_40,"(0-40,0-40)",stochastic,augmented_action_delay,Augmented (+action buffer + delay values),"(0-40,0-40)",0,40,0,40,1105000,5,14400,4,0.6343328071024467,0.26854120343093296,89,-60.78911575302482,-60.40933037921786,0.6830237725058969,0.04219837486743927,0.03326611965894699,1.0
stochastic_0_40,"(0-40,0-40)",stochastic,augmented_action_delay,Augmented (+action buffer + delay values),"(0-40,0-40)",0,40,0,40,1105000,5,14400,5,0.6343328071024467,0.26854120343093296,82,-59.29258384741843,-59.23463459871709,0.723080290822176,0.028974624350667,0.028974624350667,1.0
stochastic_0_40,"(0-40,0-40)",stochastic,augmented_action_delay,Augmented (+action buffer + delay values),"(0-40,0-40)",0,40,0,40,1105000,5,14400,6,0.6343328071024467,0.26854120343093296,92,-52.015787322539836,-51.858648229856044,0.5653889926363026,0.01309492439031601,0.007492064032703638,1.0
stochastic_0_40,"(0-40,0-40)",stochastic,augmented_action_delay,Augmented (+action buffer + delay values),"(0-40,0-40)",0,40,0,40,1105000,5,14400,7,0.6343328071024467,0.26854120343093296,87,-40.256789952516556,-39.987984359264374,0.4627217235921443,0.038400799036026,0.015276750549674034,1.0
stochastic_0_40,"(0-40,0-40)",stochastic,augmented_action_delay,Augmented (+action buffer + delay values),"(0-40,0-40)",0,40,0,40,1106000,6,17280,0,0.6343328071024467,0.26854120343093296,84,-39.992142006754875,-39.68064786493778,0.4760969286518438,0.07787353545427322,0.0206610020250082,0.0
stochastic_0_40,"(0-40,0-40)",stochastic,augmented_action_delay,Augmented (+action buffer + delay values),"(0-40,0-40)",0,40,0,40,1106000,6,17280,1,0.6343328071024467,0.26854120343093296,80,-57.54118731361814,-57.54118731361814,0.7192648414202267,0.03949674218893051,0.003839565673843026,1.0
stochastic_0_40,"(0-40,0-40)",stochastic,augmented_action_delay,Augmented (+action buffer + delay values),"(0-40,0-40)",0,40,0,40,1106000,6,17280,2,0.6343328071024467,0.26854120343093296,87,-45.222488075494766,-44.887385070323944,0.5197987135114341,0.04787185788154602,0.03446856886148453,1.0
stochastic_0_40,"(0-40,0-40)",stochastic,augmented_action_delay,Augmented (+action buffer + delay values),"(0-40,0-40)",0,40,0,40,1106000,6,17280,3,0.6343328071024467,0.26854120343093296,88,-48.07370083592832,-47.68957691453397,0.5462920549537309,0.04801549017429352,0.014748094603419304,1.0
stochastic_0_40,"(0-40,0-40)",stochastic,augmented_action_delay,Augmented (+action buffer + delay values),"(0-40,0-40)",0,40,0,40,1106000,6,17280,4,0.6343328071024467,0.26854120343093296,87,-54.474369848147035,-54.295266376808286,0.6261421821626096,0.025586210191249847,0.022391684353351593,1.0
stochastic_0_40,"(0-40,0-40)",stochastic,augmented_action_delay,Augmented (+action buffer + delay values),"(0-40,0-40)",0,40,0,40,1106000,6,17280,5,0.6343328071024467,0.26854120343093296,86,-40.209792071953416,-40.108220191672444,0.4675557217669002,0.016928646713495255,0.015454595908522606,1.0
stochastic_0_40,"(0-40,0-40)",stochastic,augmented_action_delay,Augmented (+action buffer + delay values),"(0-40,0-40)",0,40,0,40,1106000,6,17280,6,0.6343328071024467,0.26854120343093296,86,-45.76856656000018,-45.14673985168338,0.5321926344186068,0.10363778471946716,0.013249088078737259,0.0
stochastic_0_40,"(0-40,0-40)",stochastic,augmented_action_delay,Augmented (+action buffer + delay values),"(0-40,0-40)",0,40,0,40,1106000,6,17280,7,0.6343328071024467,0.26854120343093296,82,-45.42988935858011,-45.2914799824357,0.554023040958294,0.06920468807220459,0.033484142273664474,0.0
stochastic_0_40,"(0-40,0-40)",stochastic,augmented_action_delay,Augmented (+action buffer + delay values),"(0-40,0-40)",0,40,0,40,1107000,7,20160,0,0.6343328071024467,0.26854120343093296,83,-42.54424795368686,-42.51514819590375,0.5125813006468297,0.009699919261038303,0.0032102218829095364,1.0
stochastic_0_40,"(0-40,0-40)",stochastic,augmented_action_delay,Augmented (+action buffer + delay values),"(0-40,0-40)",0,40,0,40,1107000,7,20160,1,0.6343328071024467,0.26854120343093296,82,-36.164601277327165,-36.09102305374108,0.4410317228942337,0.03678911179304123,0.002202017465606332,1.0
stochastic_0_40,"(0-40,0-40)",stochastic,augmented_action_delay,Augmented (+action buffer + delay values),"(0-40,0-40)",0,40,0,40,1107000,7,20160,2,0.6343328071024467,0.26854120343093296,86,-44.1998543785885,-43.97172105778009,0.5139517950998662,0.03802222013473511,0.0105161527171731,1.0
stochastic_0_40,"(0-40,0-40)",stochastic,augmented_action_delay,Augmented (+action buffer + delay values),"(0-40,0-40)",0,40,0,40,1107000,7,20160,3,0.6343328071024467,0.26854120343093296,84,-59.70558714494109,-59.56429987773299,0.7107807993445368,0.03532181680202484,0.03532181680202484,1.0
stochastic_0_40,"(0-40,0-40)",stochastic,augmented_action_delay,Augmented (+action buffer + delay values),"(0-40,0-40)",0,40,0,40,1107000,7,20160,4,0.6343328071024467,0.26854120343093296,82,-57.912783809006214,-57.59327743202448,0.7062534610854416,0.15975318849086761,0.018463432788848877,0.0
stochastic_0_40,"(0-40,0-40)",stochastic,augmented_action_delay,Augmented (+action buffer + delay values),"(0-40,0-40)",0,40,0,40,1107000,7,20160,5,0.6343328071024467,0.26854120343093296,88,-36.272936628665775,-36.24946144921705,0.4121924616893838,0.002934397431090474,0.0017223956529051065,1.0
stochastic_0_40,"(0-40,0-40)",stochastic,augmented_action_delay,Augmented (+action buffer + delay values),"(0-40,0-40)",0,40,0,40,1107000,7,20160,6,0.6343328071024467,0.26854120343093296,92,-61.14807190001011,-59.697664335370064,0.6646529554348924,0.1208672970533371,0.039994578808546066,0.0
stochastic_0_40,"(0-40,0-40)",stochastic,augmented_action_delay,Augmented (+action buffer + delay values),"(0-40,0-40)",0,40,0,40,1107000,7,20160,7,0.6343328071024467,0.26854120343093296,82,-64.71509387902915,-64.6607414316386,0.78920846193938,0.027176223695278168,0.027176223695278168,1.0
stochastic_0_40,"(0-40,0-40)",stochastic,augmented_action_delay,Augmented (+action buffer + delay values),"(0-40,0-40)",0,40,0,40,1108000,8,23040,0,0.6343328071024467,0.26854120343093296,90,-42.625652864575386,-41.9310704767704,0.4736183651619487,0.0694582387804985,0.024386592209339142,0.0
stochastic_0_40,"(0-40,0-40)",stochastic,augmented_action_delay,Augmented (+action buffer + delay values),"(0-40,0-40)",0,40,0,40,1108000,8,23040,1,0.6343328071024467,0.26854120343093296,92,-44.22568307234906,-43.210720339557156,0.4807139464385767,0.08458022773265839,0.0036015778314322233,0.0
stochastic_0_40,"(0-40,0-40)",stochastic,augmented_action_delay,Augmented (+action buffer + delay values),"(0-40,0-40)",0,40,0,40,1108000,8,23040,2,0.6343328071024467,0.26854120343093296,86,-50.68761635106057,-49.9883839963004,0.5893908878030298,0.11653872579336166,0.006881366483867168,0.0
stochastic_0_40,"(0-40,0-40)",stochastic,augmented_action_delay,Augmented (+action buffer + delay values),"(0-40,0-40)",0,40,0,40,1108000,8,23040,3,0.6343328071024467,0.26854120343093296,87,-43.05686828866601,-42.94784363359213,0.4949065320536323,0.015574950724840164,0.015574950724840164,1.0
stochastic_0_40,"(0-40,0-40)",stochastic,augmented_action_delay,Augmented (+action buffer + delay values),"(0-40,0-40)",0,40,0,40,1108000,8,23040,4,0.6343328071024467,0.26854120343093296,86,-44.30562603287399,-44.14743117801845,0.5151816980566742,0.02636580914258957,0.017958102747797966,1.0
stochastic_0_40,"(0-40,0-40)",stochastic,augmented_action_delay,Augmented (+action buffer + delay values),"(0-40,0-40)",0,40,0,40,1108000,8,23040,5,0.6343328071024467,0.26854120343093296,84,-29.785758251324296,-29.668454417958856,0.35459236013481304,0.029325958341360092,0.0042770905420184135,1.0
stochastic_0_40,"(0-40,0-40)",stochastic,augmented_action_delay,Augmented (+action buffer + delay values),"(0-40,0-40)",0,40,0,40,1108000,8,23040,6,0.6343328071024467,0.26854120343093296,86,-62.57527882605791,-62.416131764650345,0.7276195212332315,0.026524510234594345,0.017298128455877304,1.0
stochastic_0_40,"(0-40,0-40)",stochastic,augmented_action_delay,Augmented (+action buffer + delay values),"(0-40,0-40)",0,40,0,40,1108000,8,23040,7,0.6343328071024467,0.26854120343093296,83,-37.956716588232666,-37.694926036987454,0.45730983841244177,0.08726351708173752,0.006673224736005068,0.0
stochastic_0_40,"(0-40,0-40)",stochastic,augmented_action_delay,Augmented (+action buffer + delay values),"(0-40,0-40)",0,40,0,40,1109000,9,25920,0,0.6343328071024467,0.26854120343093296,87,-42.609023509547114,-42.46022205799818,0.48975889091433467,0.021257350221276283,0.015689875930547714,1.0
stochastic_0_40,"(0-40,0-40)",stochastic,augmented_action_delay,Augmented (+action buffer + delay values),"(0-40,0-40)",0,40,0,40,1109000,9,25920,1,0.6343328071024467,0.26854120343093296,83,-48.391937617212534,-48.206523168832064,0.5830353929784643,0.061804816126823425,0.0048118820413947105,0.0
stochastic_0_40,"(0-40,0-40)",stochastic,augmented_action_delay,Augmented (+action buffer + delay values),"(0-40,0-40)",0,40,0,40,1109000,9,25920,2,0.6343328071024467,0.26854120343093296,88,-45.32399071007967,-44.562055476009846,0.5150453489781781,0.09524190425872803,0.014843461103737354,0.0
stochastic_0_40,"(0-40,0-40)",stochastic,augmented_action_delay,Augmented (+action buffer + delay values),"(0-40,0-40)",0,40,0,40,1109000,9,25920,3,0.6343328071024467,0.26854120343093296,88,-47.5390134206973,-47.17749801790342,0.540216061598833,0.045189425349235535,0.005362457130104303,1.0
stochastic_0_40,"(0-40,0-40)",stochastic,augmented_action_delay,Augmented (+action buffer + delay values),"(0-40,0-40)",0,40,0,40,1109000,9,25920,4,0.6343328071024467,0.26854120343093296,88,-70.88623182568699,-69.84365002904087,0.805525361655534,0.13032272458076477,0.0013791676610708237,0.0
stochastic_0_40,"(0-40,0-40)",stochastic,augmented_action_delay,Augmented (+action buffer + delay values),"(0-40,0-40)",0,40,0,40,1109000,9,25920,5,0.6343328071024467,0.26854120343093296,88,-54.5509169138968,-54.1960989870131,0.6198967831124637,0.04435224086046219,0.02950282394886017,1.0
stochastic_0_40,"(0-40,0-40)",stochastic,augmented_action_delay,Augmented (+action buffer + delay values),"(0-40,0-40)",0,40,0,40,1109000,9,25920,6,0.6343328071024467,0.26854120343093296,86,-54.57463518669829,-54.53352455003187,0.6345887812406777,0.006851772777736187,0.006851772777736187,1.0
stochastic_0_40,"(0-40,0-40)",stochastic,augmented_action_delay,Augmented (+action buffer + delay values),"(0-40,0-40)",0,40,0,40,1109000,9,25920,7,0.6343328071024467,0.26854120343093296,88,-40.452410551020876,-40.32802131236531,0.4596864835343281,0.015548654831945896,0.0028799986466765404,1.0
stochastic_0_40,"(0-40,0-40)",stochastic,augmented_action_delay,Augmented (+action buffer + delay values),"(0-40,0-40)",0,40,0,40,1110000,10,28800,0,0.6343328071024467,0.26854120343093296,94,-35.570348711684346,-34.994141379371285,0.37840796501791857,0.041157666593790054,0.01103195920586586,1.0
stochastic_0_40,"(0-40,0-40)",stochastic,augmented_action_delay,Augmented (+action buffer + delay values),"(0-40,0-40)",0,40,0,40,1110000,10,28800,1,0.6343328071024467,0.26854120343093296,84,-31.28424800839275,-31.199435866437852,0.3724315239094375,0.02120303548872471,0.007378909736871719,1.0
stochastic_0_40,"(0-40,0-40)",stochastic,augmented_action_delay,Augmented (+action buffer + delay values),"(0-40,0-40)",0,40,0,40,1110000,10,28800,2,0.6343328071024467,0.26854120343093296,84,-40.29224618524313,-40.19872598350048,0.47966959744337057,0.02338005043566227,0.02338005043566227,1.0
stochastic_0_40,"(0-40,0-40)",stochastic,augmented_action_delay,Augmented (+action buffer + delay values),"(0-40,0-40)",0,40,0,40,1110000,10,28800,3,0.6343328071024467,0.26854120343093296,95,-60.92066674493253,-60.5697138607502,0.6412701762624478,0.02339685894548893,0.010618900880217552,1.0
stochastic_0_40,"(0-40,0-40)",stochastic,augmented_action_delay,Augmented (+action buffer + delay values),"(0-40,0-40)",0,40,0,40,1110000,10,28800,4,0.6343328071024467,0.26854120343093296,91,-62.32457796111703,-60.905851770192385,0.6848854721001871,0.12897510826587677,0.013546019792556763,0.0
stochastic_0_40,"(0-40,0-40)",stochastic,augmented_action_delay,Augmented (+action buffer + delay values),"(0-40,0-40)",0,40,0,40,1110000,10,28800,5,0.6343328071024467,0.26854120343093296,83,-46.6259366478771,-46.444926308467984,0.5617582728659891,0.06033677980303764,0.02385796047747135,0.0
stochastic_0_40,"(0-40,0-40)",stochastic,augmented_action_delay,Augmented (+action buffer + delay values),"(0-40,0-40)",0,40,0,40,1110000,10,28800,6,0.6343328071024467,0.26854120343093296,84,-45.38727995753288,-45.209325551986694,0.5403247613992009,0.04448860138654709,0.043720632791519165,1.0
stochastic_0_40,"(0-40,0-40)",stochastic,augmented_action_delay,Augmented (+action buffer + delay values),"(0-40,0-40)",0,40,0,40,1110000,10,28800,7,0.6343328071024467,0.26854120343093296,88,-49.643320644274354,-49.36325632967055,0.5641286436849359,0.03500803932547569,0.009527485817670822,1.0
stochastic_0_40,"(0-40,0-40)",stochastic,augmented_action_delay,Augmented (+action buffer + delay values),"(0-40,0-40)",0,40,0,40,1111000,11,31680,0,0.6164828587387735,0.19886480318143537,89,-52.70652472646907,-52.21975847380236,0.5922081429940345,0.0540851391851902,0.006489995401352644,1.0
stochastic_0_40,"(0-40,0-40)",stochastic,augmented_action_delay,Augmented (+action buffer + delay values),"(0-40,0-40)",0,40,0,40,1111000,11,31680,1,0.6164828587387735,0.19886480318143537,89,-74.37174522713758,-73.94802386150695,0.8356375868217706,0.0470801517367363,0.003474014112725854,1.0
stochastic_0_40,"(0-40,0-40)",stochastic,augmented_action_delay,Augmented (+action buffer + delay values),"(0-40,0-40)",0,40,0,40,1111000,11,31680,2,0.6164828587387735,0.19886480318143537,83,-63.96962234820239,-63.799896587384865,0.7707183415446072,0.05657525360584259,0.0022111486177891493,1.0
stochastic_0_40,"(0-40,0-40)",stochastic,augmented_action_delay,Augmented (+action buffer + delay values),"(0-40,0-40)",0,40,0,40,1111000,11,31680,3,0.6164828587387735,0.19886480318143537,91,-59.39500721683726,-59.04989497875795,0.6526923869982116,0.03137383982539177,0.007266100961714983,1.0
stochastic_0_40,"(0-40,0-40)",stochastic,augmented_action_delay,Augmented (+action buffer + delay values),"(0-40,0-40)",0,40,0,40,1111000,11,31680,4,0.6164828587387735,0.19886480318143537,88,-46.067050881683826,-45.822445921599865,0.523489214564589,0.030575620010495186,0.016420921310782433,1.0
stochastic_0_40,"(0-40,0-40)",stochastic,augmented_action_delay,Augmented (+action buffer + delay values),"(0-40,0-40)",0,40,0,40,1111000,11,31680,5,0.6164828587387735,0.19886480318143537,87,-50.17993121780455,-49.96685275062919,0.5767808185954546,0.03043978102505207,0.024695469066500664,1.0
stochastic_0_40,"(0-40,0-40)",stochastic,augmented_action_delay,Augmented (+action buffer + delay values),"(0-40,0-40)",0,40,0,40,1111000,11,31680,6,0.6164828587387735,0.19886480318143537,83,-31.258091539144516,-31.074888437986374,0.37660351251981344,0.06106770038604736,0.005421981681138277,0.0
stochastic_0_40,"(0-40,0-40)",stochastic,augmented_action_delay,Augmented (+action buffer + delay values),"(0-40,0-40)",0,40,0,40,1111000,11,31680,7,0.6164828587387735,0.19886480318143537,86,-55.02390908054076,-54.88468971452676,0.6398128962853576,0.023203227669000626,0.0030821801628917456,1.0
stochastic_0_40,"(0-40,0-40)",stochastic,augmented_action_delay,Augmented (+action buffer + delay values),"(0-40,0-40)",0,40,0,40,1112000,12,34560,0,0.6164828587387735,0.19886480318143537,93,-67.63169027492404,-66.70110155269504,0.727222476074452,0.07158374786376953,0.04141753911972046,0.0
stochastic_0_40,"(0-40,0-40)",stochastic,augmented_action_delay,Augmented (+action buffer + delay values),"(0-40,0-40)",0,40,0,40,1112000,12,34560,1,0.6164828587387735,0.19886480318143537,89,-40.074095759540796,-39.6281140036881,0.4502707388712449,0.0495535284280777,0.00915762409567833,1.0
stochastic_0_40,"(0-40,0-40)",stochastic,augmented_action_delay,Augmented (+action buffer + delay values),"(0-40,0-40)",0,40,0,40,1112000,12,34560,2,0.6164828587387735,0.19886480318143537,87,-37.47728648176417,-37.19784685736522,0.43077340783636975,0.03991994634270668,0.00436153169721365,1.0
stochastic_0_40,"(0-40,0-40)",stochastic,augmented_action_delay,Augmented (+action buffer + delay values),"(0-40,0-40)",0,40,0,40,1112000,12,34560,3,0.6164828587387735,0.19886480318143537,82,-30.827905651181936,-30.788524840027094,0.3759500689168529,0.01969040557742119,0.01969040557742119,1.0
stochastic_0_40,"(0-40,0-40)",stochastic,augmented_action_delay,Augmented (+action buffer + delay values),"(0-40,0-40)",0,40,0,40,1112000,12,34560,4,0.6164828587387735,0.19886480318143537,84,-55.44223165139556,-55.406361006200314,0.6600265672785186,0.008967661298811436,0.008967661298811436,1.0
stochastic_0_40,"(0-40,0-40)",stochastic,augmented_action_delay,Augmented (+action buffer + delay values),"(0-40,0-40)",0,40,0,40,1112000,12,34560,5,0.6164828587387735,0.19886480318143537,95,-48.623188588768244,-48.01380891725421,0.5118230377765078,0.04062531143426895,0.021695390343666077,1.0
stochastic_0_40,"(0-40,0-40)",stochastic,augmented_action_delay,Augmented (+action buffer + delay values),"(0-40,0-40)",0,40,0,40,1112000,12,34560,6,0.6164828587387735,0.19886480318143537,87,-53.84290241450071,-53.21081153303385,0.6188839357988588,0.09029869735240936,0.029132463037967682,0.0
stochastic_0_40,"(0-40,0-40)",stochastic,augmented_action_delay,Augmented (+action buffer + delay values),"(0-40,0-40)",0,40,0,40,1112000,12,34560,7,0.6164828587387735,0.19886480318143537,87,-48.342441882006824,-47.67433475982398,0.5556602515173198,0.09544387459754944,0.003620418719947338,0.0
stochastic_0_40,"(0-40,0-40)",stochastic,augmented_action_delay,Augmented (+action buffer + delay values),"(0-40,0-40)",0,40,0,40,1113000,13,37440,0,0.6164828587387735,0.19886480318143537,93,-48.70970913488418,-48.28850089106709,0.5237603132783245,0.03240063413977623,0.014979892410337925,1.0
stochastic_0_40,"(0-40,0-40)",stochastic,augmented_action_delay,Augmented (+action buffer + delay values),"(0-40,0-40)",0,40,0,40,1113000,13,37440,1,0.6164828587387735,0.19886480318143537,91,-57.78234168514609,-57.06495014205575,0.6349707877488582,0.06521741300821304,0.04162553697824478,0.0
stochastic_0_40,"(0-40,0-40)",stochastic,augmented_action_delay,Augmented (+action buffer + delay values),"(0-40,0-40)",0,40,0,40,1113000,13,37440,2,0.6164828587387735,0.19886480318143537,96,-64.76515181455761,-63.50066252145916,0.6746369980683085,0.0790305808186531,0.015161835588514805,0.0
stochastic_0_40,"(0-40,0-40)",stochastic,augmented_action_delay,Augmented (+action buffer + delay values),"(0-40,0-40)",0,40,0,40,1113000,13,37440,3,0.6164828587387735,0.19886480318143537,90,-46.934761471580714,-46.3961017052643,0.5214973496842301,0.05386597663164139,0.005988925229758024,1.0
stochastic_0_40,"(0-40,0-40)",stochastic,augmented_action_delay,Augmented (+action buffer + delay values),"(0-40,0-40)",0,40,0,40,1113000,13,37440,4,0.6164828587387735,0.19886480318143537,85,-46.60607496043667,-46.26001609256491,0.5483067642404315,0.06921177357435226,0.005070292856544256,0.0
stochastic_0_40,"(0-40,0-40)",stochastic,augmented_action_delay,Augmented (+action buffer + delay values),"(0-40,0-40)",0,40,0,40,1113000,13,37440,5,0.6164828587387735,0.19886480318143537,83,-59.18343927524984,-59.135308146476746,0.7130534852439739,0.016043709591031075,0.013107575476169586,1.0
stochastic_0_40,"(0-40,0-40)",stochastic,augmented_action_delay,Augmented (+action buffer + delay values),"(0-40,0-40)",0,40,0,40,1113000,13,37440,6,0.6164828587387735,0.19886480318143537,92,-57.15089579485357,-56.94651321135461,0.6212053890744953,0.01703188195824623,0.009243815205991268,1.0
stochastic_0_40,"(0-40,0-40)",stochastic,augmented_action_delay,Augmented (+action buffer + delay values),"(0-40,0-40)",0,40,0,40,1113000,13,37440,7,0.6164828587387735,0.19886480318143537,81,-45.810093123465776,-45.76981806010008,0.5655567052279725,0.04027506336569786,0.02014675736427307,1.0
stochastic_0_40,"(0-40,0-40)",stochastic,augmented_action_delay,Augmented (+action buffer + delay values),"(0-40,0-40)",0,40,0,40,1114000,14,40320,0,0.6164828587387735,0.19886480318143537,89,-48.99757934734225,-48.542497392743826,0.5505345994083399,0.050564661622047424,0.010374195873737335,1.0
stochastic_0_40,"(0-40,0-40)",stochastic,augmented_action_delay,Augmented (+action buffer + delay values),"(0-40,0-40)",0,40,0,40,1114000,14,40320,1,0.6164828587387735,0.19886480318143537,83,-38.989985132589936,-38.87939962185919,0.4697588570191559,0.0368618369102478,0.017460916191339493,1.0
stochastic_0_40,"(0-40,0-40)",stochastic,augmented_action_delay,Augmented (+action buffer + delay values),"(0-40,0-40)",0,40,0,40,1114000,14,40320,2,0.6164828587387735,0.19886480318143537,84,-58.08227801253088,-58.00058630038984,0.6914556906253676,0.020422928035259247,0.0018769551534205675,1.0
stochastic_0_40,"(0-40,0-40)",stochastic,augmented_action_delay,Augmented (+action buffer + delay values),"(0-40,0-40)",0,40,0,40,1114000,14,40320,3,0.6164828587387735,0.19886480318143537,83,-36.87771852500737,-36.85306003596634,0.4443098617470767,0.008219496347010136,0.00279634865000844,1.0
stochastic_0_40,"(0-40,0-40)",stochastic,augmented_action_delay,Augmented (+action buffer + delay values),"(0-40,0-40)",0,40,0,40,1114000,14,40320,4,0.6164828587387735,0.19886480318143537,80,-43.0793406968005,-43.0793406968005,0.5384917587100062,0.11533532291650772,0.004662389401346445,0.0
stochastic_0_40,"(0-40,0-40)",stochastic,augmented_action_delay,Augmented (+action buffer + delay values),"(0-40,0-40)",0,40,0,40,1114000,14,40320,5,0.6164828587387735,0.19886480318143537,90,-29.778763921000063,-29.401536219753325,0.3308751546777785,0.03772277012467384,0.0019904852379113436,1.0
stochastic_0_40,"(0-40,0-40)",stochastic,augmented_action_delay,Augmented (+action buffer + delay values),"(0-40,0-40)",0,40,0,40,1114000,14,40320,6,0.6164828587387735,0.19886480318143537,82,-63.38000448606908,-63.34308755584061,0.7729268839764523,0.018458465114235878,0.015960948541760445,1.0
stochastic_0_40,"(0-40,0-40)",stochastic,augmented_action_delay,Augmented (+action buffer + delay values),"(0-40,0-40)",0,40,0,40,1114000,14,40320,7,0.6164828587387735,0.19886480318143537,80,-48.64497396722436,-48.64497396722436,0.6080621745903045,0.0602387897670269,0.018015027046203613,0.0
stochastic_0_40,"(0-40,0-40)",stochastic,augmented_action_delay,Augmented (+action buffer + delay values),"(0-40,0-40)",0,40,0,40,1115000,15,43200,0,0.6164828587387735,0.19886480318143537,83,-49.28628833871335,-49.2419523652643,0.5938107028760644,0.01477865781635046,0.013543431647121906,1.0
stochastic_0_40,"(0-40,0-40)",stochastic,augmented_action_delay,Augmented (+action buffer + delay values),"(0-40,0-40)",0,40,0,40,1115000,15,43200,1,0.6164828587387735,0.19886480318143537,84,-42.18837571889162,-42.00903493911028,0.5022425680820432,0.04483519494533539,0.002159791998565197,1.0
stochastic_0_40,"(0-40,0-40)",stochastic,augmented_action_delay,Augmented (+action buffer + delay values),"(0-40,0-40)",0,40,0,40,1115000,15,43200,2,0.6164828587387735,0.19886480318143537,86,-40.974848279030994,-40.900560890557244,0.476451724174779,0.012381231412291527,0.002998738782480359,1.0
stochastic_0_40,"(0-40,0-40)",stochastic,augmented_action_delay,Augmented (+action buffer + delay values),"(0-40,0-40)",0,40,0,40,1115000,15,43200,3,0.6164828587387735,0.19886480318143537,83,-49.772177800536156,-49.64817687496543,0.599664792777544,0.0413336418569088,0.0413336418569088,1.0
stochastic_0_40,"(0-40,0-40)",stochastic,augmented_action_delay,Augmented (+action buffer + delay values),"(0-40,0-40)",0,40,0,40,1115000,15,43200,4,0.6164828587387735,0.19886480318143537,81,-55.92025909386575,-55.81455654464662,0.690373569060071,0.10570254921913147,0.029685812070965767,0.0
stochastic_0_40,"(0-40,0-40)",stochastic,augmented_action_delay,Augmented (+action buffer + delay values),"(0-40,0-40)",0,40,0,40,1115000,15,43200,5,0.6164828587387735,0.19886480318143537,82,-53.06895444402471,-52.93311264226213,0.647182371268594,0.06792090088129044,0.006029817741364241,0.0
stochastic_0_40,"(0-40,0-40)",stochastic,augmented_action_delay,Augmented (+action buffer + delay values),"(0-40,0-40)",0,40,0,40,1115000,15,43200,6,0.6164828587387735,0.19886480318143537,88,-48.576263319700956,-48.1591483168304,0.552002992269329,0.05213937535881996,0.03123801201581955,1.0
stochastic_0_40,"(0-40,0-40)",stochastic,augmented_action_delay,Augmented (+action buffer + delay values),"(0-40,0-40)",0,40,0,40,1115000,15,43200,7,0.6164828587387735,0.19886480318143537,87,-37.619548726826906,-37.53332678694278,0.4324086060554817,0.012317419983446598,0.012317419983446598,1.0
stochastic_0_40,"(0-40,0-40)",stochastic,augmented_action_delay,Augmented (+action buffer + delay values),"(0-40,0-40)",0,40,0,40,1116000,16,46080,0,0.6164828587387735,0.19886480318143537,89,-49.469300765544176,-48.93440418317914,0.5558348400622941,0.05943295359611511,0.02008635178208351,1.0
stochastic_0_40,"(0-40,0-40)",stochastic,augmented_action_delay,Augmented (+action buffer + delay values),"(0-40,0-40)",0,40,0,40,1116000,16,46080,1,0.6164828587387735,0.19886480318143537,80,-45.66682138107717,-45.66682138107717,0.5708352672634647,0.030495651066303253,0.019432835280895233,1.0
stochastic_0_40,"(0-40,0-40)",stochastic,augmented_action_delay,Augmented (+action buffer + delay values),"(0-40,0-40)",0,40,0,40,1116000,16,46080,2,0.6164828587387735,0.19886480318143537,92,-34.9556306200102,-33.9216017620638,0.37995250673924125,0.08616907149553299,0.01507627684623003,0.0
stochastic_0_40,"(0-40,0-40)",stochastic,augmented_action_delay,Augmented (+action buffer + delay values),"(0-40,0-40)",0,40,0,40,1116000,16,46080,3,0.6164828587387735,0.19886480318143537,87,-52.20152148976922,-52.014358546584845,0.6000174883881519,0.02673756331205368,0.02673756331205368,1.0
stochastic_0_40,"(0-40,0-40)",stochastic,augmented_action_delay,Augmented (+action buffer + delay values),"(0-40,0-40)",0,40,0,40,1116000,16,46080,4,0.6164828587387735,0.19886480318143537,91,-49.0613574013114,-48.85180012509227,0.5391357956188065,0.019050661474466324,0.019050661474466324,1.0
stochastic_0_40,"(0-40,0-40)",stochastic,augmented_action_delay,Augmented (+action buffer + delay values),"(0-40,0-40)",0,40,0,40,1116000,16,46080,5,0.6164828587387735,0.19886480318143537,91,-59.229599855840206,-58.58346517011523,0.6508747236905518,0.058739516884088516,0.022099610418081284,1.0
stochastic_0_40,"(0-40,0-40)",stochastic,augmented_action_delay,Augmented (+action buffer + delay values),"(0-40,0-40)",0,40,0,40,1116000,16,46080,6,0.6164828587387735,0.19886480318143537,88,-43.35265712067485,-42.90220568701625,0.4926438309167596,0.05630642920732498,0.04778122529387474,1.0
stochastic_0_40,"(0-40,0-40)",stochastic,augmented_action_delay,Augmented (+action buffer + delay values),"(0-40,0-40)",0,40,0,40,1116000,16,46080,7,0.6164828587387735,0.19886480318143537,82,-34.6851240277756,-34.55933830444701,0.42298931741189755,0.0628928616642952,0.002111229347065091,0.0
stochastic_0_40,"(0-40,0-40)",stochastic,augmented_action_delay,Augmented (+action buffer + delay values),"(0-40,0-40)",0,40,0,40,1117000,17,48960,0,0.5966188719449528,0.19960594843648402,84,-48.403238005936146,-48.24398262053728,0.5762290238801923,0.039813846349716187,0.013013891875743866,1.0
stochastic_0_40,"(0-40,0-40)",stochastic,augmented_action_delay,Augmented (+action buffer + delay values),"(0-40,0-40)",0,40,0,40,1117000,17,48960,1,0.5966188719449528,0.19960594843648402,80,-44.98486186750233,-44.98486186750233,0.5623107733437791,0.040847327560186386,0.005814703181385994,1.0
stochastic_0_40,"(0-40,0-40)",stochastic,augmented_action_delay,Augmented (+action buffer + delay values),"(0-40,0-40)",0,40,0,40,1117000,17,48960,2,0.5966188719449528,0.19960594843648402,89,-39.947955003008246,-39.535697935149074,0.4488534270000927,0.045806340873241425,0.007283981889486313,1.0
stochastic_0_40,"(0-40,0-40)",stochastic,augmented_action_delay,Augmented (+action buffer + delay values),"(0-40,0-40)",0,40,0,40,1117000,17,48960,3,0.5966188719449528,0.19960594843648402,91,-51.64590265788138,-50.93301617540419,0.5675373918448503,0.06480786204338074,0.021562961861491203,0.0
stochastic_0_40,"(0-40,0-40)",stochastic,augmented_action_delay,Augmented (+action buffer + delay values),"(0-40,0-40)",0,40,0,40,1117000,17,48960,4,0.5966188719449528,0.19960594843648402,86,-65.28229654347524,-64.76644579088315,0.7590964714357586,0.08597512543201447,0.005789399612694979,0.0
stochastic_0_40,"(0-40,0-40)",stochastic,augmented_action_delay,Augmented (+action buffer + delay values),"(0-40,0-40)",0,40,0,40,1117000,17,48960,5,0.5966188719449528,0.19960594843648402,85,-48.183026526123285,-47.8000130020082,0.5668591356014504,0.07660270482301712,0.009263118728995323,0.0
stochastic_0_40,"(0-40,0-40)",stochastic,augmented_action_delay,Augmented (+action buffer + delay values),"(0-40,0-40)",0,40,0,40,1117000,17,48960,6,0.5966188719449528,0.19960594843648402,85,-65.01189899630845,-64.75347953848541,0.7648458705448052,0.05168389156460762,0.031098349019885063,1.0
stochastic_0_40,"(0-40,0-40)",stochastic,augmented_action_delay,Augmented (+action buffer + delay values),"(0-40,0-40)",0,40,0,40,1117000,17,48960,7,0.5966188719449528,0.19960594843648402,89,-46.89498813264072,-46.22767659090459,0.5269099790184351,0.07414572685956955,0.02134382538497448,0.0
stochastic_0_40,"(0-40,0-40)",stochastic,augmented_action_delay,Augmented (+action buffer + delay values),"(0-40,0-40)",0,40,0,40,1118000,18,51840,0,0.5966188719449528,0.19960594843648402,85,-54.8975048053544,-54.47800440969877,0.6458529977100518,0.0839000791311264,0.003078057197853923,0.0
stochastic_0_40,"(0-40,0-40)",stochastic,augmented_action_delay,Augmented (+action buffer + delay values),"(0-40,0-40)",0,40,0,40,1118000,18,51840,1,0.5966188719449528,0.19960594843648402,83,-39.96440633572638,-39.69021173007786,0.48149887151477566,0.0913982018828392,0.0029816296882927418,0.0
stochastic_0_40,"(0-40,0-40)",stochastic,augmented_action_delay,Augmented (+action buffer + delay values),"(0-40,0-40)",0,40,0,40,1118000,18,51840,2,0.5966188719449528,0.19960594843648402,85,-49.21354662626982,-48.68290767073631,0.5789829014855272,0.1061277911067009,0.0280592180788517,0.0
stochastic_0_40,"(0-40,0-40)",stochastic,augmented_action_delay,Augmented (+action buffer + delay values),"(0-40,0-40)",0,40,0,40,1118000,18,51840,3,0.5966188719449528,0.19960594843648402,90,-39.266951135359704,-38.92590073402971,0.43629945705955225,0.03410504013299942,0.01058698259294033,1.0
stochastic_0_40,"(0-40,0-40)",stochastic,augmented_action_delay,Augmented (+action buffer + delay values),"(0-40,0-40)",0,40,0,40,1118000,18,51840,4,0.5966188719449528,0.19960594843648402,90,-63.31871394068003,-62.364267744123936,0.7035412660075558,0.09544461965560913,0.02927023358643055,0.0
stochastic_0_40,"(0-40,0-40)",stochastic,augmented_action_delay,Augmented (+action buffer + delay values),"(0-40,0-40)",0,40,0,40,1118000,18,51840,5,0.5966188719449528,0.19960594843648402,90,-31.456389701925218,-31.294075115583837,0.34951544113250244,0.016231458634138107,0.007610797882080078,1.0
stochastic_0_40,"(0-40,0-40)",stochastic,augmented_action_delay,Augmented (+action buffer + delay values),"(0-40,0-40)",0,40,0,40,1118000,18,51840,6,0.5966188719449528,0.19960594843648402,84,-52.63035769574344,-52.579321606084704,0.6265518773302791,0.012759022414684296,0.012759022414684296,1.0
stochastic_0_40,"(0-40,0-40)",stochastic,augmented_action_delay,Augmented (+action buffer + delay values),"(0-40,0-40)",0,40,0,40,1118000,18,51840,7,0.5966188719449528,0.19960594843648402,84,-60.712990794330835,-60.64977836236358,0.72277369993251,0.015803107991814613,0.015803107991814613,1.0
stochastic_0_40,"(0-40,0-40)",stochastic,augmented_action_delay,Augmented (+action buffer + delay values),"(0-40,0-40)",0,40,0,40,1119000,19,54720,0,0.5966188719449528,0.19960594843648402,93,-53.772438754327595,-53.509880607016385,0.5781982661755656,0.020196780562400818,0.005813277326524258,1.0
stochastic_0_40,"(0-40,0-40)",stochastic,augmented_action_delay,Augmented (+action buffer + delay values),"(0-40,0-40)",0,40,0,40,1119000,19,54720,1,0.5966188719449528,0.19960594843648402,87,-60.69594890251756,-60.289199251681566,0.6976545850864087,0.05810709297657013,0.03490690886974335,1.0
stochastic_0_40,"(0-40,0-40)",stochastic,augmented_action_delay,Augmented (+action buffer + delay values),"(0-40,0-40)",0,40,0,40,1119000,19,54720,2,0.5966188719449528,0.19960594843648402,91,-43.40691280178726,-43.08105279505253,0.47699904177788194,0.029623636975884438,0.019795861095190048,1.0
stochastic_0_40,"(0-40,0-40)",stochastic,augmented_action_delay,Augmented (+action buffer + delay values),"(0-40,0-40)",0,40,0,40,1119000,19,54720,3,0.5966188719449528,0.19960594843648402,88,-54.0614691497758,-53.46674002427608,0.6143348767019977,0.07434114068746567,0.006970392540097237,0.0
stochastic_0_40,"(0-40,0-40)",stochastic,augmented_action_delay,Augmented (+action buffer + delay values),"(0-40,0-40)",0,40,0,40,1119000,19,54720,4,0.5966188719449528,0.19960594843648402,82,-44.095137203112245,-44.053161500021815,0.5377455756477103,0.020987851545214653,0.016481809318065643,1.0
stochastic_0_40,"(0-40,0-40)",stochastic,augmented_action_delay,Augmented (+action buffer + delay values),"(0-40,0-40)",0,40,0,40,1119000,19,54720,5,0.5966188719449528,0.19960594843648402,88,-40.259558462537825,-39.95841609779745,0.4574949825288389,0.03764279559254646,0.013350441120564938,1.0
stochastic_0_40,"(0-40,0-40)",stochastic,augmented_action_delay,Augmented (+action buffer + delay values),"(0-40,0-40)",0,40,0,40,1119000,19,54720,6,0.5966188719449528,0.19960594843648402,92,-67.88774413615465,-67.47678608447313,0.7379102623495071,0.03424650430679321,0.011259281076490879,1.0
stochastic_0_40,"(0-40,0-40)",stochastic,augmented_action_delay,Augmented (+action buffer + delay values),"(0-40,0-40)",0,40,0,40,1119000,19,54720,7,0.5966188719449528,0.19960594843648402,82,-48.37208173982799,-48.319617027416825,0.5899034358515609,0.02623235620558262,0.011498525738716125,1.0
stochastic_0_40,"(0-40,0-40)",stochastic,augmented_action_delay,Augmented (+action buffer + delay values),"(0-40,0-40)",0,40,0,40,1120000,20,57600,0,0.5966188719449528,0.19960594843648402,88,-56.82301412522793,-56.24211822450161,0.6457160696048628,0.0726119875907898,0.045248568058013916,0.0
stochastic_0_40,"(0-40,0-40)",stochastic,augmented_action_delay,Augmented (+action buffer + delay values),"(0-40,0-40)",0,40,0,40,1120000,20,57600,1,0.5966188719449528,0.19960594843648402,93,-61.63712244108319,-60.53013743087649,0.662764757431002,0.08515269309282303,0.04798881709575653,0.0
stochastic_0_40,"(0-40,0-40)",stochastic,augmented_action_delay,Augmented (+action buffer + delay values),"(0-40,0-40)",0,40,0,40,1120000,20,57600,2,0.5966188719449528,0.19960594843648402,85,-43.539044223260134,-43.26602727128193,0.5122240496854134,0.05460339039564133,0.0069218785502016544,1.0
stochastic_0_40,"(0-40,0-40)",stochastic,augmented_action_delay,Augmented (+action buffer + delay values),"(0-40,0-40)",0,40,0,40,1120000,20,57600,3,0.5966188719449528,0.19960594843648402,90,-33.27946711704135,-33.09811316803098,0.369771856856015,0.018135394901037216,0.018135394901037216,1.0
stochastic_0_40,"(0-40,0-40)",stochastic,augmented_action_delay,Augmented (+action buffer + delay values),"(0-40,0-40)",0,40,0,40,1120000,20,57600,4,0.5966188719449528,0.19960594843648402,86,-50.93499389104545,-50.70477309636772,0.5922673708261099,0.03837013244628906,0.018956849351525307,1.0
stochastic_0_40,"(0-40,0-40)",stochastic,augmented_action_delay,Augmented (+action buffer + delay values),"(0-40,0-40)",0,40,0,40,1120000,20,57600,5,0.5966188719449528,0.19960594843648402,90,-59.558577929623425,-59.058342893607914,0.6617619769958158,0.050023503601551056,0.011190217919647694,1.0
stochastic_0_40,"(0-40,0-40)",stochastic,augmented_action_delay,Augmented (+action buffer + delay values),"(0-40,0-40)",0,40,0,40,1120000,20,57600,6,0.5966188719449528,0.19960594843648402,85,-45.159917794167995,-44.88877261430025,0.5312931505196234,0.05422903597354889,0.027147425338625908,1.0
stochastic_0_40,"(0-40,0-40)",stochastic,augmented_action_delay,Augmented (+action buffer + delay values),"(0-40,0-40)",0,40,0,40,1120000,20,57600,7,0.5966188719449528,0.19960594843648402,90,-44.24018406216055,-44.09529490303248,0.4915576006906728,0.014488915912806988,0.011580252088606358,1.0
stochastic_0_40,"(0-40,0-40)",stochastic,augmented_action_delay,Augmented (+action buffer + delay values),"(0-40,0-40)",0,40,0,40,1121000,21,60480,0,0.5966188719449528,0.19960594843648402,82,-49.55592158762738,-49.51061879424378,0.6043405071661876,0.022651396691799164,0.006929796654731035,1.0
stochastic_0_40,"(0-40,0-40)",stochastic,augmented_action_delay,Augmented (+action buffer + delay values),"(0-40,0-40)",0,40,0,40,1121000,21,60480,1,0.5966188719449528,0.19960594843648402,86,-58.793171596713364,-57.81531266588718,0.6836415301943415,0.1629764884710312,0.011033338494598866,0.0
stochastic_0_40,"(0-40,0-40)",stochastic,augmented_action_delay,Augmented (+action buffer + delay values),"(0-40,0-40)",0,40,0,40,1121000,21,60480,2,0.5966188719449528,0.19960594843648402,85,-61.45908829011023,-61.16567103378475,0.7230480975307086,0.058683451265096664,0.02222740463912487,1.0
stochastic_0_40,"(0-40,0-40)",stochastic,augmented_action_delay,Augmented (+action buffer + delay values),"(0-40,0-40)",0,40,0,40,1121000,21,60480,3,0.5966188719449528,0.19960594843648402,91,-40.69968847557902,-39.67675778642297,0.4472493239074618,0.09299369901418686,0.031615108251571655,0.0
stochastic_0_40,"(0-40,0-40)",stochastic,augmented_action_delay,Augmented (+action buffer + delay values),"(0-40,0-40)",0,40,0,40,1121000,21,60480,4,0.5966188719449528,0.19960594843648402,90,-41.34510267339647,-41.138213312253356,0.4593900297044052,0.020688936114311218,0.011514129117131233,1.0
stochastic_0_40,"(0-40,0-40)",stochastic,augmented_action_delay,Augmented (+action buffer + delay values),"(0-40,0-40)",0,40,0,40,1121000,21,60480,5,0.5966188719449528,0.19960594843648402,86,-49.28019486181438,-48.84998601488769,0.5730255216490044,0.07170147448778152,0.02748817764222622,0.0
stochastic_0_40,"(0-40,0-40)",stochastic,augmented_action_delay,Augmented (+action buffer + delay values),"(0-40,0-40)",0,40,0,40,1121000,21,60480,6,0.5966188719449528,0.19960594843648402,88,-53.378996276296675,-53.328038276173174,0.606579503139735,0.006369750015437603,0.006369750015437603,1.0
stochastic_0_40,"(0-40,0-40)",stochastic,augmented_action_delay,Augmented (+action buffer + delay values),"(0-40,0-40)",0,40,0,40,1121000,21,60480,7,0.5966188719449528,0.19960594843648402,84,-54.50120262056589,-54.22302920371294,0.6488238407210225,0.06954335421323776,0.06954335421323776,0.0
stochastic_0_40,"(0-40,0-40)",stochastic,augmented_action_delay,Augmented (+action buffer + delay values),"(0-40,0-40)",0,40,0,40,1122000,22,63360,0,0.5966188719449528,0.19960594843648402,83,-42.399864526465535,-42.338005773723125,0.5108417412827173,0.020619584247469902,0.010366520844399929,1.0
stochastic_0_40,"(0-40,0-40)",stochastic,augmented_action_delay,Augmented (+action buffer + delay values),"(0-40,0-40)",0,40,0,40,1122000,22,63360,1,0.5966188719449528,0.19960594843648402,83,-68.1194072868675,-68.05581653118134,0.8207157504441868,0.021196918562054634,0.021196918562054634,1.0
stochastic_0_40,"(0-40,0-40)",stochastic,augmented_action_delay,Augmented (+action buffer + delay values),"(0-40,0-40)",0,40,0,40,1122000,22,63360,2,0.5966188719449528,0.19960594843648402,88,-45.113766226917505,-44.94721381738782,0.5126564343967899,0.020819051191210747,0.020819051191210747,1.0
stochastic_0_40,"(0-40,0-40)",stochastic,augmented_action_delay,Augmented (+action buffer + delay values),"(0-40,0-40)",0,40,0,40,1122000,22,63360,3,0.5966188719449528,0.19960594843648402,87,-44.62285913992673,-44.122567367739975,0.5129064268957095,0.07147025316953659,0.009901253506541252,0.0
stochastic_0_40,"(0-40,0-40)",stochastic,augmented_action_delay,Augmented (+action buffer + delay values),"(0-40,0-40)",0,40,0,40,1122000,22,63360,4,0.5966188719449528,0.19960594843648402,89,-38.761902356520295,-38.5715059004724,0.43552699276989093,0.021155161783099174,0.011606228537857533,1.0
stochastic_0_40,"(0-40,0-40)",stochastic,augmented_action_delay,Augmented (+action buffer + delay values),"(0-40,0-40)",0,40,0,40,1122000,22,63360,5,0.5966188719449528,0.19960594843648402,93,-49.24935671966523,-48.83895356487483,0.5295629754802713,0.0315694734454155,0.014402571134269238,1.0
stochastic_0_40,"(0-40,0-40)",stochastic,augmented_action_delay,Augmented (+action buffer + delay values),"(0-40,0-40)",0,40,0,40,1122000,22,63360,6,0.5966188719449528,0.19960594843648402,85,-31.793936799513176,-31.788611172814853,0.37404631528839033,0.0010651253396645188,0.0010651253396645188,1.0
stochastic_0_40,"(0-40,0-40)",stochastic,augmented_action_delay,Augmented (+action buffer + delay values),"(0-40,0-40)",0,40,0,40,1122000,22,63360,7,0.5966188719449528,0.19960594843648402,91,-63.90021609701216,-63.39527230896056,0.7022001768902435,0.04590398073196411,0.017817215994000435,1.0
stochastic_0_40,"(0-40,0-40)",stochastic,augmented_action_delay,Augmented (+action buffer + delay values),"(0-40,0-40)",0,40,0,40,1123000,23,66240,0,0.5966188719449528,0.19960594843648402,88,-37.41008064337075,-37.19218675978482,0.4251145527655767,0.027236735448241234,0.027236735448241234,1.0
stochastic_0_40,"(0-40,0-40)",stochastic,augmented_action_delay,Augmented (+action buffer + delay values),"(0-40,0-40)",0,40,0,40,1123000,23,66240,1,0.5966188719449528,0.19960594843648402,82,-36.584323072806,-36.488050596788526,0.4461502813756829,0.048136238008737564,0.025803817436099052,1.0
stochastic_0_40,"(0-40,0-40)",stochastic,augmented_action_delay,Augmented (+action buffer + delay values),"(0-40,0-40)",0,40,0,40,1123000,23,66240,2,0.5966188719449528,0.19960594843648402,87,-42.42743054777384,-42.24827801249921,0.48767161549165333,0.025593219324946404,0.025593219324946404,1.0
stochastic_0_40,"(0-40,0-40)",stochastic,augmented_action_delay,Augmented (+action buffer + delay values),"(0-40,0-40)",0,40,0,40,1123000,23,66240,3,0.5966188719449528,0.19960594843648402,86,-51.0968475881964,-50.39726855792105,0.5941493905604233,0.11659650504589081,0.02101375348865986,0.0
stochastic_0_40,"(0-40,0-40)",stochastic,augmented_action_delay,Augmented (+action buffer + delay values),"(0-40,0-40)",0,40,0,40,1123000,23,66240,4,0.5966188719449528,0.19960594843648402,85,-43.74941686540842,-43.40402575582266,0.5146990219459814,0.0690782219171524,0.01422976702451706,0.0
stochastic_0_40,"(0-40,0-40)",stochastic,augmented_action_delay,Augmented (+action buffer + delay values),"(0-40,0-40)",0,40,0,40,1123000,23,66240,5,0.5966188719449528,0.19960594843648402,86,-76.77157435938716,-76.41765142604709,0.892692725109153,0.05898715555667877,0.032109424471855164,1.0
stochastic_0_40,"(0-40,0-40)",stochastic,augmented_action_delay,Augmented (+action buffer + delay values),"(0-40,0-40)",0,40,0,40,1123000,23,66240,6,0.5966188719449528,0.19960594843648402,82,-49.239726357162,-49.03271444886923,0.6004844677702683,0.10350595414638519,0.02536684460937977,0.0
stochastic_0_40,"(0-40,0-40)",stochastic,augmented_action_delay,Augmented (+action buffer + delay values),"(0-40,0-40)",0,40,0,40,1123000,23,66240,7,0.5966188719449528,0.19960594843648402,98,-50.58278171252459,-50.405927394516766,0.5161508338012714,0.009825239889323711,0.007296161726117134,1.0
stochastic_0_40,"(0-40,0-40)",stochastic,augmented_action_delay,Augmented (+action buffer + delay values),"(0-40,0-40)",0,40,0,40,1124000,24,69120,0,0.5966188719449528,0.19960594843648402,87,-49.25981338694692,-48.45221735164523,0.5662047515741024,0.11537086218595505,0.007067250087857246,0.0
stochastic_0_40,"(0-40,0-40)",stochastic,augmented_action_delay,Augmented (+action buffer + delay values),"(0-40,0-40)",0,40,0,40,1124000,24,69120,1,0.5966188719449528,0.19960594843648402,86,-69.88092386350036,-69.42026161774993,0.812568882133725,0.07677704095840454,0.03723349794745445,0.0
stochastic_0_40,"(0-40,0-40)",stochastic,augmented_action_delay,Augmented (+action buffer + delay values),"(0-40,0-40)",0,40,0,40,1124000,24,69120,2,0.5966188719449528,0.19960594843648402,82,-46.03114929422736,-45.89645489677787,0.5613554791978946,0.0673471987247467,0.03848868981003761,0.0
stochastic_0_40,"(0-40,0-40)",stochastic,augmented_action_delay,Augmented (+action buffer + delay values),"(0-40,0-40)",0,40,0,40,1124000,24,69120,3,0.5966188719449528,0.19960594843648402,90,-51.56782413460314,-51.22986099310219,0.5729758237178127,0.033796314150094986,0.018206557258963585,1.0
stochastic_0_40,"(0-40,0-40)",stochastic,augmented_action_delay,Augmented (+action buffer + delay values),"(0-40,0-40)",0,40,0,40,1124000,24,69120,4,0.5966188719449528,0.19960594843648402,88,-56.21720007248223,-55.64602115936577,0.6388318190054799,0.07139736413955688,0.023778431117534637,0.0
stochastic_0_40,"(0-40,0-40)",stochastic,augmented_action_delay,Augmented (+action buffer + delay values),"(0-40,0-40)",0,40,0,40,1124000,24,69120,5,0.5966188719449528,0.19960594843648402,97,-46.59402391128242,-46.07817644812167,0.48035076197198373,0.03034396842122078,0.02517067827284336,1.0
stochastic_0_40,"(0-40,0-40)",stochastic,augmented_action_delay,Augmented (+action buffer + delay values),"(0-40,0-40)",0,40,0,40,1124000,24,69120,6,0.5966188719449528,0.19960594843648402,87,-39.149910017848015,-38.310058414936066,0.44999896572239095,0.11997880041599274,0.006476076785475016,0.0
stochastic_0_40,"(0-40,0-40)",stochastic,augmented_action_delay,Augmented (+action buffer + delay values),"(0-40,0-40)",0,40,0,40,1124000,24,69120,7,0.5966188719449528,0.19960594843648402,83,-36.547009866219014,-36.47343580564484,0.44032542007492786,0.024524686858057976,0.005125956144183874,1.0
