condition_id,condition_label,delay_family,variant,variant_label,delay_label,act_min,act_max,obs_min,obs_max,seed,iteration,train_steps,episode,kp,correction_scale,episode_steps,true_return,delayed_return,mean_distance,final_distance,min_distance,success
stochastic_0_0,"(0-0,0-0)",stochastic,augmented_action_delay,Augmented (+action buffer + delay values),"(0,0)",0,0,0,0,900000,0,0,0,0.7592573860315994,0.2384058440442351,80,-36.15355084137991,-36.15355084137991,0.45191938551724886,0.004994887392967939,0.004994887392967939,1.0
stochastic_0_0,"(0-0,0-0)",stochastic,augmented_action_delay,Augmented (+action buffer + delay values),"(0,0)",0,0,0,0,900000,0,0,1,0.7592573860315994,0.2384058440442351,80,-33.38231652230024,-33.38231652230024,0.417278956528753,0.012511222623288631,0.012511222623288631,1.0
stochastic_0_0,"(0-0,0-0)",stochastic,augmented_action_delay,Augmented (+action buffer + delay values),"(0,0)",0,0,0,0,900000,0,0,2,0.7592573860315994,0.2384058440442351,80,-36.06155969854444,-36.06155969854444,0.4507694962318055,0.02147352695465088,0.013196563348174095,1.0
stochastic_0_0,"(0-0,0-0)",stochastic,augmented_action_delay,Augmented (+action buffer + delay values),"(0,0)",0,0,0,0,900000,0,0,3,0.7592573860315994,0.2384058440442351,80,-32.49001277144998,-32.49001277144998,0.4061251596431248,0.002575111109763384,0.002575111109763384,1.0
stochastic_0_0,"(0-0,0-0)",stochastic,augmented_action_delay,Augmented (+action buffer + delay values),"(0,0)",0,0,0,0,900000,0,0,4,0.7592573860315994,0.2384058440442351,80,-28.535139459185302,-28.535139459185302,0.35668924323981627,0.017040982842445374,0.011022830381989479,1.0
stochastic_0_0,"(0-0,0-0)",stochastic,augmented_action_delay,Augmented (+action buffer + delay values),"(0,0)",0,0,0,0,900000,0,0,5,0.7592573860315994,0.2384058440442351,80,-31.862686849664897,-31.862686849664897,0.39828358562081123,0.018762925639748573,0.005888683255761862,1.0
stochastic_0_0,"(0-0,0-0)",stochastic,augmented_action_delay,Augmented (+action buffer + delay values),"(0,0)",0,0,0,0,900000,0,0,6,0.7592573860315994,0.2384058440442351,80,-30.681514654308558,-30.681514654308558,0.383518933178857,0.020704859867691994,0.004008616786450148,1.0
stochastic_0_0,"(0-0,0-0)",stochastic,augmented_action_delay,Augmented (+action buffer + delay values),"(0,0)",0,0,0,0,900000,0,0,7,0.7592573860315994,0.2384058440442351,80,-35.107249496504664,-35.107249496504664,0.4388406187063083,0.024047790095210075,0.018330814316868782,1.0
stochastic_0_0,"(0-0,0-0)",stochastic,augmented_action_delay,Augmented (+action buffer + delay values),"(0,0)",0,0,0,0,901000,1,2880,0,2.5750878881074355,0.6334797682779069,80,-21.66409860807471,-21.66409860807471,0.27080123260093386,0.015314037911593914,0.0028632439207285643,1.0
stochastic_0_0,"(0-0,0-0)",stochastic,augmented_action_delay,Augmented (+action buffer + delay values),"(0,0)",0,0,0,0,901000,1,2880,1,2.5750878881074355,0.6334797682779069,80,-20.13060191576369,-20.13060191576369,0.25163252394704616,0.02334023267030716,0.0017183248419314623,1.0
stochastic_0_0,"(0-0,0-0)",stochastic,augmented_action_delay,Augmented (+action buffer + delay values),"(0,0)",0,0,0,0,901000,1,2880,2,2.5750878881074355,0.6334797682779069,80,-19.43537834053859,-19.43537834053859,0.2429422292567324,0.005919566843658686,0.003644076641649008,1.0
stochastic_0_0,"(0-0,0-0)",stochastic,augmented_action_delay,Augmented (+action buffer + delay values),"(0,0)",0,0,0,0,901000,1,2880,3,2.5750878881074355,0.6334797682779069,80,-22.655662899720483,-22.655662899720483,0.28319578624650604,0.010742615908384323,0.0011045588180422783,1.0
stochastic_0_0,"(0-0,0-0)",stochastic,augmented_action_delay,Augmented (+action buffer + delay values),"(0,0)",0,0,0,0,901000,1,2880,4,2.5750878881074355,0.6334797682779069,80,-27.309351672418416,-27.309351672418416,0.34136689590523017,0.010704493150115013,0.0007052458822727203,1.0
stochastic_0_0,"(0-0,0-0)",stochastic,augmented_action_delay,Augmented (+action buffer + delay values),"(0,0)",0,0,0,0,901000,1,2880,5,2.5750878881074355,0.6334797682779069,80,-19.01357175956946,-19.01357175956946,0.23766964699461823,0.015825169160962105,0.0010165214771404862,1.0
stochastic_0_0,"(0-0,0-0)",stochastic,augmented_action_delay,Augmented (+action buffer + delay values),"(0,0)",0,0,0,0,901000,1,2880,6,2.5750878881074355,0.6334797682779069,80,-28.275539193477016,-28.275539193477016,0.3534442399184627,0.013124867342412472,0.0005942832794971764,1.0
stochastic_0_0,"(0-0,0-0)",stochastic,augmented_action_delay,Augmented (+action buffer + delay values),"(0,0)",0,0,0,0,901000,1,2880,7,2.5750878881074355,0.6334797682779069,80,-21.588502713828348,-21.588502713828348,0.2698562839228543,0.0035777748562395573,0.001910309656523168,1.0
stochastic_0_0,"(0-0,0-0)",stochastic,augmented_action_delay,Augmented (+action buffer + delay values),"(0,0)",0,0,0,0,902000,2,5760,0,1.7133920352483294,0.328123851679704,80,-24.481751656276174,-24.481751656276174,0.3060218957034522,0.014911758713424206,0.001726651913486421,1.0
stochastic_0_0,"(0-0,0-0)",stochastic,augmented_action_delay,Augmented (+action buffer + delay values),"(0,0)",0,0,0,0,902000,2,5760,1,1.7133920352483294,0.328123851679704,80,-22.565080986358225,-22.565080986358225,0.2820635123294778,0.025807637721300125,0.002527170581743121,1.0
stochastic_0_0,"(0-0,0-0)",stochastic,augmented_action_delay,Augmented (+action buffer + delay values),"(0,0)",0,0,0,0,902000,2,5760,2,1.7133920352483294,0.328123851679704,80,-24.536033890442923,-24.536033890442923,0.3067004236305365,0.0023839683271944523,0.0023839683271944523,1.0
stochastic_0_0,"(0-0,0-0)",stochastic,augmented_action_delay,Augmented (+action buffer + delay values),"(0,0)",0,0,0,0,902000,2,5760,3,1.7133920352483294,0.328123851679704,80,-23.518293120898306,-23.518293120898306,0.29397866401122885,0.004684289451688528,0.004684289451688528,1.0
stochastic_0_0,"(0-0,0-0)",stochastic,augmented_action_delay,Augmented (+action buffer + delay values),"(0,0)",0,0,0,0,902000,2,5760,4,1.7133920352483294,0.328123851679704,80,-22.713844067649916,-22.713844067649916,0.28392305084562397,0.0027154115960001945,0.0025344439782202244,1.0
stochastic_0_0,"(0-0,0-0)",stochastic,augmented_action_delay,Augmented (+action buffer + delay values),"(0,0)",0,0,0,0,902000,2,5760,5,1.7133920352483294,0.328123851679704,80,-24.43876509880647,-24.43876509880647,0.30548456373508087,0.006642877124249935,0.0013616187497973442,1.0
stochastic_0_0,"(0-0,0-0)",stochastic,augmented_action_delay,Augmented (+action buffer + delay values),"(0,0)",0,0,0,0,902000,2,5760,6,1.7133920352483294,0.328123851679704,80,-22.08468247950077,-22.08468247950077,0.27605853099375965,0.013250897638499737,0.00391205633059144,1.0
stochastic_0_0,"(0-0,0-0)",stochastic,augmented_action_delay,Augmented (+action buffer + delay values),"(0,0)",0,0,0,0,902000,2,5760,7,1.7133920352483294,0.328123851679704,80,-20.689399193273857,-20.689399193273857,0.2586174899159232,0.014899100176990032,0.0009447121992707253,1.0
stochastic_0_0,"(0-0,0-0)",stochastic,augmented_action_delay,Augmented (+action buffer + delay values),"(0,0)",0,0,0,0,903000,3,8640,0,1.7133920352483294,0.328123851679704,80,-21.655057357624173,-21.655057357624173,0.27068821697030215,0.005481325555592775,0.005481325555592775,1.0
stochastic_0_0,"(0-0,0-0)",stochastic,augmented_action_delay,Augmented (+action buffer + delay values),"(0,0)",0,0,0,0,903000,3,8640,1,1.7133920352483294,0.328123851679704,80,-24.016358675668016,-24.016358675668016,0.3002044834458502,0.019869523122906685,0.0026668079663068056,1.0
stochastic_0_0,"(0-0,0-0)",stochastic,augmented_action_delay,Augmented (+action buffer + delay values),"(0,0)",0,0,0,0,903000,3,8640,2,1.7133920352483294,0.328123851679704,80,-19.03780888125766,-19.03780888125766,0.23797261101572076,0.004800922237336636,0.0010968666756525636,1.0
stochastic_0_0,"(0-0,0-0)",stochastic,augmented_action_delay,Augmented (+action buffer + delay values),"(0,0)",0,0,0,0,903000,3,8640,3,1.7133920352483294,0.328123851679704,80,-24.39490968035534,-24.39490968035534,0.30493637100444176,0.012019672431051731,0.002567454008385539,1.0
stochastic_0_0,"(0-0,0-0)",stochastic,augmented_action_delay,Augmented (+action buffer + delay values),"(0,0)",0,0,0,0,903000,3,8640,4,1.7133920352483294,0.328123851679704,80,-23.293451111065224,-23.293451111065224,0.2911681388883153,0.019725251942873,0.0036195104476064444,1.0
stochastic_0_0,"(0-0,0-0)",stochastic,augmented_action_delay,Augmented (+action buffer + delay values),"(0,0)",0,0,0,0,903000,3,8640,5,1.7133920352483294,0.328123851679704,80,-22.35439500422217,-22.35439500422217,0.2794299375527771,0.006147261708974838,0.003092630300670862,1.0
stochastic_0_0,"(0-0,0-0)",stochastic,augmented_action_delay,Augmented (+action buffer + delay values),"(0,0)",0,0,0,0,903000,3,8640,6,1.7133920352483294,0.328123851679704,80,-27.660786862950772,-27.660786862950772,0.34575983578688463,0.00535620329901576,0.0016849974635988474,1.0
stochastic_0_0,"(0-0,0-0)",stochastic,augmented_action_delay,Augmented (+action buffer + delay values),"(0,0)",0,0,0,0,903000,3,8640,7,1.7133920352483294,0.328123851679704,80,-24.340580131160095,-24.340580131160095,0.3042572516395012,0.024584956467151642,0.0032088421285152435,1.0
stochastic_0_0,"(0-0,0-0)",stochastic,augmented_action_delay,Augmented (+action buffer + delay values),"(0,0)",0,0,0,0,904000,4,11520,0,3.101149672037368,0.6738325251591603,80,-23.379603419743944,-23.379603419743944,0.2922450427467993,0.0029902863316237926,0.0006504546036012471,1.0
stochastic_0_0,"(0-0,0-0)",stochastic,augmented_action_delay,Augmented (+action buffer + delay values),"(0,0)",0,0,0,0,904000,4,11520,1,3.101149672037368,0.6738325251591603,80,-25.589012179523706,-25.589012179523706,0.3198626522440463,0.009520433843135834,0.0016443661879748106,1.0
stochastic_0_0,"(0-0,0-0)",stochastic,augmented_action_delay,Augmented (+action buffer + delay values),"(0,0)",0,0,0,0,904000,4,11520,2,3.101149672037368,0.6738325251591603,80,-24.592739166444517,-24.592739166444517,0.30740923958055644,0.009084667079150677,0.0002020506508415565,1.0
stochastic_0_0,"(0-0,0-0)",stochastic,augmented_action_delay,Augmented (+action buffer + delay values),"(0,0)",0,0,0,0,904000,4,11520,3,3.101149672037368,0.6738325251591603,80,-27.045393529813737,-27.045393529813737,0.3380674191226717,0.005578234791755676,0.0039638192392885685,1.0
stochastic_0_0,"(0-0,0-0)",stochastic,augmented_action_delay,Augmented (+action buffer + delay values),"(0,0)",0,0,0,0,904000,4,11520,4,3.101149672037368,0.6738325251591603,80,-19.882047536812024,-19.882047536812024,0.2485255942101503,0.01239053625613451,0.00046724421554245055,1.0
stochastic_0_0,"(0-0,0-0)",stochastic,augmented_action_delay,Augmented (+action buffer + delay values),"(0,0)",0,0,0,0,904000,4,11520,5,3.101149672037368,0.6738325251591603,80,-20.14849997696001,-20.14849997696001,0.25185624971200016,0.0020438004285097122,0.001440004212781787,1.0
stochastic_0_0,"(0-0,0-0)",stochastic,augmented_action_delay,Augmented (+action buffer + delay values),"(0,0)",0,0,0,0,904000,4,11520,6,3.101149672037368,0.6738325251591603,80,-25.908032320032362,-25.908032320032362,0.32385040400040455,0.013202905654907227,0.0008441461832262576,1.0
stochastic_0_0,"(0-0,0-0)",stochastic,augmented_action_delay,Augmented (+action buffer + delay values),"(0,0)",0,0,0,0,904000,4,11520,7,3.101149672037368,0.6738325251591603,80,-20.32718490588013,-20.32718490588013,0.2540898113235016,0.006214097607880831,0.00102415366563946,1.0
stochastic_0_0,"(0-0,0-0)",stochastic,augmented_action_delay,Augmented (+action buffer + delay values),"(0,0)",0,0,0,0,905000,5,14400,0,3.101149672037368,0.6738325251591603,80,-24.805453993962146,-24.805453993962146,0.3100681749245268,0.01826479844748974,0.0011431357124820352,1.0
stochastic_0_0,"(0-0,0-0)",stochastic,augmented_action_delay,Augmented (+action buffer + delay values),"(0,0)",0,0,0,0,905000,5,14400,1,3.101149672037368,0.6738325251591603,80,-20.56920341681689,-20.56920341681689,0.25711504271021113,0.002926754532381892,0.001961595844477415,1.0
stochastic_0_0,"(0-0,0-0)",stochastic,augmented_action_delay,Augmented (+action buffer + delay values),"(0,0)",0,0,0,0,905000,5,14400,2,3.101149672037368,0.6738325251591603,80,-20.71905677043833,-20.71905677043833,0.2589882096304791,0.0013846568763256073,0.0013846568763256073,1.0
stochastic_0_0,"(0-0,0-0)",stochastic,augmented_action_delay,Augmented (+action buffer + delay values),"(0,0)",0,0,0,0,905000,5,14400,3,3.101149672037368,0.6738325251591603,80,-23.018509488436393,-23.018509488436393,0.2877313686054549,0.0074695018120110035,0.0012500743614509702,1.0
stochastic_0_0,"(0-0,0-0)",stochastic,augmented_action_delay,Augmented (+action buffer + delay values),"(0,0)",0,0,0,0,905000,5,14400,4,3.101149672037368,0.6738325251591603,80,-19.298001372022554,-19.298001372022554,0.24122501715028194,0.006093293894082308,0.0006998006720095873,1.0
stochastic_0_0,"(0-0,0-0)",stochastic,augmented_action_delay,Augmented (+action buffer + delay values),"(0,0)",0,0,0,0,905000,5,14400,5,3.101149672037368,0.6738325251591603,80,-21.82496277219616,-21.82496277219616,0.27281203465245196,0.0064229597337543964,0.0012705817352980375,1.0
stochastic_0_0,"(0-0,0-0)",stochastic,augmented_action_delay,Augmented (+action buffer + delay values),"(0,0)",0,0,0,0,905000,5,14400,6,3.101149672037368,0.6738325251591603,80,-24.299176825094037,-24.299176825094037,0.30373971031367547,0.016901420429348946,0.0009518931619822979,1.0
stochastic_0_0,"(0-0,0-0)",stochastic,augmented_action_delay,Augmented (+action buffer + delay values),"(0,0)",0,0,0,0,905000,5,14400,7,3.101149672037368,0.6738325251591603,80,-24.520546091138385,-24.520546091138385,0.3065068261392298,0.016269974410533905,0.0011485012946650386,1.0
stochastic_0_0,"(0-0,0-0)",stochastic,augmented_action_delay,Augmented (+action buffer + delay values),"(0,0)",0,0,0,0,906000,6,17280,0,3.101149672037368,0.6738325251591603,80,-21.51798703876557,-21.51798703876557,0.2689748379845696,0.017386214807629585,0.0008503888384439051,1.0
stochastic_0_0,"(0-0,0-0)",stochastic,augmented_action_delay,Augmented (+action buffer + delay values),"(0,0)",0,0,0,0,906000,6,17280,1,3.101149672037368,0.6738325251591603,80,-20.48571205904591,-20.48571205904591,0.2560714007380739,0.006602536421269178,0.0003935144923161715,1.0
stochastic_0_0,"(0-0,0-0)",stochastic,augmented_action_delay,Augmented (+action buffer + delay values),"(0,0)",0,0,0,0,906000,6,17280,2,3.101149672037368,0.6738325251591603,80,-24.185789136681706,-24.185789136681706,0.3023223642085213,0.01561756245791912,0.0013807653449475765,1.0
stochastic_0_0,"(0-0,0-0)",stochastic,augmented_action_delay,Augmented (+action buffer + delay values),"(0,0)",0,0,0,0,906000,6,17280,3,3.101149672037368,0.6738325251591603,80,-23.59565919463057,-23.59565919463057,0.29494573993288214,0.0056929681450128555,0.0017341397469863296,1.0
stochastic_0_0,"(0-0,0-0)",stochastic,augmented_action_delay,Augmented (+action buffer + delay values),"(0,0)",0,0,0,0,906000,6,17280,4,3.101149672037368,0.6738325251591603,80,-18.14744980679825,-18.14744980679825,0.22684312258497813,0.01265246793627739,0.0026995304506272078,1.0
stochastic_0_0,"(0-0,0-0)",stochastic,augmented_action_delay,Augmented (+action buffer + delay values),"(0,0)",0,0,0,0,906000,6,17280,5,3.101149672037368,0.6738325251591603,80,-21.658191857161,-21.658191857161,0.2707273982145125,0.01334470696747303,0.0021473446395248175,1.0
stochastic_0_0,"(0-0,0-0)",stochastic,augmented_action_delay,Augmented (+action buffer + delay values),"(0,0)",0,0,0,0,906000,6,17280,6,3.101149672037368,0.6738325251591603,80,-18.731331072980538,-18.731331072980538,0.23414163841225671,0.00825602374970913,0.0020009493455290794,1.0
stochastic_0_0,"(0-0,0-0)",stochastic,augmented_action_delay,Augmented (+action buffer + delay values),"(0,0)",0,0,0,0,906000,6,17280,7,3.101149672037368,0.6738325251591603,80,-20.536009401024785,-20.536009401024785,0.2567001175128098,0.010378082282841206,0.0004290190408937633,1.0
stochastic_0_0,"(0-0,0-0)",stochastic,augmented_action_delay,Augmented (+action buffer + delay values),"(0,0)",0,0,0,0,907000,7,20160,0,3.101149672037368,0.6738325251591603,80,-22.010722454986535,-22.010722454986535,0.27513403068733167,0.015171059407293797,0.0006756341317668557,1.0
stochastic_0_0,"(0-0,0-0)",stochastic,augmented_action_delay,Augmented (+action buffer + delay values),"(0,0)",0,0,0,0,907000,7,20160,1,3.101149672037368,0.6738325251591603,80,-20.22465946781449,-20.22465946781449,0.25280824334768115,0.00916038267314434,0.0020663754548877478,1.0
stochastic_0_0,"(0-0,0-0)",stochastic,augmented_action_delay,Augmented (+action buffer + delay values),"(0,0)",0,0,0,0,907000,7,20160,2,3.101149672037368,0.6738325251591603,80,-20.82182147935964,-20.82182147935964,0.26027276849199554,0.005432912148535252,0.002130467677488923,1.0
stochastic_0_0,"(0-0,0-0)",stochastic,augmented_action_delay,Augmented (+action buffer + delay values),"(0,0)",0,0,0,0,907000,7,20160,3,3.101149672037368,0.6738325251591603,80,-21.333456617372576,-21.333456617372576,0.2666682077171572,0.01004704087972641,0.0008906042785383761,1.0
stochastic_0_0,"(0-0,0-0)",stochastic,augmented_action_delay,Augmented (+action buffer + delay values),"(0,0)",0,0,0,0,907000,7,20160,4,3.101149672037368,0.6738325251591603,80,-21.268626366741955,-21.268626366741955,0.26585782958427445,0.018416237086057663,0.0013720636488869786,1.0
stochastic_0_0,"(0-0,0-0)",stochastic,augmented_action_delay,Augmented (+action buffer + delay values),"(0,0)",0,0,0,0,907000,7,20160,5,3.101149672037368,0.6738325251591603,80,-22.364266648422927,-22.364266648422927,0.27955333310528657,0.028164399787783623,0.0025102284271270037,1.0
stochastic_0_0,"(0-0,0-0)",stochastic,augmented_action_delay,Augmented (+action buffer + delay values),"(0,0)",0,0,0,0,907000,7,20160,6,3.101149672037368,0.6738325251591603,80,-24.230162809195463,-24.230162809195463,0.3028770351149433,0.006069272756576538,0.0007619645330123603,1.0
stochastic_0_0,"(0-0,0-0)",stochastic,augmented_action_delay,Augmented (+action buffer + delay values),"(0,0)",0,0,0,0,907000,7,20160,7,3.101149672037368,0.6738325251591603,80,-26.60567799746059,-26.60567799746059,0.3325709749682574,0.007351159118115902,0.0025901030749082565,1.0
stochastic_0_0,"(0-0,0-0)",stochastic,augmented_action_delay,Augmented (+action buffer + delay values),"(0,0)",0,0,0,0,908000,8,23040,0,3.101149672037368,0.6738325251591603,80,-25.977849525166675,-25.977849525166675,0.32472311906458345,0.01275260653346777,0.0009031756781041622,1.0
stochastic_0_0,"(0-0,0-0)",stochastic,augmented_action_delay,Augmented (+action buffer + delay values),"(0,0)",0,0,0,0,908000,8,23040,1,3.101149672037368,0.6738325251591603,80,-21.293712068116292,-21.293712068116292,0.26617140085145363,0.01186572015285492,0.0033771104644984007,1.0
stochastic_0_0,"(0-0,0-0)",stochastic,augmented_action_delay,Augmented (+action buffer + delay values),"(0,0)",0,0,0,0,908000,8,23040,2,3.101149672037368,0.6738325251591603,80,-17.40669916034676,-17.40669916034676,0.21758373950433452,0.013739592395722866,0.0018395959632471204,1.0
stochastic_0_0,"(0-0,0-0)",stochastic,augmented_action_delay,Augmented (+action buffer + delay values),"(0,0)",0,0,0,0,908000,8,23040,3,3.101149672037368,0.6738325251591603,80,-20.490227868314832,-20.490227868314832,0.25612784835393543,0.0012962138280272484,0.0012962138280272484,1.0
stochastic_0_0,"(0-0,0-0)",stochastic,augmented_action_delay,Augmented (+action buffer + delay values),"(0,0)",0,0,0,0,908000,8,23040,4,3.101149672037368,0.6738325251591603,80,-22.684387863846496,-22.684387863846496,0.2835548482980812,0.004608224146068096,0.002285824855789542,1.0
stochastic_0_0,"(0-0,0-0)",stochastic,augmented_action_delay,Augmented (+action buffer + delay values),"(0,0)",0,0,0,0,908000,8,23040,5,3.101149672037368,0.6738325251591603,80,-25.419033188954927,-25.419033188954927,0.3177379148619366,0.0221233032643795,0.001370187266729772,1.0
stochastic_0_0,"(0-0,0-0)",stochastic,augmented_action_delay,Augmented (+action buffer + delay values),"(0,0)",0,0,0,0,908000,8,23040,6,3.101149672037368,0.6738325251591603,80,-24.791574345435947,-24.791574345435947,0.30989467931794934,0.0081806480884552,0.0027197564486414194,1.0
stochastic_0_0,"(0-0,0-0)",stochastic,augmented_action_delay,Augmented (+action buffer + delay values),"(0,0)",0,0,0,0,908000,8,23040,7,3.101149672037368,0.6738325251591603,80,-25.831999575311784,-25.831999575311784,0.3228999946913973,0.015943346545100212,0.0006175273447297513,1.0
stochastic_0_0,"(0-0,0-0)",stochastic,augmented_action_delay,Augmented (+action buffer + delay values),"(0,0)",0,0,0,0,909000,9,25920,0,3.101149672037368,0.6738325251591603,80,-20.35782920802012,-20.35782920802012,0.2544728651002515,0.01228039339184761,0.0010298670968040824,1.0
stochastic_0_0,"(0-0,0-0)",stochastic,augmented_action_delay,Augmented (+action buffer + delay values),"(0,0)",0,0,0,0,909000,9,25920,1,3.101149672037368,0.6738325251591603,80,-20.23695176653564,-20.23695176653564,0.2529618970816955,0.013142182491719723,0.0011119234841316938,1.0
stochastic_0_0,"(0-0,0-0)",stochastic,augmented_action_delay,Augmented (+action buffer + delay values),"(0,0)",0,0,0,0,909000,9,25920,2,3.101149672037368,0.6738325251591603,80,-25.090303876088,-25.090303876088,0.31362879845110003,0.0026651916559785604,0.0016719837440177798,1.0
stochastic_0_0,"(0-0,0-0)",stochastic,augmented_action_delay,Augmented (+action buffer + delay values),"(0,0)",0,0,0,0,909000,9,25920,3,3.101149672037368,0.6738325251591603,80,-22.211123780580238,-22.211123780580238,0.27763904725725297,0.0077796317636966705,0.0010765629122033715,1.0
stochastic_0_0,"(0-0,0-0)",stochastic,augmented_action_delay,Augmented (+action buffer + delay values),"(0,0)",0,0,0,0,909000,9,25920,4,3.101149672037368,0.6738325251591603,80,-23.318235586979426,-23.318235586979426,0.2914779448372428,0.011562309227883816,0.0006310363532975316,1.0
stochastic_0_0,"(0-0,0-0)",stochastic,augmented_action_delay,Augmented (+action buffer + delay values),"(0,0)",0,0,0,0,909000,9,25920,5,3.101149672037368,0.6738325251591603,80,-22.82965406170115,-22.82965406170115,0.28537067577126435,0.007014896720647812,0.0021402037236839533,1.0
stochastic_0_0,"(0-0,0-0)",stochastic,augmented_action_delay,Augmented (+action buffer + delay values),"(0,0)",0,0,0,0,909000,9,25920,6,3.101149672037368,0.6738325251591603,80,-22.1471591378795,-22.1471591378795,0.2768394892234937,0.0035814756993204355,0.0016326342010870576,1.0
stochastic_0_0,"(0-0,0-0)",stochastic,augmented_action_delay,Augmented (+action buffer + delay values),"(0,0)",0,0,0,0,909000,9,25920,7,3.101149672037368,0.6738325251591603,80,-17.82288229756523,-17.82288229756523,0.22278602871956538,0.021619465202093124,0.0013016232987865806,1.0
stochastic_0_0,"(0-0,0-0)",stochastic,augmented_action_delay,Augmented (+action buffer + delay values),"(0,0)",0,0,0,0,910000,10,28800,0,3.101149672037368,0.6738325251591603,80,-19.923208843450993,-19.923208843450993,0.2490401105431374,0.0054688649252057076,0.003189796581864357,1.0
stochastic_0_0,"(0-0,0-0)",stochastic,augmented_action_delay,Augmented (+action buffer + delay values),"(0,0)",0,0,0,0,910000,10,28800,1,3.101149672037368,0.6738325251591603,80,-20.989153235947015,-20.989153235947015,0.2623644154493377,0.02070772461593151,0.000260341475950554,1.0
stochastic_0_0,"(0-0,0-0)",stochastic,augmented_action_delay,Augmented (+action buffer + delay values),"(0,0)",0,0,0,0,910000,10,28800,2,3.101149672037368,0.6738325251591603,80,-22.116143305087462,-22.116143305087462,0.27645179131359326,0.013041013851761818,0.002272046869620681,1.0
stochastic_0_0,"(0-0,0-0)",stochastic,augmented_action_delay,Augmented (+action buffer + delay values),"(0,0)",0,0,0,0,910000,10,28800,3,3.101149672037368,0.6738325251591603,80,-23.633211174979806,-23.633211174979806,0.2954151396872476,0.011012320406734943,0.0012191205751150846,1.0
stochastic_0_0,"(0-0,0-0)",stochastic,augmented_action_delay,Augmented (+action buffer + delay values),"(0,0)",0,0,0,0,910000,10,28800,4,3.101149672037368,0.6738325251591603,80,-21.983233245147858,-21.983233245147858,0.27479041556434824,0.0014990369090810418,0.0006876098341308534,1.0
stochastic_0_0,"(0-0,0-0)",stochastic,augmented_action_delay,Augmented (+action buffer + delay values),"(0,0)",0,0,0,0,910000,10,28800,5,3.101149672037368,0.6738325251591603,80,-25.830749064683914,-25.830749064683914,0.3228843633085489,0.00757140526548028,0.0028783194720745087,1.0
stochastic_0_0,"(0-0,0-0)",stochastic,augmented_action_delay,Augmented (+action buffer + delay values),"(0,0)",0,0,0,0,910000,10,28800,6,3.101149672037368,0.6738325251591603,80,-20.947777443332598,-20.947777443332598,0.26184721804165745,0.007396708242595196,0.0016292417421936989,1.0
stochastic_0_0,"(0-0,0-0)",stochastic,augmented_action_delay,Augmented (+action buffer + delay values),"(0,0)",0,0,0,0,910000,10,28800,7,3.101149672037368,0.6738325251591603,80,-22.126708887168206,-22.126708887168206,0.2765838610896026,0.0074113719165325165,0.0011464109411463141,1.0
stochastic_0_0,"(0-0,0-0)",stochastic,augmented_action_delay,Augmented (+action buffer + delay values),"(0,0)",0,0,0,0,911000,11,31680,0,3.101149672037368,0.6738325251591603,80,-24.664834342780523,-24.664834342780523,0.30831042928475655,0.005155143328011036,0.001250819186680019,1.0
stochastic_0_0,"(0-0,0-0)",stochastic,augmented_action_delay,Augmented (+action buffer + delay values),"(0,0)",0,0,0,0,911000,11,31680,1,3.101149672037368,0.6738325251591603,80,-24.172415510984138,-24.172415510984138,0.3021551938873017,0.007535521872341633,0.0024513222742825747,1.0
stochastic_0_0,"(0-0,0-0)",stochastic,augmented_action_delay,Augmented (+action buffer + delay values),"(0,0)",0,0,0,0,911000,11,31680,2,3.101149672037368,0.6738325251591603,80,-22.45350290602073,-22.45350290602073,0.28066878632525916,0.013816631399095058,0.0016105840913951397,1.0
stochastic_0_0,"(0-0,0-0)",stochastic,augmented_action_delay,Augmented (+action buffer + delay values),"(0,0)",0,0,0,0,911000,11,31680,3,3.101149672037368,0.6738325251591603,80,-24.812082707649097,-24.812082707649097,0.3101510338456137,0.002770630642771721,0.0016223960556089878,1.0
stochastic_0_0,"(0-0,0-0)",stochastic,augmented_action_delay,Augmented (+action buffer + delay values),"(0,0)",0,0,0,0,911000,11,31680,4,3.101149672037368,0.6738325251591603,80,-19.951485247467645,-19.951485247467645,0.24939356559334555,0.004850261379033327,0.0015551290707662702,1.0
stochastic_0_0,"(0-0,0-0)",stochastic,augmented_action_delay,Augmented (+action buffer + delay values),"(0,0)",0,0,0,0,911000,11,31680,5,3.101149672037368,0.6738325251591603,80,-18.450253861024976,-18.450253861024976,0.2306281732628122,0.010560857132077217,0.0030779505614191294,1.0
stochastic_0_0,"(0-0,0-0)",stochastic,augmented_action_delay,Augmented (+action buffer + delay values),"(0,0)",0,0,0,0,911000,11,31680,6,3.101149672037368,0.6738325251591603,80,-22.461906931828707,-22.461906931828707,0.2807738366478588,0.0025912905111908913,0.0010171381291002035,1.0
stochastic_0_0,"(0-0,0-0)",stochastic,augmented_action_delay,Augmented (+action buffer + delay values),"(0,0)",0,0,0,0,911000,11,31680,7,3.101149672037368,0.6738325251591603,80,-22.359249075874686,-22.359249075874686,0.27949061344843357,0.007533363997936249,0.0018617778550833464,1.0
stochastic_0_0,"(0-0,0-0)",stochastic,augmented_action_delay,Augmented (+action buffer + delay values),"(0,0)",0,0,0,0,912000,12,34560,0,3.101149672037368,0.6738325251591603,80,-16.931045548873954,-16.931045548873954,0.2116380693609244,0.007416997104883194,0.0014425228582695127,1.0
stochastic_0_0,"(0-0,0-0)",stochastic,augmented_action_delay,Augmented (+action buffer + delay values),"(0,0)",0,0,0,0,912000,12,34560,1,3.101149672037368,0.6738325251591603,80,-20.700286694802344,-20.700286694802344,0.2587535836850293,0.012950756587088108,0.001654486870393157,1.0
stochastic_0_0,"(0-0,0-0)",stochastic,augmented_action_delay,Augmented (+action buffer + delay values),"(0,0)",0,0,0,0,912000,12,34560,2,3.101149672037368,0.6738325251591603,80,-19.250812000478618,-19.250812000478618,0.24063515000598273,0.0023958408273756504,0.0015127660008147359,1.0
stochastic_0_0,"(0-0,0-0)",stochastic,augmented_action_delay,Augmented (+action buffer + delay values),"(0,0)",0,0,0,0,912000,12,34560,3,3.101149672037368,0.6738325251591603,80,-21.183863547397777,-21.183863547397777,0.2647982943424722,0.008731505833566189,0.0037955681327730417,1.0
stochastic_0_0,"(0-0,0-0)",stochastic,augmented_action_delay,Augmented (+action buffer + delay values),"(0,0)",0,0,0,0,912000,12,34560,4,3.101149672037368,0.6738325251591603,80,-21.962124632380437,-21.962124632380437,0.27452655790475544,0.012204854749143124,0.0009034555987454951,1.0
stochastic_0_0,"(0-0,0-0)",stochastic,augmented_action_delay,Augmented (+action buffer + delay values),"(0,0)",0,0,0,0,912000,12,34560,5,3.101149672037368,0.6738325251591603,80,-21.62031044345349,-21.62031044345349,0.2702538805431686,0.01154304575175047,0.002542397240176797,1.0
stochastic_0_0,"(0-0,0-0)",stochastic,augmented_action_delay,Augmented (+action buffer + delay values),"(0,0)",0,0,0,0,912000,12,34560,6,3.101149672037368,0.6738325251591603,80,-22.755282209298457,-22.755282209298457,0.2844410276162307,0.013137557543814182,0.00013900156773161143,1.0
stochastic_0_0,"(0-0,0-0)",stochastic,augmented_action_delay,Augmented (+action buffer + delay values),"(0,0)",0,0,0,0,912000,12,34560,7,3.101149672037368,0.6738325251591603,80,-19.33130449782766,-19.33130449782766,0.24164130622284574,0.011872919276356697,0.00016734165546949953,1.0
stochastic_0_0,"(0-0,0-0)",stochastic,augmented_action_delay,Augmented (+action buffer + delay values),"(0,0)",0,0,0,0,913000,13,37440,0,3.101149672037368,0.6738325251591603,80,-21.110633444739506,-21.110633444739506,0.2638829180592438,0.014591917395591736,0.0025517563335597515,1.0
stochastic_0_0,"(0-0,0-0)",stochastic,augmented_action_delay,Augmented (+action buffer + delay values),"(0,0)",0,0,0,0,913000,13,37440,1,3.101149672037368,0.6738325251591603,80,-24.005884128506295,-24.005884128506295,0.3000735516063287,0.006365680601447821,0.000722744851373136,1.0
stochastic_0_0,"(0-0,0-0)",stochastic,augmented_action_delay,Augmented (+action buffer + delay values),"(0,0)",0,0,0,0,913000,13,37440,2,3.101149672037368,0.6738325251591603,80,-24.09193349815905,-24.09193349815905,0.30114916872698816,0.01687716506421566,0.0025122405495494604,1.0
stochastic_0_0,"(0-0,0-0)",stochastic,augmented_action_delay,Augmented (+action buffer + delay values),"(0,0)",0,0,0,0,913000,13,37440,3,3.101149672037368,0.6738325251591603,80,-20.572808168712072,-20.572808168712072,0.2571601021089009,0.0021982816979289055,0.0013668183237314224,1.0
stochastic_0_0,"(0-0,0-0)",stochastic,augmented_action_delay,Augmented (+action buffer + delay values),"(0,0)",0,0,0,0,913000,13,37440,4,3.101149672037368,0.6738325251591603,80,-22.58155877329409,-22.58155877329409,0.28226948466617613,0.025658423081040382,0.002127197105437517,1.0
stochastic_0_0,"(0-0,0-0)",stochastic,augmented_action_delay,Augmented (+action buffer + delay values),"(0,0)",0,0,0,0,913000,13,37440,5,3.101149672037368,0.6738325251591603,80,-20.70553567528259,-20.70553567528259,0.25881919594103237,0.01563674584031105,0.0003455772530287504,1.0
stochastic_0_0,"(0-0,0-0)",stochastic,augmented_action_delay,Augmented (+action buffer + delay values),"(0,0)",0,0,0,0,913000,13,37440,6,3.101149672037368,0.6738325251591603,80,-19.343636175850406,-19.343636175850406,0.2417954521981301,0.008554454892873764,0.0022780192084610462,1.0
stochastic_0_0,"(0-0,0-0)",stochastic,augmented_action_delay,Augmented (+action buffer + delay values),"(0,0)",0,0,0,0,913000,13,37440,7,3.101149672037368,0.6738325251591603,80,-20.814320248377044,-20.814320248377044,0.26017900310471304,0.013561789877712727,0.000745484430808574,1.0
stochastic_0_0,"(0-0,0-0)",stochastic,augmented_action_delay,Augmented (+action buffer + delay values),"(0,0)",0,0,0,0,914000,14,40320,0,3.101149672037368,0.6738325251591603,80,-17.383750099805184,-17.383750099805184,0.2172968762475648,0.025391975417733192,0.00186512793879956,1.0
stochastic_0_0,"(0-0,0-0)",stochastic,augmented_action_delay,Augmented (+action buffer + delay values),"(0,0)",0,0,0,0,914000,14,40320,1,3.101149672037368,0.6738325251591603,80,-23.856674761744216,-23.856674761744216,0.2982084345218027,0.021883295848965645,0.0016725317109376192,1.0
stochastic_0_0,"(0-0,0-0)",stochastic,augmented_action_delay,Augmented (+action buffer + delay values),"(0,0)",0,0,0,0,914000,14,40320,2,3.101149672037368,0.6738325251591603,80,-24.106028915499337,-24.106028915499337,0.3013253614437417,0.007163699250668287,0.0010211914777755737,1.0
stochastic_0_0,"(0-0,0-0)",stochastic,augmented_action_delay,Augmented (+action buffer + delay values),"(0,0)",0,0,0,0,914000,14,40320,3,3.101149672037368,0.6738325251591603,80,-25.399967365548946,-25.399967365548946,0.31749959206936185,0.005024239420890808,0.0012379063991829753,1.0
stochastic_0_0,"(0-0,0-0)",stochastic,augmented_action_delay,Augmented (+action buffer + delay values),"(0,0)",0,0,0,0,914000,14,40320,4,3.101149672037368,0.6738325251591603,80,-20.59282895346405,-20.59282895346405,0.25741036191830063,0.01615479402244091,0.0006863403250463307,1.0
stochastic_0_0,"(0-0,0-0)",stochastic,augmented_action_delay,Augmented (+action buffer + delay values),"(0,0)",0,0,0,0,914000,14,40320,5,3.101149672037368,0.6738325251591603,80,-22.08767941466067,-22.08767941466067,0.27609599268325835,0.01618288829922676,0.000395300448872149,1.0
stochastic_0_0,"(0-0,0-0)",stochastic,augmented_action_delay,Augmented (+action buffer + delay values),"(0,0)",0,0,0,0,914000,14,40320,6,3.101149672037368,0.6738325251591603,80,-22.991046031122096,-22.991046031122096,0.2873880753890262,0.008622195571660995,0.001309179118834436,1.0
stochastic_0_0,"(0-0,0-0)",stochastic,augmented_action_delay,Augmented (+action buffer + delay values),"(0,0)",0,0,0,0,914000,14,40320,7,3.101149672037368,0.6738325251591603,80,-20.37741849804297,-20.37741849804297,0.25471773122553715,0.017449170351028442,0.0010396097786724567,1.0
stochastic_0_0,"(0-0,0-0)",stochastic,augmented_action_delay,Augmented (+action buffer + delay values),"(0,0)",0,0,0,0,915000,15,43200,0,3.101149672037368,0.6738325251591603,80,-18.261539908358827,-18.261539908358827,0.22826924885448535,0.015356470830738544,0.001075493753887713,1.0
stochastic_0_0,"(0-0,0-0)",stochastic,augmented_action_delay,Augmented (+action buffer + delay values),"(0,0)",0,0,0,0,915000,15,43200,1,3.101149672037368,0.6738325251591603,80,-20.68441346520558,-20.68441346520558,0.25855516831506975,0.006993148475885391,0.0010635164799168706,1.0
stochastic_0_0,"(0-0,0-0)",stochastic,augmented_action_delay,Augmented (+action buffer + delay values),"(0,0)",0,0,0,0,915000,15,43200,2,3.101149672037368,0.6738325251591603,80,-24.34823075425811,-24.34823075425811,0.3043528844282264,0.010077632032334805,0.001108928699977696,1.0
stochastic_0_0,"(0-0,0-0)",stochastic,augmented_action_delay,Augmented (+action buffer + delay values),"(0,0)",0,0,0,0,915000,15,43200,3,3.101149672037368,0.6738325251591603,80,-19.420678790542297,-19.420678790542297,0.2427584848817787,0.018446816131472588,0.0007139610825106502,1.0
stochastic_0_0,"(0-0,0-0)",stochastic,augmented_action_delay,Augmented (+action buffer + delay values),"(0,0)",0,0,0,0,915000,15,43200,4,3.101149672037368,0.6738325251591603,80,-17.942275548819453,-17.942275548819453,0.22427844436024316,0.008145141415297985,0.0019592635799199343,1.0
stochastic_0_0,"(0-0,0-0)",stochastic,augmented_action_delay,Augmented (+action buffer + delay values),"(0,0)",0,0,0,0,915000,15,43200,5,3.101149672037368,0.6738325251591603,80,-24.789070828526746,-24.789070828526746,0.3098633853565843,0.004458394832909107,0.00046562677016481757,1.0
stochastic_0_0,"(0-0,0-0)",stochastic,augmented_action_delay,Augmented (+action buffer + delay values),"(0,0)",0,0,0,0,915000,15,43200,6,3.101149672037368,0.6738325251591603,80,-23.803194529842585,-23.803194529842585,0.2975399316230323,0.031694818288087845,0.0007667678873986006,1.0
stochastic_0_0,"(0-0,0-0)",stochastic,augmented_action_delay,Augmented (+action buffer + delay values),"(0,0)",0,0,0,0,915000,15,43200,7,3.101149672037368,0.6738325251591603,80,-22.520231670932844,-22.520231670932844,0.28150289588666055,0.01523365918546915,0.0010835432913154364,1.0
stochastic_0_0,"(0-0,0-0)",stochastic,augmented_action_delay,Augmented (+action buffer + delay values),"(0,0)",0,0,0,0,916000,16,46080,0,3.101149672037368,0.6738325251591603,80,-24.39473101287149,-24.39473101287149,0.3049341376608936,0.004997619893401861,0.002213067840784788,1.0
stochastic_0_0,"(0-0,0-0)",stochastic,augmented_action_delay,Augmented (+action buffer + delay values),"(0,0)",0,0,0,0,916000,16,46080,1,3.101149672037368,0.6738325251591603,80,-21.98480328277219,-21.98480328277219,0.2748100410346524,0.004237369634211063,0.0015140686882659793,1.0
stochastic_0_0,"(0-0,0-0)",stochastic,augmented_action_delay,Augmented (+action buffer + delay values),"(0,0)",0,0,0,0,916000,16,46080,2,3.101149672037368,0.6738325251591603,80,-21.729238550469745,-21.729238550469745,0.2716154818808718,0.01245796587318182,0.0006756897200830281,1.0
stochastic_0_0,"(0-0,0-0)",stochastic,augmented_action_delay,Augmented (+action buffer + delay values),"(0,0)",0,0,0,0,916000,16,46080,3,3.101149672037368,0.6738325251591603,80,-18.89067130413605,-18.89067130413605,0.2361333913017006,0.008220414631068707,0.0004712824593298137,1.0
stochastic_0_0,"(0-0,0-0)",stochastic,augmented_action_delay,Augmented (+action buffer + delay values),"(0,0)",0,0,0,0,916000,16,46080,4,3.101149672037368,0.6738325251591603,80,-23.226086784969084,-23.226086784969084,0.2903260848121135,0.008517701178789139,0.0011553518706932664,1.0
stochastic_0_0,"(0-0,0-0)",stochastic,augmented_action_delay,Augmented (+action buffer + delay values),"(0,0)",0,0,0,0,916000,16,46080,5,3.101149672037368,0.6738325251591603,80,-25.70821140985936,-25.70821140985936,0.321352642623242,0.01329239271581173,0.002132104244083166,1.0
stochastic_0_0,"(0-0,0-0)",stochastic,augmented_action_delay,Augmented (+action buffer + delay values),"(0,0)",0,0,0,0,916000,16,46080,6,3.101149672037368,0.6738325251591603,80,-22.589767654630123,-22.589767654630123,0.2823720956828765,0.01575266569852829,0.00048718680045567453,1.0
stochastic_0_0,"(0-0,0-0)",stochastic,augmented_action_delay,Augmented (+action buffer + delay values),"(0,0)",0,0,0,0,916000,16,46080,7,3.101149672037368,0.6738325251591603,80,-26.26375429343898,-26.26375429343898,0.3282969286679872,0.007375410757958889,0.0007072119042277336,1.0
stochastic_0_0,"(0-0,0-0)",stochastic,augmented_action_delay,Augmented (+action buffer + delay values),"(0,0)",0,0,0,0,917000,17,48960,0,3.101149672037368,0.6738325251591603,80,-19.956407681689598,-19.956407681689598,0.24945509602111998,0.01571623422205448,0.0012807929888367653,1.0
stochastic_0_0,"(0-0,0-0)",stochastic,augmented_action_delay,Augmented (+action buffer + delay values),"(0,0)",0,0,0,0,917000,17,48960,1,3.101149672037368,0.6738325251591603,80,-21.072564664762467,-21.072564664762467,0.2634070583095308,0.01280310656875372,0.0006525125354528427,1.0
stochastic_0_0,"(0-0,0-0)",stochastic,augmented_action_delay,Augmented (+action buffer + delay values),"(0,0)",0,0,0,0,917000,17,48960,2,3.101149672037368,0.6738325251591603,80,-24.11369031004142,-24.11369031004142,0.30142112887551775,0.015185082331299782,0.0014031536411494017,1.0
stochastic_0_0,"(0-0,0-0)",stochastic,augmented_action_delay,Augmented (+action buffer + delay values),"(0,0)",0,0,0,0,917000,17,48960,3,3.101149672037368,0.6738325251591603,80,-23.318917813914595,-23.318917813914595,0.29148647267393246,0.01206851378083229,0.00024426201707683504,1.0
stochastic_0_0,"(0-0,0-0)",stochastic,augmented_action_delay,Augmented (+action buffer + delay values),"(0,0)",0,0,0,0,917000,17,48960,4,3.101149672037368,0.6738325251591603,80,-20.21191703295335,-20.21191703295335,0.2526489629119169,0.001627083052881062,0.00056586938444525,1.0
stochastic_0_0,"(0-0,0-0)",stochastic,augmented_action_delay,Augmented (+action buffer + delay values),"(0,0)",0,0,0,0,917000,17,48960,5,3.101149672037368,0.6738325251591603,80,-25.257497387530748,-25.257497387530748,0.31571871734413437,0.01037414651364088,0.0005382312810979784,1.0
stochastic_0_0,"(0-0,0-0)",stochastic,augmented_action_delay,Augmented (+action buffer + delay values),"(0,0)",0,0,0,0,917000,17,48960,6,3.101149672037368,0.6738325251591603,80,-17.823598339804448,-17.823598339804448,0.2227949792475556,0.00534238712862134,0.0014931454788893461,1.0
stochastic_0_0,"(0-0,0-0)",stochastic,augmented_action_delay,Augmented (+action buffer + delay values),"(0,0)",0,0,0,0,917000,17,48960,7,3.101149672037368,0.6738325251591603,80,-25.999377909349278,-25.999377909349278,0.324992223866866,0.010980379767715931,0.002390204928815365,1.0
stochastic_0_0,"(0-0,0-0)",stochastic,augmented_action_delay,Augmented (+action buffer + delay values),"(0,0)",0,0,0,0,918000,18,51840,0,3.101149672037368,0.6738325251591603,80,-23.21469955611974,-23.21469955611974,0.29018374445149675,0.004853069316595793,0.0011108117178082466,1.0
stochastic_0_0,"(0-0,0-0)",stochastic,augmented_action_delay,Augmented (+action buffer + delay values),"(0,0)",0,0,0,0,918000,18,51840,1,3.101149672037368,0.6738325251591603,80,-21.11164456757251,-21.11164456757251,0.2638955570946564,0.016194816678762436,0.0010243455180898309,1.0
stochastic_0_0,"(0-0,0-0)",stochastic,augmented_action_delay,Augmented (+action buffer + delay values),"(0,0)",0,0,0,0,918000,18,51840,2,3.101149672037368,0.6738325251591603,80,-23.442491776542738,-23.442491776542738,0.29303114720678425,0.009225773625075817,0.0016634501516819,1.0
stochastic_0_0,"(0-0,0-0)",stochastic,augmented_action_delay,Augmented (+action buffer + delay values),"(0,0)",0,0,0,0,918000,18,51840,3,3.101149672037368,0.6738325251591603,80,-21.67957889358513,-21.67957889358513,0.2709947361698141,0.009242771193385124,0.001026393729262054,1.0
stochastic_0_0,"(0-0,0-0)",stochastic,augmented_action_delay,Augmented (+action buffer + delay values),"(0,0)",0,0,0,0,918000,18,51840,4,3.101149672037368,0.6738325251591603,80,-18.67556354543194,-18.67556354543194,0.23344454431789927,0.021507805213332176,0.0012820949777960777,1.0
stochastic_0_0,"(0-0,0-0)",stochastic,augmented_action_delay,Augmented (+action buffer + delay values),"(0,0)",0,0,0,0,918000,18,51840,5,3.101149672037368,0.6738325251591603,80,-20.649777185288258,-20.649777185288258,0.2581222148161032,0.008531429804861546,0.0011072998167946935,1.0
stochastic_0_0,"(0-0,0-0)",stochastic,augmented_action_delay,Augmented (+action buffer + delay values),"(0,0)",0,0,0,0,918000,18,51840,6,3.101149672037368,0.6738325251591603,80,-21.35850624574232,-21.35850624574232,0.266981328071779,0.0004589592863339931,0.00024395654327236116,1.0
stochastic_0_0,"(0-0,0-0)",stochastic,augmented_action_delay,Augmented (+action buffer + delay values),"(0,0)",0,0,0,0,918000,18,51840,7,3.101149672037368,0.6738325251591603,80,-19.899133628161508,-19.899133628161508,0.24873917035201884,0.017058776691555977,0.00021516943525057286,1.0
stochastic_0_0,"(0-0,0-0)",stochastic,augmented_action_delay,Augmented (+action buffer + delay values),"(0,0)",0,0,0,0,919000,19,54720,0,3.101149672037368,0.6738325251591603,80,-23.829578705888707,-23.829578705888707,0.2978697338236088,0.007845033891499043,0.000664694991428405,1.0
stochastic_0_0,"(0-0,0-0)",stochastic,augmented_action_delay,Augmented (+action buffer + delay values),"(0,0)",0,0,0,0,919000,19,54720,1,3.101149672037368,0.6738325251591603,80,-22.26525172253605,-22.26525172253605,0.2783156465317006,0.013661234639585018,0.0018052152590826154,1.0
stochastic_0_0,"(0-0,0-0)",stochastic,augmented_action_delay,Augmented (+action buffer + delay values),"(0,0)",0,0,0,0,919000,19,54720,2,3.101149672037368,0.6738325251591603,80,-22.49981860932894,-22.49981860932894,0.28124773261661173,0.023328930139541626,0.00105569651350379,1.0
stochastic_0_0,"(0-0,0-0)",stochastic,augmented_action_delay,Augmented (+action buffer + delay values),"(0,0)",0,0,0,0,919000,19,54720,3,3.101149672037368,0.6738325251591603,80,-23.648630570038222,-23.648630570038222,0.2956078821254778,0.005627546925097704,0.0010581674287095666,1.0
stochastic_0_0,"(0-0,0-0)",stochastic,augmented_action_delay,Augmented (+action buffer + delay values),"(0,0)",0,0,0,0,919000,19,54720,4,3.101149672037368,0.6738325251591603,80,-19.969261706341058,-19.969261706341058,0.24961577132926321,0.012057660147547722,0.002808037679642439,1.0
stochastic_0_0,"(0-0,0-0)",stochastic,augmented_action_delay,Augmented (+action buffer + delay values),"(0,0)",0,0,0,0,919000,19,54720,5,3.101149672037368,0.6738325251591603,80,-22.69911262509413,-22.69911262509413,0.2837389078136766,0.011498942039906979,0.0016263914294540882,1.0
stochastic_0_0,"(0-0,0-0)",stochastic,augmented_action_delay,Augmented (+action buffer + delay values),"(0,0)",0,0,0,0,919000,19,54720,6,3.101149672037368,0.6738325251591603,80,-20.588759132486302,-20.588759132486302,0.25735948915607876,0.015980422496795654,0.0003272644826211035,1.0
stochastic_0_0,"(0-0,0-0)",stochastic,augmented_action_delay,Augmented (+action buffer + delay values),"(0,0)",0,0,0,0,919000,19,54720,7,3.101149672037368,0.6738325251591603,80,-26.667285758638172,-26.667285758638172,0.33334107198297713,0.013319532386958599,0.0001686096511548385,1.0
stochastic_0_0,"(0-0,0-0)",stochastic,augmented_action_delay,Augmented (+action buffer + delay values),"(0,0)",0,0,0,0,920000,20,57600,0,3.101149672037368,0.6738325251591603,80,-20.275907678646035,-20.275907678646035,0.25344884598307543,0.0046756514348089695,0.0012898503337055445,1.0
stochastic_0_0,"(0-0,0-0)",stochastic,augmented_action_delay,Augmented (+action buffer + delay values),"(0,0)",0,0,0,0,920000,20,57600,1,3.101149672037368,0.6738325251591603,80,-23.319901417009532,-23.319901417009532,0.2914987677126192,0.020561503246426582,0.002095795003697276,1.0
stochastic_0_0,"(0-0,0-0)",stochastic,augmented_action_delay,Augmented (+action buffer + delay values),"(0,0)",0,0,0,0,920000,20,57600,2,3.101149672037368,0.6738325251591603,80,-20.6582397359889,-20.6582397359889,0.25822799669986124,0.017247959971427917,0.0015278724022209644,1.0
stochastic_0_0,"(0-0,0-0)",stochastic,augmented_action_delay,Augmented (+action buffer + delay values),"(0,0)",0,0,0,0,920000,20,57600,3,3.101149672037368,0.6738325251591603,80,-24.107405206246767,-24.107405206246767,0.3013425650780846,0.017495322972536087,0.0004175680805929005,1.0
stochastic_0_0,"(0-0,0-0)",stochastic,augmented_action_delay,Augmented (+action buffer + delay values),"(0,0)",0,0,0,0,920000,20,57600,4,3.101149672037368,0.6738325251591603,80,-22.254727822495624,-22.254727822495624,0.2781840977811953,0.016528112813830376,0.0012736759381368756,1.0
stochastic_0_0,"(0-0,0-0)",stochastic,augmented_action_delay,Augmented (+action buffer + delay values),"(0,0)",0,0,0,0,920000,20,57600,5,3.101149672037368,0.6738325251591603,80,-24.097078180115204,-24.097078180115204,0.30121347725144004,0.006555481813848019,0.0005741745117120445,1.0
stochastic_0_0,"(0-0,0-0)",stochastic,augmented_action_delay,Augmented (+action buffer + delay values),"(0,0)",0,0,0,0,920000,20,57600,6,3.101149672037368,0.6738325251591603,80,-19.694256522576325,-19.694256522576325,0.24617820653220407,0.005858899559825659,0.001616460969671607,1.0
stochastic_0_0,"(0-0,0-0)",stochastic,augmented_action_delay,Augmented (+action buffer + delay values),"(0,0)",0,0,0,0,920000,20,57600,7,3.101149672037368,0.6738325251591603,80,-24.020188897382468,-24.020188897382468,0.3002523612172808,0.015837550163269043,0.0032906238920986652,1.0
stochastic_0_0,"(0-0,0-0)",stochastic,augmented_action_delay,Augmented (+action buffer + delay values),"(0,0)",0,0,0,0,921000,21,60480,0,3.101149672037368,0.6738325251591603,80,-20.385055748280138,-20.385055748280138,0.25481319685350173,0.009211665019392967,0.001309871324338019,1.0
stochastic_0_0,"(0-0,0-0)",stochastic,augmented_action_delay,Augmented (+action buffer + delay values),"(0,0)",0,0,0,0,921000,21,60480,1,3.101149672037368,0.6738325251591603,80,-20.333815323654562,-20.333815323654562,0.254172691545682,0.013480599969625473,0.00211026007309556,1.0
stochastic_0_0,"(0-0,0-0)",stochastic,augmented_action_delay,Augmented (+action buffer + delay values),"(0,0)",0,0,0,0,921000,21,60480,2,3.101149672037368,0.6738325251591603,80,-22.149034075206146,-22.149034075206146,0.27686292594007683,0.010122551582753658,0.0011904065031558275,1.0
stochastic_0_0,"(0-0,0-0)",stochastic,augmented_action_delay,Augmented (+action buffer + delay values),"(0,0)",0,0,0,0,921000,21,60480,3,3.101149672037368,0.6738325251591603,80,-25.209446896566078,-25.209446896566078,0.315118086207076,0.022360332310199738,0.0035186046734452248,1.0
stochastic_0_0,"(0-0,0-0)",stochastic,augmented_action_delay,Augmented (+action buffer + delay values),"(0,0)",0,0,0,0,921000,21,60480,4,3.101149672037368,0.6738325251591603,80,-21.82371178586618,-21.82371178586618,0.2727963973233273,0.017804376780986786,0.0003345689328853041,1.0
stochastic_0_0,"(0-0,0-0)",stochastic,augmented_action_delay,Augmented (+action buffer + delay values),"(0,0)",0,0,0,0,921000,21,60480,5,3.101149672037368,0.6738325251591603,80,-23.128681307425722,-23.128681307425722,0.28910851634282153,0.017785144969820976,0.0006530371028929949,1.0
stochastic_0_0,"(0-0,0-0)",stochastic,augmented_action_delay,Augmented (+action buffer + delay values),"(0,0)",0,0,0,0,921000,21,60480,6,3.101149672037368,0.6738325251591603,80,-21.413790168066043,-21.413790168066043,0.26767237710082553,0.011935289949178696,0.00039054855005815625,1.0
stochastic_0_0,"(0-0,0-0)",stochastic,augmented_action_delay,Augmented (+action buffer + delay values),"(0,0)",0,0,0,0,921000,21,60480,7,3.101149672037368,0.6738325251591603,80,-26.546669078525156,-26.546669078525156,0.33183336348156445,0.019839338958263397,0.0019733821973204613,1.0
stochastic_0_0,"(0-0,0-0)",stochastic,augmented_action_delay,Augmented (+action buffer + delay values),"(0,0)",0,0,0,0,922000,22,63360,0,3.101149672037368,0.6738325251591603,80,-21.29680973221548,-21.29680973221548,0.2662101216526935,0.009662782773375511,0.0034254349302500486,1.0
stochastic_0_0,"(0-0,0-0)",stochastic,augmented_action_delay,Augmented (+action buffer + delay values),"(0,0)",0,0,0,0,922000,22,63360,1,3.101149672037368,0.6738325251591603,80,-21.418687240220606,-21.418687240220606,0.2677335905027576,0.008508842438459396,0.002457803813740611,1.0
stochastic_0_0,"(0-0,0-0)",stochastic,augmented_action_delay,Augmented (+action buffer + delay values),"(0,0)",0,0,0,0,922000,22,63360,2,3.101149672037368,0.6738325251591603,80,-23.168737161089666,-23.168737161089666,0.2896092145136208,0.009183922782540321,0.0011345306411385536,1.0
stochastic_0_0,"(0-0,0-0)",stochastic,augmented_action_delay,Augmented (+action buffer + delay values),"(0,0)",0,0,0,0,922000,22,63360,3,3.101149672037368,0.6738325251591603,80,-20.46935297944583,-20.46935297944583,0.2558669122430729,0.015524175018072128,0.002187947044149041,1.0
stochastic_0_0,"(0-0,0-0)",stochastic,augmented_action_delay,Augmented (+action buffer + delay values),"(0,0)",0,0,0,0,922000,22,63360,4,3.101149672037368,0.6738325251591603,80,-25.550212575122714,-25.550212575122714,0.31937765718903394,0.0008181184530258179,0.0008181184530258179,1.0
stochastic_0_0,"(0-0,0-0)",stochastic,augmented_action_delay,Augmented (+action buffer + delay values),"(0,0)",0,0,0,0,922000,22,63360,5,3.101149672037368,0.6738325251591603,80,-24.668785255402327,-24.668785255402327,0.30835981569252907,0.012894127517938614,0.003711190540343523,1.0
stochastic_0_0,"(0-0,0-0)",stochastic,augmented_action_delay,Augmented (+action buffer + delay values),"(0,0)",0,0,0,0,922000,22,63360,6,3.101149672037368,0.6738325251591603,80,-23.413239306770265,-23.413239306770265,0.2926654913346283,0.0036167986690998077,0.001979774795472622,1.0
stochastic_0_0,"(0-0,0-0)",stochastic,augmented_action_delay,Augmented (+action buffer + delay values),"(0,0)",0,0,0,0,922000,22,63360,7,3.101149672037368,0.6738325251591603,80,-21.331988218356855,-21.331988218356855,0.2666498527294607,0.005798685364425182,0.0016425036592409015,1.0
stochastic_0_0,"(0-0,0-0)",stochastic,augmented_action_delay,Augmented (+action buffer + delay values),"(0,0)",0,0,0,0,923000,23,66240,0,3.101149672037368,0.6738325251591603,80,-23.222546631586738,-23.222546631586738,0.2902818328948342,0.01567525416612625,0.001784475869499147,1.0
stochastic_0_0,"(0-0,0-0)",stochastic,augmented_action_delay,Augmented (+action buffer + delay values),"(0,0)",0,0,0,0,923000,23,66240,1,3.101149672037368,0.6738325251591603,80,-19.586738173733465,-19.586738173733465,0.2448342271716683,0.016101356595754623,0.00170246756169945,1.0
stochastic_0_0,"(0-0,0-0)",stochastic,augmented_action_delay,Augmented (+action buffer + delay values),"(0,0)",0,0,0,0,923000,23,66240,2,3.101149672037368,0.6738325251591603,80,-22.591904900269583,-22.591904900269583,0.2823988112533698,0.010016475804150105,0.001981414621695876,1.0
stochastic_0_0,"(0-0,0-0)",stochastic,augmented_action_delay,Augmented (+action buffer + delay values),"(0,0)",0,0,0,0,923000,23,66240,3,3.101149672037368,0.6738325251591603,80,-22.284035986638628,-22.284035986638628,0.2785504498329828,0.01589547097682953,0.0007831478724256158,1.0
stochastic_0_0,"(0-0,0-0)",stochastic,augmented_action_delay,Augmented (+action buffer + delay values),"(0,0)",0,0,0,0,923000,23,66240,4,3.101149672037368,0.6738325251591603,80,-28.400504002696835,-28.400504002696835,0.3550063000337104,0.01738893985748291,0.001739372848533094,1.0
stochastic_0_0,"(0-0,0-0)",stochastic,augmented_action_delay,Augmented (+action buffer + delay values),"(0,0)",0,0,0,0,923000,23,66240,5,3.101149672037368,0.6738325251591603,80,-19.61509996210225,-19.61509996210225,0.24518874952627812,0.025737330317497253,0.003051143605262041,1.0
stochastic_0_0,"(0-0,0-0)",stochastic,augmented_action_delay,Augmented (+action buffer + delay values),"(0,0)",0,0,0,0,923000,23,66240,6,3.101149672037368,0.6738325251591603,80,-19.827688163000857,-19.827688163000857,0.24784610203751073,0.006298654247075319,0.00039939614362083375,1.0
stochastic_0_0,"(0-0,0-0)",stochastic,augmented_action_delay,Augmented (+action buffer + delay values),"(0,0)",0,0,0,0,923000,23,66240,7,3.101149672037368,0.6738325251591603,80,-23.262930600438267,-23.262930600438267,0.2907866325054783,0.016932707279920578,0.003617847803980112,1.0
stochastic_0_0,"(0-0,0-0)",stochastic,augmented_action_delay,Augmented (+action buffer + delay values),"(0,0)",0,0,0,0,924000,24,69120,0,3.101149672037368,0.6738325251591603,80,-22.68526744225528,-22.68526744225528,0.283565843028191,0.003580125980079174,0.0010642457054927945,1.0
stochastic_0_0,"(0-0,0-0)",stochastic,augmented_action_delay,Augmented (+action buffer + delay values),"(0,0)",0,0,0,0,924000,24,69120,1,3.101149672037368,0.6738325251591603,80,-27.791850430774502,-27.791850430774502,0.34739813038468126,0.01947587914764881,0.0013591382885351777,1.0
stochastic_0_0,"(0-0,0-0)",stochastic,augmented_action_delay,Augmented (+action buffer + delay values),"(0,0)",0,0,0,0,924000,24,69120,2,3.101149672037368,0.6738325251591603,80,-22.27291177562438,-22.27291177562438,0.2784113971953047,0.011007046326994896,0.0024179399479180574,1.0
stochastic_0_0,"(0-0,0-0)",stochastic,augmented_action_delay,Augmented (+action buffer + delay values),"(0,0)",0,0,0,0,924000,24,69120,3,3.101149672037368,0.6738325251591603,80,-23.26562593015842,-23.26562593015842,0.2908203241269803,0.014030597172677517,0.0030013483483344316,1.0
stochastic_0_0,"(0-0,0-0)",stochastic,augmented_action_delay,Augmented (+action buffer + delay values),"(0,0)",0,0,0,0,924000,24,69120,4,3.101149672037368,0.6738325251591603,80,-23.521418460062705,-23.521418460062705,0.2940177307507838,0.01736713945865631,0.000521354260854423,1.0
stochastic_0_0,"(0-0,0-0)",stochastic,augmented_action_delay,Augmented (+action buffer + delay values),"(0,0)",0,0,0,0,924000,24,69120,5,3.101149672037368,0.6738325251591603,80,-23.196113765006885,-23.196113765006885,0.28995142206258606,0.008645376190543175,0.0019611301831901073,1.0
stochastic_0_0,"(0-0,0-0)",stochastic,augmented_action_delay,Augmented (+action buffer + delay values),"(0,0)",0,0,0,0,924000,24,69120,6,3.101149672037368,0.6738325251591603,80,-19.48804032872431,-19.48804032872431,0.24360050410905387,0.014991112053394318,0.001176912453956902,1.0
stochastic_0_0,"(0-0,0-0)",stochastic,augmented_action_delay,Augmented (+action buffer + delay values),"(0,0)",0,0,0,0,924000,24,69120,7,3.101149672037368,0.6738325251591603,80,-20.58762738551013,-20.58762738551013,0.2573453423188766,0.007548762485384941,0.0015369741013273597,1.0
stochastic_0_0,"(0-0,0-0)",stochastic,augmented_action_delay,Augmented (+action buffer + delay values),"(0,0)",0,0,0,0,1000000,0,0,0,0.7592573860315994,0.2384058440442351,80,-37.03361543780193,-37.03361543780193,0.46292019297252407,0.012843934819102287,0.0041908095590770245,1.0
stochastic_0_0,"(0-0,0-0)",stochastic,augmented_action_delay,Augmented (+action buffer + delay values),"(0,0)",0,0,0,0,1000000,0,0,1,0.7592573860315994,0.2384058440442351,80,-30.972789822146297,-30.972789822146297,0.38715987277682873,0.031591352075338364,0.020497888326644897,1.0
stochastic_0_0,"(0-0,0-0)",stochastic,augmented_action_delay,Augmented (+action buffer + delay values),"(0,0)",0,0,0,0,1000000,0,0,2,0.7592573860315994,0.2384058440442351,80,-34.08696440793574,-34.08696440793574,0.42608705509919675,0.020803062245249748,0.020803062245249748,1.0
stochastic_0_0,"(0-0,0-0)",stochastic,augmented_action_delay,Augmented (+action buffer + delay values),"(0,0)",0,0,0,0,1000000,0,0,3,0.7592573860315994,0.2384058440442351,80,-33.306673779152334,-33.306673779152334,0.41633342223940417,0.02859121933579445,0.002746306359767914,1.0
stochastic_0_0,"(0-0,0-0)",stochastic,augmented_action_delay,Augmented (+action buffer + delay values),"(0,0)",0,0,0,0,1000000,0,0,4,0.7592573860315994,0.2384058440442351,80,-36.819605274591595,-36.819605274591595,0.46024506593239495,0.029309123754501343,0.007258133962750435,1.0
stochastic_0_0,"(0-0,0-0)",stochastic,augmented_action_delay,Augmented (+action buffer + delay values),"(0,0)",0,0,0,0,1000000,0,0,5,0.7592573860315994,0.2384058440442351,80,-33.79595833271742,-33.79595833271742,0.42244947915896774,0.01392475888133049,0.010069537907838821,1.0
stochastic_0_0,"(0-0,0-0)",stochastic,augmented_action_delay,Augmented (+action buffer + delay values),"(0,0)",0,0,0,0,1000000,0,0,6,0.7592573860315994,0.2384058440442351,80,-32.30043955013389,-32.30043955013389,0.4037554943766736,0.004906156565994024,0.0006247826968319714,1.0
stochastic_0_0,"(0-0,0-0)",stochastic,augmented_action_delay,Augmented (+action buffer + delay values),"(0,0)",0,0,0,0,1000000,0,0,7,0.7592573860315994,0.2384058440442351,80,-32.348626057617366,-32.348626057617366,0.40435782572021706,0.013338892720639706,0.013338892720639706,1.0
stochastic_0_0,"(0-0,0-0)",stochastic,augmented_action_delay,Augmented (+action buffer + delay values),"(0,0)",0,0,0,0,1001000,1,2880,0,2.556331726360363,0.6675063931871399,80,-19.776016896765213,-19.776016896765213,0.24720021120956517,0.004724263213574886,0.0006082485779188573,1.0
stochastic_0_0,"(0-0,0-0)",stochastic,augmented_action_delay,Augmented (+action buffer + delay values),"(0,0)",0,0,0,0,1001000,1,2880,1,2.556331726360363,0.6675063931871399,80,-18.98647139663808,-18.98647139663808,0.237330892457976,0.028202051296830177,0.0009487036149948835,1.0
stochastic_0_0,"(0-0,0-0)",stochastic,augmented_action_delay,Augmented (+action buffer + delay values),"(0,0)",0,0,0,0,1001000,1,2880,2,2.556331726360363,0.6675063931871399,80,-20.89794231450651,-20.89794231450651,0.2612242789313314,0.017492113634943962,0.0003974364371970296,1.0
stochastic_0_0,"(0-0,0-0)",stochastic,augmented_action_delay,Augmented (+action buffer + delay values),"(0,0)",0,0,0,0,1001000,1,2880,3,2.556331726360363,0.6675063931871399,80,-26.2839067686582,-26.2839067686582,0.3285488346082275,0.012057523243129253,0.0015467734774574637,1.0
stochastic_0_0,"(0-0,0-0)",stochastic,augmented_action_delay,Augmented (+action buffer + delay values),"(0,0)",0,0,0,0,1001000,1,2880,4,2.556331726360363,0.6675063931871399,80,-23.897426581475884,-23.897426581475884,0.29871783226844856,0.00912335142493248,0.001285524107515812,1.0
stochastic_0_0,"(0-0,0-0)",stochastic,augmented_action_delay,Augmented (+action buffer + delay values),"(0,0)",0,0,0,0,1001000,1,2880,5,2.556331726360363,0.6675063931871399,80,-22.06146101298509,-22.06146101298509,0.27576826266231363,0.0075578042306005955,0.0007378991576842964,1.0
stochastic_0_0,"(0-0,0-0)",stochastic,augmented_action_delay,Augmented (+action buffer + delay values),"(0,0)",0,0,0,0,1001000,1,2880,6,2.556331726360363,0.6675063931871399,80,-24.680053156684153,-24.680053156684153,0.3085006644585519,0.017692001536488533,0.0017855354817584157,1.0
stochastic_0_0,"(0-0,0-0)",stochastic,augmented_action_delay,Augmented (+action buffer + delay values),"(0,0)",0,0,0,0,1001000,1,2880,7,2.556331726360363,0.6675063931871399,80,-19.110876917256974,-19.110876917256974,0.23888596146571217,0.006842687260359526,0.0009496021084487438,1.0
stochastic_0_0,"(0-0,0-0)",stochastic,augmented_action_delay,Augmented (+action buffer + delay values),"(0,0)",0,0,0,0,1002000,2,5760,0,3.546636376640117,0.2505462485288504,80,-21.281958065461367,-21.281958065461367,0.2660244758182671,0.022983532398939133,0.001252551912330091,1.0
stochastic_0_0,"(0-0,0-0)",stochastic,augmented_action_delay,Augmented (+action buffer + delay values),"(0,0)",0,0,0,0,1002000,2,5760,1,3.546636376640117,0.2505462485288504,80,-22.694969273754396,-22.694969273754396,0.28368711592192997,0.020763540640473366,0.0014558251714333892,1.0
stochastic_0_0,"(0-0,0-0)",stochastic,augmented_action_delay,Augmented (+action buffer + delay values),"(0,0)",0,0,0,0,1002000,2,5760,2,3.546636376640117,0.2505462485288504,80,-23.492273629410192,-23.492273629410192,0.2936534203676274,0.007506172638386488,0.0015652398578822613,1.0
stochastic_0_0,"(0-0,0-0)",stochastic,augmented_action_delay,Augmented (+action buffer + delay values),"(0,0)",0,0,0,0,1002000,2,5760,3,3.546636376640117,0.2505462485288504,80,-19.48387593892403,-19.48387593892403,0.24354844923655036,0.006401723716408014,0.00039335101610049605,1.0
stochastic_0_0,"(0-0,0-0)",stochastic,augmented_action_delay,Augmented (+action buffer + delay values),"(0,0)",0,0,0,0,1002000,2,5760,4,3.546636376640117,0.2505462485288504,80,-23.59326382703148,-23.59326382703148,0.29491579783789346,0.01449624914675951,0.0024882794823497534,1.0
stochastic_0_0,"(0-0,0-0)",stochastic,augmented_action_delay,Augmented (+action buffer + delay values),"(0,0)",0,0,0,0,1002000,2,5760,5,3.546636376640117,0.2505462485288504,80,-26.090903882519342,-26.090903882519342,0.3261362985314918,0.0113243842497468,0.0014113910729065537,1.0
stochastic_0_0,"(0-0,0-0)",stochastic,augmented_action_delay,Augmented (+action buffer + delay values),"(0,0)",0,0,0,0,1002000,2,5760,6,3.546636376640117,0.2505462485288504,80,-21.534365223138593,-21.534365223138593,0.2691795652892324,0.014809321612119675,0.0017018998041749,1.0
stochastic_0_0,"(0-0,0-0)",stochastic,augmented_action_delay,Augmented (+action buffer + delay values),"(0,0)",0,0,0,0,1002000,2,5760,7,3.546636376640117,0.2505462485288504,80,-25.244474691338837,-25.244474691338837,0.31555593364173545,0.009697135537862778,0.0015635445015504956,1.0
stochastic_0_0,"(0-0,0-0)",stochastic,augmented_action_delay,Augmented (+action buffer + delay values),"(0,0)",0,0,0,0,1003000,3,8640,0,3.546636376640117,0.2505462485288504,80,-21.55875574599486,-21.55875574599486,0.2694844468249357,0.009982964023947716,0.001461534178815782,1.0
stochastic_0_0,"(0-0,0-0)",stochastic,augmented_action_delay,Augmented (+action buffer + delay values),"(0,0)",0,0,0,0,1003000,3,8640,1,3.546636376640117,0.2505462485288504,80,-20.905722399125807,-20.905722399125807,0.2613215299890726,0.01414464134722948,0.0016911752754822373,1.0
stochastic_0_0,"(0-0,0-0)",stochastic,augmented_action_delay,Augmented (+action buffer + delay values),"(0,0)",0,0,0,0,1003000,3,8640,2,3.546636376640117,0.2505462485288504,80,-24.55386353144422,-24.55386353144422,0.30692329414305275,0.0113507229834795,0.0014610060025006533,1.0
stochastic_0_0,"(0-0,0-0)",stochastic,augmented_action_delay,Augmented (+action buffer + delay values),"(0,0)",0,0,0,0,1003000,3,8640,3,3.546636376640117,0.2505462485288504,80,-23.3200460083317,-23.3200460083317,0.2915005751041463,0.007873202674090862,0.0002613465767353773,1.0
stochastic_0_0,"(0-0,0-0)",stochastic,augmented_action_delay,Augmented (+action buffer + delay values),"(0,0)",0,0,0,0,1003000,3,8640,4,3.546636376640117,0.2505462485288504,80,-20.890223137219436,-20.890223137219436,0.26112778921524293,0.011605814099311829,0.001335436594672501,1.0
stochastic_0_0,"(0-0,0-0)",stochastic,augmented_action_delay,Augmented (+action buffer + delay values),"(0,0)",0,0,0,0,1003000,3,8640,5,3.546636376640117,0.2505462485288504,80,-25.14304210958653,-25.14304210958653,0.31428802636983166,0.019978288561105728,0.0003785206063184887,1.0
stochastic_0_0,"(0-0,0-0)",stochastic,augmented_action_delay,Augmented (+action buffer + delay values),"(0,0)",0,0,0,0,1003000,3,8640,6,3.546636376640117,0.2505462485288504,80,-25.502183597534895,-25.502183597534895,0.31877729496918616,0.0293959379196167,0.0014300954062491655,1.0
stochastic_0_0,"(0-0,0-0)",stochastic,augmented_action_delay,Augmented (+action buffer + delay values),"(0,0)",0,0,0,0,1003000,3,8640,7,3.546636376640117,0.2505462485288504,80,-21.80825875181472,-21.80825875181472,0.27260323439768397,0.016103435307741165,0.0004225150332786143,1.0
stochastic_0_0,"(0-0,0-0)",stochastic,augmented_action_delay,Augmented (+action buffer + delay values),"(0,0)",0,0,0,0,1004000,4,11520,0,3.546636376640117,0.2505462485288504,80,-21.329799410304986,-21.329799410304986,0.2666224926288123,0.0004470435669645667,0.0004470435669645667,1.0
stochastic_0_0,"(0-0,0-0)",stochastic,augmented_action_delay,Augmented (+action buffer + delay values),"(0,0)",0,0,0,0,1004000,4,11520,1,3.546636376640117,0.2505462485288504,80,-22.053378613083623,-22.053378613083623,0.2756672326635453,0.00832329597324133,0.0010568572906777263,1.0
stochastic_0_0,"(0-0,0-0)",stochastic,augmented_action_delay,Augmented (+action buffer + delay values),"(0,0)",0,0,0,0,1004000,4,11520,2,3.546636376640117,0.2505462485288504,80,-22.02348149579484,-22.02348149579484,0.2752935186974355,0.014138452708721161,0.0014692009426653385,1.0
stochastic_0_0,"(0-0,0-0)",stochastic,augmented_action_delay,Augmented (+action buffer + delay values),"(0,0)",0,0,0,0,1004000,4,11520,3,3.546636376640117,0.2505462485288504,80,-21.374696202517953,-21.374696202517953,0.2671837025314744,0.00998674426227808,0.0005271522677503526,1.0
stochastic_0_0,"(0-0,0-0)",stochastic,augmented_action_delay,Augmented (+action buffer + delay values),"(0,0)",0,0,0,0,1004000,4,11520,4,3.546636376640117,0.2505462485288504,80,-23.251799283199944,-23.251799283199944,0.2906474910399993,0.018860455602407455,0.0011997516267001629,1.0
stochastic_0_0,"(0-0,0-0)",stochastic,augmented_action_delay,Augmented (+action buffer + delay values),"(0,0)",0,0,0,0,1004000,4,11520,5,3.546636376640117,0.2505462485288504,80,-26.308986926451325,-26.308986926451325,0.32886233658064157,0.0037471179384738207,0.0005456171929836273,1.0
stochastic_0_0,"(0-0,0-0)",stochastic,augmented_action_delay,Augmented (+action buffer + delay values),"(0,0)",0,0,0,0,1004000,4,11520,6,3.546636376640117,0.2505462485288504,80,-21.778138969559222,-21.778138969559222,0.2722267371194903,0.009365499019622803,0.0013574921758845448,1.0
stochastic_0_0,"(0-0,0-0)",stochastic,augmented_action_delay,Augmented (+action buffer + delay values),"(0,0)",0,0,0,0,1004000,4,11520,7,3.546636376640117,0.2505462485288504,80,-21.721951433457434,-21.721951433457434,0.27152439291821795,0.018004992976784706,0.0010633771307766438,1.0
stochastic_0_0,"(0-0,0-0)",stochastic,augmented_action_delay,Augmented (+action buffer + delay values),"(0,0)",0,0,0,0,1005000,5,14400,0,2.4255080512011236,0.18375053577417558,80,-26.306717950908933,-26.306717950908933,0.32883397438636164,0.013883071020245552,0.0006914171972312033,1.0
stochastic_0_0,"(0-0,0-0)",stochastic,augmented_action_delay,Augmented (+action buffer + delay values),"(0,0)",0,0,0,0,1005000,5,14400,1,2.4255080512011236,0.18375053577417558,80,-21.380436895880848,-21.380436895880848,0.2672554611985106,0.007165854796767235,0.002507628407329321,1.0
stochastic_0_0,"(0-0,0-0)",stochastic,augmented_action_delay,Augmented (+action buffer + delay values),"(0,0)",0,0,0,0,1005000,5,14400,2,2.4255080512011236,0.18375053577417558,80,-20.849517016438767,-20.849517016438767,0.26061896270548457,0.011632348410785198,0.00315427640452981,1.0
stochastic_0_0,"(0-0,0-0)",stochastic,augmented_action_delay,Augmented (+action buffer + delay values),"(0,0)",0,0,0,0,1005000,5,14400,3,2.4255080512011236,0.18375053577417558,80,-21.916710575227626,-21.916710575227626,0.2739588821903453,0.001766810892149806,0.0015465285396203399,1.0
stochastic_0_0,"(0-0,0-0)",stochastic,augmented_action_delay,Augmented (+action buffer + delay values),"(0,0)",0,0,0,0,1005000,5,14400,4,2.4255080512011236,0.18375053577417558,80,-22.30469155870378,-22.30469155870378,0.2788086444837973,0.00722183333709836,0.001388084376230836,1.0
stochastic_0_0,"(0-0,0-0)",stochastic,augmented_action_delay,Augmented (+action buffer + delay values),"(0,0)",0,0,0,0,1005000,5,14400,5,2.4255080512011236,0.18375053577417558,80,-21.05428870092146,-21.05428870092146,0.2631786087615183,0.012823122553527355,0.002255524042993784,1.0
stochastic_0_0,"(0-0,0-0)",stochastic,augmented_action_delay,Augmented (+action buffer + delay values),"(0,0)",0,0,0,0,1005000,5,14400,6,2.4255080512011236,0.18375053577417558,80,-21.04533923685085,-21.04533923685085,0.2630667404606356,0.01498184073716402,0.0015078885480761528,1.0
stochastic_0_0,"(0-0,0-0)",stochastic,augmented_action_delay,Augmented (+action buffer + delay values),"(0,0)",0,0,0,0,1005000,5,14400,7,2.4255080512011236,0.18375053577417558,80,-24.23496686120052,-24.23496686120052,0.3029370857650065,0.014922462403774261,0.0009914897382259369,1.0
stochastic_0_0,"(0-0,0-0)",stochastic,augmented_action_delay,Augmented (+action buffer + delay values),"(0,0)",0,0,0,0,1006000,6,17280,0,2.4255080512011236,0.18375053577417558,80,-22.75058411702048,-22.75058411702048,0.284382301462756,0.015208203345537186,0.001886606914922595,1.0
stochastic_0_0,"(0-0,0-0)",stochastic,augmented_action_delay,Augmented (+action buffer + delay values),"(0,0)",0,0,0,0,1006000,6,17280,1,2.4255080512011236,0.18375053577417558,80,-18.987482975353487,-18.987482975353487,0.23734353719191859,0.007049113046377897,0.00132655946072191,1.0
stochastic_0_0,"(0-0,0-0)",stochastic,augmented_action_delay,Augmented (+action buffer + delay values),"(0,0)",0,0,0,0,1006000,6,17280,2,2.4255080512011236,0.18375053577417558,80,-23.092760304687545,-23.092760304687545,0.2886595038085943,0.009304283186793327,0.0035947414580732584,1.0
stochastic_0_0,"(0-0,0-0)",stochastic,augmented_action_delay,Augmented (+action buffer + delay values),"(0,0)",0,0,0,0,1006000,6,17280,3,2.4255080512011236,0.18375053577417558,80,-26.837350971996784,-26.837350971996784,0.3354668871499598,0.011403278447687626,0.0026054985355585814,1.0
stochastic_0_0,"(0-0,0-0)",stochastic,augmented_action_delay,Augmented (+action buffer + delay values),"(0,0)",0,0,0,0,1006000,6,17280,4,2.4255080512011236,0.18375053577417558,80,-22.283965518698096,-22.283965518698096,0.2785495689837262,0.019985675811767578,0.002630582544952631,1.0
stochastic_0_0,"(0-0,0-0)",stochastic,augmented_action_delay,Augmented (+action buffer + delay values),"(0,0)",0,0,0,0,1006000,6,17280,5,2.4255080512011236,0.18375053577417558,80,-20.217827013810165,-20.217827013810165,0.25272283767262704,0.01846287027001381,0.0017259219894185662,1.0
stochastic_0_0,"(0-0,0-0)",stochastic,augmented_action_delay,Augmented (+action buffer + delay values),"(0,0)",0,0,0,0,1006000,6,17280,6,2.4255080512011236,0.18375053577417558,80,-25.949978988384828,-25.949978988384828,0.32437473735481037,0.0076494342647492886,0.0010675268713384867,1.0
stochastic_0_0,"(0-0,0-0)",stochastic,augmented_action_delay,Augmented (+action buffer + delay values),"(0,0)",0,0,0,0,1006000,6,17280,7,2.4255080512011236,0.18375053577417558,80,-23.209940688917413,-23.209940688917413,0.2901242586114677,0.008634435012936592,0.0012451454531401396,1.0
stochastic_0_0,"(0-0,0-0)",stochastic,augmented_action_delay,Augmented (+action buffer + delay values),"(0,0)",0,0,0,0,1007000,7,20160,0,2.4255080512011236,0.18375053577417558,80,-20.2723549985094,-20.2723549985094,0.2534044374813675,0.012282793410122395,0.0013377538416534662,1.0
stochastic_0_0,"(0-0,0-0)",stochastic,augmented_action_delay,Augmented (+action buffer + delay values),"(0,0)",0,0,0,0,1007000,7,20160,1,2.4255080512011236,0.18375053577417558,80,-21.147242066217586,-21.147242066217586,0.26434052582771983,0.01765153929591179,0.002005192916840315,1.0
stochastic_0_0,"(0-0,0-0)",stochastic,augmented_action_delay,Augmented (+action buffer + delay values),"(0,0)",0,0,0,0,1007000,7,20160,2,2.4255080512011236,0.18375053577417558,80,-21.703107894281857,-21.703107894281857,0.2712888486785232,0.018237901851534843,0.001675518462434411,1.0
stochastic_0_0,"(0-0,0-0)",stochastic,augmented_action_delay,Augmented (+action buffer + delay values),"(0,0)",0,0,0,0,1007000,7,20160,3,2.4255080512011236,0.18375053577417558,80,-24.817039117915556,-24.817039117915556,0.31021298897394445,0.013440807349979877,0.002043631160631776,1.0
stochastic_0_0,"(0-0,0-0)",stochastic,augmented_action_delay,Augmented (+action buffer + delay values),"(0,0)",0,0,0,0,1007000,7,20160,4,2.4255080512011236,0.18375053577417558,80,-23.1867596959637,-23.1867596959637,0.28983449619954627,0.021826747804880142,0.00015755961067043245,1.0
stochastic_0_0,"(0-0,0-0)",stochastic,augmented_action_delay,Augmented (+action buffer + delay values),"(0,0)",0,0,0,0,1007000,7,20160,5,2.4255080512011236,0.18375053577417558,80,-18.86373847234063,-18.86373847234063,0.23579673090425785,0.013034719042479992,0.001865072175860405,1.0
stochastic_0_0,"(0-0,0-0)",stochastic,augmented_action_delay,Augmented (+action buffer + delay values),"(0,0)",0,0,0,0,1007000,7,20160,6,2.4255080512011236,0.18375053577417558,80,-23.180192436440848,-23.180192436440848,0.2897524054555106,0.01198666263371706,0.0010523932287469506,1.0
stochastic_0_0,"(0-0,0-0)",stochastic,augmented_action_delay,Augmented (+action buffer + delay values),"(0,0)",0,0,0,0,1007000,7,20160,7,2.4255080512011236,0.18375053577417558,80,-17.953488322906196,-17.953488322906196,0.22441860403632746,0.012371338903903961,0.0017889656592160463,1.0
stochastic_0_0,"(0-0,0-0)",stochastic,augmented_action_delay,Augmented (+action buffer + delay values),"(0,0)",0,0,0,0,1008000,8,23040,0,2.4255080512011236,0.18375053577417558,80,-26.65739515167661,-26.65739515167661,0.3332174393959576,0.006255113985389471,0.003015270922333002,1.0
stochastic_0_0,"(0-0,0-0)",stochastic,augmented_action_delay,Augmented (+action buffer + delay values),"(0,0)",0,0,0,0,1008000,8,23040,1,2.4255080512011236,0.18375053577417558,80,-22.532469755620696,-22.532469755620696,0.2816558719452587,0.012659412808716297,0.001519571291282773,1.0
stochastic_0_0,"(0-0,0-0)",stochastic,augmented_action_delay,Augmented (+action buffer + delay values),"(0,0)",0,0,0,0,1008000,8,23040,2,2.4255080512011236,0.18375053577417558,80,-20.573444489156827,-20.573444489156827,0.25716805611446036,0.030316514894366264,0.0022912570275366306,1.0
stochastic_0_0,"(0-0,0-0)",stochastic,augmented_action_delay,Augmented (+action buffer + delay values),"(0,0)",0,0,0,0,1008000,8,23040,3,2.4255080512011236,0.18375053577417558,80,-20.458962057018653,-20.458962057018653,0.25573702571273316,0.002517961198464036,0.0024417084641754627,1.0
stochastic_0_0,"(0-0,0-0)",stochastic,augmented_action_delay,Augmented (+action buffer + delay values),"(0,0)",0,0,0,0,1008000,8,23040,4,2.4255080512011236,0.18375053577417558,80,-27.036160295945592,-27.036160295945592,0.3379520036993199,0.005379119422286749,0.0015522533794865012,1.0
stochastic_0_0,"(0-0,0-0)",stochastic,augmented_action_delay,Augmented (+action buffer + delay values),"(0,0)",0,0,0,0,1008000,8,23040,5,2.4255080512011236,0.18375053577417558,80,-20.973533268086612,-20.973533268086612,0.26216916585108263,0.02261509746313095,0.0014964101137593389,1.0
stochastic_0_0,"(0-0,0-0)",stochastic,augmented_action_delay,Augmented (+action buffer + delay values),"(0,0)",0,0,0,0,1008000,8,23040,6,2.4255080512011236,0.18375053577417558,80,-20.640551281539956,-20.640551281539956,0.25800689101924945,0.007721537724137306,0.0003132795973215252,1.0
stochastic_0_0,"(0-0,0-0)",stochastic,augmented_action_delay,Augmented (+action buffer + delay values),"(0,0)",0,0,0,0,1008000,8,23040,7,2.4255080512011236,0.18375053577417558,80,-24.369539341016207,-24.369539341016207,0.3046192417627026,0.007854107767343521,0.000951440364588052,1.0
stochastic_0_0,"(0-0,0-0)",stochastic,augmented_action_delay,Augmented (+action buffer + delay values),"(0,0)",0,0,0,0,1009000,9,25920,0,2.4255080512011236,0.18375053577417558,80,-19.326190426712856,-19.326190426712856,0.24157738033391069,0.009331347420811653,0.0026439325883984566,1.0
stochastic_0_0,"(0-0,0-0)",stochastic,augmented_action_delay,Augmented (+action buffer + delay values),"(0,0)",0,0,0,0,1009000,9,25920,1,2.4255080512011236,0.18375053577417558,80,-19.555607406888157,-19.555607406888157,0.24444509258610198,0.004387263208627701,0.004387263208627701,1.0
stochastic_0_0,"(0-0,0-0)",stochastic,augmented_action_delay,Augmented (+action buffer + delay values),"(0,0)",0,0,0,0,1009000,9,25920,2,2.4255080512011236,0.18375053577417558,80,-25.3345667005633,-25.3345667005633,0.31668208375704127,0.01947649195790291,0.0008041216642595828,1.0
stochastic_0_0,"(0-0,0-0)",stochastic,augmented_action_delay,Augmented (+action buffer + delay values),"(0,0)",0,0,0,0,1009000,9,25920,3,2.4255080512011236,0.18375053577417558,80,-19.77514503779821,-19.77514503779821,0.24718931297247765,0.0296400785446167,0.0024763031397014856,1.0
stochastic_0_0,"(0-0,0-0)",stochastic,augmented_action_delay,Augmented (+action buffer + delay values),"(0,0)",0,0,0,0,1009000,9,25920,4,2.4255080512011236,0.18375053577417558,80,-26.471023216843605,-26.471023216843605,0.33088779021054504,0.008028233423829079,0.002171239582821727,1.0
stochastic_0_0,"(0-0,0-0)",stochastic,augmented_action_delay,Augmented (+action buffer + delay values),"(0,0)",0,0,0,0,1009000,9,25920,5,2.4255080512011236,0.18375053577417558,80,-22.272240455960855,-22.272240455960855,0.2784030056995107,0.013564585708081722,0.0027109822258353233,1.0
stochastic_0_0,"(0-0,0-0)",stochastic,augmented_action_delay,Augmented (+action buffer + delay values),"(0,0)",0,0,0,0,1009000,9,25920,6,2.4255080512011236,0.18375053577417558,80,-22.204732489190064,-22.204732489190064,0.2775591561148758,0.007941555231809616,0.0011662961915135384,1.0
stochastic_0_0,"(0-0,0-0)",stochastic,augmented_action_delay,Augmented (+action buffer + delay values),"(0,0)",0,0,0,0,1009000,9,25920,7,2.4255080512011236,0.18375053577417558,80,-24.463890539831482,-24.463890539831482,0.3057986317478935,0.0012753269402310252,0.0012753269402310252,1.0
stochastic_0_0,"(0-0,0-0)",stochastic,augmented_action_delay,Augmented (+action buffer + delay values),"(0,0)",0,0,0,0,1010000,10,28800,0,2.4255080512011236,0.18375053577417558,80,-22.80622351774946,-22.80622351774946,0.2850777939718682,0.0157522801309824,0.002205044496804476,1.0
stochastic_0_0,"(0-0,0-0)",stochastic,augmented_action_delay,Augmented (+action buffer + delay values),"(0,0)",0,0,0,0,1010000,10,28800,1,2.4255080512011236,0.18375053577417558,80,-21.3084432692267,-21.3084432692267,0.26635554086533375,0.02888430655002594,0.002919241786003113,1.0
stochastic_0_0,"(0-0,0-0)",stochastic,augmented_action_delay,Augmented (+action buffer + delay values),"(0,0)",0,0,0,0,1010000,10,28800,2,2.4255080512011236,0.18375053577417558,80,-25.827483812579885,-25.827483812579885,0.32284354765724854,0.0393214151263237,0.0020434774924069643,1.0
stochastic_0_0,"(0-0,0-0)",stochastic,augmented_action_delay,Augmented (+action buffer + delay values),"(0,0)",0,0,0,0,1010000,10,28800,3,2.4255080512011236,0.18375053577417558,80,-19.972764514852315,-19.972764514852315,0.24965955643565393,0.013477048836648464,0.0030850209295749664,1.0
stochastic_0_0,"(0-0,0-0)",stochastic,augmented_action_delay,Augmented (+action buffer + delay values),"(0,0)",0,0,0,0,1010000,10,28800,4,2.4255080512011236,0.18375053577417558,80,-20.027504162630066,-20.027504162630066,0.2503438020328758,0.01582300290465355,0.0032744682393968105,1.0
stochastic_0_0,"(0-0,0-0)",stochastic,augmented_action_delay,Augmented (+action buffer + delay values),"(0,0)",0,0,0,0,1010000,10,28800,5,2.4255080512011236,0.18375053577417558,80,-21.027504684519954,-21.027504684519954,0.2628438085564994,0.006800915580242872,0.00043973629362881184,1.0
stochastic_0_0,"(0-0,0-0)",stochastic,augmented_action_delay,Augmented (+action buffer + delay values),"(0,0)",0,0,0,0,1010000,10,28800,6,2.4255080512011236,0.18375053577417558,80,-26.020397344604135,-26.020397344604135,0.32525496680755167,0.01542161125689745,0.002020025160163641,1.0
stochastic_0_0,"(0-0,0-0)",stochastic,augmented_action_delay,Augmented (+action buffer + delay values),"(0,0)",0,0,0,0,1010000,10,28800,7,2.4255080512011236,0.18375053577417558,80,-23.922828605398536,-23.922828605398536,0.2990353575674817,0.021618740633130074,0.003578007686883211,1.0
stochastic_0_0,"(0-0,0-0)",stochastic,augmented_action_delay,Augmented (+action buffer + delay values),"(0,0)",0,0,0,0,1011000,11,31680,0,2.4255080512011236,0.18375053577417558,80,-22.443647250212962,-22.443647250212962,0.28054559062766204,0.007820113562047482,0.0004734958347398788,1.0
stochastic_0_0,"(0-0,0-0)",stochastic,augmented_action_delay,Augmented (+action buffer + delay values),"(0,0)",0,0,0,0,1011000,11,31680,1,2.4255080512011236,0.18375053577417558,80,-18.748440014431253,-18.748440014431253,0.23435550018039067,0.0065720113925635815,0.0006534942658618093,1.0
stochastic_0_0,"(0-0,0-0)",stochastic,augmented_action_delay,Augmented (+action buffer + delay values),"(0,0)",0,0,0,0,1011000,11,31680,2,2.4255080512011236,0.18375053577417558,80,-22.6919681817526,-22.6919681817526,0.2836496022719075,0.020908968523144722,0.0008617426501587033,1.0
stochastic_0_0,"(0-0,0-0)",stochastic,augmented_action_delay,Augmented (+action buffer + delay values),"(0,0)",0,0,0,0,1011000,11,31680,3,2.4255080512011236,0.18375053577417558,80,-17.93192731263116,-17.93192731263116,0.2241490914078895,0.008042098954319954,0.003936458844691515,1.0
stochastic_0_0,"(0-0,0-0)",stochastic,augmented_action_delay,Augmented (+action buffer + delay values),"(0,0)",0,0,0,0,1011000,11,31680,4,2.4255080512011236,0.18375053577417558,80,-22.236526111257263,-22.236526111257263,0.2779565763907158,0.016553757712244987,0.001837575458921492,1.0
stochastic_0_0,"(0-0,0-0)",stochastic,augmented_action_delay,Augmented (+action buffer + delay values),"(0,0)",0,0,0,0,1011000,11,31680,5,2.4255080512011236,0.18375053577417558,80,-23.701152121066116,-23.701152121066116,0.29626440151332645,0.02234882116317749,0.0019259556429460645,1.0
stochastic_0_0,"(0-0,0-0)",stochastic,augmented_action_delay,Augmented (+action buffer + delay values),"(0,0)",0,0,0,0,1011000,11,31680,6,2.4255080512011236,0.18375053577417558,80,-19.276425031013787,-19.276425031013787,0.24095531288767233,0.024498717859387398,0.0010720145655795932,1.0
stochastic_0_0,"(0-0,0-0)",stochastic,augmented_action_delay,Augmented (+action buffer + delay values),"(0,0)",0,0,0,0,1011000,11,31680,7,2.4255080512011236,0.18375053577417558,80,-25.290415562543785,-25.290415562543785,0.3161301945317973,0.00913936085999012,0.000271559547400102,1.0
stochastic_0_0,"(0-0,0-0)",stochastic,augmented_action_delay,Augmented (+action buffer + delay values),"(0,0)",0,0,0,0,1012000,12,34560,0,2.4255080512011236,0.18375053577417558,80,-24.719056420610286,-24.719056420610286,0.3089882052576286,0.002652399707585573,0.000976760988123715,1.0
stochastic_0_0,"(0-0,0-0)",stochastic,augmented_action_delay,Augmented (+action buffer + delay values),"(0,0)",0,0,0,0,1012000,12,34560,1,2.4255080512011236,0.18375053577417558,80,-24.05546966328984,-24.05546966328984,0.300693370791123,0.015592037700116634,0.0006760802934877574,1.0
stochastic_0_0,"(0-0,0-0)",stochastic,augmented_action_delay,Augmented (+action buffer + delay values),"(0,0)",0,0,0,0,1012000,12,34560,2,2.4255080512011236,0.18375053577417558,80,-21.975992715684697,-21.975992715684697,0.2746999089460587,0.01661059819161892,0.0009370286716148257,1.0
stochastic_0_0,"(0-0,0-0)",stochastic,augmented_action_delay,Augmented (+action buffer + delay values),"(0,0)",0,0,0,0,1012000,12,34560,3,2.4255080512011236,0.18375053577417558,80,-22.48401790484786,-22.48401790484786,0.28105022381059824,0.012594059109687805,0.002409048145636916,1.0
stochastic_0_0,"(0-0,0-0)",stochastic,augmented_action_delay,Augmented (+action buffer + delay values),"(0,0)",0,0,0,0,1012000,12,34560,4,2.4255080512011236,0.18375053577417558,80,-20.468761544441804,-20.468761544441804,0.25585951930552253,0.011010940186679363,0.0024925710167735815,1.0
stochastic_0_0,"(0-0,0-0)",stochastic,augmented_action_delay,Augmented (+action buffer + delay values),"(0,0)",0,0,0,0,1012000,12,34560,5,2.4255080512011236,0.18375053577417558,80,-20.934337529499317,-20.934337529499317,0.2616792191187415,0.01999768242239952,0.0004461327625904232,1.0
stochastic_0_0,"(0-0,0-0)",stochastic,augmented_action_delay,Augmented (+action buffer + delay values),"(0,0)",0,0,0,0,1012000,12,34560,6,2.4255080512011236,0.18375053577417558,80,-21.96307757915929,-21.96307757915929,0.27453846973949114,0.008926434442400932,0.0031967756804078817,1.0
stochastic_0_0,"(0-0,0-0)",stochastic,augmented_action_delay,Augmented (+action buffer + delay values),"(0,0)",0,0,0,0,1012000,12,34560,7,2.4255080512011236,0.18375053577417558,80,-24.14951993775321,-24.14951993775321,0.3018689992219151,0.002999886404722929,0.0008868281147442758,1.0
stochastic_0_0,"(0-0,0-0)",stochastic,augmented_action_delay,Augmented (+action buffer + delay values),"(0,0)",0,0,0,0,1013000,13,37440,0,2.4255080512011236,0.18375053577417558,80,-20.618016147753224,-20.618016147753224,0.2577252018469153,0.0069286455400288105,0.0016977349296212196,1.0
stochastic_0_0,"(0-0,0-0)",stochastic,augmented_action_delay,Augmented (+action buffer + delay values),"(0,0)",0,0,0,0,1013000,13,37440,1,2.4255080512011236,0.18375053577417558,80,-21.425431068171747,-21.425431068171747,0.2678178883521468,0.011817344464361668,0.0018633651779964566,1.0
stochastic_0_0,"(0-0,0-0)",stochastic,augmented_action_delay,Augmented (+action buffer + delay values),"(0,0)",0,0,0,0,1013000,13,37440,2,2.4255080512011236,0.18375053577417558,80,-24.261064978083596,-24.261064978083596,0.30326331222604497,0.014905450865626335,0.0024048343766480684,1.0
stochastic_0_0,"(0-0,0-0)",stochastic,augmented_action_delay,Augmented (+action buffer + delay values),"(0,0)",0,0,0,0,1013000,13,37440,3,2.4255080512011236,0.18375053577417558,80,-24.94568046927452,-24.94568046927452,0.31182100586593153,0.006674604956060648,0.0016598589718341827,1.0
stochastic_0_0,"(0-0,0-0)",stochastic,augmented_action_delay,Augmented (+action buffer + delay values),"(0,0)",0,0,0,0,1013000,13,37440,4,2.4255080512011236,0.18375053577417558,80,-19.521631757263094,-19.521631757263094,0.24402039696578867,0.01103870291262865,0.0015908901114016771,1.0
stochastic_0_0,"(0-0,0-0)",stochastic,augmented_action_delay,Augmented (+action buffer + delay values),"(0,0)",0,0,0,0,1013000,13,37440,5,2.4255080512011236,0.18375053577417558,80,-24.456316503463313,-24.456316503463313,0.3057039562932914,0.0107932323589921,0.002777443965896964,1.0
stochastic_0_0,"(0-0,0-0)",stochastic,augmented_action_delay,Augmented (+action buffer + delay values),"(0,0)",0,0,0,0,1013000,13,37440,6,2.4255080512011236,0.18375053577417558,80,-22.16079500433989,-22.16079500433989,0.27700993755424863,0.009609675034880638,0.0029718957375735044,1.0
stochastic_0_0,"(0-0,0-0)",stochastic,augmented_action_delay,Augmented (+action buffer + delay values),"(0,0)",0,0,0,0,1013000,13,37440,7,2.4255080512011236,0.18375053577417558,80,-20.384396840585396,-20.384396840585396,0.25480496050731744,0.0071876379661262035,0.0019613844342529774,1.0
stochastic_0_0,"(0-0,0-0)",stochastic,augmented_action_delay,Augmented (+action buffer + delay values),"(0,0)",0,0,0,0,1014000,14,40320,0,2.4255080512011236,0.18375053577417558,80,-24.50747306854464,-24.50747306854464,0.30634341335680804,0.011564780957996845,0.0010042311623692513,1.0
stochastic_0_0,"(0-0,0-0)",stochastic,augmented_action_delay,Augmented (+action buffer + delay values),"(0,0)",0,0,0,0,1014000,14,40320,1,2.4255080512011236,0.18375053577417558,80,-26.410602237912826,-26.410602237912826,0.33013252797391035,0.0317375510931015,0.0010286940960213542,1.0
stochastic_0_0,"(0-0,0-0)",stochastic,augmented_action_delay,Augmented (+action buffer + delay values),"(0,0)",0,0,0,0,1014000,14,40320,2,2.4255080512011236,0.18375053577417558,80,-21.41629857721273,-21.41629857721273,0.2677037322151591,0.014986356720328331,0.0007176505168899894,1.0
stochastic_0_0,"(0-0,0-0)",stochastic,augmented_action_delay,Augmented (+action buffer + delay values),"(0,0)",0,0,0,0,1014000,14,40320,3,2.4255080512011236,0.18375053577417558,80,-27.939345310325734,-27.939345310325734,0.3492418163790717,0.020110931247472763,0.001367836375720799,1.0
stochastic_0_0,"(0-0,0-0)",stochastic,augmented_action_delay,Augmented (+action buffer + delay values),"(0,0)",0,0,0,0,1014000,14,40320,4,2.4255080512011236,0.18375053577417558,80,-20.422518566949293,-20.422518566949293,0.2552814820868662,0.0029544613789767027,0.0013571931049227715,1.0
stochastic_0_0,"(0-0,0-0)",stochastic,augmented_action_delay,Augmented (+action buffer + delay values),"(0,0)",0,0,0,0,1014000,14,40320,5,2.4255080512011236,0.18375053577417558,80,-22.983228674624115,-22.983228674624115,0.28729035843280143,0.018674127757549286,0.001759946346282959,1.0
stochastic_0_0,"(0-0,0-0)",stochastic,augmented_action_delay,Augmented (+action buffer + delay values),"(0,0)",0,0,0,0,1014000,14,40320,6,2.4255080512011236,0.18375053577417558,80,-24.381012090481818,-24.381012090481818,0.30476265113102274,0.01782567799091339,0.003252145368605852,1.0
stochastic_0_0,"(0-0,0-0)",stochastic,augmented_action_delay,Augmented (+action buffer + delay values),"(0,0)",0,0,0,0,1014000,14,40320,7,2.4255080512011236,0.18375053577417558,80,-18.764404648623895,-18.764404648623895,0.2345550581077987,0.01249292679131031,0.0008702799095772207,1.0
stochastic_0_0,"(0-0,0-0)",stochastic,augmented_action_delay,Augmented (+action buffer + delay values),"(0,0)",0,0,0,0,1015000,15,43200,0,2.4255080512011236,0.18375053577417558,80,-23.89018406829564,-23.89018406829564,0.2986273008536955,0.016481660306453705,0.0004591105389408767,1.0
stochastic_0_0,"(0-0,0-0)",stochastic,augmented_action_delay,Augmented (+action buffer + delay values),"(0,0)",0,0,0,0,1015000,15,43200,1,2.4255080512011236,0.18375053577417558,80,-23.70248881563748,-23.70248881563748,0.2962811101954685,0.005329748149961233,7.134454062907025e-05,1.0
stochastic_0_0,"(0-0,0-0)",stochastic,augmented_action_delay,Augmented (+action buffer + delay values),"(0,0)",0,0,0,0,1015000,15,43200,2,2.4255080512011236,0.18375053577417558,80,-25.89975965290796,-25.89975965290796,0.3237469956613495,0.017110761255025864,0.001320711220614612,1.0
stochastic_0_0,"(0-0,0-0)",stochastic,augmented_action_delay,Augmented (+action buffer + delay values),"(0,0)",0,0,0,0,1015000,15,43200,3,2.4255080512011236,0.18375053577417558,80,-23.831477879313752,-23.831477879313752,0.2978934734914219,0.015299361199140549,0.0019229438621550798,1.0
stochastic_0_0,"(0-0,0-0)",stochastic,augmented_action_delay,Augmented (+action buffer + delay values),"(0,0)",0,0,0,0,1015000,15,43200,4,2.4255080512011236,0.18375053577417558,80,-19.581461157649755,-19.581461157649755,0.24476826447062194,0.007137332111597061,0.0031451734248548746,1.0
stochastic_0_0,"(0-0,0-0)",stochastic,augmented_action_delay,Augmented (+action buffer + delay values),"(0,0)",0,0,0,0,1015000,15,43200,5,2.4255080512011236,0.18375053577417558,80,-22.1277899556153,-22.1277899556153,0.2765973744451912,0.0047544073313474655,0.00034075582516379654,1.0
stochastic_0_0,"(0-0,0-0)",stochastic,augmented_action_delay,Augmented (+action buffer + delay values),"(0,0)",0,0,0,0,1015000,15,43200,6,2.4255080512011236,0.18375053577417558,80,-19.178535104030743,-19.178535104030743,0.23973168880038428,0.011980020441114902,0.0025749867781996727,1.0
stochastic_0_0,"(0-0,0-0)",stochastic,augmented_action_delay,Augmented (+action buffer + delay values),"(0,0)",0,0,0,0,1015000,15,43200,7,2.4255080512011236,0.18375053577417558,80,-20.754668374196626,-20.754668374196626,0.2594333546774578,0.013358251191675663,0.0012778918026015162,1.0
stochastic_0_0,"(0-0,0-0)",stochastic,augmented_action_delay,Augmented (+action buffer + delay values),"(0,0)",0,0,0,0,1016000,16,46080,0,2.4255080512011236,0.18375053577417558,80,-23.121767563279718,-23.121767563279718,0.2890220945409965,0.009104433469474316,0.004238222260028124,1.0
stochastic_0_0,"(0-0,0-0)",stochastic,augmented_action_delay,Augmented (+action buffer + delay values),"(0,0)",0,0,0,0,1016000,16,46080,1,2.4255080512011236,0.18375053577417558,80,-24.355457906611264,-24.355457906611264,0.3044432238326408,0.0014789619017392397,0.0014789619017392397,1.0
stochastic_0_0,"(0-0,0-0)",stochastic,augmented_action_delay,Augmented (+action buffer + delay values),"(0,0)",0,0,0,0,1016000,16,46080,2,2.4255080512011236,0.18375053577417558,80,-25.82890750048682,-25.82890750048682,0.3228613437560853,0.0038476712070405483,0.0023817801848053932,1.0
stochastic_0_0,"(0-0,0-0)",stochastic,augmented_action_delay,Augmented (+action buffer + delay values),"(0,0)",0,0,0,0,1016000,16,46080,3,2.4255080512011236,0.18375053577417558,80,-23.794168022228405,-23.794168022228405,0.29742710027785507,0.010180000215768814,0.0022978626657277346,1.0
stochastic_0_0,"(0-0,0-0)",stochastic,augmented_action_delay,Augmented (+action buffer + delay values),"(0,0)",0,0,0,0,1016000,16,46080,4,2.4255080512011236,0.18375053577417558,80,-21.162965548341163,-21.162965548341163,0.2645370693542645,0.013933651149272919,0.0018978723092004657,1.0
stochastic_0_0,"(0-0,0-0)",stochastic,augmented_action_delay,Augmented (+action buffer + delay values),"(0,0)",0,0,0,0,1016000,16,46080,5,2.4255080512011236,0.18375053577417558,80,-23.151366464793682,-23.151366464793682,0.289392080809921,0.013991319574415684,0.0017286166548728943,1.0
stochastic_0_0,"(0-0,0-0)",stochastic,augmented_action_delay,Augmented (+action buffer + delay values),"(0,0)",0,0,0,0,1016000,16,46080,6,2.4255080512011236,0.18375053577417558,80,-18.469651542429347,-18.469651542429347,0.23087064428036683,0.018929224461317062,0.00039729959098622203,1.0
stochastic_0_0,"(0-0,0-0)",stochastic,augmented_action_delay,Augmented (+action buffer + delay values),"(0,0)",0,0,0,0,1016000,16,46080,7,2.4255080512011236,0.18375053577417558,80,-23.43373381055426,-23.43373381055426,0.29292167263192825,0.018217913806438446,0.001190794282592833,1.0
stochastic_0_0,"(0-0,0-0)",stochastic,augmented_action_delay,Augmented (+action buffer + delay values),"(0,0)",0,0,0,0,1017000,17,48960,0,2.4255080512011236,0.18375053577417558,80,-24.327622786702705,-24.327622786702705,0.3040952848337838,0.014699114486575127,0.00018004119920078665,1.0
stochastic_0_0,"(0-0,0-0)",stochastic,augmented_action_delay,Augmented (+action buffer + delay values),"(0,0)",0,0,0,0,1017000,17,48960,1,2.4255080512011236,0.18375053577417558,80,-21.685095158754848,-21.685095158754848,0.2710636894844356,0.004713672678917646,0.0009962315671145916,1.0
stochastic_0_0,"(0-0,0-0)",stochastic,augmented_action_delay,Augmented (+action buffer + delay values),"(0,0)",0,0,0,0,1017000,17,48960,2,2.4255080512011236,0.18375053577417558,80,-22.03639788425062,-22.03639788425062,0.27545497355313275,0.018478013575077057,0.0013978033093735576,1.0
stochastic_0_0,"(0-0,0-0)",stochastic,augmented_action_delay,Augmented (+action buffer + delay values),"(0,0)",0,0,0,0,1017000,17,48960,3,2.4255080512011236,0.18375053577417558,80,-20.741770851891488,-20.741770851891488,0.2592721356486436,0.03011607751250267,0.0022604363039135933,1.0
stochastic_0_0,"(0-0,0-0)",stochastic,augmented_action_delay,Augmented (+action buffer + delay values),"(0,0)",0,0,0,0,1017000,17,48960,4,2.4255080512011236,0.18375053577417558,80,-17.33330622536596,-17.33330622536596,0.21666632781707448,0.005466768983751535,0.0010376863647252321,1.0
stochastic_0_0,"(0-0,0-0)",stochastic,augmented_action_delay,Augmented (+action buffer + delay values),"(0,0)",0,0,0,0,1017000,17,48960,5,2.4255080512011236,0.18375053577417558,80,-24.911909773363732,-24.911909773363732,0.31139887216704665,0.011401292867958546,0.0014586482429876924,1.0
stochastic_0_0,"(0-0,0-0)",stochastic,augmented_action_delay,Augmented (+action buffer + delay values),"(0,0)",0,0,0,0,1017000,17,48960,6,2.4255080512011236,0.18375053577417558,80,-27.092424172791652,-27.092424172791652,0.33865530215989564,0.00494168559089303,0.0005821828963235021,1.0
stochastic_0_0,"(0-0,0-0)",stochastic,augmented_action_delay,Augmented (+action buffer + delay values),"(0,0)",0,0,0,0,1017000,17,48960,7,2.4255080512011236,0.18375053577417558,80,-23.680550900055096,-23.680550900055096,0.2960068862506887,0.010729040019214153,0.0027508928906172514,1.0
stochastic_0_0,"(0-0,0-0)",stochastic,augmented_action_delay,Augmented (+action buffer + delay values),"(0,0)",0,0,0,0,1018000,18,51840,0,2.4255080512011236,0.18375053577417558,80,-21.570347934262827,-21.570347934262827,0.26962934917828535,0.00315460585989058,0.0009219062048941851,1.0
stochastic_0_0,"(0-0,0-0)",stochastic,augmented_action_delay,Augmented (+action buffer + delay values),"(0,0)",0,0,0,0,1018000,18,51840,1,2.4255080512011236,0.18375053577417558,80,-23.572219491936266,-23.572219491936266,0.29465274364920335,0.017139337956905365,0.002275989856570959,1.0
stochastic_0_0,"(0-0,0-0)",stochastic,augmented_action_delay,Augmented (+action buffer + delay values),"(0,0)",0,0,0,0,1018000,18,51840,2,2.4255080512011236,0.18375053577417558,80,-24.243189419154078,-24.243189419154078,0.303039867739426,0.0016055700834840536,0.0016055700834840536,1.0
stochastic_0_0,"(0-0,0-0)",stochastic,augmented_action_delay,Augmented (+action buffer + delay values),"(0,0)",0,0,0,0,1018000,18,51840,3,2.4255080512011236,0.18375053577417558,80,-19.132801022031344,-19.132801022031344,0.2391600127753918,0.01721433736383915,0.0010914849117398262,1.0
stochastic_0_0,"(0-0,0-0)",stochastic,augmented_action_delay,Augmented (+action buffer + delay values),"(0,0)",0,0,0,0,1018000,18,51840,4,2.4255080512011236,0.18375053577417558,80,-24.43309824366588,-24.43309824366588,0.3054137280458235,0.007340356707572937,0.001866043428890407,1.0
stochastic_0_0,"(0-0,0-0)",stochastic,augmented_action_delay,Augmented (+action buffer + delay values),"(0,0)",0,0,0,0,1018000,18,51840,5,2.4255080512011236,0.18375053577417558,80,-20.355835644935723,-20.355835644935723,0.25444794556169653,0.013158898800611496,0.000941644364502281,1.0
stochastic_0_0,"(0-0,0-0)",stochastic,augmented_action_delay,Augmented (+action buffer + delay values),"(0,0)",0,0,0,0,1018000,18,51840,6,2.4255080512011236,0.18375053577417558,80,-26.798621399560943,-26.798621399560943,0.3349827674945118,0.023084476590156555,0.003505029948428273,1.0
stochastic_0_0,"(0-0,0-0)",stochastic,augmented_action_delay,Augmented (+action buffer + delay values),"(0,0)",0,0,0,0,1018000,18,51840,7,2.4255080512011236,0.18375053577417558,80,-26.140982608892955,-26.140982608892955,0.3267622826111619,0.011014501564204693,0.0009895872790366411,1.0
stochastic_0_0,"(0-0,0-0)",stochastic,augmented_action_delay,Augmented (+action buffer + delay values),"(0,0)",0,0,0,0,1019000,19,54720,0,2.4255080512011236,0.18375053577417558,80,-20.505596697796136,-20.505596697796136,0.2563199587224517,0.013174799270927906,0.002290144329890609,1.0
stochastic_0_0,"(0-0,0-0)",stochastic,augmented_action_delay,Augmented (+action buffer + delay values),"(0,0)",0,0,0,0,1019000,19,54720,1,2.4255080512011236,0.18375053577417558,80,-20.44973311200738,-20.44973311200738,0.2556216639000922,0.02256017178297043,0.0023362389765679836,1.0
stochastic_0_0,"(0-0,0-0)",stochastic,augmented_action_delay,Augmented (+action buffer + delay values),"(0,0)",0,0,0,0,1019000,19,54720,2,2.4255080512011236,0.18375053577417558,80,-20.311825228156522,-20.311825228156522,0.25389781535195655,0.01046022493392229,0.0023619092535227537,1.0
stochastic_0_0,"(0-0,0-0)",stochastic,augmented_action_delay,Augmented (+action buffer + delay values),"(0,0)",0,0,0,0,1019000,19,54720,3,2.4255080512011236,0.18375053577417558,80,-20.062421077862382,-20.062421077862382,0.25078026347327975,0.006787651684135199,0.002181806368753314,1.0
stochastic_0_0,"(0-0,0-0)",stochastic,augmented_action_delay,Augmented (+action buffer + delay values),"(0,0)",0,0,0,0,1019000,19,54720,4,2.4255080512011236,0.18375053577417558,80,-24.35055687779095,-24.35055687779095,0.3043819609723869,0.021776076406240463,0.0015833930810913444,1.0
stochastic_0_0,"(0-0,0-0)",stochastic,augmented_action_delay,Augmented (+action buffer + delay values),"(0,0)",0,0,0,0,1019000,19,54720,5,2.4255080512011236,0.18375053577417558,80,-23.663402756676078,-23.663402756676078,0.295792534458451,0.010163823142647743,0.004465397913008928,1.0
stochastic_0_0,"(0-0,0-0)",stochastic,augmented_action_delay,Augmented (+action buffer + delay values),"(0,0)",0,0,0,0,1019000,19,54720,6,2.4255080512011236,0.18375053577417558,80,-20.697253185790032,-20.697253185790032,0.2587156648223754,0.009236731566488743,0.00279068760573864,1.0
stochastic_0_0,"(0-0,0-0)",stochastic,augmented_action_delay,Augmented (+action buffer + delay values),"(0,0)",0,0,0,0,1019000,19,54720,7,2.4255080512011236,0.18375053577417558,80,-21.00722525944002,-21.00722525944002,0.26259031574300024,0.02996060438454151,0.0013291146606206894,1.0
stochastic_0_0,"(0-0,0-0)",stochastic,augmented_action_delay,Augmented (+action buffer + delay values),"(0,0)",0,0,0,0,1020000,20,57600,0,2.5431449384412943,0.2047703521938821,80,-21.3071814046707,-21.3071814046707,0.26633976755838373,0.015118591487407684,0.0011246803915128112,1.0
stochastic_0_0,"(0-0,0-0)",stochastic,augmented_action_delay,Augmented (+action buffer + delay values),"(0,0)",0,0,0,0,1020000,20,57600,1,2.5431449384412943,0.2047703521938821,80,-25.562163711176254,-25.562163711176254,0.3195270463897032,0.014357277192175388,0.0009849739726632833,1.0
stochastic_0_0,"(0-0,0-0)",stochastic,augmented_action_delay,Augmented (+action buffer + delay values),"(0,0)",0,0,0,0,1020000,20,57600,2,2.5431449384412943,0.2047703521938821,80,-20.532101963530295,-20.532101963530295,0.25665127454412867,0.012462100014090538,0.0014659560984000564,1.0
stochastic_0_0,"(0-0,0-0)",stochastic,augmented_action_delay,Augmented (+action buffer + delay values),"(0,0)",0,0,0,0,1020000,20,57600,3,2.5431449384412943,0.2047703521938821,80,-24.849416774173733,-24.849416774173733,0.31061770967717167,0.012745748274028301,0.0008635925478301942,1.0
stochastic_0_0,"(0-0,0-0)",stochastic,augmented_action_delay,Augmented (+action buffer + delay values),"(0,0)",0,0,0,0,1020000,20,57600,4,2.5431449384412943,0.2047703521938821,80,-24.717929257138167,-24.717929257138167,0.30897411571422706,0.009158198721706867,0.0007907067774794996,1.0
stochastic_0_0,"(0-0,0-0)",stochastic,augmented_action_delay,Augmented (+action buffer + delay values),"(0,0)",0,0,0,0,1020000,20,57600,5,2.5431449384412943,0.2047703521938821,80,-21.02162696683081,-21.02162696683081,0.2627703370853851,0.012128910049796104,0.0007017150637693703,1.0
stochastic_0_0,"(0-0,0-0)",stochastic,augmented_action_delay,Augmented (+action buffer + delay values),"(0,0)",0,0,0,0,1020000,20,57600,6,2.5431449384412943,0.2047703521938821,80,-23.508849301491864,-23.508849301491864,0.2938606162686483,0.013474312610924244,0.0015440703136846423,1.0
stochastic_0_0,"(0-0,0-0)",stochastic,augmented_action_delay,Augmented (+action buffer + delay values),"(0,0)",0,0,0,0,1020000,20,57600,7,2.5431449384412943,0.2047703521938821,80,-24.764636024134234,-24.764636024134234,0.30955795030167793,0.009688119404017925,0.0017008811701089144,1.0
stochastic_0_0,"(0-0,0-0)",stochastic,augmented_action_delay,Augmented (+action buffer + delay values),"(0,0)",0,0,0,0,1021000,21,60480,0,2.5431449384412943,0.2047703521938821,80,-21.23169075755868,-21.23169075755868,0.2653961344694835,0.020260397344827652,0.0015472463564947248,1.0
stochastic_0_0,"(0-0,0-0)",stochastic,augmented_action_delay,Augmented (+action buffer + delay values),"(0,0)",0,0,0,0,1021000,21,60480,1,2.5431449384412943,0.2047703521938821,80,-23.377146106096916,-23.377146106096916,0.29221432632621147,0.00896813441067934,0.0017638822318986058,1.0
stochastic_0_0,"(0-0,0-0)",stochastic,augmented_action_delay,Augmented (+action buffer + delay values),"(0,0)",0,0,0,0,1021000,21,60480,2,2.5431449384412943,0.2047703521938821,80,-26.51073971448932,-26.51073971448932,0.33138424643111647,0.010296501219272614,0.0014117960818111897,1.0
stochastic_0_0,"(0-0,0-0)",stochastic,augmented_action_delay,Augmented (+action buffer + delay values),"(0,0)",0,0,0,0,1021000,21,60480,3,2.5431449384412943,0.2047703521938821,80,-22.65047023491934,-22.65047023491934,0.2831308779364917,0.009220200590789318,0.0048902807757258415,1.0
stochastic_0_0,"(0-0,0-0)",stochastic,augmented_action_delay,Augmented (+action buffer + delay values),"(0,0)",0,0,0,0,1021000,21,60480,4,2.5431449384412943,0.2047703521938821,80,-21.800051565747708,-21.800051565747708,0.27250064457184636,0.018623964861035347,0.004038895945996046,1.0
stochastic_0_0,"(0-0,0-0)",stochastic,augmented_action_delay,Augmented (+action buffer + delay values),"(0,0)",0,0,0,0,1021000,21,60480,5,2.5431449384412943,0.2047703521938821,80,-19.165946501889266,-19.165946501889266,0.23957433127361583,0.011421631090342999,0.0016142390668392181,1.0
stochastic_0_0,"(0-0,0-0)",stochastic,augmented_action_delay,Augmented (+action buffer + delay values),"(0,0)",0,0,0,0,1021000,21,60480,6,2.5431449384412943,0.2047703521938821,80,-20.653531675459817,-20.653531675459817,0.2581691459432477,0.02098306268453598,0.0016755295218899846,1.0
stochastic_0_0,"(0-0,0-0)",stochastic,augmented_action_delay,Augmented (+action buffer + delay values),"(0,0)",0,0,0,0,1021000,21,60480,7,2.5431449384412943,0.2047703521938821,80,-19.528359592077322,-19.528359592077322,0.24410449490096653,0.001277715084142983,0.001277715084142983,1.0
stochastic_0_0,"(0-0,0-0)",stochastic,augmented_action_delay,Augmented (+action buffer + delay values),"(0,0)",0,0,0,0,1022000,22,63360,0,2.5431449384412943,0.2047703521938821,80,-20.689833195181563,-20.689833195181563,0.2586229149397695,0.00846371240913868,0.0008551052305847406,1.0
stochastic_0_0,"(0-0,0-0)",stochastic,augmented_action_delay,Augmented (+action buffer + delay values),"(0,0)",0,0,0,0,1022000,22,63360,1,2.5431449384412943,0.2047703521938821,80,-20.02591298520565,-20.02591298520565,0.2503239123150706,0.010240194387733936,0.003912134561687708,1.0
stochastic_0_0,"(0-0,0-0)",stochastic,augmented_action_delay,Augmented (+action buffer + delay values),"(0,0)",0,0,0,0,1022000,22,63360,2,2.5431449384412943,0.2047703521938821,80,-24.58336944086477,-24.58336944086477,0.30729211801080963,0.006248414516448975,0.002527985256165266,1.0
stochastic_0_0,"(0-0,0-0)",stochastic,augmented_action_delay,Augmented (+action buffer + delay values),"(0,0)",0,0,0,0,1022000,22,63360,3,2.5431449384412943,0.2047703521938821,80,-18.579821803723462,-18.579821803723462,0.23224777254654327,0.0192766934633255,0.0012385689187794924,1.0
stochastic_0_0,"(0-0,0-0)",stochastic,augmented_action_delay,Augmented (+action buffer + delay values),"(0,0)",0,0,0,0,1022000,22,63360,4,2.5431449384412943,0.2047703521938821,80,-20.060297645861283,-20.060297645861283,0.25075372057326606,0.009061602875590324,0.0016772241797298193,1.0
stochastic_0_0,"(0-0,0-0)",stochastic,augmented_action_delay,Augmented (+action buffer + delay values),"(0,0)",0,0,0,0,1022000,22,63360,5,2.5431449384412943,0.2047703521938821,80,-19.733242271933705,-19.733242271933705,0.2466655283991713,0.008455980569124222,0.004554001148790121,1.0
stochastic_0_0,"(0-0,0-0)",stochastic,augmented_action_delay,Augmented (+action buffer + delay values),"(0,0)",0,0,0,0,1022000,22,63360,6,2.5431449384412943,0.2047703521938821,80,-21.791546448366717,-21.791546448366717,0.27239433060458396,0.014975190162658691,0.0017480850219726562,1.0
stochastic_0_0,"(0-0,0-0)",stochastic,augmented_action_delay,Augmented (+action buffer + delay values),"(0,0)",0,0,0,0,1022000,22,63360,7,2.5431449384412943,0.2047703521938821,80,-23.693061338737607,-23.693061338737607,0.2961632667342201,0.01659497804939747,0.003615211695432663,1.0
stochastic_0_0,"(0-0,0-0)",stochastic,augmented_action_delay,Augmented (+action buffer + delay values),"(0,0)",0,0,0,0,1023000,23,66240,0,2.5431449384412943,0.2047703521938821,80,-20.58830599708017,-20.58830599708017,0.2573538249635021,0.022625256329774857,0.0014630977530032396,1.0
stochastic_0_0,"(0-0,0-0)",stochastic,augmented_action_delay,Augmented (+action buffer + delay values),"(0,0)",0,0,0,0,1023000,23,66240,1,2.5431449384412943,0.2047703521938821,80,-26.18711634504143,-26.18711634504143,0.3273389543130179,0.014446983113884926,0.001682507456280291,1.0
stochastic_0_0,"(0-0,0-0)",stochastic,augmented_action_delay,Augmented (+action buffer + delay values),"(0,0)",0,0,0,0,1023000,23,66240,2,2.5431449384412943,0.2047703521938821,80,-24.708180458750576,-24.708180458750576,0.3088522557343822,0.0064247683621943,0.001213536597788334,1.0
stochastic_0_0,"(0-0,0-0)",stochastic,augmented_action_delay,Augmented (+action buffer + delay values),"(0,0)",0,0,0,0,1023000,23,66240,3,2.5431449384412943,0.2047703521938821,80,-20.968221992254257,-20.968221992254257,0.26210277490317824,0.012007121928036213,0.004059253726154566,1.0
stochastic_0_0,"(0-0,0-0)",stochastic,augmented_action_delay,Augmented (+action buffer + delay values),"(0,0)",0,0,0,0,1023000,23,66240,4,2.5431449384412943,0.2047703521938821,80,-20.924743804964237,-20.924743804964237,0.261559297562053,0.022156374529004097,0.001077966415323317,1.0
stochastic_0_0,"(0-0,0-0)",stochastic,augmented_action_delay,Augmented (+action buffer + delay values),"(0,0)",0,0,0,0,1023000,23,66240,5,2.5431449384412943,0.2047703521938821,80,-18.5574180141557,-18.5574180141557,0.23196772517694625,0.006808851379901171,0.0018303676042705774,1.0
stochastic_0_0,"(0-0,0-0)",stochastic,augmented_action_delay,Augmented (+action buffer + delay values),"(0,0)",0,0,0,0,1023000,23,66240,6,2.5431449384412943,0.2047703521938821,80,-21.79303625714965,-21.79303625714965,0.27241295321437065,0.008585235103964806,0.002029287163168192,1.0
stochastic_0_0,"(0-0,0-0)",stochastic,augmented_action_delay,Augmented (+action buffer + delay values),"(0,0)",0,0,0,0,1023000,23,66240,7,2.5431449384412943,0.2047703521938821,80,-21.926687879837118,-21.926687879837118,0.274083598497964,0.005473089404404163,0.0011113873915746808,1.0
stochastic_0_0,"(0-0,0-0)",stochastic,augmented_action_delay,Augmented (+action buffer + delay values),"(0,0)",0,0,0,0,1024000,24,69120,0,2.5431449384412943,0.2047703521938821,80,-23.69706790719647,-23.69706790719647,0.29621334883995587,0.012455231510102749,0.0017995339585468173,1.0
stochastic_0_0,"(0-0,0-0)",stochastic,augmented_action_delay,Augmented (+action buffer + delay values),"(0,0)",0,0,0,0,1024000,24,69120,1,2.5431449384412943,0.2047703521938821,80,-23.274892441928387,-23.274892441928387,0.29093615552410484,0.0056581199169158936,0.002615450182929635,1.0
stochastic_0_0,"(0-0,0-0)",stochastic,augmented_action_delay,Augmented (+action buffer + delay values),"(0,0)",0,0,0,0,1024000,24,69120,2,2.5431449384412943,0.2047703521938821,80,-21.601338067092,-21.601338067092,0.27001672583865,0.009602654725313187,0.0015673530288040638,1.0
stochastic_0_0,"(0-0,0-0)",stochastic,augmented_action_delay,Augmented (+action buffer + delay values),"(0,0)",0,0,0,0,1024000,24,69120,3,2.5431449384412943,0.2047703521938821,80,-22.97662178275641,-22.97662178275641,0.28720777228445515,0.00552855571731925,0.0019232603954151273,1.0
stochastic_0_0,"(0-0,0-0)",stochastic,augmented_action_delay,Augmented (+action buffer + delay values),"(0,0)",0,0,0,0,1024000,24,69120,4,2.5431449384412943,0.2047703521938821,80,-22.544592446414754,-22.544592446414754,0.2818074055801844,0.014787193387746811,0.0015703330282121897,1.0
stochastic_0_0,"(0-0,0-0)",stochastic,augmented_action_delay,Augmented (+action buffer + delay values),"(0,0)",0,0,0,0,1024000,24,69120,5,2.5431449384412943,0.2047703521938821,80,-24.695164221338928,-24.695164221338928,0.3086895527667366,0.008097494021058083,0.0013823702465742826,1.0
stochastic_0_0,"(0-0,0-0)",stochastic,augmented_action_delay,Augmented (+action buffer + delay values),"(0,0)",0,0,0,0,1024000,24,69120,6,2.5431449384412943,0.2047703521938821,80,-20.908914417261258,-20.908914417261258,0.26136143021576574,0.003444473724812269,0.00037970650009810925,1.0
stochastic_0_0,"(0-0,0-0)",stochastic,augmented_action_delay,Augmented (+action buffer + delay values),"(0,0)",0,0,0,0,1024000,24,69120,7,2.5431449384412943,0.2047703521938821,80,-17.548916048486717,-17.548916048486717,0.21936145060608397,0.01860073395073414,0.0017356894677504897,1.0
stochastic_0_0,"(0-0,0-0)",stochastic,augmented_action_delay,Augmented (+action buffer + delay values),"(0,0)",0,0,0,0,1100000,0,0,0,0.7592573860315994,0.2384058440442351,80,-32.27104413928464,-32.27104413928464,0.403388051741058,0.004939730744808912,0.004939730744808912,1.0
stochastic_0_0,"(0-0,0-0)",stochastic,augmented_action_delay,Augmented (+action buffer + delay values),"(0,0)",0,0,0,0,1100000,0,0,1,0.7592573860315994,0.2384058440442351,80,-26.757137228385545,-26.757137228385545,0.3344642153548193,0.014043721370398998,0.001535717980004847,1.0
stochastic_0_0,"(0-0,0-0)",stochastic,augmented_action_delay,Augmented (+action buffer + delay values),"(0,0)",0,0,0,0,1100000,0,0,2,0.7592573860315994,0.2384058440442351,80,-30.55742079950869,-30.55742079950869,0.3819677599938586,0.041425835341215134,0.014098209328949451,1.0
stochastic_0_0,"(0-0,0-0)",stochastic,augmented_action_delay,Augmented (+action buffer + delay values),"(0,0)",0,0,0,0,1100000,0,0,3,0.7592573860315994,0.2384058440442351,80,-34.30959830712527,-34.30959830712527,0.42886997883906586,0.024846279993653297,0.012354676611721516,1.0
stochastic_0_0,"(0-0,0-0)",stochastic,augmented_action_delay,Augmented (+action buffer + delay values),"(0,0)",0,0,0,0,1100000,0,0,4,0.7592573860315994,0.2384058440442351,80,-31.96692967833951,-31.96692967833951,0.3995866209792439,0.0024355724453926086,0.0024355724453926086,1.0
stochastic_0_0,"(0-0,0-0)",stochastic,augmented_action_delay,Augmented (+action buffer + delay values),"(0,0)",0,0,0,0,1100000,0,0,5,0.7592573860315994,0.2384058440442351,80,-35.14045196399093,-35.14045196399093,0.4392556495498866,0.042319826781749725,0.042319826781749725,1.0
stochastic_0_0,"(0-0,0-0)",stochastic,augmented_action_delay,Augmented (+action buffer + delay values),"(0,0)",0,0,0,0,1100000,0,0,6,0.7592573860315994,0.2384058440442351,80,-36.28521064123197,-36.28521064123197,0.45356513301539964,9.18806908885017e-05,9.18806908885017e-05,1.0
stochastic_0_0,"(0-0,0-0)",stochastic,augmented_action_delay,Augmented (+action buffer + delay values),"(0,0)",0,0,0,0,1100000,0,0,7,0.7592573860315994,0.2384058440442351,80,-35.34048915654421,-35.34048915654421,0.44175611445680263,0.03381199762225151,0.024500489234924316,1.0
stochastic_0_0,"(0-0,0-0)",stochastic,augmented_action_delay,Augmented (+action buffer + delay values),"(0,0)",0,0,0,0,1101000,1,2880,0,2.1608574241331837,0.5142979758609466,80,-19.09440419956809,-19.09440419956809,0.2386800524946011,0.010562640614807606,0.0007344874902628362,1.0
stochastic_0_0,"(0-0,0-0)",stochastic,augmented_action_delay,Augmented (+action buffer + delay values),"(0,0)",0,0,0,0,1101000,1,2880,1,2.1608574241331837,0.5142979758609466,80,-25.990002653270494,-25.990002653270494,0.3248750331658812,0.013412486761808395,0.0007032539579086006,1.0
stochastic_0_0,"(0-0,0-0)",stochastic,augmented_action_delay,Augmented (+action buffer + delay values),"(0,0)",0,0,0,0,1101000,1,2880,2,2.1608574241331837,0.5142979758609466,80,-22.979592057294212,-22.979592057294212,0.28724490071617764,0.014934077858924866,0.0013484081719070673,1.0
stochastic_0_0,"(0-0,0-0)",stochastic,augmented_action_delay,Augmented (+action buffer + delay values),"(0,0)",0,0,0,0,1101000,1,2880,3,2.1608574241331837,0.5142979758609466,80,-24.216289503732696,-24.216289503732696,0.3027036187966587,0.010843079537153244,0.0038236237596720457,1.0
stochastic_0_0,"(0-0,0-0)",stochastic,augmented_action_delay,Augmented (+action buffer + delay values),"(0,0)",0,0,0,0,1101000,1,2880,4,2.1608574241331837,0.5142979758609466,80,-21.214492957806215,-21.214492957806215,0.2651811619725777,0.01606273464858532,0.0020796284079551697,1.0
stochastic_0_0,"(0-0,0-0)",stochastic,augmented_action_delay,Augmented (+action buffer + delay values),"(0,0)",0,0,0,0,1101000,1,2880,5,2.1608574241331837,0.5142979758609466,80,-27.470023636473343,-27.470023636473343,0.3433752954559168,0.021175097674131393,0.002623974112793803,1.0
stochastic_0_0,"(0-0,0-0)",stochastic,augmented_action_delay,Augmented (+action buffer + delay values),"(0,0)",0,0,0,0,1101000,1,2880,6,2.1608574241331837,0.5142979758609466,80,-22.921727102715522,-22.921727102715522,0.286521588783944,0.004358538426458836,0.0024924804456532,1.0
stochastic_0_0,"(0-0,0-0)",stochastic,augmented_action_delay,Augmented (+action buffer + delay values),"(0,0)",0,0,0,0,1101000,1,2880,7,2.1608574241331837,0.5142979758609466,80,-22.77988611999899,-22.77988611999899,0.2847485764999874,0.004181676544249058,0.0022347699850797653,1.0
stochastic_0_0,"(0-0,0-0)",stochastic,augmented_action_delay,Augmented (+action buffer + delay values),"(0,0)",0,0,0,0,1102000,2,5760,0,2.7451948024124433,0.6548311035773383,80,-21.868529309984297,-21.868529309984297,0.2733566163748037,0.005836493335664272,0.001132884295657277,1.0
stochastic_0_0,"(0-0,0-0)",stochastic,augmented_action_delay,Augmented (+action buffer + delay values),"(0,0)",0,0,0,0,1102000,2,5760,1,2.7451948024124433,0.6548311035773383,80,-22.73032594891265,-22.73032594891265,0.2841290743614081,0.0009658533381298184,0.0007757482817396522,1.0
stochastic_0_0,"(0-0,0-0)",stochastic,augmented_action_delay,Augmented (+action buffer + delay values),"(0,0)",0,0,0,0,1102000,2,5760,2,2.7451948024124433,0.6548311035773383,80,-18.86933881533332,-18.86933881533332,0.2358667351916665,0.01028202474117279,0.003320601535961032,1.0
stochastic_0_0,"(0-0,0-0)",stochastic,augmented_action_delay,Augmented (+action buffer + delay values),"(0,0)",0,0,0,0,1102000,2,5760,3,2.7451948024124433,0.6548311035773383,80,-25.527137625496835,-25.527137625496835,0.31908922031871045,0.015329835005104542,0.001294712070375681,1.0
stochastic_0_0,"(0-0,0-0)",stochastic,augmented_action_delay,Augmented (+action buffer + delay values),"(0,0)",0,0,0,0,1102000,2,5760,4,2.7451948024124433,0.6548311035773383,80,-19.239853623555973,-19.239853623555973,0.24049817029444967,0.01265267375856638,0.002282956149429083,1.0
stochastic_0_0,"(0-0,0-0)",stochastic,augmented_action_delay,Augmented (+action buffer + delay values),"(0,0)",0,0,0,0,1102000,2,5760,5,2.7451948024124433,0.6548311035773383,80,-24.733801950584166,-24.733801950584166,0.3091725243823021,0.006813433486968279,0.0018906755140051246,1.0
stochastic_0_0,"(0-0,0-0)",stochastic,augmented_action_delay,Augmented (+action buffer + delay values),"(0,0)",0,0,0,0,1102000,2,5760,6,2.7451948024124433,0.6548311035773383,80,-20.313237133901566,-20.313237133901566,0.2539154641737696,0.014776178635656834,0.002002365654334426,1.0
stochastic_0_0,"(0-0,0-0)",stochastic,augmented_action_delay,Augmented (+action buffer + delay values),"(0,0)",0,0,0,0,1102000,2,5760,7,2.7451948024124433,0.6548311035773383,80,-18.183681066380814,-18.183681066380814,0.22729601332976018,0.0036088235210627317,0.001482395688071847,1.0
stochastic_0_0,"(0-0,0-0)",stochastic,augmented_action_delay,Augmented (+action buffer + delay values),"(0,0)",0,0,0,0,1103000,3,8640,0,2.7451948024124433,0.6548311035773383,80,-22.48410114319995,-22.48410114319995,0.2810512642899994,0.009644239209592342,0.0037616845220327377,1.0
stochastic_0_0,"(0-0,0-0)",stochastic,augmented_action_delay,Augmented (+action buffer + delay values),"(0,0)",0,0,0,0,1103000,3,8640,1,2.7451948024124433,0.6548311035773383,80,-24.10282002214808,-24.10282002214808,0.301285250276851,0.009978110902011395,0.000647646957077086,1.0
stochastic_0_0,"(0-0,0-0)",stochastic,augmented_action_delay,Augmented (+action buffer + delay values),"(0,0)",0,0,0,0,1103000,3,8640,2,2.7451948024124433,0.6548311035773383,80,-20.732146643684246,-20.732146643684246,0.25915183304605305,0.012267005629837513,0.0005057041998952627,1.0
stochastic_0_0,"(0-0,0-0)",stochastic,augmented_action_delay,Augmented (+action buffer + delay values),"(0,0)",0,0,0,0,1103000,3,8640,3,2.7451948024124433,0.6548311035773383,80,-20.569461419188883,-20.569461419188883,0.257118267739861,0.008257286623120308,0.0008617860148660839,1.0
stochastic_0_0,"(0-0,0-0)",stochastic,augmented_action_delay,Augmented (+action buffer + delay values),"(0,0)",0,0,0,0,1103000,3,8640,4,2.7451948024124433,0.6548311035773383,80,-22.137075713137165,-22.137075713137165,0.2767134464142146,0.014000998809933662,0.0016971260774880648,1.0
stochastic_0_0,"(0-0,0-0)",stochastic,augmented_action_delay,Augmented (+action buffer + delay values),"(0,0)",0,0,0,0,1103000,3,8640,5,2.7451948024124433,0.6548311035773383,80,-25.3110889128875,-25.3110889128875,0.31638861141109376,0.009831168688833714,0.000910298665985465,1.0
stochastic_0_0,"(0-0,0-0)",stochastic,augmented_action_delay,Augmented (+action buffer + delay values),"(0,0)",0,0,0,0,1103000,3,8640,6,2.7451948024124433,0.6548311035773383,80,-20.32588856096845,-20.32588856096845,0.25407360701210563,0.01049104519188404,0.0012976009165868163,1.0
stochastic_0_0,"(0-0,0-0)",stochastic,augmented_action_delay,Augmented (+action buffer + delay values),"(0,0)",0,0,0,0,1103000,3,8640,7,2.7451948024124433,0.6548311035773383,80,-20.236030745436437,-20.236030745436437,0.25295038431795547,0.007617578841745853,0.0017179121496155858,1.0
stochastic_0_0,"(0-0,0-0)",stochastic,augmented_action_delay,Augmented (+action buffer + delay values),"(0,0)",0,0,0,0,1104000,4,11520,0,2.7451948024124433,0.6548311035773383,80,-25.1261454540072,-25.1261454540072,0.31407681817509003,0.009992743842303753,0.0011777897598221898,1.0
stochastic_0_0,"(0-0,0-0)",stochastic,augmented_action_delay,Augmented (+action buffer + delay values),"(0,0)",0,0,0,0,1104000,4,11520,1,2.7451948024124433,0.6548311035773383,80,-23.049748088233173,-23.049748088233173,0.28812185110291466,0.00821011234074831,0.0022972985170781612,1.0
stochastic_0_0,"(0-0,0-0)",stochastic,augmented_action_delay,Augmented (+action buffer + delay values),"(0,0)",0,0,0,0,1104000,4,11520,2,2.7451948024124433,0.6548311035773383,80,-23.98628293426009,-23.98628293426009,0.2998285366782511,0.018823103979229927,0.0008308303658850491,1.0
stochastic_0_0,"(0-0,0-0)",stochastic,augmented_action_delay,Augmented (+action buffer + delay values),"(0,0)",0,0,0,0,1104000,4,11520,3,2.7451948024124433,0.6548311035773383,80,-24.83114191587083,-24.83114191587083,0.3103892739483854,0.013310244306921959,0.002600528998300433,1.0
stochastic_0_0,"(0-0,0-0)",stochastic,augmented_action_delay,Augmented (+action buffer + delay values),"(0,0)",0,0,0,0,1104000,4,11520,4,2.7451948024124433,0.6548311035773383,80,-21.660186114138924,-21.660186114138924,0.2707523264267365,0.00447499006986618,0.0016981778899207711,1.0
stochastic_0_0,"(0-0,0-0)",stochastic,augmented_action_delay,Augmented (+action buffer + delay values),"(0,0)",0,0,0,0,1104000,4,11520,5,2.7451948024124433,0.6548311035773383,80,-21.44972544547636,-21.44972544547636,0.2681215680684545,0.012999980710446835,0.0016519887140020728,1.0
stochastic_0_0,"(0-0,0-0)",stochastic,augmented_action_delay,Augmented (+action buffer + delay values),"(0,0)",0,0,0,0,1104000,4,11520,6,2.7451948024124433,0.6548311035773383,80,-21.564671048312448,-21.564671048312448,0.2695583881039056,0.017784232273697853,0.0010752097005024552,1.0
stochastic_0_0,"(0-0,0-0)",stochastic,augmented_action_delay,Augmented (+action buffer + delay values),"(0,0)",0,0,0,0,1104000,4,11520,7,2.7451948024124433,0.6548311035773383,80,-23.78416628576815,-23.78416628576815,0.2973020785721019,0.0066224355250597,0.0024777317885309458,1.0
stochastic_0_0,"(0-0,0-0)",stochastic,augmented_action_delay,Augmented (+action buffer + delay values),"(0,0)",0,0,0,0,1105000,5,14400,0,2.7451948024124433,0.6548311035773383,80,-17.68967855372466,-17.68967855372466,0.22112098192155827,0.009773475117981434,0.0011608513304963708,1.0
stochastic_0_0,"(0-0,0-0)",stochastic,augmented_action_delay,Augmented (+action buffer + delay values),"(0,0)",0,0,0,0,1105000,5,14400,1,2.7451948024124433,0.6548311035773383,80,-19.87421886238735,-19.87421886238735,0.2484277357798419,0.004591486416757107,0.0013735919492319226,1.0
stochastic_0_0,"(0-0,0-0)",stochastic,augmented_action_delay,Augmented (+action buffer + delay values),"(0,0)",0,0,0,0,1105000,5,14400,2,2.7451948024124433,0.6548311035773383,80,-21.414278723765165,-21.414278723765165,0.26767848404706457,0.005966465920209885,0.002684849314391613,1.0
stochastic_0_0,"(0-0,0-0)",stochastic,augmented_action_delay,Augmented (+action buffer + delay values),"(0,0)",0,0,0,0,1105000,5,14400,3,2.7451948024124433,0.6548311035773383,80,-28.136006237240508,-28.136006237240508,0.35170007796550634,0.012134636752307415,0.0009259170619770885,1.0
stochastic_0_0,"(0-0,0-0)",stochastic,augmented_action_delay,Augmented (+action buffer + delay values),"(0,0)",0,0,0,0,1105000,5,14400,4,2.7451948024124433,0.6548311035773383,80,-25.864363757078536,-25.864363757078536,0.3233045469634817,0.0023173794616013765,0.001347342156805098,1.0
stochastic_0_0,"(0-0,0-0)",stochastic,augmented_action_delay,Augmented (+action buffer + delay values),"(0,0)",0,0,0,0,1105000,5,14400,5,2.7451948024124433,0.6548311035773383,80,-26.8235069491202,-26.8235069491202,0.3352938368640025,0.013667304068803787,0.001897182664833963,1.0
stochastic_0_0,"(0-0,0-0)",stochastic,augmented_action_delay,Augmented (+action buffer + delay values),"(0,0)",0,0,0,0,1105000,5,14400,6,2.7451948024124433,0.6548311035773383,80,-22.710188376135193,-22.710188376135193,0.2838773547016899,0.013108759187161922,0.0008270667167380452,1.0
stochastic_0_0,"(0-0,0-0)",stochastic,augmented_action_delay,Augmented (+action buffer + delay values),"(0,0)",0,0,0,0,1105000,5,14400,7,2.7451948024124433,0.6548311035773383,80,-20.332565003831405,-20.332565003831405,0.25415706254789255,0.007867437787353992,0.0005030324100516737,1.0
stochastic_0_0,"(0-0,0-0)",stochastic,augmented_action_delay,Augmented (+action buffer + delay values),"(0,0)",0,0,0,0,1106000,6,17280,0,2.7451948024124433,0.6548311035773383,80,-23.552221892983653,-23.552221892983653,0.29440277366229567,0.0115553243085742,0.0011370583670213819,1.0
stochastic_0_0,"(0-0,0-0)",stochastic,augmented_action_delay,Augmented (+action buffer + delay values),"(0,0)",0,0,0,0,1106000,6,17280,1,2.7451948024124433,0.6548311035773383,80,-24.76690497295931,-24.76690497295931,0.3095863121619914,0.005492277443408966,0.004611199256032705,1.0
stochastic_0_0,"(0-0,0-0)",stochastic,augmented_action_delay,Augmented (+action buffer + delay values),"(0,0)",0,0,0,0,1106000,6,17280,2,2.7451948024124433,0.6548311035773383,80,-20.722966675879434,-20.722966675879434,0.2590370834484929,0.001685519004240632,0.001685519004240632,1.0
stochastic_0_0,"(0-0,0-0)",stochastic,augmented_action_delay,Augmented (+action buffer + delay values),"(0,0)",0,0,0,0,1106000,6,17280,3,2.7451948024124433,0.6548311035773383,80,-24.402046466246247,-24.402046466246247,0.30502558082807807,0.014292349107563496,0.0021518392022699118,1.0
stochastic_0_0,"(0-0,0-0)",stochastic,augmented_action_delay,Augmented (+action buffer + delay values),"(0,0)",0,0,0,0,1106000,6,17280,4,2.7451948024124433,0.6548311035773383,80,-25.550048776669428,-25.550048776669428,0.31937560970836787,0.015512309968471527,0.002185015007853508,1.0
stochastic_0_0,"(0-0,0-0)",stochastic,augmented_action_delay,Augmented (+action buffer + delay values),"(0,0)",0,0,0,0,1106000,6,17280,5,2.7451948024124433,0.6548311035773383,80,-27.760047940770164,-27.760047940770164,0.34700059925962706,0.0019973672460764647,0.0019493426661938429,1.0
stochastic_0_0,"(0-0,0-0)",stochastic,augmented_action_delay,Augmented (+action buffer + delay values),"(0,0)",0,0,0,0,1106000,6,17280,6,2.7451948024124433,0.6548311035773383,80,-16.805365548236296,-16.805365548236296,0.2100670693529537,0.002205729018896818,0.0021306572016328573,1.0
stochastic_0_0,"(0-0,0-0)",stochastic,augmented_action_delay,Augmented (+action buffer + delay values),"(0,0)",0,0,0,0,1106000,6,17280,7,2.7451948024124433,0.6548311035773383,80,-19.27558785211295,-19.27558785211295,0.24094484815141187,0.005053416360169649,0.0022355038672685623,1.0
stochastic_0_0,"(0-0,0-0)",stochastic,augmented_action_delay,Augmented (+action buffer + delay values),"(0,0)",0,0,0,0,1107000,7,20160,0,2.7451948024124433,0.6548311035773383,80,-22.723541473969817,-22.723541473969817,0.2840442684246227,0.018464626744389534,0.0009062723256647587,1.0
stochastic_0_0,"(0-0,0-0)",stochastic,augmented_action_delay,Augmented (+action buffer + delay values),"(0,0)",0,0,0,0,1107000,7,20160,1,2.7451948024124433,0.6548311035773383,80,-19.209768902044743,-19.209768902044743,0.2401221112755593,0.017851637676358223,0.002677045064046979,1.0
stochastic_0_0,"(0-0,0-0)",stochastic,augmented_action_delay,Augmented (+action buffer + delay values),"(0,0)",0,0,0,0,1107000,7,20160,2,2.7451948024124433,0.6548311035773383,80,-23.658005334204063,-23.658005334204063,0.2957250666775508,0.0017702088225632906,0.0008425485575571656,1.0
stochastic_0_0,"(0-0,0-0)",stochastic,augmented_action_delay,Augmented (+action buffer + delay values),"(0,0)",0,0,0,0,1107000,7,20160,3,2.7451948024124433,0.6548311035773383,80,-22.65054038798553,-22.65054038798553,0.2831317548498191,0.0014815329341217875,0.000326571665937081,1.0
stochastic_0_0,"(0-0,0-0)",stochastic,augmented_action_delay,Augmented (+action buffer + delay values),"(0,0)",0,0,0,0,1107000,7,20160,4,2.7451948024124433,0.6548311035773383,80,-26.07111196871847,-26.07111196871847,0.3258888996089809,0.011569402180612087,0.0022361173760145903,1.0
stochastic_0_0,"(0-0,0-0)",stochastic,augmented_action_delay,Augmented (+action buffer + delay values),"(0,0)",0,0,0,0,1107000,7,20160,5,2.7451948024124433,0.6548311035773383,80,-26.689093358349055,-26.689093358349055,0.3336136669793632,0.008944017812609673,0.0009502884931862354,1.0
stochastic_0_0,"(0-0,0-0)",stochastic,augmented_action_delay,Augmented (+action buffer + delay values),"(0,0)",0,0,0,0,1107000,7,20160,6,2.7451948024124433,0.6548311035773383,80,-24.123707629041746,-24.123707629041746,0.30154634536302183,0.011129307560622692,0.001890106825158,1.0
stochastic_0_0,"(0-0,0-0)",stochastic,augmented_action_delay,Augmented (+action buffer + delay values),"(0,0)",0,0,0,0,1107000,7,20160,7,2.7451948024124433,0.6548311035773383,80,-24.67869486194104,-24.67869486194104,0.308483685774263,0.004124235827475786,0.004124235827475786,1.0
stochastic_0_0,"(0-0,0-0)",stochastic,augmented_action_delay,Augmented (+action buffer + delay values),"(0,0)",0,0,0,0,1108000,8,23040,0,2.7451948024124433,0.6548311035773383,80,-18.299259584280662,-18.299259584280662,0.22874074480350828,0.020002972334623337,0.0014797340845689178,1.0
stochastic_0_0,"(0-0,0-0)",stochastic,augmented_action_delay,Augmented (+action buffer + delay values),"(0,0)",0,0,0,0,1108000,8,23040,1,2.7451948024124433,0.6548311035773383,80,-21.09183312690584,-21.09183312690584,0.263647914086323,0.01629376783967018,0.0006667775451205671,1.0
stochastic_0_0,"(0-0,0-0)",stochastic,augmented_action_delay,Augmented (+action buffer + delay values),"(0,0)",0,0,0,0,1108000,8,23040,2,2.7451948024124433,0.6548311035773383,80,-22.4942939580651,-22.4942939580651,0.28117867447581374,0.01136759202927351,0.0017035937635228038,1.0
stochastic_0_0,"(0-0,0-0)",stochastic,augmented_action_delay,Augmented (+action buffer + delay values),"(0,0)",0,0,0,0,1108000,8,23040,3,2.7451948024124433,0.6548311035773383,80,-21.63862494204659,-21.63862494204659,0.27048281177558237,0.010943002067506313,0.00145787897054106,1.0
stochastic_0_0,"(0-0,0-0)",stochastic,augmented_action_delay,Augmented (+action buffer + delay values),"(0,0)",0,0,0,0,1108000,8,23040,4,2.7451948024124433,0.6548311035773383,80,-21.343983294791542,-21.343983294791542,0.2667997911848943,0.017033087089657784,0.001697760191746056,1.0
stochastic_0_0,"(0-0,0-0)",stochastic,augmented_action_delay,Augmented (+action buffer + delay values),"(0,0)",0,0,0,0,1108000,8,23040,5,2.7451948024124433,0.6548311035773383,80,-21.189221215900034,-21.189221215900034,0.2648652651987504,0.012863527052104473,0.0012922377791255713,1.0
stochastic_0_0,"(0-0,0-0)",stochastic,augmented_action_delay,Augmented (+action buffer + delay values),"(0,0)",0,0,0,0,1108000,8,23040,6,2.7451948024124433,0.6548311035773383,80,-22.234427482355386,-22.234427482355386,0.27793034352944235,0.02496934123337269,0.0017356510506942868,1.0
stochastic_0_0,"(0-0,0-0)",stochastic,augmented_action_delay,Augmented (+action buffer + delay values),"(0,0)",0,0,0,0,1108000,8,23040,7,2.7451948024124433,0.6548311035773383,80,-20.488980027555954,-20.488980027555954,0.2561122503444494,0.006396182347089052,0.000936185650061816,1.0
stochastic_0_0,"(0-0,0-0)",stochastic,augmented_action_delay,Augmented (+action buffer + delay values),"(0,0)",0,0,0,0,1109000,9,25920,0,2.7451948024124433,0.6548311035773383,80,-20.696454653399996,-20.696454653399996,0.2587056831675,0.007193058729171753,0.0009968121303245425,1.0
stochastic_0_0,"(0-0,0-0)",stochastic,augmented_action_delay,Augmented (+action buffer + delay values),"(0,0)",0,0,0,0,1109000,9,25920,1,2.7451948024124433,0.6548311035773383,80,-23.848149375524372,-23.848149375524372,0.2981018671940546,0.003821374848484993,0.001013760338537395,1.0
stochastic_0_0,"(0-0,0-0)",stochastic,augmented_action_delay,Augmented (+action buffer + delay values),"(0,0)",0,0,0,0,1109000,9,25920,2,2.7451948024124433,0.6548311035773383,80,-20.664317916322034,-20.664317916322034,0.25830397395402543,0.006436052266508341,0.0003531280090101063,1.0
stochastic_0_0,"(0-0,0-0)",stochastic,augmented_action_delay,Augmented (+action buffer + delay values),"(0,0)",0,0,0,0,1109000,9,25920,3,2.7451948024124433,0.6548311035773383,80,-20.61180567368865,-20.61180567368865,0.2576475709211081,0.006719285622239113,0.004470651037991047,1.0
stochastic_0_0,"(0-0,0-0)",stochastic,augmented_action_delay,Augmented (+action buffer + delay values),"(0,0)",0,0,0,0,1109000,9,25920,4,2.7451948024124433,0.6548311035773383,80,-21.181838325690478,-21.181838325690478,0.26477297907113095,0.009718416258692741,0.0023281138855963945,1.0
stochastic_0_0,"(0-0,0-0)",stochastic,augmented_action_delay,Augmented (+action buffer + delay values),"(0,0)",0,0,0,0,1109000,9,25920,5,2.7451948024124433,0.6548311035773383,80,-19.821365360578056,-19.821365360578056,0.2477670670072257,0.013659064657986164,0.0005316833849065006,1.0
stochastic_0_0,"(0-0,0-0)",stochastic,augmented_action_delay,Augmented (+action buffer + delay values),"(0,0)",0,0,0,0,1109000,9,25920,6,2.7451948024124433,0.6548311035773383,80,-25.49913335661404,-25.49913335661404,0.31873916695767546,0.013564368709921837,0.0019728054758161306,1.0
stochastic_0_0,"(0-0,0-0)",stochastic,augmented_action_delay,Augmented (+action buffer + delay values),"(0,0)",0,0,0,0,1109000,9,25920,7,2.7451948024124433,0.6548311035773383,80,-24.01372054743115,-24.01372054743115,0.30017150684288935,0.016154488548636436,0.0016232162015512586,1.0
stochastic_0_0,"(0-0,0-0)",stochastic,augmented_action_delay,Augmented (+action buffer + delay values),"(0,0)",0,0,0,0,1110000,10,28800,0,2.7451948024124433,0.6548311035773383,80,-18.89164101611823,-18.89164101611823,0.23614551270147785,0.01713799685239792,0.003910812549293041,1.0
stochastic_0_0,"(0-0,0-0)",stochastic,augmented_action_delay,Augmented (+action buffer + delay values),"(0,0)",0,0,0,0,1110000,10,28800,1,2.7451948024124433,0.6548311035773383,80,-21.040584062808193,-21.040584062808193,0.2630073007851024,0.014730503782629967,0.001019880292005837,1.0
stochastic_0_0,"(0-0,0-0)",stochastic,augmented_action_delay,Augmented (+action buffer + delay values),"(0,0)",0,0,0,0,1110000,10,28800,2,2.7451948024124433,0.6548311035773383,80,-20.183959393645637,-20.183959393645637,0.2522994924205705,0.009686609730124474,0.0013039143523201346,1.0
stochastic_0_0,"(0-0,0-0)",stochastic,augmented_action_delay,Augmented (+action buffer + delay values),"(0,0)",0,0,0,0,1110000,10,28800,3,2.7451948024124433,0.6548311035773383,80,-23.60276334977243,-23.60276334977243,0.2950345418721554,0.005497948732227087,0.001648953533731401,1.0
stochastic_0_0,"(0-0,0-0)",stochastic,augmented_action_delay,Augmented (+action buffer + delay values),"(0,0)",0,0,0,0,1110000,10,28800,4,2.7451948024124433,0.6548311035773383,80,-21.704567584441975,-21.704567584441975,0.2713070948055247,0.02388606406748295,0.0034108555410057306,1.0
stochastic_0_0,"(0-0,0-0)",stochastic,augmented_action_delay,Augmented (+action buffer + delay values),"(0,0)",0,0,0,0,1110000,10,28800,5,2.7451948024124433,0.6548311035773383,80,-21.550433352123946,-21.550433352123946,0.26938041690154935,0.01137776393443346,0.001537746051326394,1.0
stochastic_0_0,"(0-0,0-0)",stochastic,augmented_action_delay,Augmented (+action buffer + delay values),"(0,0)",0,0,0,0,1110000,10,28800,6,2.7451948024124433,0.6548311035773383,80,-22.319576010049786,-22.319576010049786,0.27899470012562233,0.00629808846861124,0.0007938986527733505,1.0
stochastic_0_0,"(0-0,0-0)",stochastic,augmented_action_delay,Augmented (+action buffer + delay values),"(0,0)",0,0,0,0,1110000,10,28800,7,2.7451948024124433,0.6548311035773383,80,-25.08825226186309,-25.08825226186309,0.31360315327328864,0.015137364156544209,0.0014728253008797765,1.0
stochastic_0_0,"(0-0,0-0)",stochastic,augmented_action_delay,Augmented (+action buffer + delay values),"(0,0)",0,0,0,0,1111000,11,31680,0,2.7451948024124433,0.6548311035773383,80,-21.913993957743514,-21.913993957743514,0.27392492447179395,0.005845511332154274,0.0007064991514198482,1.0
stochastic_0_0,"(0-0,0-0)",stochastic,augmented_action_delay,Augmented (+action buffer + delay values),"(0,0)",0,0,0,0,1111000,11,31680,1,2.7451948024124433,0.6548311035773383,80,-27.362584342248738,-27.362584342248738,0.3420323042781092,0.007146459072828293,0.0026960610412061214,1.0
stochastic_0_0,"(0-0,0-0)",stochastic,augmented_action_delay,Augmented (+action buffer + delay values),"(0,0)",0,0,0,0,1111000,11,31680,2,2.7451948024124433,0.6548311035773383,80,-26.36890868388582,-26.36890868388582,0.32961135854857276,0.009883120656013489,0.0017487158766016364,1.0
stochastic_0_0,"(0-0,0-0)",stochastic,augmented_action_delay,Augmented (+action buffer + delay values),"(0,0)",0,0,0,0,1111000,11,31680,3,2.7451948024124433,0.6548311035773383,80,-25.12078004446812,-25.12078004446812,0.3140097505558515,0.020653946325182915,0.0010844209464266896,1.0
stochastic_0_0,"(0-0,0-0)",stochastic,augmented_action_delay,Augmented (+action buffer + delay values),"(0,0)",0,0,0,0,1111000,11,31680,4,2.7451948024124433,0.6548311035773383,80,-20.534744104370475,-20.534744104370475,0.25668430130463094,0.016055148094892502,0.0011556290555745363,1.0
stochastic_0_0,"(0-0,0-0)",stochastic,augmented_action_delay,Augmented (+action buffer + delay values),"(0,0)",0,0,0,0,1111000,11,31680,5,2.7451948024124433,0.6548311035773383,80,-26.569184927328024,-26.569184927328024,0.3321148115916003,0.008085828274488449,0.000695200462359935,1.0
stochastic_0_0,"(0-0,0-0)",stochastic,augmented_action_delay,Augmented (+action buffer + delay values),"(0,0)",0,0,0,0,1111000,11,31680,6,2.7451948024124433,0.6548311035773383,80,-24.099120101542212,-24.099120101542212,0.30123900126927766,0.014239568263292313,0.000977225019596517,1.0
stochastic_0_0,"(0-0,0-0)",stochastic,augmented_action_delay,Augmented (+action buffer + delay values),"(0,0)",0,0,0,0,1111000,11,31680,7,2.7451948024124433,0.6548311035773383,80,-27.406872975756414,-27.406872975756414,0.34258591219695517,0.013433954678475857,0.001259636483155191,1.0
stochastic_0_0,"(0-0,0-0)",stochastic,augmented_action_delay,Augmented (+action buffer + delay values),"(0,0)",0,0,0,0,1112000,12,34560,0,2.7451948024124433,0.6548311035773383,80,-23.54869750456419,-23.54869750456419,0.29435871880705233,0.005107374396175146,0.0019072560826316476,1.0
stochastic_0_0,"(0-0,0-0)",stochastic,augmented_action_delay,Augmented (+action buffer + delay values),"(0,0)",0,0,0,0,1112000,12,34560,1,2.7451948024124433,0.6548311035773383,80,-24.217935128952377,-24.217935128952377,0.3027241891119047,0.010077683255076408,0.0018273155437782407,1.0
stochastic_0_0,"(0-0,0-0)",stochastic,augmented_action_delay,Augmented (+action buffer + delay values),"(0,0)",0,0,0,0,1112000,12,34560,2,2.7451948024124433,0.6548311035773383,80,-23.336100092506967,-23.336100092506967,0.2917012511563371,0.010324489325284958,0.0017770208651199937,1.0
stochastic_0_0,"(0-0,0-0)",stochastic,augmented_action_delay,Augmented (+action buffer + delay values),"(0,0)",0,0,0,0,1112000,12,34560,3,2.7451948024124433,0.6548311035773383,80,-21.08754988736473,-21.08754988736473,0.2635943735920591,0.005030632484704256,0.00105387344956398,1.0
stochastic_0_0,"(0-0,0-0)",stochastic,augmented_action_delay,Augmented (+action buffer + delay values),"(0,0)",0,0,0,0,1112000,12,34560,4,2.7451948024124433,0.6548311035773383,80,-24.112674054398667,-24.112674054398667,0.3014084256799833,0.003838261356577277,0.000855355232488364,1.0
stochastic_0_0,"(0-0,0-0)",stochastic,augmented_action_delay,Augmented (+action buffer + delay values),"(0,0)",0,0,0,0,1112000,12,34560,5,2.7451948024124433,0.6548311035773383,80,-27.505995164450724,-27.505995164450724,0.34382493955563403,0.010622135363519192,0.0005466007278300822,1.0
stochastic_0_0,"(0-0,0-0)",stochastic,augmented_action_delay,Augmented (+action buffer + delay values),"(0,0)",0,0,0,0,1112000,12,34560,6,2.7451948024124433,0.6548311035773383,80,-22.601982068270445,-22.601982068270445,0.28252477585338054,0.02210659720003605,0.001382550224661827,1.0
stochastic_0_0,"(0-0,0-0)",stochastic,augmented_action_delay,Augmented (+action buffer + delay values),"(0,0)",0,0,0,0,1112000,12,34560,7,2.7451948024124433,0.6548311035773383,80,-24.217913086526096,-24.217913086526096,0.3027239135815762,0.021721065044403076,0.00208044471219182,1.0
stochastic_0_0,"(0-0,0-0)",stochastic,augmented_action_delay,Augmented (+action buffer + delay values),"(0,0)",0,0,0,0,1113000,13,37440,0,2.7451948024124433,0.6548311035773383,80,-21.584122999571264,-21.584122999571264,0.2698015374946408,0.011120641604065895,0.005609845742583275,1.0
stochastic_0_0,"(0-0,0-0)",stochastic,augmented_action_delay,Augmented (+action buffer + delay values),"(0,0)",0,0,0,0,1113000,13,37440,1,2.7451948024124433,0.6548311035773383,80,-23.38430301717017,-23.38430301717017,0.2923037877146271,0.004423905164003372,0.001179233775474131,1.0
stochastic_0_0,"(0-0,0-0)",stochastic,augmented_action_delay,Augmented (+action buffer + delay values),"(0,0)",0,0,0,0,1113000,13,37440,2,2.7451948024124433,0.6548311035773383,80,-22.37108590680873,-22.37108590680873,0.27963857383510915,0.004196100868284702,0.000715597125235945,1.0
stochastic_0_0,"(0-0,0-0)",stochastic,augmented_action_delay,Augmented (+action buffer + delay values),"(0,0)",0,0,0,0,1113000,13,37440,3,2.7451948024124433,0.6548311035773383,80,-20.61244208109565,-20.61244208109565,0.2576555260136956,0.028083011507987976,0.0021227181423455477,1.0
stochastic_0_0,"(0-0,0-0)",stochastic,augmented_action_delay,Augmented (+action buffer + delay values),"(0,0)",0,0,0,0,1113000,13,37440,4,2.7451948024124433,0.6548311035773383,80,-22.693448578356765,-22.693448578356765,0.28366810722945957,0.014490876346826553,0.0016218050150200725,1.0
stochastic_0_0,"(0-0,0-0)",stochastic,augmented_action_delay,Augmented (+action buffer + delay values),"(0,0)",0,0,0,0,1113000,13,37440,5,2.7451948024124433,0.6548311035773383,80,-25.761569029302336,-25.761569029302336,0.3220196128662792,0.01394219882786274,0.00017127289902418852,1.0
stochastic_0_0,"(0-0,0-0)",stochastic,augmented_action_delay,Augmented (+action buffer + delay values),"(0,0)",0,0,0,0,1113000,13,37440,6,2.7451948024124433,0.6548311035773383,80,-24.01252036925871,-24.01252036925871,0.30015650461573384,0.013130515813827515,0.0009654845343902707,1.0
stochastic_0_0,"(0-0,0-0)",stochastic,augmented_action_delay,Augmented (+action buffer + delay values),"(0,0)",0,0,0,0,1113000,13,37440,7,2.7451948024124433,0.6548311035773383,80,-24.993764987855684,-24.993764987855684,0.31242206234819603,0.015323151834309101,0.0009438911802135408,1.0
stochastic_0_0,"(0-0,0-0)",stochastic,augmented_action_delay,Augmented (+action buffer + delay values),"(0,0)",0,0,0,0,1114000,14,40320,0,2.7451948024124433,0.6548311035773383,80,-18.451869095559232,-18.451869095559232,0.2306483636944904,0.007336713839322329,0.0017230975208804011,1.0
stochastic_0_0,"(0-0,0-0)",stochastic,augmented_action_delay,Augmented (+action buffer + delay values),"(0,0)",0,0,0,0,1114000,14,40320,1,2.7451948024124433,0.6548311035773383,80,-20.993446174194105,-20.993446174194105,0.2624180771774263,0.015717225149273872,0.00157716975081712,1.0
stochastic_0_0,"(0-0,0-0)",stochastic,augmented_action_delay,Augmented (+action buffer + delay values),"(0,0)",0,0,0,0,1114000,14,40320,2,2.7451948024124433,0.6548311035773383,80,-24.021600239444524,-24.021600239444524,0.30027000299305656,0.01266538631170988,0.0022689281031489372,1.0
stochastic_0_0,"(0-0,0-0)",stochastic,augmented_action_delay,Augmented (+action buffer + delay values),"(0,0)",0,0,0,0,1114000,14,40320,3,2.7451948024124433,0.6548311035773383,80,-21.35125964746112,-21.35125964746112,0.266890745593264,0.013575746677815914,0.0009243359672836959,1.0
stochastic_0_0,"(0-0,0-0)",stochastic,augmented_action_delay,Augmented (+action buffer + delay values),"(0,0)",0,0,0,0,1114000,14,40320,4,2.7451948024124433,0.6548311035773383,80,-19.551407793769613,-19.551407793769613,0.24439259742212016,0.0055334861390292645,0.0024330713786184788,1.0
stochastic_0_0,"(0-0,0-0)",stochastic,augmented_action_delay,Augmented (+action buffer + delay values),"(0,0)",0,0,0,0,1114000,14,40320,5,2.7451948024124433,0.6548311035773383,80,-17.843006922514178,-17.843006922514178,0.22303758653142722,0.00839606299996376,0.001738147926516831,1.0
stochastic_0_0,"(0-0,0-0)",stochastic,augmented_action_delay,Augmented (+action buffer + delay values),"(0,0)",0,0,0,0,1114000,14,40320,6,2.7451948024124433,0.6548311035773383,80,-25.198875634232536,-25.198875634232536,0.3149859454279067,0.013516285456717014,0.0015047092456370592,1.0
stochastic_0_0,"(0-0,0-0)",stochastic,augmented_action_delay,Augmented (+action buffer + delay values),"(0,0)",0,0,0,0,1114000,14,40320,7,2.7451948024124433,0.6548311035773383,80,-20.86964576889295,-20.86964576889295,0.2608705721111619,0.009671579115092754,0.0014116315869614482,1.0
stochastic_0_0,"(0-0,0-0)",stochastic,augmented_action_delay,Augmented (+action buffer + delay values),"(0,0)",0,0,0,0,1115000,15,43200,0,2.7451948024124433,0.6548311035773383,80,-24.935429529985413,-24.935429529985413,0.31169286912481764,0.010771230794489384,0.001779451034963131,1.0
stochastic_0_0,"(0-0,0-0)",stochastic,augmented_action_delay,Augmented (+action buffer + delay values),"(0,0)",0,0,0,0,1115000,15,43200,1,2.7451948024124433,0.6548311035773383,80,-24.96805798180867,-24.96805798180867,0.31210072477260836,0.017546234652400017,0.0013989496510475874,1.0
stochastic_0_0,"(0-0,0-0)",stochastic,augmented_action_delay,Augmented (+action buffer + delay values),"(0,0)",0,0,0,0,1115000,15,43200,2,2.7451948024124433,0.6548311035773383,80,-19.843492393381894,-19.843492393381894,0.24804365491727368,0.004365467466413975,0.002616340760141611,1.0
stochastic_0_0,"(0-0,0-0)",stochastic,augmented_action_delay,Augmented (+action buffer + delay values),"(0,0)",0,0,0,0,1115000,15,43200,3,2.7451948024124433,0.6548311035773383,80,-22.319035931373946,-22.319035931373946,0.27898794914217434,0.004164726939052343,0.0006898419233039021,1.0
stochastic_0_0,"(0-0,0-0)",stochastic,augmented_action_delay,Augmented (+action buffer + delay values),"(0,0)",0,0,0,0,1115000,15,43200,4,2.7451948024124433,0.6548311035773383,80,-19.44528849166818,-19.44528849166818,0.24306610614585225,0.005302841775119305,0.0015308010624721646,1.0
stochastic_0_0,"(0-0,0-0)",stochastic,augmented_action_delay,Augmented (+action buffer + delay values),"(0,0)",0,0,0,0,1115000,15,43200,5,2.7451948024124433,0.6548311035773383,80,-23.37002746501821,-23.37002746501821,0.29212534331272766,0.0070022642612457275,0.00022733464720658958,1.0
stochastic_0_0,"(0-0,0-0)",stochastic,augmented_action_delay,Augmented (+action buffer + delay values),"(0,0)",0,0,0,0,1115000,15,43200,6,2.7451948024124433,0.6548311035773383,80,-23.007454856764525,-23.007454856764525,0.28759318570955655,0.007236589211970568,0.00017820694483816624,1.0
stochastic_0_0,"(0-0,0-0)",stochastic,augmented_action_delay,Augmented (+action buffer + delay values),"(0,0)",0,0,0,0,1115000,15,43200,7,2.7451948024124433,0.6548311035773383,80,-19.87002162123099,-19.87002162123099,0.24837527026538736,0.019701039418578148,0.0039655365981161594,1.0
stochastic_0_0,"(0-0,0-0)",stochastic,augmented_action_delay,Augmented (+action buffer + delay values),"(0,0)",0,0,0,0,1116000,16,46080,0,2.7451948024124433,0.6548311035773383,80,-18.435169491218403,-18.435169491218403,0.23043961864023005,0.015489444136619568,0.0008804247481748462,1.0
stochastic_0_0,"(0-0,0-0)",stochastic,augmented_action_delay,Augmented (+action buffer + delay values),"(0,0)",0,0,0,0,1116000,16,46080,1,2.7451948024124433,0.6548311035773383,80,-21.79532180703245,-21.79532180703245,0.27244152258790566,0.008966916240751743,0.0013499936321750283,1.0
stochastic_0_0,"(0-0,0-0)",stochastic,augmented_action_delay,Augmented (+action buffer + delay values),"(0,0)",0,0,0,0,1116000,16,46080,2,2.7451948024124433,0.6548311035773383,80,-22.394199518603273,-22.394199518603273,0.2799274939825409,0.017727205529808998,0.0005955217638984323,1.0
stochastic_0_0,"(0-0,0-0)",stochastic,augmented_action_delay,Augmented (+action buffer + delay values),"(0,0)",0,0,0,0,1116000,16,46080,3,2.7451948024124433,0.6548311035773383,80,-23.757034970913082,-23.757034970913082,0.29696293713641353,0.016795525327324867,0.0015750692691653967,1.0
stochastic_0_0,"(0-0,0-0)",stochastic,augmented_action_delay,Augmented (+action buffer + delay values),"(0,0)",0,0,0,0,1116000,16,46080,4,2.7451948024124433,0.6548311035773383,80,-21.15836767340079,-21.15836767340079,0.26447959591750986,0.006676788907498121,0.003947398625314236,1.0
stochastic_0_0,"(0-0,0-0)",stochastic,augmented_action_delay,Augmented (+action buffer + delay values),"(0,0)",0,0,0,0,1116000,16,46080,5,2.7451948024124433,0.6548311035773383,80,-19.40199455921538,-19.40199455921538,0.24252493199019226,0.01546517200767994,0.0011334959417581558,1.0
stochastic_0_0,"(0-0,0-0)",stochastic,augmented_action_delay,Augmented (+action buffer + delay values),"(0,0)",0,0,0,0,1116000,16,46080,6,2.7451948024124433,0.6548311035773383,80,-24.854421773576178,-24.854421773576178,0.31068027216970223,0.015223002061247826,0.0016475332668051124,1.0
stochastic_0_0,"(0-0,0-0)",stochastic,augmented_action_delay,Augmented (+action buffer + delay values),"(0,0)",0,0,0,0,1116000,16,46080,7,2.7451948024124433,0.6548311035773383,80,-20.42192891961895,-20.42192891961895,0.2552741114952369,0.0022502911742776632,0.0022502911742776632,1.0
stochastic_0_0,"(0-0,0-0)",stochastic,augmented_action_delay,Augmented (+action buffer + delay values),"(0,0)",0,0,0,0,1117000,17,48960,0,2.7451948024124433,0.6548311035773383,80,-19.4753831702983,-19.4753831702983,0.24344228962872877,0.011165402829647064,0.0013419559691101313,1.0
stochastic_0_0,"(0-0,0-0)",stochastic,augmented_action_delay,Augmented (+action buffer + delay values),"(0,0)",0,0,0,0,1117000,17,48960,1,2.7451948024124433,0.6548311035773383,80,-19.28116269723978,-19.28116269723978,0.24101453371549725,0.0016909699188545346,0.0012048243079334497,1.0
stochastic_0_0,"(0-0,0-0)",stochastic,augmented_action_delay,Augmented (+action buffer + delay values),"(0,0)",0,0,0,0,1117000,17,48960,2,2.7451948024124433,0.6548311035773383,80,-20.560185756577994,-20.560185756577994,0.25700232195722494,0.012387428432703018,0.0002059557446045801,1.0
stochastic_0_0,"(0-0,0-0)",stochastic,augmented_action_delay,Augmented (+action buffer + delay values),"(0,0)",0,0,0,0,1117000,17,48960,3,2.7451948024124433,0.6548311035773383,80,-20.691357236006297,-20.691357236006297,0.2586419654500787,0.012038868851959705,0.0011580773862078786,1.0
stochastic_0_0,"(0-0,0-0)",stochastic,augmented_action_delay,Augmented (+action buffer + delay values),"(0,0)",0,0,0,0,1117000,17,48960,4,2.7451948024124433,0.6548311035773383,80,-23.084076915401965,-23.084076915401965,0.28855096144252457,0.015409549698233604,0.0020456998609006405,1.0
stochastic_0_0,"(0-0,0-0)",stochastic,augmented_action_delay,Augmented (+action buffer + delay values),"(0,0)",0,0,0,0,1117000,17,48960,5,2.7451948024124433,0.6548311035773383,80,-18.283541549695656,-18.283541549695656,0.2285442693711957,0.018643908202648163,0.0030193685088306665,1.0
stochastic_0_0,"(0-0,0-0)",stochastic,augmented_action_delay,Augmented (+action buffer + delay values),"(0,0)",0,0,0,0,1117000,17,48960,6,2.7451948024124433,0.6548311035773383,80,-23.563138534897007,-23.563138534897007,0.2945392316862126,0.006998570170253515,0.0013956637121737003,1.0
stochastic_0_0,"(0-0,0-0)",stochastic,augmented_action_delay,Augmented (+action buffer + delay values),"(0,0)",0,0,0,0,1117000,17,48960,7,2.7451948024124433,0.6548311035773383,80,-23.24108985438943,-23.24108985438943,0.29051362317986784,0.023347781971096992,0.0040084789507091045,1.0
stochastic_0_0,"(0-0,0-0)",stochastic,augmented_action_delay,Augmented (+action buffer + delay values),"(0,0)",0,0,0,0,1118000,18,51840,0,2.7451948024124433,0.6548311035773383,80,-16.75013257621322,-16.75013257621322,0.20937665720266524,0.004991382360458374,0.0008162168087437749,1.0
stochastic_0_0,"(0-0,0-0)",stochastic,augmented_action_delay,Augmented (+action buffer + delay values),"(0,0)",0,0,0,0,1118000,18,51840,1,2.7451948024124433,0.6548311035773383,80,-19.998756859917194,-19.998756859917194,0.2499844607489649,0.015715884044766426,0.0012630540877580643,1.0
stochastic_0_0,"(0-0,0-0)",stochastic,augmented_action_delay,Augmented (+action buffer + delay values),"(0,0)",0,0,0,0,1118000,18,51840,2,2.7451948024124433,0.6548311035773383,80,-19.376616213761736,-19.376616213761736,0.24220770267202169,0.00722742173820734,0.0006027161725796759,1.0
stochastic_0_0,"(0-0,0-0)",stochastic,augmented_action_delay,Augmented (+action buffer + delay values),"(0,0)",0,0,0,0,1118000,18,51840,3,2.7451948024124433,0.6548311035773383,80,-19.75943009671755,-19.75943009671755,0.2469928762089694,0.00586342578753829,0.0017179101705551147,1.0
stochastic_0_0,"(0-0,0-0)",stochastic,augmented_action_delay,Augmented (+action buffer + delay values),"(0,0)",0,0,0,0,1118000,18,51840,4,2.7451948024124433,0.6548311035773383,80,-21.850658624083735,-21.850658624083735,0.2731332328010467,0.010193112306296825,0.0014526491286233068,1.0
stochastic_0_0,"(0-0,0-0)",stochastic,augmented_action_delay,Augmented (+action buffer + delay values),"(0,0)",0,0,0,0,1118000,18,51840,5,2.7451948024124433,0.6548311035773383,80,-17.42671125056222,-17.42671125056222,0.21783389063202777,0.01515453215688467,0.0020534854847937822,1.0
stochastic_0_0,"(0-0,0-0)",stochastic,augmented_action_delay,Augmented (+action buffer + delay values),"(0,0)",0,0,0,0,1118000,18,51840,6,2.7451948024124433,0.6548311035773383,80,-20.82259692659136,-20.82259692659136,0.260282461582392,0.01111187506467104,0.0005561126163229346,1.0
stochastic_0_0,"(0-0,0-0)",stochastic,augmented_action_delay,Augmented (+action buffer + delay values),"(0,0)",0,0,0,0,1118000,18,51840,7,2.7451948024124433,0.6548311035773383,80,-23.77356331847841,-23.77356331847841,0.2971695414809801,0.017863279208540916,0.0007167542935349047,1.0
stochastic_0_0,"(0-0,0-0)",stochastic,augmented_action_delay,Augmented (+action buffer + delay values),"(0,0)",0,0,0,0,1119000,19,54720,0,2.7451948024124433,0.6548311035773383,80,-22.672838455531746,-22.672838455531746,0.2834104806941468,0.017490435391664505,0.0011365136597305536,1.0
stochastic_0_0,"(0-0,0-0)",stochastic,augmented_action_delay,Augmented (+action buffer + delay values),"(0,0)",0,0,0,0,1119000,19,54720,1,2.7451948024124433,0.6548311035773383,80,-25.78377318813,-25.78377318813,0.32229716485162496,0.005754171870648861,0.001083053881302476,1.0
stochastic_0_0,"(0-0,0-0)",stochastic,augmented_action_delay,Augmented (+action buffer + delay values),"(0,0)",0,0,0,0,1119000,19,54720,2,2.7451948024124433,0.6548311035773383,80,-24.374252456706017,-24.374252456706017,0.3046781557088252,0.012773034162819386,0.004727866034954786,1.0
stochastic_0_0,"(0-0,0-0)",stochastic,augmented_action_delay,Augmented (+action buffer + delay values),"(0,0)",0,0,0,0,1119000,19,54720,3,2.7451948024124433,0.6548311035773383,80,-27.155609462759458,-27.155609462759458,0.3394451182844932,0.003360445611178875,0.0016682475106790662,1.0
stochastic_0_0,"(0-0,0-0)",stochastic,augmented_action_delay,Augmented (+action buffer + delay values),"(0,0)",0,0,0,0,1119000,19,54720,4,2.7451948024124433,0.6548311035773383,80,-21.911182794967317,-21.911182794967317,0.2738897849370915,0.005668968893587589,4.495565372053534e-05,1.0
stochastic_0_0,"(0-0,0-0)",stochastic,augmented_action_delay,Augmented (+action buffer + delay values),"(0,0)",0,0,0,0,1119000,19,54720,5,2.7451948024124433,0.6548311035773383,80,-19.639044667361304,-19.639044667361304,0.2454880583420163,0.016407042741775513,0.0014924746938049793,1.0
stochastic_0_0,"(0-0,0-0)",stochastic,augmented_action_delay,Augmented (+action buffer + delay values),"(0,0)",0,0,0,0,1119000,19,54720,6,2.7451948024124433,0.6548311035773383,80,-23.395474254270084,-23.395474254270084,0.29244342817837604,0.02778143621981144,0.0017387637635692954,1.0
stochastic_0_0,"(0-0,0-0)",stochastic,augmented_action_delay,Augmented (+action buffer + delay values),"(0,0)",0,0,0,0,1119000,19,54720,7,2.7451948024124433,0.6548311035773383,80,-28.168501020758413,-28.168501020758413,0.35210626275948015,0.015181800350546837,0.0011752265272662044,1.0
stochastic_0_0,"(0-0,0-0)",stochastic,augmented_action_delay,Augmented (+action buffer + delay values),"(0,0)",0,0,0,0,1120000,20,57600,0,2.7451948024124433,0.6548311035773383,80,-27.266627753153443,-27.266627753153443,0.34083284691441806,0.005547942128032446,0.004082420840859413,1.0
stochastic_0_0,"(0-0,0-0)",stochastic,augmented_action_delay,Augmented (+action buffer + delay values),"(0,0)",0,0,0,0,1120000,20,57600,1,2.7451948024124433,0.6548311035773383,80,-25.57138430129271,-25.57138430129271,0.3196423037661589,0.01204550638794899,0.0015741655370220542,1.0
stochastic_0_0,"(0-0,0-0)",stochastic,augmented_action_delay,Augmented (+action buffer + delay values),"(0,0)",0,0,0,0,1120000,20,57600,2,2.7451948024124433,0.6548311035773383,80,-19.259984985808842,-19.259984985808842,0.24074981232261053,0.004810652229934931,0.0019167008576914668,1.0
stochastic_0_0,"(0-0,0-0)",stochastic,augmented_action_delay,Augmented (+action buffer + delay values),"(0,0)",0,0,0,0,1120000,20,57600,3,2.7451948024124433,0.6548311035773383,80,-22.350525209330954,-22.350525209330954,0.2793815651166369,0.012273729778826237,0.0014855688204988837,1.0
stochastic_0_0,"(0-0,0-0)",stochastic,augmented_action_delay,Augmented (+action buffer + delay values),"(0,0)",0,0,0,0,1120000,20,57600,4,2.7451948024124433,0.6548311035773383,80,-22.941881620674394,-22.941881620674394,0.28677352025842995,0.008764323778450489,0.001316832727752626,1.0
stochastic_0_0,"(0-0,0-0)",stochastic,augmented_action_delay,Augmented (+action buffer + delay values),"(0,0)",0,0,0,0,1120000,20,57600,5,2.7451948024124433,0.6548311035773383,80,-27.617574087693356,-27.617574087693356,0.34521967609616694,0.00815833080559969,0.0011023902334272861,1.0
stochastic_0_0,"(0-0,0-0)",stochastic,augmented_action_delay,Augmented (+action buffer + delay values),"(0,0)",0,0,0,0,1120000,20,57600,6,2.7451948024124433,0.6548311035773383,80,-21.349531342973933,-21.349531342973933,0.26686914178717414,0.01062235701829195,0.002180681796744466,1.0
stochastic_0_0,"(0-0,0-0)",stochastic,augmented_action_delay,Augmented (+action buffer + delay values),"(0,0)",0,0,0,0,1120000,20,57600,7,2.7451948024124433,0.6548311035773383,80,-26.928176977846306,-26.928176977846306,0.33660221222307884,0.011712619103491306,0.0005945150624029338,1.0
stochastic_0_0,"(0-0,0-0)",stochastic,augmented_action_delay,Augmented (+action buffer + delay values),"(0,0)",0,0,0,0,1121000,21,60480,0,2.7451948024124433,0.6548311035773383,80,-23.14156635227846,-23.14156635227846,0.28926957940348075,0.005468613468110561,0.0009222622611559927,1.0
stochastic_0_0,"(0-0,0-0)",stochastic,augmented_action_delay,Augmented (+action buffer + delay values),"(0,0)",0,0,0,0,1121000,21,60480,1,2.7451948024124433,0.6548311035773383,80,-22.641873782966286,-22.641873782966286,0.28302342228707855,0.010303312912583351,0.0013343202881515026,1.0
stochastic_0_0,"(0-0,0-0)",stochastic,augmented_action_delay,Augmented (+action buffer + delay values),"(0,0)",0,0,0,0,1121000,21,60480,2,2.7451948024124433,0.6548311035773383,80,-23.869276725221425,-23.869276725221425,0.2983659590652678,0.007714472245424986,0.0020198356360197067,1.0
stochastic_0_0,"(0-0,0-0)",stochastic,augmented_action_delay,Augmented (+action buffer + delay values),"(0,0)",0,0,0,0,1121000,21,60480,3,2.7451948024124433,0.6548311035773383,80,-22.068087858497165,-22.068087858497165,0.27585109823121456,0.014371887780725956,0.0015828046016395092,1.0
stochastic_0_0,"(0-0,0-0)",stochastic,augmented_action_delay,Augmented (+action buffer + delay values),"(0,0)",0,0,0,0,1121000,21,60480,4,2.7451948024124433,0.6548311035773383,80,-25.52716282068286,-25.52716282068286,0.3190895352585358,0.011627624742686749,0.0011995364911854267,1.0
stochastic_0_0,"(0-0,0-0)",stochastic,augmented_action_delay,Augmented (+action buffer + delay values),"(0,0)",0,0,0,0,1121000,21,60480,5,2.7451948024124433,0.6548311035773383,80,-21.562990235863253,-21.562990235863253,0.2695373779482907,0.008189785294234753,0.0017356728203594685,1.0
stochastic_0_0,"(0-0,0-0)",stochastic,augmented_action_delay,Augmented (+action buffer + delay values),"(0,0)",0,0,0,0,1121000,21,60480,6,2.7451948024124433,0.6548311035773383,80,-19.81256689107977,-19.81256689107977,0.2476570861384971,0.003573804162442684,0.0009504642803221941,1.0
stochastic_0_0,"(0-0,0-0)",stochastic,augmented_action_delay,Augmented (+action buffer + delay values),"(0,0)",0,0,0,0,1121000,21,60480,7,2.7451948024124433,0.6548311035773383,80,-22.50304724276066,-22.50304724276066,0.2812880905345082,0.011993082240223885,0.0008909401949495077,1.0
stochastic_0_0,"(0-0,0-0)",stochastic,augmented_action_delay,Augmented (+action buffer + delay values),"(0,0)",0,0,0,0,1122000,22,63360,0,2.7451948024124433,0.6548311035773383,80,-23.182400825971854,-23.182400825971854,0.2897800103246482,0.004229601472616196,0.0001989053125726059,1.0
stochastic_0_0,"(0-0,0-0)",stochastic,augmented_action_delay,Augmented (+action buffer + delay values),"(0,0)",0,0,0,0,1122000,22,63360,1,2.7451948024124433,0.6548311035773383,80,-23.915350581053644,-23.915350581053644,0.29894188226317053,0.00811173114925623,0.002023134147748351,1.0
stochastic_0_0,"(0-0,0-0)",stochastic,augmented_action_delay,Augmented (+action buffer + delay values),"(0,0)",0,0,0,0,1122000,22,63360,2,2.7451948024124433,0.6548311035773383,80,-22.654415946803056,-22.654415946803056,0.2831801993350382,0.014903193339705467,0.0017658021533861756,1.0
stochastic_0_0,"(0-0,0-0)",stochastic,augmented_action_delay,Augmented (+action buffer + delay values),"(0,0)",0,0,0,0,1122000,22,63360,3,2.7451948024124433,0.6548311035773383,80,-24.41789640369825,-24.41789640369825,0.30522370504622814,0.008010203018784523,0.0033665753435343504,1.0
stochastic_0_0,"(0-0,0-0)",stochastic,augmented_action_delay,Augmented (+action buffer + delay values),"(0,0)",0,0,0,0,1122000,22,63360,4,2.7451948024124433,0.6548311035773383,80,-26.340862849960104,-26.340862849960104,0.3292607856245013,0.01676117070019245,0.0022958535701036453,1.0
stochastic_0_0,"(0-0,0-0)",stochastic,augmented_action_delay,Augmented (+action buffer + delay values),"(0,0)",0,0,0,0,1122000,22,63360,5,2.7451948024124433,0.6548311035773383,80,-22.58295534516219,-22.58295534516219,0.2822869418145274,0.00801431480795145,0.001810061396099627,1.0
stochastic_0_0,"(0-0,0-0)",stochastic,augmented_action_delay,Augmented (+action buffer + delay values),"(0,0)",0,0,0,0,1122000,22,63360,6,2.7451948024124433,0.6548311035773383,80,-20.21457587608893,-20.21457587608893,0.2526821984511116,0.0037762064021080732,0.00018941979215014726,1.0
stochastic_0_0,"(0-0,0-0)",stochastic,augmented_action_delay,Augmented (+action buffer + delay values),"(0,0)",0,0,0,0,1122000,22,63360,7,2.7451948024124433,0.6548311035773383,80,-23.98740420700051,-23.98740420700051,0.29984255258750636,0.016980381682515144,0.0012587523087859154,1.0
stochastic_0_0,"(0-0,0-0)",stochastic,augmented_action_delay,Augmented (+action buffer + delay values),"(0,0)",0,0,0,0,1123000,23,66240,0,2.7451948024124433,0.6548311035773383,80,-26.123102160170674,-26.123102160170674,0.3265387770021334,0.007811888586729765,0.0019588640425354242,1.0
stochastic_0_0,"(0-0,0-0)",stochastic,augmented_action_delay,Augmented (+action buffer + delay values),"(0,0)",0,0,0,0,1123000,23,66240,1,2.7451948024124433,0.6548311035773383,80,-23.37007507670205,-23.37007507670205,0.29212593845877566,0.019381457939743996,0.0011453541228547692,1.0
stochastic_0_0,"(0-0,0-0)",stochastic,augmented_action_delay,Augmented (+action buffer + delay values),"(0,0)",0,0,0,0,1123000,23,66240,2,2.7451948024124433,0.6548311035773383,80,-20.47706920374185,-20.47706920374185,0.2559633650467731,0.014449096284806728,0.0028262899722903967,1.0
stochastic_0_0,"(0-0,0-0)",stochastic,augmented_action_delay,Augmented (+action buffer + delay values),"(0,0)",0,0,0,0,1123000,23,66240,3,2.7451948024124433,0.6548311035773383,80,-25.82509127049707,-25.82509127049707,0.32281364088121334,0.010213147848844528,0.0018603445496410131,1.0
stochastic_0_0,"(0-0,0-0)",stochastic,augmented_action_delay,Augmented (+action buffer + delay values),"(0,0)",0,0,0,0,1123000,23,66240,4,2.7451948024124433,0.6548311035773383,80,-17.127291554643307,-17.127291554643307,0.21409114443304134,0.008522121235728264,0.0009485802729614079,1.0
stochastic_0_0,"(0-0,0-0)",stochastic,augmented_action_delay,Augmented (+action buffer + delay values),"(0,0)",0,0,0,0,1123000,23,66240,5,2.7451948024124433,0.6548311035773383,80,-22.525212979875505,-22.525212979875505,0.2815651622484438,0.010812773369252682,0.0015791051555424929,1.0
stochastic_0_0,"(0-0,0-0)",stochastic,augmented_action_delay,Augmented (+action buffer + delay values),"(0,0)",0,0,0,0,1123000,23,66240,6,2.7451948024124433,0.6548311035773383,80,-24.29567341133952,-24.29567341133952,0.30369591764174403,0.004944889340549707,0.0006167227402329445,1.0
stochastic_0_0,"(0-0,0-0)",stochastic,augmented_action_delay,Augmented (+action buffer + delay values),"(0,0)",0,0,0,0,1123000,23,66240,7,2.7451948024124433,0.6548311035773383,80,-23.223765200469643,-23.223765200469643,0.29029706500587055,0.007872773334383965,0.0026140091940760612,1.0
stochastic_0_0,"(0-0,0-0)",stochastic,augmented_action_delay,Augmented (+action buffer + delay values),"(0,0)",0,0,0,0,1124000,24,69120,0,2.7451948024124433,0.6548311035773383,80,-23.375202090945095,-23.375202090945095,0.29219002613681366,0.011373091489076614,0.0019249450415372849,1.0
stochastic_0_0,"(0-0,0-0)",stochastic,augmented_action_delay,Augmented (+action buffer + delay values),"(0,0)",0,0,0,0,1124000,24,69120,1,2.7451948024124433,0.6548311035773383,80,-24.45869061956182,-24.45869061956182,0.30573363274452275,0.03064604289829731,0.0026752178091555834,1.0
stochastic_0_0,"(0-0,0-0)",stochastic,augmented_action_delay,Augmented (+action buffer + delay values),"(0,0)",0,0,0,0,1124000,24,69120,2,2.7451948024124433,0.6548311035773383,80,-22.3257608973654,-22.3257608973654,0.2790720112170675,0.0011769976699724793,0.0011769976699724793,1.0
stochastic_0_0,"(0-0,0-0)",stochastic,augmented_action_delay,Augmented (+action buffer + delay values),"(0,0)",0,0,0,0,1124000,24,69120,3,2.7451948024124433,0.6548311035773383,80,-20.961141640204005,-20.961141640204005,0.26201427050255005,0.007705633528530598,0.0009182296926155686,1.0
stochastic_0_0,"(0-0,0-0)",stochastic,augmented_action_delay,Augmented (+action buffer + delay values),"(0,0)",0,0,0,0,1124000,24,69120,4,2.7451948024124433,0.6548311035773383,80,-20.594882088014856,-20.594882088014856,0.2574360261001857,0.013924292288720608,0.0015643809456378222,1.0
stochastic_0_0,"(0-0,0-0)",stochastic,augmented_action_delay,Augmented (+action buffer + delay values),"(0,0)",0,0,0,0,1124000,24,69120,5,2.7451948024124433,0.6548311035773383,80,-20.688403445179574,-20.688403445179574,0.2586050430647447,0.004113931208848953,0.0012194690061733127,1.0
stochastic_0_0,"(0-0,0-0)",stochastic,augmented_action_delay,Augmented (+action buffer + delay values),"(0,0)",0,0,0,0,1124000,24,69120,6,2.7451948024124433,0.6548311035773383,80,-24.103277123183943,-24.103277123183943,0.30129096403979927,0.010908497497439384,0.0011322586797177792,1.0
stochastic_0_0,"(0-0,0-0)",stochastic,augmented_action_delay,Augmented (+action buffer + delay values),"(0,0)",0,0,0,0,1124000,24,69120,7,2.7451948024124433,0.6548311035773383,80,-21.725068599334918,-21.725068599334918,0.2715633574916865,0.017420116811990738,0.0018655577441677451,1.0
