experiment,variant,variant_label,delay_label,x_value,act_min,act_max,obs_min,obs_max,seed,episode,episode_steps,episode_return,mean_distance,final_distance,min_distance,success,ever_success
constant_sweep,unseen,Unseen delay,"(0,0)",0.0,0,0,0,0,0,0,80,-23.16090564476326,0.28951132055954076,0.014200827106833458,0.0013454458676278591,1.0,1.0
constant_sweep,unseen,Unseen delay,"(0,0)",0.0,0,0,0,0,0,1,80,-19.27095152239781,0.2408868940299726,0.009890259243547916,0.0014725070213899016,1.0,1.0
constant_sweep,unseen,Unseen delay,"(0,0)",0.0,0,0,0,0,0,2,80,-20.401934865047224,0.2550241858130903,0.014887120574712753,0.001403933740220964,1.0,1.0
constant_sweep,unseen,Unseen delay,"(0,0)",0.0,0,0,0,0,0,3,80,-24.643380064400844,0.3080422508050106,0.0017815183382481337,0.0008348667761310935,1.0,1.0
constant_sweep,unseen,Unseen delay,"(0,0)",0.0,0,0,0,0,0,4,80,-22.61843111901544,0.282730388987693,0.004910480231046677,0.001269541447982192,1.0,1.0
constant_sweep,unseen,Unseen delay,"(0,0)",0.0,0,0,0,0,0,5,80,-19.667912787248497,0.2458489098406062,0.006108379922807217,0.00021492871746886522,1.0,1.0
constant_sweep,unseen,Unseen delay,"(0,0)",0.0,0,0,0,0,0,6,80,-19.48135449970141,0.24351693124626764,0.01674327254295349,0.002281782915815711,1.0,1.0
constant_sweep,unseen,Unseen delay,"(0,0)",0.0,0,0,0,0,0,7,80,-19.050674572587013,0.23813343215733768,0.010873651131987572,0.002897180849686265,1.0,1.0
constant_sweep,unseen,Unseen delay,"(0,0)",0.0,0,0,0,0,0,8,80,-18.911931247916073,0.2363991405989509,0.018023846670985222,0.00259710056707263,1.0,1.0
constant_sweep,unseen,Unseen delay,"(0,0)",0.0,0,0,0,0,0,9,80,-20.718461647978984,0.2589807705997373,0.007616514340043068,0.0014284393982961774,1.0,1.0
constant_sweep,unseen,Unseen delay,"(0,0)",0.0,0,0,0,0,1,0,80,-19.27095152239781,0.2408868940299726,0.009890259243547916,0.0014725070213899016,1.0,1.0
constant_sweep,unseen,Unseen delay,"(0,0)",0.0,0,0,0,0,1,1,80,-20.401934865047224,0.2550241858130903,0.014887120574712753,0.001403933740220964,1.0,1.0
constant_sweep,unseen,Unseen delay,"(0,0)",0.0,0,0,0,0,1,2,80,-24.643380064400844,0.3080422508050106,0.0017815183382481337,0.0008348667761310935,1.0,1.0
constant_sweep,unseen,Unseen delay,"(0,0)",0.0,0,0,0,0,1,3,80,-22.61843111901544,0.282730388987693,0.004910480231046677,0.001269541447982192,1.0,1.0
constant_sweep,unseen,Unseen delay,"(0,0)",0.0,0,0,0,0,1,4,80,-19.667912787248497,0.2458489098406062,0.006108379922807217,0.00021492871746886522,1.0,1.0
constant_sweep,unseen,Unseen delay,"(0,0)",0.0,0,0,0,0,1,5,80,-19.48135449970141,0.24351693124626764,0.01674327254295349,0.002281782915815711,1.0,1.0
constant_sweep,unseen,Unseen delay,"(0,0)",0.0,0,0,0,0,1,6,80,-19.050674572587013,0.23813343215733768,0.010873651131987572,0.002897180849686265,1.0,1.0
constant_sweep,unseen,Unseen delay,"(0,0)",0.0,0,0,0,0,1,7,80,-18.911931247916073,0.2363991405989509,0.018023846670985222,0.00259710056707263,1.0,1.0
constant_sweep,unseen,Unseen delay,"(0,0)",0.0,0,0,0,0,1,8,80,-20.718461647978984,0.2589807705997373,0.007616514340043068,0.0014284393982961774,1.0,1.0
constant_sweep,unseen,Unseen delay,"(0,0)",0.0,0,0,0,0,1,9,80,-21.627953108400106,0.27034941385500133,0.013611036352813244,0.0004286800976842642,1.0,1.0
constant_sweep,unseen,Unseen delay,"(0,0)",0.0,0,0,0,0,2,0,80,-20.401934865047224,0.2550241858130903,0.014887120574712753,0.001403933740220964,1.0,1.0
constant_sweep,unseen,Unseen delay,"(0,0)",0.0,0,0,0,0,2,1,80,-24.643380064400844,0.3080422508050106,0.0017815183382481337,0.0008348667761310935,1.0,1.0
constant_sweep,unseen,Unseen delay,"(0,0)",0.0,0,0,0,0,2,2,80,-22.61843111901544,0.282730388987693,0.004910480231046677,0.001269541447982192,1.0,1.0
constant_sweep,unseen,Unseen delay,"(0,0)",0.0,0,0,0,0,2,3,80,-19.667912787248497,0.2458489098406062,0.006108379922807217,0.00021492871746886522,1.0,1.0
constant_sweep,unseen,Unseen delay,"(0,0)",0.0,0,0,0,0,2,4,80,-19.48135449970141,0.24351693124626764,0.01674327254295349,0.002281782915815711,1.0,1.0
constant_sweep,unseen,Unseen delay,"(0,0)",0.0,0,0,0,0,2,5,80,-19.050674572587013,0.23813343215733768,0.010873651131987572,0.002897180849686265,1.0,1.0
constant_sweep,unseen,Unseen delay,"(0,0)",0.0,0,0,0,0,2,6,80,-18.911931247916073,0.2363991405989509,0.018023846670985222,0.00259710056707263,1.0,1.0
constant_sweep,unseen,Unseen delay,"(0,0)",0.0,0,0,0,0,2,7,80,-20.718461647978984,0.2589807705997373,0.007616514340043068,0.0014284393982961774,1.0,1.0
constant_sweep,unseen,Unseen delay,"(0,0)",0.0,0,0,0,0,2,8,80,-21.627953108400106,0.27034941385500133,0.013611036352813244,0.0004286800976842642,1.0,1.0
constant_sweep,unseen,Unseen delay,"(0,0)",0.0,0,0,0,0,2,9,80,-24.59678291657474,0.30745978645718425,0.015834709629416466,0.0017110261833295226,1.0,1.0
constant_sweep,unseen,Unseen delay,"(0,0)",0.0,0,0,0,0,3,0,80,-24.643380064400844,0.3080422508050106,0.0017815183382481337,0.0008348667761310935,1.0,1.0
constant_sweep,unseen,Unseen delay,"(0,0)",0.0,0,0,0,0,3,1,80,-22.61843111901544,0.282730388987693,0.004910480231046677,0.001269541447982192,1.0,1.0
constant_sweep,unseen,Unseen delay,"(0,0)",0.0,0,0,0,0,3,2,80,-19.667912787248497,0.2458489098406062,0.006108379922807217,0.00021492871746886522,1.0,1.0
constant_sweep,unseen,Unseen delay,"(0,0)",0.0,0,0,0,0,3,3,80,-19.48135449970141,0.24351693124626764,0.01674327254295349,0.002281782915815711,1.0,1.0
constant_sweep,unseen,Unseen delay,"(0,0)",0.0,0,0,0,0,3,4,80,-19.050674572587013,0.23813343215733768,0.010873651131987572,0.002897180849686265,1.0,1.0
constant_sweep,unseen,Unseen delay,"(0,0)",0.0,0,0,0,0,3,5,80,-18.911931247916073,0.2363991405989509,0.018023846670985222,0.00259710056707263,1.0,1.0
constant_sweep,unseen,Unseen delay,"(0,0)",0.0,0,0,0,0,3,6,80,-20.718461647978984,0.2589807705997373,0.007616514340043068,0.0014284393982961774,1.0,1.0
constant_sweep,unseen,Unseen delay,"(0,0)",0.0,0,0,0,0,3,7,80,-21.627953108400106,0.27034941385500133,0.013611036352813244,0.0004286800976842642,1.0,1.0
constant_sweep,unseen,Unseen delay,"(0,0)",0.0,0,0,0,0,3,8,80,-24.59678291657474,0.30745978645718425,0.015834709629416466,0.0017110261833295226,1.0,1.0
constant_sweep,unseen,Unseen delay,"(0,0)",0.0,0,0,0,0,3,9,80,-22.881379126221873,0.28601723907777343,0.010881064459681511,0.0011702042538672686,1.0,1.0
constant_sweep,unseen,Unseen delay,"(0,0)",0.0,0,0,0,0,4,0,80,-22.61843111901544,0.282730388987693,0.004910480231046677,0.001269541447982192,1.0,1.0
constant_sweep,unseen,Unseen delay,"(0,0)",0.0,0,0,0,0,4,1,80,-19.667912787248497,0.2458489098406062,0.006108379922807217,0.00021492871746886522,1.0,1.0
constant_sweep,unseen,Unseen delay,"(0,0)",0.0,0,0,0,0,4,2,80,-19.48135449970141,0.24351693124626764,0.01674327254295349,0.002281782915815711,1.0,1.0
constant_sweep,unseen,Unseen delay,"(0,0)",0.0,0,0,0,0,4,3,80,-19.050674572587013,0.23813343215733768,0.010873651131987572,0.002897180849686265,1.0,1.0
constant_sweep,unseen,Unseen delay,"(0,0)",0.0,0,0,0,0,4,4,80,-18.911931247916073,0.2363991405989509,0.018023846670985222,0.00259710056707263,1.0,1.0
constant_sweep,unseen,Unseen delay,"(0,0)",0.0,0,0,0,0,4,5,80,-20.718461647978984,0.2589807705997373,0.007616514340043068,0.0014284393982961774,1.0,1.0
constant_sweep,unseen,Unseen delay,"(0,0)",0.0,0,0,0,0,4,6,80,-21.627953108400106,0.27034941385500133,0.013611036352813244,0.0004286800976842642,1.0,1.0
constant_sweep,unseen,Unseen delay,"(0,0)",0.0,0,0,0,0,4,7,80,-24.59678291657474,0.30745978645718425,0.015834709629416466,0.0017110261833295226,1.0,1.0
constant_sweep,unseen,Unseen delay,"(0,0)",0.0,0,0,0,0,4,8,80,-22.881379126221873,0.28601723907777343,0.010881064459681511,0.0011702042538672686,1.0,1.0
constant_sweep,unseen,Unseen delay,"(0,0)",0.0,0,0,0,0,4,9,80,-19.467613415035885,0.24334516768794856,0.01089484989643097,0.0005523126455955207,1.0,1.0
constant_sweep,augmented_action,Augmented (+action buffer),"(0,0)",0.0,0,0,0,0,0,0,80,-23.16090564476326,0.28951132055954076,0.014200827106833458,0.0013454458676278591,1.0,1.0
constant_sweep,augmented_action,Augmented (+action buffer),"(0,0)",0.0,0,0,0,0,0,1,80,-19.27095152239781,0.2408868940299726,0.009890259243547916,0.0014725070213899016,1.0,1.0
constant_sweep,augmented_action,Augmented (+action buffer),"(0,0)",0.0,0,0,0,0,0,2,80,-20.401934865047224,0.2550241858130903,0.014887120574712753,0.001403933740220964,1.0,1.0
constant_sweep,augmented_action,Augmented (+action buffer),"(0,0)",0.0,0,0,0,0,0,3,80,-24.643380064400844,0.3080422508050106,0.0017815183382481337,0.0008348667761310935,1.0,1.0
constant_sweep,augmented_action,Augmented (+action buffer),"(0,0)",0.0,0,0,0,0,0,4,80,-22.61843111901544,0.282730388987693,0.004910480231046677,0.001269541447982192,1.0,1.0
constant_sweep,augmented_action,Augmented (+action buffer),"(0,0)",0.0,0,0,0,0,0,5,80,-19.667912787248497,0.2458489098406062,0.006108379922807217,0.00021492871746886522,1.0,1.0
constant_sweep,augmented_action,Augmented (+action buffer),"(0,0)",0.0,0,0,0,0,0,6,80,-19.48135449970141,0.24351693124626764,0.01674327254295349,0.002281782915815711,1.0,1.0
constant_sweep,augmented_action,Augmented (+action buffer),"(0,0)",0.0,0,0,0,0,0,7,80,-19.050674572587013,0.23813343215733768,0.010873651131987572,0.002897180849686265,1.0,1.0
constant_sweep,augmented_action,Augmented (+action buffer),"(0,0)",0.0,0,0,0,0,0,8,80,-18.911931247916073,0.2363991405989509,0.018023846670985222,0.00259710056707263,1.0,1.0
constant_sweep,augmented_action,Augmented (+action buffer),"(0,0)",0.0,0,0,0,0,0,9,80,-20.718461647978984,0.2589807705997373,0.007616514340043068,0.0014284393982961774,1.0,1.0
constant_sweep,augmented_action,Augmented (+action buffer),"(0,0)",0.0,0,0,0,0,1,0,80,-19.27095152239781,0.2408868940299726,0.009890259243547916,0.0014725070213899016,1.0,1.0
constant_sweep,augmented_action,Augmented (+action buffer),"(0,0)",0.0,0,0,0,0,1,1,80,-20.401934865047224,0.2550241858130903,0.014887120574712753,0.001403933740220964,1.0,1.0
constant_sweep,augmented_action,Augmented (+action buffer),"(0,0)",0.0,0,0,0,0,1,2,80,-24.643380064400844,0.3080422508050106,0.0017815183382481337,0.0008348667761310935,1.0,1.0
constant_sweep,augmented_action,Augmented (+action buffer),"(0,0)",0.0,0,0,0,0,1,3,80,-22.61843111901544,0.282730388987693,0.004910480231046677,0.001269541447982192,1.0,1.0
constant_sweep,augmented_action,Augmented (+action buffer),"(0,0)",0.0,0,0,0,0,1,4,80,-19.667912787248497,0.2458489098406062,0.006108379922807217,0.00021492871746886522,1.0,1.0
constant_sweep,augmented_action,Augmented (+action buffer),"(0,0)",0.0,0,0,0,0,1,5,80,-19.48135449970141,0.24351693124626764,0.01674327254295349,0.002281782915815711,1.0,1.0
constant_sweep,augmented_action,Augmented (+action buffer),"(0,0)",0.0,0,0,0,0,1,6,80,-19.050674572587013,0.23813343215733768,0.010873651131987572,0.002897180849686265,1.0,1.0
constant_sweep,augmented_action,Augmented (+action buffer),"(0,0)",0.0,0,0,0,0,1,7,80,-18.911931247916073,0.2363991405989509,0.018023846670985222,0.00259710056707263,1.0,1.0
constant_sweep,augmented_action,Augmented (+action buffer),"(0,0)",0.0,0,0,0,0,1,8,80,-20.718461647978984,0.2589807705997373,0.007616514340043068,0.0014284393982961774,1.0,1.0
constant_sweep,augmented_action,Augmented (+action buffer),"(0,0)",0.0,0,0,0,0,1,9,80,-21.627953108400106,0.27034941385500133,0.013611036352813244,0.0004286800976842642,1.0,1.0
constant_sweep,augmented_action,Augmented (+action buffer),"(0,0)",0.0,0,0,0,0,2,0,80,-20.401934865047224,0.2550241858130903,0.014887120574712753,0.001403933740220964,1.0,1.0
constant_sweep,augmented_action,Augmented (+action buffer),"(0,0)",0.0,0,0,0,0,2,1,80,-24.643380064400844,0.3080422508050106,0.0017815183382481337,0.0008348667761310935,1.0,1.0
constant_sweep,augmented_action,Augmented (+action buffer),"(0,0)",0.0,0,0,0,0,2,2,80,-22.61843111901544,0.282730388987693,0.004910480231046677,0.001269541447982192,1.0,1.0
constant_sweep,augmented_action,Augmented (+action buffer),"(0,0)",0.0,0,0,0,0,2,3,80,-19.667912787248497,0.2458489098406062,0.006108379922807217,0.00021492871746886522,1.0,1.0
constant_sweep,augmented_action,Augmented (+action buffer),"(0,0)",0.0,0,0,0,0,2,4,80,-19.48135449970141,0.24351693124626764,0.01674327254295349,0.002281782915815711,1.0,1.0
constant_sweep,augmented_action,Augmented (+action buffer),"(0,0)",0.0,0,0,0,0,2,5,80,-19.050674572587013,0.23813343215733768,0.010873651131987572,0.002897180849686265,1.0,1.0
constant_sweep,augmented_action,Augmented (+action buffer),"(0,0)",0.0,0,0,0,0,2,6,80,-18.911931247916073,0.2363991405989509,0.018023846670985222,0.00259710056707263,1.0,1.0
constant_sweep,augmented_action,Augmented (+action buffer),"(0,0)",0.0,0,0,0,0,2,7,80,-20.718461647978984,0.2589807705997373,0.007616514340043068,0.0014284393982961774,1.0,1.0
constant_sweep,augmented_action,Augmented (+action buffer),"(0,0)",0.0,0,0,0,0,2,8,80,-21.627953108400106,0.27034941385500133,0.013611036352813244,0.0004286800976842642,1.0,1.0
constant_sweep,augmented_action,Augmented (+action buffer),"(0,0)",0.0,0,0,0,0,2,9,80,-24.59678291657474,0.30745978645718425,0.015834709629416466,0.0017110261833295226,1.0,1.0
constant_sweep,augmented_action,Augmented (+action buffer),"(0,0)",0.0,0,0,0,0,3,0,80,-24.643380064400844,0.3080422508050106,0.0017815183382481337,0.0008348667761310935,1.0,1.0
constant_sweep,augmented_action,Augmented (+action buffer),"(0,0)",0.0,0,0,0,0,3,1,80,-22.61843111901544,0.282730388987693,0.004910480231046677,0.001269541447982192,1.0,1.0
constant_sweep,augmented_action,Augmented (+action buffer),"(0,0)",0.0,0,0,0,0,3,2,80,-19.667912787248497,0.2458489098406062,0.006108379922807217,0.00021492871746886522,1.0,1.0
constant_sweep,augmented_action,Augmented (+action buffer),"(0,0)",0.0,0,0,0,0,3,3,80,-19.48135449970141,0.24351693124626764,0.01674327254295349,0.002281782915815711,1.0,1.0
constant_sweep,augmented_action,Augmented (+action buffer),"(0,0)",0.0,0,0,0,0,3,4,80,-19.050674572587013,0.23813343215733768,0.010873651131987572,0.002897180849686265,1.0,1.0
constant_sweep,augmented_action,Augmented (+action buffer),"(0,0)",0.0,0,0,0,0,3,5,80,-18.911931247916073,0.2363991405989509,0.018023846670985222,0.00259710056707263,1.0,1.0
constant_sweep,augmented_action,Augmented (+action buffer),"(0,0)",0.0,0,0,0,0,3,6,80,-20.718461647978984,0.2589807705997373,0.007616514340043068,0.0014284393982961774,1.0,1.0
constant_sweep,augmented_action,Augmented (+action buffer),"(0,0)",0.0,0,0,0,0,3,7,80,-21.627953108400106,0.27034941385500133,0.013611036352813244,0.0004286800976842642,1.0,1.0
constant_sweep,augmented_action,Augmented (+action buffer),"(0,0)",0.0,0,0,0,0,3,8,80,-24.59678291657474,0.30745978645718425,0.015834709629416466,0.0017110261833295226,1.0,1.0
constant_sweep,augmented_action,Augmented (+action buffer),"(0,0)",0.0,0,0,0,0,3,9,80,-22.881379126221873,0.28601723907777343,0.010881064459681511,0.0011702042538672686,1.0,1.0
constant_sweep,augmented_action,Augmented (+action buffer),"(0,0)",0.0,0,0,0,0,4,0,80,-22.61843111901544,0.282730388987693,0.004910480231046677,0.001269541447982192,1.0,1.0
constant_sweep,augmented_action,Augmented (+action buffer),"(0,0)",0.0,0,0,0,0,4,1,80,-19.667912787248497,0.2458489098406062,0.006108379922807217,0.00021492871746886522,1.0,1.0
constant_sweep,augmented_action,Augmented (+action buffer),"(0,0)",0.0,0,0,0,0,4,2,80,-19.48135449970141,0.24351693124626764,0.01674327254295349,0.002281782915815711,1.0,1.0
constant_sweep,augmented_action,Augmented (+action buffer),"(0,0)",0.0,0,0,0,0,4,3,80,-19.050674572587013,0.23813343215733768,0.010873651131987572,0.002897180849686265,1.0,1.0
constant_sweep,augmented_action,Augmented (+action buffer),"(0,0)",0.0,0,0,0,0,4,4,80,-18.911931247916073,0.2363991405989509,0.018023846670985222,0.00259710056707263,1.0,1.0
constant_sweep,augmented_action,Augmented (+action buffer),"(0,0)",0.0,0,0,0,0,4,5,80,-20.718461647978984,0.2589807705997373,0.007616514340043068,0.0014284393982961774,1.0,1.0
constant_sweep,augmented_action,Augmented (+action buffer),"(0,0)",0.0,0,0,0,0,4,6,80,-21.627953108400106,0.27034941385500133,0.013611036352813244,0.0004286800976842642,1.0,1.0
constant_sweep,augmented_action,Augmented (+action buffer),"(0,0)",0.0,0,0,0,0,4,7,80,-24.59678291657474,0.30745978645718425,0.015834709629416466,0.0017110261833295226,1.0,1.0
constant_sweep,augmented_action,Augmented (+action buffer),"(0,0)",0.0,0,0,0,0,4,8,80,-22.881379126221873,0.28601723907777343,0.010881064459681511,0.0011702042538672686,1.0,1.0
constant_sweep,augmented_action,Augmented (+action buffer),"(0,0)",0.0,0,0,0,0,4,9,80,-19.467613415035885,0.24334516768794856,0.01089484989643097,0.0005523126455955207,1.0,1.0
constant_sweep,augmented_action_delay,Augmented (+action buffer + delay values),"(0,0)",0.0,0,0,0,0,0,0,80,-23.16090564476326,0.28951132055954076,0.014200827106833458,0.0013454458676278591,1.0,1.0
constant_sweep,augmented_action_delay,Augmented (+action buffer + delay values),"(0,0)",0.0,0,0,0,0,0,1,80,-19.27095152239781,0.2408868940299726,0.009890259243547916,0.0014725070213899016,1.0,1.0
constant_sweep,augmented_action_delay,Augmented (+action buffer + delay values),"(0,0)",0.0,0,0,0,0,0,2,80,-20.401934865047224,0.2550241858130903,0.014887120574712753,0.001403933740220964,1.0,1.0
constant_sweep,augmented_action_delay,Augmented (+action buffer + delay values),"(0,0)",0.0,0,0,0,0,0,3,80,-24.643380064400844,0.3080422508050106,0.0017815183382481337,0.0008348667761310935,1.0,1.0
constant_sweep,augmented_action_delay,Augmented (+action buffer + delay values),"(0,0)",0.0,0,0,0,0,0,4,80,-22.61843111901544,0.282730388987693,0.004910480231046677,0.001269541447982192,1.0,1.0
constant_sweep,augmented_action_delay,Augmented (+action buffer + delay values),"(0,0)",0.0,0,0,0,0,0,5,80,-19.667912787248497,0.2458489098406062,0.006108379922807217,0.00021492871746886522,1.0,1.0
constant_sweep,augmented_action_delay,Augmented (+action buffer + delay values),"(0,0)",0.0,0,0,0,0,0,6,80,-19.48135449970141,0.24351693124626764,0.01674327254295349,0.002281782915815711,1.0,1.0
constant_sweep,augmented_action_delay,Augmented (+action buffer + delay values),"(0,0)",0.0,0,0,0,0,0,7,80,-19.050674572587013,0.23813343215733768,0.010873651131987572,0.002897180849686265,1.0,1.0
constant_sweep,augmented_action_delay,Augmented (+action buffer + delay values),"(0,0)",0.0,0,0,0,0,0,8,80,-18.911931247916073,0.2363991405989509,0.018023846670985222,0.00259710056707263,1.0,1.0
constant_sweep,augmented_action_delay,Augmented (+action buffer + delay values),"(0,0)",0.0,0,0,0,0,0,9,80,-20.718461647978984,0.2589807705997373,0.007616514340043068,0.0014284393982961774,1.0,1.0
constant_sweep,augmented_action_delay,Augmented (+action buffer + delay values),"(0,0)",0.0,0,0,0,0,1,0,80,-19.27095152239781,0.2408868940299726,0.009890259243547916,0.0014725070213899016,1.0,1.0
constant_sweep,augmented_action_delay,Augmented (+action buffer + delay values),"(0,0)",0.0,0,0,0,0,1,1,80,-20.401934865047224,0.2550241858130903,0.014887120574712753,0.001403933740220964,1.0,1.0
constant_sweep,augmented_action_delay,Augmented (+action buffer + delay values),"(0,0)",0.0,0,0,0,0,1,2,80,-24.643380064400844,0.3080422508050106,0.0017815183382481337,0.0008348667761310935,1.0,1.0
constant_sweep,augmented_action_delay,Augmented (+action buffer + delay values),"(0,0)",0.0,0,0,0,0,1,3,80,-22.61843111901544,0.282730388987693,0.004910480231046677,0.001269541447982192,1.0,1.0
constant_sweep,augmented_action_delay,Augmented (+action buffer + delay values),"(0,0)",0.0,0,0,0,0,1,4,80,-19.667912787248497,0.2458489098406062,0.006108379922807217,0.00021492871746886522,1.0,1.0
constant_sweep,augmented_action_delay,Augmented (+action buffer + delay values),"(0,0)",0.0,0,0,0,0,1,5,80,-19.48135449970141,0.24351693124626764,0.01674327254295349,0.002281782915815711,1.0,1.0
constant_sweep,augmented_action_delay,Augmented (+action buffer + delay values),"(0,0)",0.0,0,0,0,0,1,6,80,-19.050674572587013,0.23813343215733768,0.010873651131987572,0.002897180849686265,1.0,1.0
constant_sweep,augmented_action_delay,Augmented (+action buffer + delay values),"(0,0)",0.0,0,0,0,0,1,7,80,-18.911931247916073,0.2363991405989509,0.018023846670985222,0.00259710056707263,1.0,1.0
constant_sweep,augmented_action_delay,Augmented (+action buffer + delay values),"(0,0)",0.0,0,0,0,0,1,8,80,-20.718461647978984,0.2589807705997373,0.007616514340043068,0.0014284393982961774,1.0,1.0
constant_sweep,augmented_action_delay,Augmented (+action buffer + delay values),"(0,0)",0.0,0,0,0,0,1,9,80,-21.627953108400106,0.27034941385500133,0.013611036352813244,0.0004286800976842642,1.0,1.0
constant_sweep,augmented_action_delay,Augmented (+action buffer + delay values),"(0,0)",0.0,0,0,0,0,2,0,80,-20.401934865047224,0.2550241858130903,0.014887120574712753,0.001403933740220964,1.0,1.0
constant_sweep,augmented_action_delay,Augmented (+action buffer + delay values),"(0,0)",0.0,0,0,0,0,2,1,80,-24.643380064400844,0.3080422508050106,0.0017815183382481337,0.0008348667761310935,1.0,1.0
constant_sweep,augmented_action_delay,Augmented (+action buffer + delay values),"(0,0)",0.0,0,0,0,0,2,2,80,-22.61843111901544,0.282730388987693,0.004910480231046677,0.001269541447982192,1.0,1.0
constant_sweep,augmented_action_delay,Augmented (+action buffer + delay values),"(0,0)",0.0,0,0,0,0,2,3,80,-19.667912787248497,0.2458489098406062,0.006108379922807217,0.00021492871746886522,1.0,1.0
constant_sweep,augmented_action_delay,Augmented (+action buffer + delay values),"(0,0)",0.0,0,0,0,0,2,4,80,-19.48135449970141,0.24351693124626764,0.01674327254295349,0.002281782915815711,1.0,1.0
constant_sweep,augmented_action_delay,Augmented (+action buffer + delay values),"(0,0)",0.0,0,0,0,0,2,5,80,-19.050674572587013,0.23813343215733768,0.010873651131987572,0.002897180849686265,1.0,1.0
constant_sweep,augmented_action_delay,Augmented (+action buffer + delay values),"(0,0)",0.0,0,0,0,0,2,6,80,-18.911931247916073,0.2363991405989509,0.018023846670985222,0.00259710056707263,1.0,1.0
constant_sweep,augmented_action_delay,Augmented (+action buffer + delay values),"(0,0)",0.0,0,0,0,0,2,7,80,-20.718461647978984,0.2589807705997373,0.007616514340043068,0.0014284393982961774,1.0,1.0
constant_sweep,augmented_action_delay,Augmented (+action buffer + delay values),"(0,0)",0.0,0,0,0,0,2,8,80,-21.627953108400106,0.27034941385500133,0.013611036352813244,0.0004286800976842642,1.0,1.0
constant_sweep,augmented_action_delay,Augmented (+action buffer + delay values),"(0,0)",0.0,0,0,0,0,2,9,80,-24.59678291657474,0.30745978645718425,0.015834709629416466,0.0017110261833295226,1.0,1.0
constant_sweep,augmented_action_delay,Augmented (+action buffer + delay values),"(0,0)",0.0,0,0,0,0,3,0,80,-24.643380064400844,0.3080422508050106,0.0017815183382481337,0.0008348667761310935,1.0,1.0
constant_sweep,augmented_action_delay,Augmented (+action buffer + delay values),"(0,0)",0.0,0,0,0,0,3,1,80,-22.61843111901544,0.282730388987693,0.004910480231046677,0.001269541447982192,1.0,1.0
constant_sweep,augmented_action_delay,Augmented (+action buffer + delay values),"(0,0)",0.0,0,0,0,0,3,2,80,-19.667912787248497,0.2458489098406062,0.006108379922807217,0.00021492871746886522,1.0,1.0
constant_sweep,augmented_action_delay,Augmented (+action buffer + delay values),"(0,0)",0.0,0,0,0,0,3,3,80,-19.48135449970141,0.24351693124626764,0.01674327254295349,0.002281782915815711,1.0,1.0
constant_sweep,augmented_action_delay,Augmented (+action buffer + delay values),"(0,0)",0.0,0,0,0,0,3,4,80,-19.050674572587013,0.23813343215733768,0.010873651131987572,0.002897180849686265,1.0,1.0
constant_sweep,augmented_action_delay,Augmented (+action buffer + delay values),"(0,0)",0.0,0,0,0,0,3,5,80,-18.911931247916073,0.2363991405989509,0.018023846670985222,0.00259710056707263,1.0,1.0
constant_sweep,augmented_action_delay,Augmented (+action buffer + delay values),"(0,0)",0.0,0,0,0,0,3,6,80,-20.718461647978984,0.2589807705997373,0.007616514340043068,0.0014284393982961774,1.0,1.0
constant_sweep,augmented_action_delay,Augmented (+action buffer + delay values),"(0,0)",0.0,0,0,0,0,3,7,80,-21.627953108400106,0.27034941385500133,0.013611036352813244,0.0004286800976842642,1.0,1.0
constant_sweep,augmented_action_delay,Augmented (+action buffer + delay values),"(0,0)",0.0,0,0,0,0,3,8,80,-24.59678291657474,0.30745978645718425,0.015834709629416466,0.0017110261833295226,1.0,1.0
constant_sweep,augmented_action_delay,Augmented (+action buffer + delay values),"(0,0)",0.0,0,0,0,0,3,9,80,-22.881379126221873,0.28601723907777343,0.010881064459681511,0.0011702042538672686,1.0,1.0
constant_sweep,augmented_action_delay,Augmented (+action buffer + delay values),"(0,0)",0.0,0,0,0,0,4,0,80,-22.61843111901544,0.282730388987693,0.004910480231046677,0.001269541447982192,1.0,1.0
constant_sweep,augmented_action_delay,Augmented (+action buffer + delay values),"(0,0)",0.0,0,0,0,0,4,1,80,-19.667912787248497,0.2458489098406062,0.006108379922807217,0.00021492871746886522,1.0,1.0
constant_sweep,augmented_action_delay,Augmented (+action buffer + delay values),"(0,0)",0.0,0,0,0,0,4,2,80,-19.48135449970141,0.24351693124626764,0.01674327254295349,0.002281782915815711,1.0,1.0
constant_sweep,augmented_action_delay,Augmented (+action buffer + delay values),"(0,0)",0.0,0,0,0,0,4,3,80,-19.050674572587013,0.23813343215733768,0.010873651131987572,0.002897180849686265,1.0,1.0
constant_sweep,augmented_action_delay,Augmented (+action buffer + delay values),"(0,0)",0.0,0,0,0,0,4,4,80,-18.911931247916073,0.2363991405989509,0.018023846670985222,0.00259710056707263,1.0,1.0
constant_sweep,augmented_action_delay,Augmented (+action buffer + delay values),"(0,0)",0.0,0,0,0,0,4,5,80,-20.718461647978984,0.2589807705997373,0.007616514340043068,0.0014284393982961774,1.0,1.0
constant_sweep,augmented_action_delay,Augmented (+action buffer + delay values),"(0,0)",0.0,0,0,0,0,4,6,80,-21.627953108400106,0.27034941385500133,0.013611036352813244,0.0004286800976842642,1.0,1.0
constant_sweep,augmented_action_delay,Augmented (+action buffer + delay values),"(0,0)",0.0,0,0,0,0,4,7,80,-24.59678291657474,0.30745978645718425,0.015834709629416466,0.0017110261833295226,1.0,1.0
constant_sweep,augmented_action_delay,Augmented (+action buffer + delay values),"(0,0)",0.0,0,0,0,0,4,8,80,-22.881379126221873,0.28601723907777343,0.010881064459681511,0.0011702042538672686,1.0,1.0
constant_sweep,augmented_action_delay,Augmented (+action buffer + delay values),"(0,0)",0.0,0,0,0,0,4,9,80,-19.467613415035885,0.24334516768794856,0.01089484989643097,0.0005523126455955207,1.0,1.0
constant_sweep,unseen,Unseen delay,"(5,5)",5.0,5,5,5,5,0,0,85,-67.21759092621505,0.8469215294674916,0.9541478157043457,0.01886589825153351,0.0,1.0
constant_sweep,unseen,Unseen delay,"(5,5)",5.0,5,5,5,5,0,1,85,-65.66818779706955,0.8326027330230265,1.020608901977539,0.19291840493679047,0.0,0.0
constant_sweep,unseen,Unseen delay,"(5,5)",5.0,5,5,5,5,0,2,85,-65.98243793845177,0.8372600173248964,1.0369327068328857,0.11188878864049911,0.0,0.0
constant_sweep,unseen,Unseen delay,"(5,5)",5.0,5,5,5,5,0,3,85,-68.79803075641394,0.8643207812133957,0.9338471293449402,0.11286137253046036,0.0,0.0
constant_sweep,unseen,Unseen delay,"(5,5)",5.0,5,5,5,5,0,4,85,-66.61519919708371,0.8430430158534471,1.008691430091858,0.03495914861559868,0.0,1.0
constant_sweep,unseen,Unseen delay,"(5,5)",5.0,5,5,5,5,0,5,85,-64.65395268332213,0.8239275353248505,1.0759775638580322,0.008321340195834637,0.0,1.0
constant_sweep,unseen,Unseen delay,"(5,5)",5.0,5,5,5,5,0,6,85,-66.74625597894192,0.8456128371112487,1.0261670351028442,0.17080996930599213,0.0,0.0
constant_sweep,unseen,Unseen delay,"(5,5)",5.0,5,5,5,5,0,7,85,-64.75693909078836,0.8226325965102981,1.033366322517395,0.11953979730606079,0.0,0.0
constant_sweep,unseen,Unseen delay,"(5,5)",5.0,5,5,5,5,0,8,85,-65.31508481502533,0.8298905358595007,1.0451221466064453,0.13761219382286072,0.0,0.0
constant_sweep,unseen,Unseen delay,"(5,5)",5.0,5,5,5,5,0,9,85,-67.24282881617546,0.8495440367390128,0.993682861328125,0.20347677171230316,0.0,0.0
constant_sweep,unseen,Unseen delay,"(5,5)",5.0,5,5,5,5,1,0,85,-65.66818779706955,0.8326027330230265,1.020608901977539,0.19291840493679047,0.0,0.0
constant_sweep,unseen,Unseen delay,"(5,5)",5.0,5,5,5,5,1,1,85,-65.98243793845177,0.8372600173248964,1.0369327068328857,0.11188878864049911,0.0,0.0
constant_sweep,unseen,Unseen delay,"(5,5)",5.0,5,5,5,5,1,2,85,-68.79803075641394,0.8643207812133957,0.9338471293449402,0.11286137253046036,0.0,0.0
constant_sweep,unseen,Unseen delay,"(5,5)",5.0,5,5,5,5,1,3,85,-66.61519919708371,0.8430430158534471,1.008691430091858,0.03495914861559868,0.0,1.0
constant_sweep,unseen,Unseen delay,"(5,5)",5.0,5,5,5,5,1,4,85,-64.65395268332213,0.8239275353248505,1.0759775638580322,0.008321340195834637,0.0,1.0
constant_sweep,unseen,Unseen delay,"(5,5)",5.0,5,5,5,5,1,5,85,-66.74625597894192,0.8456128371112487,1.0261670351028442,0.17080996930599213,0.0,0.0
constant_sweep,unseen,Unseen delay,"(5,5)",5.0,5,5,5,5,1,6,85,-64.75693909078836,0.8226325965102981,1.033366322517395,0.11953979730606079,0.0,0.0
constant_sweep,unseen,Unseen delay,"(5,5)",5.0,5,5,5,5,1,7,85,-65.31508481502533,0.8298905358595007,1.0451221466064453,0.13761219382286072,0.0,0.0
constant_sweep,unseen,Unseen delay,"(5,5)",5.0,5,5,5,5,1,8,85,-67.24282881617546,0.8495440367390128,0.993682861328125,0.20347677171230316,0.0,0.0
constant_sweep,unseen,Unseen delay,"(5,5)",5.0,5,5,5,5,1,9,85,-67.28549440205097,0.848076131939888,0.9601953625679016,0.22853536903858185,0.0,0.0
constant_sweep,unseen,Unseen delay,"(5,5)",5.0,5,5,5,5,2,0,85,-65.98243793845177,0.8372600173248964,1.0369327068328857,0.11188878864049911,0.0,0.0
constant_sweep,unseen,Unseen delay,"(5,5)",5.0,5,5,5,5,2,1,85,-68.79803075641394,0.8643207812133957,0.9338471293449402,0.11286137253046036,0.0,0.0
constant_sweep,unseen,Unseen delay,"(5,5)",5.0,5,5,5,5,2,2,85,-66.61519919708371,0.8430430158534471,1.008691430091858,0.03495914861559868,0.0,1.0
constant_sweep,unseen,Unseen delay,"(5,5)",5.0,5,5,5,5,2,3,85,-64.65395268332213,0.8239275353248505,1.0759775638580322,0.008321340195834637,0.0,1.0
constant_sweep,unseen,Unseen delay,"(5,5)",5.0,5,5,5,5,2,4,85,-66.74625597894192,0.8456128371112487,1.0261670351028442,0.17080996930599213,0.0,0.0
constant_sweep,unseen,Unseen delay,"(5,5)",5.0,5,5,5,5,2,5,85,-64.75693909078836,0.8226325965102981,1.033366322517395,0.11953979730606079,0.0,0.0
constant_sweep,unseen,Unseen delay,"(5,5)",5.0,5,5,5,5,2,6,85,-65.31508481502533,0.8298905358595007,1.0451221466064453,0.13761219382286072,0.0,0.0
constant_sweep,unseen,Unseen delay,"(5,5)",5.0,5,5,5,5,2,7,85,-67.24282881617546,0.8495440367390128,0.993682861328125,0.20347677171230316,0.0,0.0
constant_sweep,unseen,Unseen delay,"(5,5)",5.0,5,5,5,5,2,8,85,-67.28549440205097,0.848076131939888,0.9601953625679016,0.22853536903858185,0.0,0.0
constant_sweep,unseen,Unseen delay,"(5,5)",5.0,5,5,5,5,2,9,85,-69.29302328824997,0.8688744895598468,0.9122616648674011,0.11995069682598114,0.0,0.0
constant_sweep,unseen,Unseen delay,"(5,5)",5.0,5,5,5,5,3,0,85,-68.79803075641394,0.8643207812133957,0.9338471293449402,0.11286137253046036,0.0,0.0
constant_sweep,unseen,Unseen delay,"(5,5)",5.0,5,5,5,5,3,1,85,-66.61519919708371,0.8430430158534471,1.008691430091858,0.03495914861559868,0.0,1.0
constant_sweep,unseen,Unseen delay,"(5,5)",5.0,5,5,5,5,3,2,85,-64.65395268332213,0.8239275353248505,1.0759775638580322,0.008321340195834637,0.0,1.0
constant_sweep,unseen,Unseen delay,"(5,5)",5.0,5,5,5,5,3,3,85,-66.74625597894192,0.8456128371112487,1.0261670351028442,0.17080996930599213,0.0,0.0
constant_sweep,unseen,Unseen delay,"(5,5)",5.0,5,5,5,5,3,4,85,-64.75693909078836,0.8226325965102981,1.033366322517395,0.11953979730606079,0.0,0.0
constant_sweep,unseen,Unseen delay,"(5,5)",5.0,5,5,5,5,3,5,85,-65.31508481502533,0.8298905358595007,1.0451221466064453,0.13761219382286072,0.0,0.0
constant_sweep,unseen,Unseen delay,"(5,5)",5.0,5,5,5,5,3,6,85,-67.24282881617546,0.8495440367390128,0.993682861328125,0.20347677171230316,0.0,0.0
constant_sweep,unseen,Unseen delay,"(5,5)",5.0,5,5,5,5,3,7,85,-67.28549440205097,0.848076131939888,0.9601953625679016,0.22853536903858185,0.0,0.0
constant_sweep,unseen,Unseen delay,"(5,5)",5.0,5,5,5,5,3,8,85,-69.29302328824997,0.8688744895598468,0.9122616648674011,0.11995069682598114,0.0,0.0
constant_sweep,unseen,Unseen delay,"(5,5)",5.0,5,5,5,5,3,9,85,-68.24546198546886,0.8592358874924043,0.9579176902770996,0.13404521346092224,0.0,0.0
constant_sweep,unseen,Unseen delay,"(5,5)",5.0,5,5,5,5,4,0,85,-66.61519919708371,0.8430430158534471,1.008691430091858,0.03495914861559868,0.0,1.0
constant_sweep,unseen,Unseen delay,"(5,5)",5.0,5,5,5,5,4,1,85,-64.65395268332213,0.8239275353248505,1.0759775638580322,0.008321340195834637,0.0,1.0
constant_sweep,unseen,Unseen delay,"(5,5)",5.0,5,5,5,5,4,2,85,-66.74625597894192,0.8456128371112487,1.0261670351028442,0.17080996930599213,0.0,0.0
constant_sweep,unseen,Unseen delay,"(5,5)",5.0,5,5,5,5,4,3,85,-64.75693909078836,0.8226325965102981,1.033366322517395,0.11953979730606079,0.0,0.0
constant_sweep,unseen,Unseen delay,"(5,5)",5.0,5,5,5,5,4,4,85,-65.31508481502533,0.8298905358595007,1.0451221466064453,0.13761219382286072,0.0,0.0
constant_sweep,unseen,Unseen delay,"(5,5)",5.0,5,5,5,5,4,5,85,-67.24282881617546,0.8495440367390128,0.993682861328125,0.20347677171230316,0.0,0.0
constant_sweep,unseen,Unseen delay,"(5,5)",5.0,5,5,5,5,4,6,85,-67.28549440205097,0.848076131939888,0.9601953625679016,0.22853536903858185,0.0,0.0
constant_sweep,unseen,Unseen delay,"(5,5)",5.0,5,5,5,5,4,7,85,-69.29302328824997,0.8688744895598468,0.9122616648674011,0.11995069682598114,0.0,0.0
constant_sweep,unseen,Unseen delay,"(5,5)",5.0,5,5,5,5,4,8,85,-68.24546198546886,0.8592358874924043,0.9579176902770996,0.13404521346092224,0.0,0.0
constant_sweep,unseen,Unseen delay,"(5,5)",5.0,5,5,5,5,4,9,85,-64.77341128885746,0.826621414808666,1.09788179397583,0.05137552320957184,0.0,1.0
constant_sweep,augmented_action,Augmented (+action buffer),"(5,5)",5.0,5,5,5,5,0,0,85,-34.50018282583915,0.4073980999097009,0.025731133297085762,0.003366533201187849,1.0,1.0
constant_sweep,augmented_action,Augmented (+action buffer),"(5,5)",5.0,5,5,5,5,0,1,85,-29.48232381726848,0.348195745350163,0.022862907499074936,0.0008691778057254851,1.0,1.0
constant_sweep,augmented_action,Augmented (+action buffer),"(5,5)",5.0,5,5,5,5,0,2,85,-30.939130248269066,0.36556056093369776,0.0267034862190485,0.0015947839710861444,1.0,1.0
constant_sweep,augmented_action,Augmented (+action buffer),"(5,5)",5.0,5,5,5,5,0,3,85,-36.595665922854096,0.4313591710291803,0.013972722925245762,0.0024640285409986973,1.0,1.0
constant_sweep,augmented_action,Augmented (+action buffer),"(5,5)",5.0,5,5,5,5,0,4,85,-34.14620219729841,0.4020338504410842,0.005335018038749695,0.005335018038749695,1.0,1.0
constant_sweep,augmented_action,Augmented (+action buffer),"(5,5)",5.0,5,5,5,5,0,5,85,-30.745422842912376,0.3628115598441047,0.01871194876730442,0.005997535772621632,1.0,1.0
constant_sweep,augmented_action,Augmented (+action buffer),"(5,5)",5.0,5,5,5,5,0,6,85,-30.357571743195876,0.3581649132483803,0.0172891765832901,0.002414277521893382,1.0,1.0
constant_sweep,augmented_action,Augmented (+action buffer),"(5,5)",5.0,5,5,5,5,0,7,85,-29.45611781696789,0.34854001390528594,0.03395667299628258,0.003724531503394246,1.0,1.0
constant_sweep,augmented_action,Augmented (+action buffer),"(5,5)",5.0,5,5,5,5,0,8,85,-29.469776196987368,0.3484802632496747,0.030209235846996307,0.0013115947367623448,1.0,1.0
constant_sweep,augmented_action,Augmented (+action buffer),"(5,5)",5.0,5,5,5,5,0,9,85,-31.63261995278299,0.373290182869224,0.019409118220210075,0.009382618591189384,1.0,1.0
constant_sweep,augmented_action,Augmented (+action buffer),"(5,5)",5.0,5,5,5,5,1,0,85,-29.48232381726848,0.348195745350163,0.022862907499074936,0.0008691778057254851,1.0,1.0
constant_sweep,augmented_action,Augmented (+action buffer),"(5,5)",5.0,5,5,5,5,1,1,85,-30.939130248269066,0.36556056093369776,0.0267034862190485,0.0015947839710861444,1.0,1.0
constant_sweep,augmented_action,Augmented (+action buffer),"(5,5)",5.0,5,5,5,5,1,2,85,-36.595665922854096,0.4313591710291803,0.013972722925245762,0.0024640285409986973,1.0,1.0
constant_sweep,augmented_action,Augmented (+action buffer),"(5,5)",5.0,5,5,5,5,1,3,85,-34.14620219729841,0.4020338504410842,0.005335018038749695,0.005335018038749695,1.0,1.0
constant_sweep,augmented_action,Augmented (+action buffer),"(5,5)",5.0,5,5,5,5,1,4,85,-30.745422842912376,0.3628115598441047,0.01871194876730442,0.005997535772621632,1.0,1.0
constant_sweep,augmented_action,Augmented (+action buffer),"(5,5)",5.0,5,5,5,5,1,5,85,-30.357571743195876,0.3581649132483803,0.0172891765832901,0.002414277521893382,1.0,1.0
constant_sweep,augmented_action,Augmented (+action buffer),"(5,5)",5.0,5,5,5,5,1,6,85,-29.45611781696789,0.34854001390528594,0.03395667299628258,0.003724531503394246,1.0,1.0
constant_sweep,augmented_action,Augmented (+action buffer),"(5,5)",5.0,5,5,5,5,1,7,85,-29.469776196987368,0.3484802632496747,0.030209235846996307,0.0013115947367623448,1.0,1.0
constant_sweep,augmented_action,Augmented (+action buffer),"(5,5)",5.0,5,5,5,5,1,8,85,-31.63261995278299,0.373290182869224,0.019409118220210075,0.009382618591189384,1.0,1.0
constant_sweep,augmented_action,Augmented (+action buffer),"(5,5)",5.0,5,5,5,5,1,9,85,-32.92200371623039,0.38892107007696347,0.027257448062300682,0.0022179323714226484,1.0,1.0
constant_sweep,augmented_action,Augmented (+action buffer),"(5,5)",5.0,5,5,5,5,2,0,85,-30.939130248269066,0.36556056093369776,0.0267034862190485,0.0015947839710861444,1.0,1.0
constant_sweep,augmented_action,Augmented (+action buffer),"(5,5)",5.0,5,5,5,5,2,1,85,-36.595665922854096,0.4313591710291803,0.013972722925245762,0.0024640285409986973,1.0,1.0
constant_sweep,augmented_action,Augmented (+action buffer),"(5,5)",5.0,5,5,5,5,2,2,85,-34.14620219729841,0.4020338504410842,0.005335018038749695,0.005335018038749695,1.0,1.0
constant_sweep,augmented_action,Augmented (+action buffer),"(5,5)",5.0,5,5,5,5,2,3,85,-30.745422842912376,0.3628115598441047,0.01871194876730442,0.005997535772621632,1.0,1.0
constant_sweep,augmented_action,Augmented (+action buffer),"(5,5)",5.0,5,5,5,5,2,4,85,-30.357571743195876,0.3581649132483803,0.0172891765832901,0.002414277521893382,1.0,1.0
constant_sweep,augmented_action,Augmented (+action buffer),"(5,5)",5.0,5,5,5,5,2,5,85,-29.45611781696789,0.34854001390528594,0.03395667299628258,0.003724531503394246,1.0,1.0
constant_sweep,augmented_action,Augmented (+action buffer),"(5,5)",5.0,5,5,5,5,2,6,85,-29.469776196987368,0.3484802632496747,0.030209235846996307,0.0013115947367623448,1.0,1.0
constant_sweep,augmented_action,Augmented (+action buffer),"(5,5)",5.0,5,5,5,5,2,7,85,-31.63261995278299,0.373290182869224,0.019409118220210075,0.009382618591189384,1.0,1.0
constant_sweep,augmented_action,Augmented (+action buffer),"(5,5)",5.0,5,5,5,5,2,8,85,-32.92200371623039,0.38892107007696347,0.027257448062300682,0.0022179323714226484,1.0,1.0
constant_sweep,augmented_action,Augmented (+action buffer),"(5,5)",5.0,5,5,5,5,2,9,85,-36.06541040306911,0.4252004513243104,0.015325591899454594,0.004351989831775427,1.0,1.0
constant_sweep,augmented_action,Augmented (+action buffer),"(5,5)",5.0,5,5,5,5,3,0,85,-36.595665922854096,0.4313591710291803,0.013972722925245762,0.0024640285409986973,1.0,1.0
constant_sweep,augmented_action,Augmented (+action buffer),"(5,5)",5.0,5,5,5,5,3,1,85,-34.14620219729841,0.4020338504410842,0.005335018038749695,0.005335018038749695,1.0,1.0
constant_sweep,augmented_action,Augmented (+action buffer),"(5,5)",5.0,5,5,5,5,3,2,85,-30.745422842912376,0.3628115598441047,0.01871194876730442,0.005997535772621632,1.0,1.0
constant_sweep,augmented_action,Augmented (+action buffer),"(5,5)",5.0,5,5,5,5,3,3,85,-30.357571743195876,0.3581649132483803,0.0172891765832901,0.002414277521893382,1.0,1.0
constant_sweep,augmented_action,Augmented (+action buffer),"(5,5)",5.0,5,5,5,5,3,4,85,-29.45611781696789,0.34854001390528594,0.03395667299628258,0.003724531503394246,1.0,1.0
constant_sweep,augmented_action,Augmented (+action buffer),"(5,5)",5.0,5,5,5,5,3,5,85,-29.469776196987368,0.3484802632496747,0.030209235846996307,0.0013115947367623448,1.0,1.0
constant_sweep,augmented_action,Augmented (+action buffer),"(5,5)",5.0,5,5,5,5,3,6,85,-31.63261995278299,0.373290182869224,0.019409118220210075,0.009382618591189384,1.0,1.0
constant_sweep,augmented_action,Augmented (+action buffer),"(5,5)",5.0,5,5,5,5,3,7,85,-32.92200371623039,0.38892107007696347,0.027257448062300682,0.0022179323714226484,1.0,1.0
constant_sweep,augmented_action,Augmented (+action buffer),"(5,5)",5.0,5,5,5,5,3,8,85,-36.06541040306911,0.4252004513243104,0.015325591899454594,0.004351989831775427,1.0,1.0
constant_sweep,augmented_action,Augmented (+action buffer),"(5,5)",5.0,5,5,5,5,3,9,85,-34.05226592719555,0.4019741226206808,0.023106899112462997,0.00469882832840085,1.0,1.0
constant_sweep,augmented_action,Augmented (+action buffer),"(5,5)",5.0,5,5,5,5,4,0,85,-34.14620219729841,0.4020338504410842,0.005335018038749695,0.005335018038749695,1.0,1.0
constant_sweep,augmented_action,Augmented (+action buffer),"(5,5)",5.0,5,5,5,5,4,1,85,-30.745422842912376,0.3628115598441047,0.01871194876730442,0.005997535772621632,1.0,1.0
constant_sweep,augmented_action,Augmented (+action buffer),"(5,5)",5.0,5,5,5,5,4,2,85,-30.357571743195876,0.3581649132483803,0.0172891765832901,0.002414277521893382,1.0,1.0
constant_sweep,augmented_action,Augmented (+action buffer),"(5,5)",5.0,5,5,5,5,4,3,85,-29.45611781696789,0.34854001390528594,0.03395667299628258,0.003724531503394246,1.0,1.0
constant_sweep,augmented_action,Augmented (+action buffer),"(5,5)",5.0,5,5,5,5,4,4,85,-29.469776196987368,0.3484802632496747,0.030209235846996307,0.0013115947367623448,1.0,1.0
constant_sweep,augmented_action,Augmented (+action buffer),"(5,5)",5.0,5,5,5,5,4,5,85,-31.63261995278299,0.373290182869224,0.019409118220210075,0.009382618591189384,1.0,1.0
constant_sweep,augmented_action,Augmented (+action buffer),"(5,5)",5.0,5,5,5,5,4,6,85,-32.92200371623039,0.38892107007696347,0.027257448062300682,0.0022179323714226484,1.0,1.0
constant_sweep,augmented_action,Augmented (+action buffer),"(5,5)",5.0,5,5,5,5,4,7,85,-36.06541040306911,0.4252004513243104,0.015325591899454594,0.004351989831775427,1.0,1.0
constant_sweep,augmented_action,Augmented (+action buffer),"(5,5)",5.0,5,5,5,5,4,8,85,-34.05226592719555,0.4019741226206808,0.023106899112462997,0.00469882832840085,1.0,1.0
constant_sweep,augmented_action,Augmented (+action buffer),"(5,5)",5.0,5,5,5,5,4,9,85,-29.964726799633354,0.3533146592788398,0.013403847813606262,0.0011663432233035564,1.0,1.0
constant_sweep,augmented_action_delay,Augmented (+action buffer + delay values),"(5,5)",5.0,5,5,5,5,0,0,85,-34.50018282583915,0.4073980999097009,0.025731133297085762,0.003366533201187849,1.0,1.0
constant_sweep,augmented_action_delay,Augmented (+action buffer + delay values),"(5,5)",5.0,5,5,5,5,0,1,85,-29.48232381726848,0.348195745350163,0.022862907499074936,0.0008691778057254851,1.0,1.0
constant_sweep,augmented_action_delay,Augmented (+action buffer + delay values),"(5,5)",5.0,5,5,5,5,0,2,85,-30.939130248269066,0.36556056093369776,0.0267034862190485,0.0015947839710861444,1.0,1.0
constant_sweep,augmented_action_delay,Augmented (+action buffer + delay values),"(5,5)",5.0,5,5,5,5,0,3,85,-36.595665922854096,0.4313591710291803,0.013972722925245762,0.0024640285409986973,1.0,1.0
constant_sweep,augmented_action_delay,Augmented (+action buffer + delay values),"(5,5)",5.0,5,5,5,5,0,4,85,-34.14620219729841,0.4020338504410842,0.005335018038749695,0.005335018038749695,1.0,1.0
constant_sweep,augmented_action_delay,Augmented (+action buffer + delay values),"(5,5)",5.0,5,5,5,5,0,5,85,-30.745422842912376,0.3628115598441047,0.01871194876730442,0.005997535772621632,1.0,1.0
constant_sweep,augmented_action_delay,Augmented (+action buffer + delay values),"(5,5)",5.0,5,5,5,5,0,6,85,-30.357571743195876,0.3581649132483803,0.0172891765832901,0.002414277521893382,1.0,1.0
constant_sweep,augmented_action_delay,Augmented (+action buffer + delay values),"(5,5)",5.0,5,5,5,5,0,7,85,-29.45611781696789,0.34854001390528594,0.03395667299628258,0.003724531503394246,1.0,1.0
constant_sweep,augmented_action_delay,Augmented (+action buffer + delay values),"(5,5)",5.0,5,5,5,5,0,8,85,-29.469776196987368,0.3484802632496747,0.030209235846996307,0.0013115947367623448,1.0,1.0
constant_sweep,augmented_action_delay,Augmented (+action buffer + delay values),"(5,5)",5.0,5,5,5,5,0,9,85,-31.63261995278299,0.373290182869224,0.019409118220210075,0.009382618591189384,1.0,1.0
constant_sweep,augmented_action_delay,Augmented (+action buffer + delay values),"(5,5)",5.0,5,5,5,5,1,0,85,-29.48232381726848,0.348195745350163,0.022862907499074936,0.0008691778057254851,1.0,1.0
constant_sweep,augmented_action_delay,Augmented (+action buffer + delay values),"(5,5)",5.0,5,5,5,5,1,1,85,-30.939130248269066,0.36556056093369776,0.0267034862190485,0.0015947839710861444,1.0,1.0
constant_sweep,augmented_action_delay,Augmented (+action buffer + delay values),"(5,5)",5.0,5,5,5,5,1,2,85,-36.595665922854096,0.4313591710291803,0.013972722925245762,0.0024640285409986973,1.0,1.0
constant_sweep,augmented_action_delay,Augmented (+action buffer + delay values),"(5,5)",5.0,5,5,5,5,1,3,85,-34.14620219729841,0.4020338504410842,0.005335018038749695,0.005335018038749695,1.0,1.0
constant_sweep,augmented_action_delay,Augmented (+action buffer + delay values),"(5,5)",5.0,5,5,5,5,1,4,85,-30.745422842912376,0.3628115598441047,0.01871194876730442,0.005997535772621632,1.0,1.0
constant_sweep,augmented_action_delay,Augmented (+action buffer + delay values),"(5,5)",5.0,5,5,5,5,1,5,85,-30.357571743195876,0.3581649132483803,0.0172891765832901,0.002414277521893382,1.0,1.0
constant_sweep,augmented_action_delay,Augmented (+action buffer + delay values),"(5,5)",5.0,5,5,5,5,1,6,85,-29.45611781696789,0.34854001390528594,0.03395667299628258,0.003724531503394246,1.0,1.0
constant_sweep,augmented_action_delay,Augmented (+action buffer + delay values),"(5,5)",5.0,5,5,5,5,1,7,85,-29.469776196987368,0.3484802632496747,0.030209235846996307,0.0013115947367623448,1.0,1.0
constant_sweep,augmented_action_delay,Augmented (+action buffer + delay values),"(5,5)",5.0,5,5,5,5,1,8,85,-31.63261995278299,0.373290182869224,0.019409118220210075,0.009382618591189384,1.0,1.0
constant_sweep,augmented_action_delay,Augmented (+action buffer + delay values),"(5,5)",5.0,5,5,5,5,1,9,85,-32.92200371623039,0.38892107007696347,0.027257448062300682,0.0022179323714226484,1.0,1.0
constant_sweep,augmented_action_delay,Augmented (+action buffer + delay values),"(5,5)",5.0,5,5,5,5,2,0,85,-30.939130248269066,0.36556056093369776,0.0267034862190485,0.0015947839710861444,1.0,1.0
constant_sweep,augmented_action_delay,Augmented (+action buffer + delay values),"(5,5)",5.0,5,5,5,5,2,1,85,-36.595665922854096,0.4313591710291803,0.013972722925245762,0.0024640285409986973,1.0,1.0
constant_sweep,augmented_action_delay,Augmented (+action buffer + delay values),"(5,5)",5.0,5,5,5,5,2,2,85,-34.14620219729841,0.4020338504410842,0.005335018038749695,0.005335018038749695,1.0,1.0
constant_sweep,augmented_action_delay,Augmented (+action buffer + delay values),"(5,5)",5.0,5,5,5,5,2,3,85,-30.745422842912376,0.3628115598441047,0.01871194876730442,0.005997535772621632,1.0,1.0
constant_sweep,augmented_action_delay,Augmented (+action buffer + delay values),"(5,5)",5.0,5,5,5,5,2,4,85,-30.357571743195876,0.3581649132483803,0.0172891765832901,0.002414277521893382,1.0,1.0
constant_sweep,augmented_action_delay,Augmented (+action buffer + delay values),"(5,5)",5.0,5,5,5,5,2,5,85,-29.45611781696789,0.34854001390528594,0.03395667299628258,0.003724531503394246,1.0,1.0
constant_sweep,augmented_action_delay,Augmented (+action buffer + delay values),"(5,5)",5.0,5,5,5,5,2,6,85,-29.469776196987368,0.3484802632496747,0.030209235846996307,0.0013115947367623448,1.0,1.0
constant_sweep,augmented_action_delay,Augmented (+action buffer + delay values),"(5,5)",5.0,5,5,5,5,2,7,85,-31.63261995278299,0.373290182869224,0.019409118220210075,0.009382618591189384,1.0,1.0
constant_sweep,augmented_action_delay,Augmented (+action buffer + delay values),"(5,5)",5.0,5,5,5,5,2,8,85,-32.92200371623039,0.38892107007696347,0.027257448062300682,0.0022179323714226484,1.0,1.0
constant_sweep,augmented_action_delay,Augmented (+action buffer + delay values),"(5,5)",5.0,5,5,5,5,2,9,85,-36.06541040306911,0.4252004513243104,0.015325591899454594,0.004351989831775427,1.0,1.0
constant_sweep,augmented_action_delay,Augmented (+action buffer + delay values),"(5,5)",5.0,5,5,5,5,3,0,85,-36.595665922854096,0.4313591710291803,0.013972722925245762,0.0024640285409986973,1.0,1.0
constant_sweep,augmented_action_delay,Augmented (+action buffer + delay values),"(5,5)",5.0,5,5,5,5,3,1,85,-34.14620219729841,0.4020338504410842,0.005335018038749695,0.005335018038749695,1.0,1.0
constant_sweep,augmented_action_delay,Augmented (+action buffer + delay values),"(5,5)",5.0,5,5,5,5,3,2,85,-30.745422842912376,0.3628115598441047,0.01871194876730442,0.005997535772621632,1.0,1.0
constant_sweep,augmented_action_delay,Augmented (+action buffer + delay values),"(5,5)",5.0,5,5,5,5,3,3,85,-30.357571743195876,0.3581649132483803,0.0172891765832901,0.002414277521893382,1.0,1.0
constant_sweep,augmented_action_delay,Augmented (+action buffer + delay values),"(5,5)",5.0,5,5,5,5,3,4,85,-29.45611781696789,0.34854001390528594,0.03395667299628258,0.003724531503394246,1.0,1.0
constant_sweep,augmented_action_delay,Augmented (+action buffer + delay values),"(5,5)",5.0,5,5,5,5,3,5,85,-29.469776196987368,0.3484802632496747,0.030209235846996307,0.0013115947367623448,1.0,1.0
constant_sweep,augmented_action_delay,Augmented (+action buffer + delay values),"(5,5)",5.0,5,5,5,5,3,6,85,-31.63261995278299,0.373290182869224,0.019409118220210075,0.009382618591189384,1.0,1.0
constant_sweep,augmented_action_delay,Augmented (+action buffer + delay values),"(5,5)",5.0,5,5,5,5,3,7,85,-32.92200371623039,0.38892107007696347,0.027257448062300682,0.0022179323714226484,1.0,1.0
constant_sweep,augmented_action_delay,Augmented (+action buffer + delay values),"(5,5)",5.0,5,5,5,5,3,8,85,-36.06541040306911,0.4252004513243104,0.015325591899454594,0.004351989831775427,1.0,1.0
constant_sweep,augmented_action_delay,Augmented (+action buffer + delay values),"(5,5)",5.0,5,5,5,5,3,9,85,-34.05226592719555,0.4019741226206808,0.023106899112462997,0.00469882832840085,1.0,1.0
constant_sweep,augmented_action_delay,Augmented (+action buffer + delay values),"(5,5)",5.0,5,5,5,5,4,0,85,-34.14620219729841,0.4020338504410842,0.005335018038749695,0.005335018038749695,1.0,1.0
constant_sweep,augmented_action_delay,Augmented (+action buffer + delay values),"(5,5)",5.0,5,5,5,5,4,1,85,-30.745422842912376,0.3628115598441047,0.01871194876730442,0.005997535772621632,1.0,1.0
constant_sweep,augmented_action_delay,Augmented (+action buffer + delay values),"(5,5)",5.0,5,5,5,5,4,2,85,-30.357571743195876,0.3581649132483803,0.0172891765832901,0.002414277521893382,1.0,1.0
constant_sweep,augmented_action_delay,Augmented (+action buffer + delay values),"(5,5)",5.0,5,5,5,5,4,3,85,-29.45611781696789,0.34854001390528594,0.03395667299628258,0.003724531503394246,1.0,1.0
constant_sweep,augmented_action_delay,Augmented (+action buffer + delay values),"(5,5)",5.0,5,5,5,5,4,4,85,-29.469776196987368,0.3484802632496747,0.030209235846996307,0.0013115947367623448,1.0,1.0
constant_sweep,augmented_action_delay,Augmented (+action buffer + delay values),"(5,5)",5.0,5,5,5,5,4,5,85,-31.63261995278299,0.373290182869224,0.019409118220210075,0.009382618591189384,1.0,1.0
constant_sweep,augmented_action_delay,Augmented (+action buffer + delay values),"(5,5)",5.0,5,5,5,5,4,6,85,-32.92200371623039,0.38892107007696347,0.027257448062300682,0.0022179323714226484,1.0,1.0
constant_sweep,augmented_action_delay,Augmented (+action buffer + delay values),"(5,5)",5.0,5,5,5,5,4,7,85,-36.06541040306911,0.4252004513243104,0.015325591899454594,0.004351989831775427,1.0,1.0
constant_sweep,augmented_action_delay,Augmented (+action buffer + delay values),"(5,5)",5.0,5,5,5,5,4,8,85,-34.05226592719555,0.4019741226206808,0.023106899112462997,0.00469882832840085,1.0,1.0
constant_sweep,augmented_action_delay,Augmented (+action buffer + delay values),"(5,5)",5.0,5,5,5,5,4,9,85,-29.964726799633354,0.3533146592788398,0.013403847813606262,0.0011663432233035564,1.0,1.0
constant_sweep,unseen,Unseen delay,"(10,10)",10.0,10,10,10,10,0,0,90,-99.51431215368211,1.1929027836148938,0.7846938371658325,0.025486206635832787,0.0,1.0
constant_sweep,unseen,Unseen delay,"(10,10)",10.0,10,10,10,10,0,1,90,-95.71024411916733,1.176759308576584,1.019809365272522,0.17210030555725098,0.0,0.0
constant_sweep,unseen,Unseen delay,"(10,10)",10.0,10,10,10,10,0,2,90,-96.49683284759521,1.178251900937822,0.9545838236808777,0.11290310323238373,0.0,0.0
constant_sweep,unseen,Unseen delay,"(10,10)",10.0,10,10,10,10,0,3,90,-101.48232891410589,1.202929816229476,0.6781354546546936,0.11870289593935013,0.0,0.0
constant_sweep,unseen,Unseen delay,"(10,10)",10.0,10,10,10,10,0,4,90,-98.64120541140437,1.1780078740169604,0.737950325012207,0.020662039518356323,0.0,1.0
constant_sweep,unseen,Unseen delay,"(10,10)",10.0,10,10,10,10,0,5,90,-94.71647453308105,1.1537704679701064,0.9122867584228516,0.027294151484966278,0.0,1.0
constant_sweep,unseen,Unseen delay,"(10,10)",10.0,10,10,10,10,0,6,90,-95.21418942511082,1.174001112414731,1.0445910692214966,0.1644648015499115,0.0,0.0
constant_sweep,unseen,Unseen delay,"(10,10)",10.0,10,10,10,10,0,7,90,-94.97894243896008,1.1675721623831326,1.010255217552185,0.1120481789112091,0.0,0.0
constant_sweep,unseen,Unseen delay,"(10,10)",10.0,10,10,10,10,0,8,90,-96.07506331801414,1.1757062604029973,0.9738500118255615,0.13495343923568726,0.0,0.0
constant_sweep,unseen,Unseen delay,"(10,10)",10.0,10,10,10,10,0,9,90,-98.04903315007687,1.1881646101673444,0.8885781764984131,0.2128811925649643,0.0,0.0
constant_sweep,unseen,Unseen delay,"(10,10)",10.0,10,10,10,10,1,0,90,-95.71024411916733,1.176759308576584,1.019809365272522,0.17210030555725098,0.0,0.0
constant_sweep,unseen,Unseen delay,"(10,10)",10.0,10,10,10,10,1,1,90,-96.49683284759521,1.178251900937822,0.9545838236808777,0.11290310323238373,0.0,0.0
constant_sweep,unseen,Unseen delay,"(10,10)",10.0,10,10,10,10,1,2,90,-101.48232891410589,1.202929816229476,0.6781354546546936,0.11870289593935013,0.0,0.0
constant_sweep,unseen,Unseen delay,"(10,10)",10.0,10,10,10,10,1,3,90,-98.64120541140437,1.1780078740169604,0.737950325012207,0.020662039518356323,0.0,1.0
constant_sweep,unseen,Unseen delay,"(10,10)",10.0,10,10,10,10,1,4,90,-94.71647453308105,1.1537704679701064,0.9122867584228516,0.027294151484966278,0.0,1.0
constant_sweep,unseen,Unseen delay,"(10,10)",10.0,10,10,10,10,1,5,90,-95.21418942511082,1.174001112414731,1.0445910692214966,0.1644648015499115,0.0,0.0
constant_sweep,unseen,Unseen delay,"(10,10)",10.0,10,10,10,10,1,6,90,-94.97894243896008,1.1675721623831326,1.010255217552185,0.1120481789112091,0.0,0.0
constant_sweep,unseen,Unseen delay,"(10,10)",10.0,10,10,10,10,1,7,90,-96.07506331801414,1.1757062604029973,0.9738500118255615,0.13495343923568726,0.0,0.0
constant_sweep,unseen,Unseen delay,"(10,10)",10.0,10,10,10,10,1,8,90,-98.04903315007687,1.1881646101673444,0.8885781764984131,0.2128811925649643,0.0,0.0
constant_sweep,unseen,Unseen delay,"(10,10)",10.0,10,10,10,10,1,9,90,-98.79456822574139,1.201445904539691,0.933556318283081,0.23695476353168488,0.0,0.0
constant_sweep,unseen,Unseen delay,"(10,10)",10.0,10,10,10,10,2,0,90,-96.49683284759521,1.178251900937822,0.9545838236808777,0.11290310323238373,0.0,0.0
constant_sweep,unseen,Unseen delay,"(10,10)",10.0,10,10,10,10,2,1,90,-101.48232891410589,1.202929816229476,0.6781354546546936,0.11870289593935013,0.0,0.0
constant_sweep,unseen,Unseen delay,"(10,10)",10.0,10,10,10,10,2,2,90,-98.64120541140437,1.1780078740169604,0.737950325012207,0.020662039518356323,0.0,1.0
constant_sweep,unseen,Unseen delay,"(10,10)",10.0,10,10,10,10,2,3,90,-94.71647453308105,1.1537704679701064,0.9122867584228516,0.027294151484966278,0.0,1.0
constant_sweep,unseen,Unseen delay,"(10,10)",10.0,10,10,10,10,2,4,90,-95.21418942511082,1.174001112414731,1.0445910692214966,0.1644648015499115,0.0,0.0
constant_sweep,unseen,Unseen delay,"(10,10)",10.0,10,10,10,10,2,5,90,-94.97894243896008,1.1675721623831326,1.010255217552185,0.1120481789112091,0.0,0.0
constant_sweep,unseen,Unseen delay,"(10,10)",10.0,10,10,10,10,2,6,90,-96.07506331801414,1.1757062604029973,0.9738500118255615,0.13495343923568726,0.0,0.0
constant_sweep,unseen,Unseen delay,"(10,10)",10.0,10,10,10,10,2,7,90,-98.04903315007687,1.1881646101673444,0.8885781764984131,0.2128811925649643,0.0,0.0
constant_sweep,unseen,Unseen delay,"(10,10)",10.0,10,10,10,10,2,8,90,-98.79456822574139,1.201445904539691,0.933556318283081,0.23695476353168488,0.0,0.0
constant_sweep,unseen,Unseen delay,"(10,10)",10.0,10,10,10,10,2,9,90,-102.23285041749477,1.2088306504819128,0.656190812587738,0.14493682980537415,0.0,0.0
constant_sweep,unseen,Unseen delay,"(10,10)",10.0,10,10,10,10,3,0,90,-101.48232891410589,1.202929816229476,0.6781354546546936,0.11870289593935013,0.0,0.0
constant_sweep,unseen,Unseen delay,"(10,10)",10.0,10,10,10,10,3,1,90,-98.64120541140437,1.1780078740169604,0.737950325012207,0.020662039518356323,0.0,1.0
constant_sweep,unseen,Unseen delay,"(10,10)",10.0,10,10,10,10,3,2,90,-94.71647453308105,1.1537704679701064,0.9122867584228516,0.027294151484966278,0.0,1.0
constant_sweep,unseen,Unseen delay,"(10,10)",10.0,10,10,10,10,3,3,90,-95.21418942511082,1.174001112414731,1.0445910692214966,0.1644648015499115,0.0,0.0
constant_sweep,unseen,Unseen delay,"(10,10)",10.0,10,10,10,10,3,4,90,-94.97894243896008,1.1675721623831326,1.010255217552185,0.1120481789112091,0.0,0.0
constant_sweep,unseen,Unseen delay,"(10,10)",10.0,10,10,10,10,3,5,90,-96.07506331801414,1.1757062604029973,0.9738500118255615,0.13495343923568726,0.0,0.0
constant_sweep,unseen,Unseen delay,"(10,10)",10.0,10,10,10,10,3,6,90,-98.04903315007687,1.1881646101673444,0.8885781764984131,0.2128811925649643,0.0,0.0
constant_sweep,unseen,Unseen delay,"(10,10)",10.0,10,10,10,10,3,7,90,-98.79456822574139,1.201445904539691,0.933556318283081,0.23695476353168488,0.0,0.0
constant_sweep,unseen,Unseen delay,"(10,10)",10.0,10,10,10,10,3,8,90,-102.23285041749477,1.2088306504819128,0.656190812587738,0.14493682980537415,0.0,0.0
constant_sweep,unseen,Unseen delay,"(10,10)",10.0,10,10,10,10,3,9,90,-99.42471994459629,1.1970695735679733,0.8311541676521301,0.13249006867408752,0.0,0.0
constant_sweep,unseen,Unseen delay,"(10,10)",10.0,10,10,10,10,4,0,90,-98.64120541140437,1.1780078740169604,0.737950325012207,0.020662039518356323,0.0,1.0
constant_sweep,unseen,Unseen delay,"(10,10)",10.0,10,10,10,10,4,1,90,-94.71647453308105,1.1537704679701064,0.9122867584228516,0.027294151484966278,0.0,1.0
constant_sweep,unseen,Unseen delay,"(10,10)",10.0,10,10,10,10,4,2,90,-95.21418942511082,1.174001112414731,1.0445910692214966,0.1644648015499115,0.0,0.0
constant_sweep,unseen,Unseen delay,"(10,10)",10.0,10,10,10,10,4,3,90,-94.97894243896008,1.1675721623831326,1.010255217552185,0.1120481789112091,0.0,0.0
constant_sweep,unseen,Unseen delay,"(10,10)",10.0,10,10,10,10,4,4,90,-96.07506331801414,1.1757062604029973,0.9738500118255615,0.13495343923568726,0.0,0.0
constant_sweep,unseen,Unseen delay,"(10,10)",10.0,10,10,10,10,4,5,90,-98.04903315007687,1.1881646101673444,0.8885781764984131,0.2128811925649643,0.0,0.0
constant_sweep,unseen,Unseen delay,"(10,10)",10.0,10,10,10,10,4,6,90,-98.79456822574139,1.201445904539691,0.933556318283081,0.23695476353168488,0.0,0.0
constant_sweep,unseen,Unseen delay,"(10,10)",10.0,10,10,10,10,4,7,90,-102.23285041749477,1.2088306504819128,0.656190812587738,0.14493682980537415,0.0,0.0
constant_sweep,unseen,Unseen delay,"(10,10)",10.0,10,10,10,10,4,8,90,-99.42471994459629,1.1970695735679733,0.8311541676521301,0.13249006867408752,0.0,0.0
constant_sweep,unseen,Unseen delay,"(10,10)",10.0,10,10,10,10,4,9,90,-94.81967022269964,1.1615830781559149,0.9722806811332703,0.0812162235379219,0.0,0.0
constant_sweep,augmented_action,Augmented (+action buffer),"(10,10)",10.0,10,10,10,10,0,0,90,-45.42458071326837,0.5076854407942544,0.02671089582145214,0.007516804616898298,1.0,1.0
constant_sweep,augmented_action,Augmented (+action buffer),"(10,10)",10.0,10,10,10,10,0,1,90,-39.59975372022018,0.4441716268399937,0.03756926953792572,0.003923628944903612,1.0,1.0
constant_sweep,augmented_action,Augmented (+action buffer),"(10,10)",10.0,10,10,10,10,0,2,90,-41.13206865126267,0.4593125324955003,0.02060592733323574,0.0020903325639665127,1.0,1.0
constant_sweep,augmented_action,Augmented (+action buffer),"(10,10)",10.0,10,10,10,10,0,3,90,-47.806704595685005,0.5350506991975837,0.034785833209753036,0.0068953754380345345,1.0,1.0
constant_sweep,augmented_action,Augmented (+action buffer),"(10,10)",10.0,10,10,10,10,0,4,90,-45.458090699627064,0.509219567636804,0.03716703876852989,0.0018824817379936576,1.0,1.0
constant_sweep,augmented_action,Augmented (+action buffer),"(10,10)",10.0,10,10,10,10,0,5,90,-41.2300830045715,0.46155341413492956,0.030972426757216454,0.0018425360321998596,1.0,1.0
constant_sweep,augmented_action,Augmented (+action buffer),"(10,10)",10.0,10,10,10,10,0,6,90,-40.643763397820294,0.455529788767712,0.035391759127378464,0.006228664889931679,1.0,1.0
constant_sweep,augmented_action,Augmented (+action buffer),"(10,10)",10.0,10,10,10,10,0,7,90,-39.733867421746254,0.4459231214390861,0.0399213507771492,0.0056344885379076,1.0,1.0
constant_sweep,augmented_action,Augmented (+action buffer),"(10,10)",10.0,10,10,10,10,0,8,90,-39.68141465820372,0.44437503291087016,0.031233830377459526,0.007410385645925999,1.0,1.0
constant_sweep,augmented_action,Augmented (+action buffer),"(10,10)",10.0,10,10,10,10,0,9,90,-42.34212797321379,0.4726752465176913,0.01986442133784294,0.017491357401013374,1.0,1.0
constant_sweep,augmented_action,Augmented (+action buffer),"(10,10)",10.0,10,10,10,10,1,0,90,-39.59975372022018,0.4441716268399937,0.03756926953792572,0.003923628944903612,1.0,1.0
constant_sweep,augmented_action,Augmented (+action buffer),"(10,10)",10.0,10,10,10,10,1,1,90,-41.13206865126267,0.4593125324955003,0.02060592733323574,0.0020903325639665127,1.0,1.0
constant_sweep,augmented_action,Augmented (+action buffer),"(10,10)",10.0,10,10,10,10,1,2,90,-47.806704595685005,0.5350506991975837,0.034785833209753036,0.0068953754380345345,1.0,1.0
constant_sweep,augmented_action,Augmented (+action buffer),"(10,10)",10.0,10,10,10,10,1,3,90,-45.458090699627064,0.509219567636804,0.03716703876852989,0.0018824817379936576,1.0,1.0
constant_sweep,augmented_action,Augmented (+action buffer),"(10,10)",10.0,10,10,10,10,1,4,90,-41.2300830045715,0.46155341413492956,0.030972426757216454,0.0018425360321998596,1.0,1.0
constant_sweep,augmented_action,Augmented (+action buffer),"(10,10)",10.0,10,10,10,10,1,5,90,-40.643763397820294,0.455529788767712,0.035391759127378464,0.006228664889931679,1.0,1.0
constant_sweep,augmented_action,Augmented (+action buffer),"(10,10)",10.0,10,10,10,10,1,6,90,-39.733867421746254,0.4459231214390861,0.0399213507771492,0.0056344885379076,1.0,1.0
constant_sweep,augmented_action,Augmented (+action buffer),"(10,10)",10.0,10,10,10,10,1,7,90,-39.68141465820372,0.44437503291087016,0.031233830377459526,0.007410385645925999,1.0,1.0
constant_sweep,augmented_action,Augmented (+action buffer),"(10,10)",10.0,10,10,10,10,1,8,90,-42.34212797321379,0.4726752465176913,0.01986442133784294,0.017491357401013374,1.0,1.0
constant_sweep,augmented_action,Augmented (+action buffer),"(10,10)",10.0,10,10,10,10,1,9,90,-43.582843044772744,0.49003575313836334,0.052037473767995834,0.0037642866373062134,1.0,1.0
constant_sweep,augmented_action,Augmented (+action buffer),"(10,10)",10.0,10,10,10,10,2,0,90,-41.13206865126267,0.4593125324955003,0.02060592733323574,0.0020903325639665127,1.0,1.0
constant_sweep,augmented_action,Augmented (+action buffer),"(10,10)",10.0,10,10,10,10,2,1,90,-47.806704595685005,0.5350506991975837,0.034785833209753036,0.0068953754380345345,1.0,1.0
constant_sweep,augmented_action,Augmented (+action buffer),"(10,10)",10.0,10,10,10,10,2,2,90,-45.458090699627064,0.509219567636804,0.03716703876852989,0.0018824817379936576,1.0,1.0
constant_sweep,augmented_action,Augmented (+action buffer),"(10,10)",10.0,10,10,10,10,2,3,90,-41.2300830045715,0.46155341413492956,0.030972426757216454,0.0018425360321998596,1.0,1.0
constant_sweep,augmented_action,Augmented (+action buffer),"(10,10)",10.0,10,10,10,10,2,4,90,-40.643763397820294,0.455529788767712,0.035391759127378464,0.006228664889931679,1.0,1.0
constant_sweep,augmented_action,Augmented (+action buffer),"(10,10)",10.0,10,10,10,10,2,5,90,-39.733867421746254,0.4459231214390861,0.0399213507771492,0.0056344885379076,1.0,1.0
constant_sweep,augmented_action,Augmented (+action buffer),"(10,10)",10.0,10,10,10,10,2,6,90,-39.68141465820372,0.44437503291087016,0.031233830377459526,0.007410385645925999,1.0,1.0
constant_sweep,augmented_action,Augmented (+action buffer),"(10,10)",10.0,10,10,10,10,2,7,90,-42.34212797321379,0.4726752465176913,0.01986442133784294,0.017491357401013374,1.0,1.0
constant_sweep,augmented_action,Augmented (+action buffer),"(10,10)",10.0,10,10,10,10,2,8,90,-43.582843044772744,0.49003575313836334,0.052037473767995834,0.0037642866373062134,1.0,1.0
constant_sweep,augmented_action,Augmented (+action buffer),"(10,10)",10.0,10,10,10,10,2,9,90,-47.58148615574464,0.5307262326021576,0.018387477844953537,0.007646216545253992,1.0,1.0
constant_sweep,augmented_action,Augmented (+action buffer),"(10,10)",10.0,10,10,10,10,3,0,90,-47.806704595685005,0.5350506991975837,0.034785833209753036,0.0068953754380345345,1.0,1.0
constant_sweep,augmented_action,Augmented (+action buffer),"(10,10)",10.0,10,10,10,10,3,1,90,-45.458090699627064,0.509219567636804,0.03716703876852989,0.0018824817379936576,1.0,1.0
constant_sweep,augmented_action,Augmented (+action buffer),"(10,10)",10.0,10,10,10,10,3,2,90,-41.2300830045715,0.46155341413492956,0.030972426757216454,0.0018425360321998596,1.0,1.0
constant_sweep,augmented_action,Augmented (+action buffer),"(10,10)",10.0,10,10,10,10,3,3,90,-40.643763397820294,0.455529788767712,0.035391759127378464,0.006228664889931679,1.0,1.0
constant_sweep,augmented_action,Augmented (+action buffer),"(10,10)",10.0,10,10,10,10,3,4,90,-39.733867421746254,0.4459231214390861,0.0399213507771492,0.0056344885379076,1.0,1.0
constant_sweep,augmented_action,Augmented (+action buffer),"(10,10)",10.0,10,10,10,10,3,5,90,-39.68141465820372,0.44437503291087016,0.031233830377459526,0.007410385645925999,1.0,1.0
constant_sweep,augmented_action,Augmented (+action buffer),"(10,10)",10.0,10,10,10,10,3,6,90,-42.34212797321379,0.4726752465176913,0.01986442133784294,0.017491357401013374,1.0,1.0
constant_sweep,augmented_action,Augmented (+action buffer),"(10,10)",10.0,10,10,10,10,3,7,90,-43.582843044772744,0.49003575313836334,0.052037473767995834,0.0037642866373062134,1.0,1.0
constant_sweep,augmented_action,Augmented (+action buffer),"(10,10)",10.0,10,10,10,10,3,8,90,-47.58148615574464,0.5307262326021576,0.018387477844953537,0.007646216545253992,1.0,1.0
constant_sweep,augmented_action,Augmented (+action buffer),"(10,10)",10.0,10,10,10,10,3,9,90,-44.72330331127159,0.49892631124239417,0.018006470054388046,0.0026920016389340162,1.0,1.0
constant_sweep,augmented_action,Augmented (+action buffer),"(10,10)",10.0,10,10,10,10,4,0,90,-45.458090699627064,0.509219567636804,0.03716703876852989,0.0018824817379936576,1.0,1.0
constant_sweep,augmented_action,Augmented (+action buffer),"(10,10)",10.0,10,10,10,10,4,1,90,-41.2300830045715,0.46155341413492956,0.030972426757216454,0.0018425360321998596,1.0,1.0
constant_sweep,augmented_action,Augmented (+action buffer),"(10,10)",10.0,10,10,10,10,4,2,90,-40.643763397820294,0.455529788767712,0.035391759127378464,0.006228664889931679,1.0,1.0
constant_sweep,augmented_action,Augmented (+action buffer),"(10,10)",10.0,10,10,10,10,4,3,90,-39.733867421746254,0.4459231214390861,0.0399213507771492,0.0056344885379076,1.0,1.0
constant_sweep,augmented_action,Augmented (+action buffer),"(10,10)",10.0,10,10,10,10,4,4,90,-39.68141465820372,0.44437503291087016,0.031233830377459526,0.007410385645925999,1.0,1.0
constant_sweep,augmented_action,Augmented (+action buffer),"(10,10)",10.0,10,10,10,10,4,5,90,-42.34212797321379,0.4726752465176913,0.01986442133784294,0.017491357401013374,1.0,1.0
constant_sweep,augmented_action,Augmented (+action buffer),"(10,10)",10.0,10,10,10,10,4,6,90,-43.582843044772744,0.49003575313836334,0.052037473767995834,0.0037642866373062134,1.0,1.0
constant_sweep,augmented_action,Augmented (+action buffer),"(10,10)",10.0,10,10,10,10,4,7,90,-47.58148615574464,0.5307262326021576,0.018387477844953537,0.007646216545253992,1.0,1.0
constant_sweep,augmented_action,Augmented (+action buffer),"(10,10)",10.0,10,10,10,10,4,8,90,-44.72330331127159,0.49892631124239417,0.018006470054388046,0.0026920016389340162,1.0,1.0
constant_sweep,augmented_action,Augmented (+action buffer),"(10,10)",10.0,10,10,10,10,4,9,90,-40.06012724270113,0.4473939421612562,0.020532755181193352,0.002640174003317952,1.0,1.0
constant_sweep,augmented_action_delay,Augmented (+action buffer + delay values),"(10,10)",10.0,10,10,10,10,0,0,90,-45.42458071326837,0.5076854407942544,0.02671089582145214,0.007516804616898298,1.0,1.0
constant_sweep,augmented_action_delay,Augmented (+action buffer + delay values),"(10,10)",10.0,10,10,10,10,0,1,90,-39.59975372022018,0.4441716268399937,0.03756926953792572,0.003923628944903612,1.0,1.0
constant_sweep,augmented_action_delay,Augmented (+action buffer + delay values),"(10,10)",10.0,10,10,10,10,0,2,90,-41.13206865126267,0.4593125324955003,0.02060592733323574,0.0020903325639665127,1.0,1.0
constant_sweep,augmented_action_delay,Augmented (+action buffer + delay values),"(10,10)",10.0,10,10,10,10,0,3,90,-47.806704595685005,0.5350506991975837,0.034785833209753036,0.0068953754380345345,1.0,1.0
constant_sweep,augmented_action_delay,Augmented (+action buffer + delay values),"(10,10)",10.0,10,10,10,10,0,4,90,-45.458090699627064,0.509219567636804,0.03716703876852989,0.0018824817379936576,1.0,1.0
constant_sweep,augmented_action_delay,Augmented (+action buffer + delay values),"(10,10)",10.0,10,10,10,10,0,5,90,-41.2300830045715,0.46155341413492956,0.030972426757216454,0.0018425360321998596,1.0,1.0
constant_sweep,augmented_action_delay,Augmented (+action buffer + delay values),"(10,10)",10.0,10,10,10,10,0,6,90,-40.643763397820294,0.455529788767712,0.035391759127378464,0.006228664889931679,1.0,1.0
constant_sweep,augmented_action_delay,Augmented (+action buffer + delay values),"(10,10)",10.0,10,10,10,10,0,7,90,-39.733867421746254,0.4459231214390861,0.0399213507771492,0.0056344885379076,1.0,1.0
constant_sweep,augmented_action_delay,Augmented (+action buffer + delay values),"(10,10)",10.0,10,10,10,10,0,8,90,-39.68141465820372,0.44437503291087016,0.031233830377459526,0.007410385645925999,1.0,1.0
constant_sweep,augmented_action_delay,Augmented (+action buffer + delay values),"(10,10)",10.0,10,10,10,10,0,9,90,-42.34212797321379,0.4726752465176913,0.01986442133784294,0.017491357401013374,1.0,1.0
constant_sweep,augmented_action_delay,Augmented (+action buffer + delay values),"(10,10)",10.0,10,10,10,10,1,0,90,-39.59975372022018,0.4441716268399937,0.03756926953792572,0.003923628944903612,1.0,1.0
constant_sweep,augmented_action_delay,Augmented (+action buffer + delay values),"(10,10)",10.0,10,10,10,10,1,1,90,-41.13206865126267,0.4593125324955003,0.02060592733323574,0.0020903325639665127,1.0,1.0
constant_sweep,augmented_action_delay,Augmented (+action buffer + delay values),"(10,10)",10.0,10,10,10,10,1,2,90,-47.806704595685005,0.5350506991975837,0.034785833209753036,0.0068953754380345345,1.0,1.0
constant_sweep,augmented_action_delay,Augmented (+action buffer + delay values),"(10,10)",10.0,10,10,10,10,1,3,90,-45.458090699627064,0.509219567636804,0.03716703876852989,0.0018824817379936576,1.0,1.0
constant_sweep,augmented_action_delay,Augmented (+action buffer + delay values),"(10,10)",10.0,10,10,10,10,1,4,90,-41.2300830045715,0.46155341413492956,0.030972426757216454,0.0018425360321998596,1.0,1.0
constant_sweep,augmented_action_delay,Augmented (+action buffer + delay values),"(10,10)",10.0,10,10,10,10,1,5,90,-40.643763397820294,0.455529788767712,0.035391759127378464,0.006228664889931679,1.0,1.0
constant_sweep,augmented_action_delay,Augmented (+action buffer + delay values),"(10,10)",10.0,10,10,10,10,1,6,90,-39.733867421746254,0.4459231214390861,0.0399213507771492,0.0056344885379076,1.0,1.0
constant_sweep,augmented_action_delay,Augmented (+action buffer + delay values),"(10,10)",10.0,10,10,10,10,1,7,90,-39.68141465820372,0.44437503291087016,0.031233830377459526,0.007410385645925999,1.0,1.0
constant_sweep,augmented_action_delay,Augmented (+action buffer + delay values),"(10,10)",10.0,10,10,10,10,1,8,90,-42.34212797321379,0.4726752465176913,0.01986442133784294,0.017491357401013374,1.0,1.0
constant_sweep,augmented_action_delay,Augmented (+action buffer + delay values),"(10,10)",10.0,10,10,10,10,1,9,90,-43.582843044772744,0.49003575313836334,0.052037473767995834,0.0037642866373062134,1.0,1.0
constant_sweep,augmented_action_delay,Augmented (+action buffer + delay values),"(10,10)",10.0,10,10,10,10,2,0,90,-41.13206865126267,0.4593125324955003,0.02060592733323574,0.0020903325639665127,1.0,1.0
constant_sweep,augmented_action_delay,Augmented (+action buffer + delay values),"(10,10)",10.0,10,10,10,10,2,1,90,-47.806704595685005,0.5350506991975837,0.034785833209753036,0.0068953754380345345,1.0,1.0
constant_sweep,augmented_action_delay,Augmented (+action buffer + delay values),"(10,10)",10.0,10,10,10,10,2,2,90,-45.458090699627064,0.509219567636804,0.03716703876852989,0.0018824817379936576,1.0,1.0
constant_sweep,augmented_action_delay,Augmented (+action buffer + delay values),"(10,10)",10.0,10,10,10,10,2,3,90,-41.2300830045715,0.46155341413492956,0.030972426757216454,0.0018425360321998596,1.0,1.0
constant_sweep,augmented_action_delay,Augmented (+action buffer + delay values),"(10,10)",10.0,10,10,10,10,2,4,90,-40.643763397820294,0.455529788767712,0.035391759127378464,0.006228664889931679,1.0,1.0
constant_sweep,augmented_action_delay,Augmented (+action buffer + delay values),"(10,10)",10.0,10,10,10,10,2,5,90,-39.733867421746254,0.4459231214390861,0.0399213507771492,0.0056344885379076,1.0,1.0
constant_sweep,augmented_action_delay,Augmented (+action buffer + delay values),"(10,10)",10.0,10,10,10,10,2,6,90,-39.68141465820372,0.44437503291087016,0.031233830377459526,0.007410385645925999,1.0,1.0
constant_sweep,augmented_action_delay,Augmented (+action buffer + delay values),"(10,10)",10.0,10,10,10,10,2,7,90,-42.34212797321379,0.4726752465176913,0.01986442133784294,0.017491357401013374,1.0,1.0
constant_sweep,augmented_action_delay,Augmented (+action buffer + delay values),"(10,10)",10.0,10,10,10,10,2,8,90,-43.582843044772744,0.49003575313836334,0.052037473767995834,0.0037642866373062134,1.0,1.0
constant_sweep,augmented_action_delay,Augmented (+action buffer + delay values),"(10,10)",10.0,10,10,10,10,2,9,90,-47.58148615574464,0.5307262326021576,0.018387477844953537,0.007646216545253992,1.0,1.0
constant_sweep,augmented_action_delay,Augmented (+action buffer + delay values),"(10,10)",10.0,10,10,10,10,3,0,90,-47.806704595685005,0.5350506991975837,0.034785833209753036,0.0068953754380345345,1.0,1.0
constant_sweep,augmented_action_delay,Augmented (+action buffer + delay values),"(10,10)",10.0,10,10,10,10,3,1,90,-45.458090699627064,0.509219567636804,0.03716703876852989,0.0018824817379936576,1.0,1.0
constant_sweep,augmented_action_delay,Augmented (+action buffer + delay values),"(10,10)",10.0,10,10,10,10,3,2,90,-41.2300830045715,0.46155341413492956,0.030972426757216454,0.0018425360321998596,1.0,1.0
constant_sweep,augmented_action_delay,Augmented (+action buffer + delay values),"(10,10)",10.0,10,10,10,10,3,3,90,-40.643763397820294,0.455529788767712,0.035391759127378464,0.006228664889931679,1.0,1.0
constant_sweep,augmented_action_delay,Augmented (+action buffer + delay values),"(10,10)",10.0,10,10,10,10,3,4,90,-39.733867421746254,0.4459231214390861,0.0399213507771492,0.0056344885379076,1.0,1.0
constant_sweep,augmented_action_delay,Augmented (+action buffer + delay values),"(10,10)",10.0,10,10,10,10,3,5,90,-39.68141465820372,0.44437503291087016,0.031233830377459526,0.007410385645925999,1.0,1.0
constant_sweep,augmented_action_delay,Augmented (+action buffer + delay values),"(10,10)",10.0,10,10,10,10,3,6,90,-42.34212797321379,0.4726752465176913,0.01986442133784294,0.017491357401013374,1.0,1.0
constant_sweep,augmented_action_delay,Augmented (+action buffer + delay values),"(10,10)",10.0,10,10,10,10,3,7,90,-43.582843044772744,0.49003575313836334,0.052037473767995834,0.0037642866373062134,1.0,1.0
constant_sweep,augmented_action_delay,Augmented (+action buffer + delay values),"(10,10)",10.0,10,10,10,10,3,8,90,-47.58148615574464,0.5307262326021576,0.018387477844953537,0.007646216545253992,1.0,1.0
constant_sweep,augmented_action_delay,Augmented (+action buffer + delay values),"(10,10)",10.0,10,10,10,10,3,9,90,-44.72330331127159,0.49892631124239417,0.018006470054388046,0.0026920016389340162,1.0,1.0
constant_sweep,augmented_action_delay,Augmented (+action buffer + delay values),"(10,10)",10.0,10,10,10,10,4,0,90,-45.458090699627064,0.509219567636804,0.03716703876852989,0.0018824817379936576,1.0,1.0
constant_sweep,augmented_action_delay,Augmented (+action buffer + delay values),"(10,10)",10.0,10,10,10,10,4,1,90,-41.2300830045715,0.46155341413492956,0.030972426757216454,0.0018425360321998596,1.0,1.0
constant_sweep,augmented_action_delay,Augmented (+action buffer + delay values),"(10,10)",10.0,10,10,10,10,4,2,90,-40.643763397820294,0.455529788767712,0.035391759127378464,0.006228664889931679,1.0,1.0
constant_sweep,augmented_action_delay,Augmented (+action buffer + delay values),"(10,10)",10.0,10,10,10,10,4,3,90,-39.733867421746254,0.4459231214390861,0.0399213507771492,0.0056344885379076,1.0,1.0
constant_sweep,augmented_action_delay,Augmented (+action buffer + delay values),"(10,10)",10.0,10,10,10,10,4,4,90,-39.68141465820372,0.44437503291087016,0.031233830377459526,0.007410385645925999,1.0,1.0
constant_sweep,augmented_action_delay,Augmented (+action buffer + delay values),"(10,10)",10.0,10,10,10,10,4,5,90,-42.34212797321379,0.4726752465176913,0.01986442133784294,0.017491357401013374,1.0,1.0
constant_sweep,augmented_action_delay,Augmented (+action buffer + delay values),"(10,10)",10.0,10,10,10,10,4,6,90,-43.582843044772744,0.49003575313836334,0.052037473767995834,0.0037642866373062134,1.0,1.0
constant_sweep,augmented_action_delay,Augmented (+action buffer + delay values),"(10,10)",10.0,10,10,10,10,4,7,90,-47.58148615574464,0.5307262326021576,0.018387477844953537,0.007646216545253992,1.0,1.0
constant_sweep,augmented_action_delay,Augmented (+action buffer + delay values),"(10,10)",10.0,10,10,10,10,4,8,90,-44.72330331127159,0.49892631124239417,0.018006470054388046,0.0026920016389340162,1.0,1.0
constant_sweep,augmented_action_delay,Augmented (+action buffer + delay values),"(10,10)",10.0,10,10,10,10,4,9,90,-40.06012724270113,0.4473939421612562,0.020532755181193352,0.002640174003317952,1.0,1.0
constant_sweep,unseen,Unseen delay,"(15,15)",15.0,15,15,15,15,0,0,95,-149.39966237545013,1.8933145912070024,2.031014919281006,0.03308935463428497,0.0,1.0
constant_sweep,unseen,Unseen delay,"(15,15)",15.0,15,15,15,15,0,1,95,-145.41744230687618,1.8215446847049814,1.8419535160064697,0.181050106883049,0.0,0.0
constant_sweep,unseen,Unseen delay,"(15,15)",15.0,15,15,15,15,0,2,95,-146.56691974401474,1.8432776244063127,1.902963638305664,0.09401121735572815,0.0,0.0
constant_sweep,unseen,Unseen delay,"(15,15)",15.0,15,15,15,15,0,3,95,-150.59990069270134,1.928421863442973,2.1733450889587402,0.10869351029396057,0.0,0.0
constant_sweep,unseen,Unseen delay,"(15,15)",15.0,15,15,15,15,0,4,95,-148.99712667614222,1.8973941788077355,2.0836880207061768,0.01838529109954834,0.0,1.0
constant_sweep,unseen,Unseen delay,"(15,15)",15.0,15,15,15,15,0,5,95,-144.96528664976358,1.8272277534792298,1.9080899953842163,0.062233589589595795,0.0,0.0
constant_sweep,unseen,Unseen delay,"(15,15)",15.0,15,15,15,15,0,6,95,-144.4113496541977,1.8060942047520687,1.8111733198165894,0.15158472955226898,0.0,0.0
constant_sweep,unseen,Unseen delay,"(15,15)",15.0,15,15,15,15,0,7,95,-144.76530347019434,1.8141996770312911,1.8389110565185547,0.10725785046815872,0.0,0.0
constant_sweep,unseen,Unseen delay,"(15,15)",15.0,15,15,15,15,0,8,95,-145.76771073043346,1.8260226994752884,1.8469630479812622,0.11702430248260498,0.0,0.0
constant_sweep,unseen,Unseen delay,"(15,15)",15.0,15,15,15,15,0,9,95,-148.23707760870457,1.8753978015560853,1.9950475692749023,0.19575950503349304,0.0,0.0
constant_sweep,unseen,Unseen delay,"(15,15)",15.0,15,15,15,15,1,0,95,-145.41744230687618,1.8215446847049814,1.8419535160064697,0.181050106883049,0.0,0.0
constant_sweep,unseen,Unseen delay,"(15,15)",15.0,15,15,15,15,1,1,95,-146.56691974401474,1.8432776244063127,1.902963638305664,0.09401121735572815,0.0,0.0
constant_sweep,unseen,Unseen delay,"(15,15)",15.0,15,15,15,15,1,2,95,-150.59990069270134,1.928421863442973,2.1733450889587402,0.10869351029396057,0.0,0.0
constant_sweep,unseen,Unseen delay,"(15,15)",15.0,15,15,15,15,1,3,95,-148.99712667614222,1.8973941788077355,2.0836880207061768,0.01838529109954834,0.0,1.0
constant_sweep,unseen,Unseen delay,"(15,15)",15.0,15,15,15,15,1,4,95,-144.96528664976358,1.8272277534792298,1.9080899953842163,0.062233589589595795,0.0,0.0
constant_sweep,unseen,Unseen delay,"(15,15)",15.0,15,15,15,15,1,5,95,-144.4113496541977,1.8060942047520687,1.8111733198165894,0.15158472955226898,0.0,0.0
constant_sweep,unseen,Unseen delay,"(15,15)",15.0,15,15,15,15,1,6,95,-144.76530347019434,1.8141996770312911,1.8389110565185547,0.10725785046815872,0.0,0.0
constant_sweep,unseen,Unseen delay,"(15,15)",15.0,15,15,15,15,1,7,95,-145.76771073043346,1.8260226994752884,1.8469630479812622,0.11702430248260498,0.0,0.0
constant_sweep,unseen,Unseen delay,"(15,15)",15.0,15,15,15,15,1,8,95,-148.23707760870457,1.8753978015560853,1.9950475692749023,0.19575950503349304,0.0,0.0
constant_sweep,unseen,Unseen delay,"(15,15)",15.0,15,15,15,15,1,9,95,-147.52664455771446,1.865524035692215,1.979875922203064,0.23322159051895142,0.0,0.0
constant_sweep,unseen,Unseen delay,"(15,15)",15.0,15,15,15,15,2,0,95,-146.56691974401474,1.8432776244063127,1.902963638305664,0.09401121735572815,0.0,0.0
constant_sweep,unseen,Unseen delay,"(15,15)",15.0,15,15,15,15,2,1,95,-150.59990069270134,1.928421863442973,2.1733450889587402,0.10869351029396057,0.0,0.0
constant_sweep,unseen,Unseen delay,"(15,15)",15.0,15,15,15,15,2,2,95,-148.99712667614222,1.8973941788077355,2.0836880207061768,0.01838529109954834,0.0,1.0
constant_sweep,unseen,Unseen delay,"(15,15)",15.0,15,15,15,15,2,3,95,-144.96528664976358,1.8272277534792298,1.9080899953842163,0.062233589589595795,0.0,0.0
constant_sweep,unseen,Unseen delay,"(15,15)",15.0,15,15,15,15,2,4,95,-144.4113496541977,1.8060942047520687,1.8111733198165894,0.15158472955226898,0.0,0.0
constant_sweep,unseen,Unseen delay,"(15,15)",15.0,15,15,15,15,2,5,95,-144.76530347019434,1.8141996770312911,1.8389110565185547,0.10725785046815872,0.0,0.0
constant_sweep,unseen,Unseen delay,"(15,15)",15.0,15,15,15,15,2,6,95,-145.76771073043346,1.8260226994752884,1.8469630479812622,0.11702430248260498,0.0,0.0
constant_sweep,unseen,Unseen delay,"(15,15)",15.0,15,15,15,15,2,7,95,-148.23707760870457,1.8753978015560853,1.9950475692749023,0.19575950503349304,0.0,0.0
constant_sweep,unseen,Unseen delay,"(15,15)",15.0,15,15,15,15,2,8,95,-147.52664455771446,1.865524035692215,1.979875922203064,0.23322159051895142,0.0,0.0
constant_sweep,unseen,Unseen delay,"(15,15)",15.0,15,15,15,15,2,9,95,-151.42401944100857,1.938105759965746,2.1797351837158203,0.14338204264640808,0.0,0.0
constant_sweep,unseen,Unseen delay,"(15,15)",15.0,15,15,15,15,3,0,95,-150.59990069270134,1.928421863442973,2.1733450889587402,0.10869351029396057,0.0,0.0
constant_sweep,unseen,Unseen delay,"(15,15)",15.0,15,15,15,15,3,1,95,-148.99712667614222,1.8973941788077355,2.0836880207061768,0.01838529109954834,0.0,1.0
constant_sweep,unseen,Unseen delay,"(15,15)",15.0,15,15,15,15,3,2,95,-144.96528664976358,1.8272277534792298,1.9080899953842163,0.062233589589595795,0.0,0.0
constant_sweep,unseen,Unseen delay,"(15,15)",15.0,15,15,15,15,3,3,95,-144.4113496541977,1.8060942047520687,1.8111733198165894,0.15158472955226898,0.0,0.0
constant_sweep,unseen,Unseen delay,"(15,15)",15.0,15,15,15,15,3,4,95,-144.76530347019434,1.8141996770312911,1.8389110565185547,0.10725785046815872,0.0,0.0
constant_sweep,unseen,Unseen delay,"(15,15)",15.0,15,15,15,15,3,5,95,-145.76771073043346,1.8260226994752884,1.8469630479812622,0.11702430248260498,0.0,0.0
constant_sweep,unseen,Unseen delay,"(15,15)",15.0,15,15,15,15,3,6,95,-148.23707760870457,1.8753978015560853,1.9950475692749023,0.19575950503349304,0.0,0.0
constant_sweep,unseen,Unseen delay,"(15,15)",15.0,15,15,15,15,3,7,95,-147.52664455771446,1.865524035692215,1.979875922203064,0.23322159051895142,0.0,0.0
constant_sweep,unseen,Unseen delay,"(15,15)",15.0,15,15,15,15,3,8,95,-151.42401944100857,1.938105759965746,2.1797351837158203,0.14338204264640808,0.0,0.0
constant_sweep,unseen,Unseen delay,"(15,15)",15.0,15,15,15,15,3,9,95,-149.02059169113636,1.889027015315859,2.0291316509246826,0.1369815468788147,0.0,0.0
constant_sweep,unseen,Unseen delay,"(15,15)",15.0,15,15,15,15,4,0,95,-148.99712667614222,1.8973941788077355,2.0836880207061768,0.01838529109954834,0.0,1.0
constant_sweep,unseen,Unseen delay,"(15,15)",15.0,15,15,15,15,4,1,95,-144.96528664976358,1.8272277534792298,1.9080899953842163,0.062233589589595795,0.0,0.0
constant_sweep,unseen,Unseen delay,"(15,15)",15.0,15,15,15,15,4,2,95,-144.4113496541977,1.8060942047520687,1.8111733198165894,0.15158472955226898,0.0,0.0
constant_sweep,unseen,Unseen delay,"(15,15)",15.0,15,15,15,15,4,3,95,-144.76530347019434,1.8141996770312911,1.8389110565185547,0.10725785046815872,0.0,0.0
constant_sweep,unseen,Unseen delay,"(15,15)",15.0,15,15,15,15,4,4,95,-145.76771073043346,1.8260226994752884,1.8469630479812622,0.11702430248260498,0.0,0.0
constant_sweep,unseen,Unseen delay,"(15,15)",15.0,15,15,15,15,4,5,95,-148.23707760870457,1.8753978015560853,1.9950475692749023,0.19575950503349304,0.0,0.0
constant_sweep,unseen,Unseen delay,"(15,15)",15.0,15,15,15,15,4,6,95,-147.52664455771446,1.865524035692215,1.979875922203064,0.23322159051895142,0.0,0.0
constant_sweep,unseen,Unseen delay,"(15,15)",15.0,15,15,15,15,4,7,95,-151.42401944100857,1.938105759965746,2.1797351837158203,0.14338204264640808,0.0,0.0
constant_sweep,unseen,Unseen delay,"(15,15)",15.0,15,15,15,15,4,8,95,-149.02059169113636,1.889027015315859,2.0291316509246826,0.1369815468788147,0.0,0.0
constant_sweep,unseen,Unseen delay,"(15,15)",15.0,15,15,15,15,4,9,95,-145.66094376891851,1.8297278670103927,1.8775469064712524,0.07664092630147934,0.0,0.0
constant_sweep,augmented_action,Augmented (+action buffer),"(15,15)",15.0,15,15,15,15,0,0,95,-56.48701363289729,0.6001507821296783,0.03515404462814331,0.005922663025557995,1.0,1.0
constant_sweep,augmented_action,Augmented (+action buffer),"(15,15)",15.0,15,15,15,15,0,1,95,-49.74215023126453,0.5300239844051631,0.040675219148397446,0.0141738411039114,1.0,1.0
constant_sweep,augmented_action,Augmented (+action buffer),"(15,15)",15.0,15,15,15,15,0,2,95,-51.27549664117396,0.5417202000849342,0.01252815779298544,0.0010275810491293669,1.0,1.0
constant_sweep,augmented_action,Augmented (+action buffer),"(15,15)",15.0,15,15,15,15,0,3,95,-58.95249797985889,0.6233613081300925,0.017788419499993324,0.003307651961222291,1.0,1.0
constant_sweep,augmented_action,Augmented (+action buffer),"(15,15)",15.0,15,15,15,15,0,4,95,-56.335577899590135,0.6003487038573152,0.04650326445698738,0.023897625505924225,1.0,1.0
constant_sweep,augmented_action,Augmented (+action buffer),"(15,15)",15.0,15,15,15,15,0,5,95,-51.56196413259022,0.547132066566203,0.02770547941327095,0.002321659354493022,1.0,1.0
constant_sweep,augmented_action,Augmented (+action buffer),"(15,15)",15.0,15,15,15,15,0,6,95,-50.56147803738713,0.5382020827578871,0.037847988307476044,0.009710995480418205,1.0,1.0
constant_sweep,augmented_action,Augmented (+action buffer),"(15,15)",15.0,15,15,15,15,0,7,95,-49.77196341799572,0.5316162717626676,0.04877215996384621,0.0022834825795143843,1.0,1.0
constant_sweep,augmented_action,Augmented (+action buffer),"(15,15)",15.0,15,15,15,15,0,8,95,-49.66563095804304,0.5259035971309793,0.019680717960000038,0.010682232677936554,1.0,1.0
constant_sweep,augmented_action,Augmented (+action buffer),"(15,15)",15.0,15,15,15,15,0,9,95,-52.84607557952404,0.5623881440805761,0.03871987387537956,0.030463043600320816,1.0,1.0
constant_sweep,augmented_action,Augmented (+action buffer),"(15,15)",15.0,15,15,15,15,1,0,95,-49.74215023126453,0.5300239844051631,0.040675219148397446,0.0141738411039114,1.0,1.0
constant_sweep,augmented_action,Augmented (+action buffer),"(15,15)",15.0,15,15,15,15,1,1,95,-51.27549664117396,0.5417202000849342,0.01252815779298544,0.0010275810491293669,1.0,1.0
constant_sweep,augmented_action,Augmented (+action buffer),"(15,15)",15.0,15,15,15,15,1,2,95,-58.95249797985889,0.6233613081300925,0.017788419499993324,0.003307651961222291,1.0,1.0
constant_sweep,augmented_action,Augmented (+action buffer),"(15,15)",15.0,15,15,15,15,1,3,95,-56.335577899590135,0.6003487038573152,0.04650326445698738,0.023897625505924225,1.0,1.0
constant_sweep,augmented_action,Augmented (+action buffer),"(15,15)",15.0,15,15,15,15,1,4,95,-51.56196413259022,0.547132066566203,0.02770547941327095,0.002321659354493022,1.0,1.0
constant_sweep,augmented_action,Augmented (+action buffer),"(15,15)",15.0,15,15,15,15,1,5,95,-50.56147803738713,0.5382020827578871,0.037847988307476044,0.009710995480418205,1.0,1.0
constant_sweep,augmented_action,Augmented (+action buffer),"(15,15)",15.0,15,15,15,15,1,6,95,-49.77196341799572,0.5316162717626676,0.04877215996384621,0.0022834825795143843,1.0,1.0
constant_sweep,augmented_action,Augmented (+action buffer),"(15,15)",15.0,15,15,15,15,1,7,95,-49.66563095804304,0.5259035971309793,0.019680717960000038,0.010682232677936554,1.0,1.0
constant_sweep,augmented_action,Augmented (+action buffer),"(15,15)",15.0,15,15,15,15,1,8,95,-52.84607557952404,0.5623881440805761,0.03871987387537956,0.030463043600320816,1.0,1.0
constant_sweep,augmented_action,Augmented (+action buffer),"(15,15)",15.0,15,15,15,15,1,9,95,-54.31357701681554,0.578062464277211,0.04015713930130005,0.011026655323803425,1.0,1.0
constant_sweep,augmented_action,Augmented (+action buffer),"(15,15)",15.0,15,15,15,15,2,0,95,-51.27549664117396,0.5417202000849342,0.01252815779298544,0.0010275810491293669,1.0,1.0
constant_sweep,augmented_action,Augmented (+action buffer),"(15,15)",15.0,15,15,15,15,2,1,95,-58.95249797985889,0.6233613081300925,0.017788419499993324,0.003307651961222291,1.0,1.0
constant_sweep,augmented_action,Augmented (+action buffer),"(15,15)",15.0,15,15,15,15,2,2,95,-56.335577899590135,0.6003487038573152,0.04650326445698738,0.023897625505924225,1.0,1.0
constant_sweep,augmented_action,Augmented (+action buffer),"(15,15)",15.0,15,15,15,15,2,3,95,-51.56196413259022,0.547132066566203,0.02770547941327095,0.002321659354493022,1.0,1.0
constant_sweep,augmented_action,Augmented (+action buffer),"(15,15)",15.0,15,15,15,15,2,4,95,-50.56147803738713,0.5382020827578871,0.037847988307476044,0.009710995480418205,1.0,1.0
constant_sweep,augmented_action,Augmented (+action buffer),"(15,15)",15.0,15,15,15,15,2,5,95,-49.77196341799572,0.5316162717626676,0.04877215996384621,0.0022834825795143843,1.0,1.0
constant_sweep,augmented_action,Augmented (+action buffer),"(15,15)",15.0,15,15,15,15,2,6,95,-49.66563095804304,0.5259035971309793,0.019680717960000038,0.010682232677936554,1.0,1.0
constant_sweep,augmented_action,Augmented (+action buffer),"(15,15)",15.0,15,15,15,15,2,7,95,-52.84607557952404,0.5623881440805761,0.03871987387537956,0.030463043600320816,1.0,1.0
constant_sweep,augmented_action,Augmented (+action buffer),"(15,15)",15.0,15,15,15,15,2,8,95,-54.31357701681554,0.578062464277211,0.04015713930130005,0.011026655323803425,1.0,1.0
constant_sweep,augmented_action,Augmented (+action buffer),"(15,15)",15.0,15,15,15,15,2,9,95,-58.92888660985045,0.6242867488095439,0.025223635137081146,0.001869412837550044,1.0,1.0
constant_sweep,augmented_action,Augmented (+action buffer),"(15,15)",15.0,15,15,15,15,3,0,95,-58.95249797985889,0.6233613081300925,0.017788419499993324,0.003307651961222291,1.0,1.0
constant_sweep,augmented_action,Augmented (+action buffer),"(15,15)",15.0,15,15,15,15,3,1,95,-56.335577899590135,0.6003487038573152,0.04650326445698738,0.023897625505924225,1.0,1.0
constant_sweep,augmented_action,Augmented (+action buffer),"(15,15)",15.0,15,15,15,15,3,2,95,-51.56196413259022,0.547132066566203,0.02770547941327095,0.002321659354493022,1.0,1.0
constant_sweep,augmented_action,Augmented (+action buffer),"(15,15)",15.0,15,15,15,15,3,3,95,-50.56147803738713,0.5382020827578871,0.037847988307476044,0.009710995480418205,1.0,1.0
constant_sweep,augmented_action,Augmented (+action buffer),"(15,15)",15.0,15,15,15,15,3,4,95,-49.77196341799572,0.5316162717626676,0.04877215996384621,0.0022834825795143843,1.0,1.0
constant_sweep,augmented_action,Augmented (+action buffer),"(15,15)",15.0,15,15,15,15,3,5,95,-49.66563095804304,0.5259035971309793,0.019680717960000038,0.010682232677936554,1.0,1.0
constant_sweep,augmented_action,Augmented (+action buffer),"(15,15)",15.0,15,15,15,15,3,6,95,-52.84607557952404,0.5623881440805761,0.03871987387537956,0.030463043600320816,1.0,1.0
constant_sweep,augmented_action,Augmented (+action buffer),"(15,15)",15.0,15,15,15,15,3,7,95,-54.31357701681554,0.578062464277211,0.04015713930130005,0.011026655323803425,1.0,1.0
constant_sweep,augmented_action,Augmented (+action buffer),"(15,15)",15.0,15,15,15,15,3,8,95,-58.92888660985045,0.6242867488095439,0.025223635137081146,0.001869412837550044,1.0,1.0
constant_sweep,augmented_action,Augmented (+action buffer),"(15,15)",15.0,15,15,15,15,3,9,95,-55.72536696959287,0.5907289750776008,0.0262590441852808,0.007124780211597681,1.0,1.0
constant_sweep,augmented_action,Augmented (+action buffer),"(15,15)",15.0,15,15,15,15,4,0,95,-56.335577899590135,0.6003487038573152,0.04650326445698738,0.023897625505924225,1.0,1.0
constant_sweep,augmented_action,Augmented (+action buffer),"(15,15)",15.0,15,15,15,15,4,1,95,-51.56196413259022,0.547132066566203,0.02770547941327095,0.002321659354493022,1.0,1.0
constant_sweep,augmented_action,Augmented (+action buffer),"(15,15)",15.0,15,15,15,15,4,2,95,-50.56147803738713,0.5382020827578871,0.037847988307476044,0.009710995480418205,1.0,1.0
constant_sweep,augmented_action,Augmented (+action buffer),"(15,15)",15.0,15,15,15,15,4,3,95,-49.77196341799572,0.5316162717626676,0.04877215996384621,0.0022834825795143843,1.0,1.0
constant_sweep,augmented_action,Augmented (+action buffer),"(15,15)",15.0,15,15,15,15,4,4,95,-49.66563095804304,0.5259035971309793,0.019680717960000038,0.010682232677936554,1.0,1.0
constant_sweep,augmented_action,Augmented (+action buffer),"(15,15)",15.0,15,15,15,15,4,5,95,-52.84607557952404,0.5623881440805761,0.03871987387537956,0.030463043600320816,1.0,1.0
constant_sweep,augmented_action,Augmented (+action buffer),"(15,15)",15.0,15,15,15,15,4,6,95,-54.31357701681554,0.578062464277211,0.04015713930130005,0.011026655323803425,1.0,1.0
constant_sweep,augmented_action,Augmented (+action buffer),"(15,15)",15.0,15,15,15,15,4,7,95,-58.92888660985045,0.6242867488095439,0.025223635137081146,0.001869412837550044,1.0,1.0
constant_sweep,augmented_action,Augmented (+action buffer),"(15,15)",15.0,15,15,15,15,4,8,95,-55.72536696959287,0.5907289750776008,0.0262590441852808,0.007124780211597681,1.0,1.0
constant_sweep,augmented_action,Augmented (+action buffer),"(15,15)",15.0,15,15,15,15,4,9,95,-49.936154790222645,0.5309384699322676,0.03353332355618477,0.002134928945451975,1.0,1.0
constant_sweep,augmented_action_delay,Augmented (+action buffer + delay values),"(15,15)",15.0,15,15,15,15,0,0,95,-56.48701363289729,0.6001507821296783,0.03515404462814331,0.005922663025557995,1.0,1.0
constant_sweep,augmented_action_delay,Augmented (+action buffer + delay values),"(15,15)",15.0,15,15,15,15,0,1,95,-49.74215023126453,0.5300239844051631,0.040675219148397446,0.0141738411039114,1.0,1.0
constant_sweep,augmented_action_delay,Augmented (+action buffer + delay values),"(15,15)",15.0,15,15,15,15,0,2,95,-51.27549664117396,0.5417202000849342,0.01252815779298544,0.0010275810491293669,1.0,1.0
constant_sweep,augmented_action_delay,Augmented (+action buffer + delay values),"(15,15)",15.0,15,15,15,15,0,3,95,-58.95249797985889,0.6233613081300925,0.017788419499993324,0.003307651961222291,1.0,1.0
constant_sweep,augmented_action_delay,Augmented (+action buffer + delay values),"(15,15)",15.0,15,15,15,15,0,4,95,-56.335577899590135,0.6003487038573152,0.04650326445698738,0.023897625505924225,1.0,1.0
constant_sweep,augmented_action_delay,Augmented (+action buffer + delay values),"(15,15)",15.0,15,15,15,15,0,5,95,-51.56196413259022,0.547132066566203,0.02770547941327095,0.002321659354493022,1.0,1.0
constant_sweep,augmented_action_delay,Augmented (+action buffer + delay values),"(15,15)",15.0,15,15,15,15,0,6,95,-50.56147803738713,0.5382020827578871,0.037847988307476044,0.009710995480418205,1.0,1.0
constant_sweep,augmented_action_delay,Augmented (+action buffer + delay values),"(15,15)",15.0,15,15,15,15,0,7,95,-49.77196341799572,0.5316162717626676,0.04877215996384621,0.0022834825795143843,1.0,1.0
constant_sweep,augmented_action_delay,Augmented (+action buffer + delay values),"(15,15)",15.0,15,15,15,15,0,8,95,-49.66563095804304,0.5259035971309793,0.019680717960000038,0.010682232677936554,1.0,1.0
constant_sweep,augmented_action_delay,Augmented (+action buffer + delay values),"(15,15)",15.0,15,15,15,15,0,9,95,-52.84607557952404,0.5623881440805761,0.03871987387537956,0.030463043600320816,1.0,1.0
constant_sweep,augmented_action_delay,Augmented (+action buffer + delay values),"(15,15)",15.0,15,15,15,15,1,0,95,-49.74215023126453,0.5300239844051631,0.040675219148397446,0.0141738411039114,1.0,1.0
constant_sweep,augmented_action_delay,Augmented (+action buffer + delay values),"(15,15)",15.0,15,15,15,15,1,1,95,-51.27549664117396,0.5417202000849342,0.01252815779298544,0.0010275810491293669,1.0,1.0
constant_sweep,augmented_action_delay,Augmented (+action buffer + delay values),"(15,15)",15.0,15,15,15,15,1,2,95,-58.95249797985889,0.6233613081300925,0.017788419499993324,0.003307651961222291,1.0,1.0
constant_sweep,augmented_action_delay,Augmented (+action buffer + delay values),"(15,15)",15.0,15,15,15,15,1,3,95,-56.335577899590135,0.6003487038573152,0.04650326445698738,0.023897625505924225,1.0,1.0
constant_sweep,augmented_action_delay,Augmented (+action buffer + delay values),"(15,15)",15.0,15,15,15,15,1,4,95,-51.56196413259022,0.547132066566203,0.02770547941327095,0.002321659354493022,1.0,1.0
constant_sweep,augmented_action_delay,Augmented (+action buffer + delay values),"(15,15)",15.0,15,15,15,15,1,5,95,-50.56147803738713,0.5382020827578871,0.037847988307476044,0.009710995480418205,1.0,1.0
constant_sweep,augmented_action_delay,Augmented (+action buffer + delay values),"(15,15)",15.0,15,15,15,15,1,6,95,-49.77196341799572,0.5316162717626676,0.04877215996384621,0.0022834825795143843,1.0,1.0
constant_sweep,augmented_action_delay,Augmented (+action buffer + delay values),"(15,15)",15.0,15,15,15,15,1,7,95,-49.66563095804304,0.5259035971309793,0.019680717960000038,0.010682232677936554,1.0,1.0
constant_sweep,augmented_action_delay,Augmented (+action buffer + delay values),"(15,15)",15.0,15,15,15,15,1,8,95,-52.84607557952404,0.5623881440805761,0.03871987387537956,0.030463043600320816,1.0,1.0
constant_sweep,augmented_action_delay,Augmented (+action buffer + delay values),"(15,15)",15.0,15,15,15,15,1,9,95,-54.31357701681554,0.578062464277211,0.04015713930130005,0.011026655323803425,1.0,1.0
constant_sweep,augmented_action_delay,Augmented (+action buffer + delay values),"(15,15)",15.0,15,15,15,15,2,0,95,-51.27549664117396,0.5417202000849342,0.01252815779298544,0.0010275810491293669,1.0,1.0
constant_sweep,augmented_action_delay,Augmented (+action buffer + delay values),"(15,15)",15.0,15,15,15,15,2,1,95,-58.95249797985889,0.6233613081300925,0.017788419499993324,0.003307651961222291,1.0,1.0
constant_sweep,augmented_action_delay,Augmented (+action buffer + delay values),"(15,15)",15.0,15,15,15,15,2,2,95,-56.335577899590135,0.6003487038573152,0.04650326445698738,0.023897625505924225,1.0,1.0
constant_sweep,augmented_action_delay,Augmented (+action buffer + delay values),"(15,15)",15.0,15,15,15,15,2,3,95,-51.56196413259022,0.547132066566203,0.02770547941327095,0.002321659354493022,1.0,1.0
constant_sweep,augmented_action_delay,Augmented (+action buffer + delay values),"(15,15)",15.0,15,15,15,15,2,4,95,-50.56147803738713,0.5382020827578871,0.037847988307476044,0.009710995480418205,1.0,1.0
constant_sweep,augmented_action_delay,Augmented (+action buffer + delay values),"(15,15)",15.0,15,15,15,15,2,5,95,-49.77196341799572,0.5316162717626676,0.04877215996384621,0.0022834825795143843,1.0,1.0
constant_sweep,augmented_action_delay,Augmented (+action buffer + delay values),"(15,15)",15.0,15,15,15,15,2,6,95,-49.66563095804304,0.5259035971309793,0.019680717960000038,0.010682232677936554,1.0,1.0
constant_sweep,augmented_action_delay,Augmented (+action buffer + delay values),"(15,15)",15.0,15,15,15,15,2,7,95,-52.84607557952404,0.5623881440805761,0.03871987387537956,0.030463043600320816,1.0,1.0
constant_sweep,augmented_action_delay,Augmented (+action buffer + delay values),"(15,15)",15.0,15,15,15,15,2,8,95,-54.31357701681554,0.578062464277211,0.04015713930130005,0.011026655323803425,1.0,1.0
constant_sweep,augmented_action_delay,Augmented (+action buffer + delay values),"(15,15)",15.0,15,15,15,15,2,9,95,-58.92888660985045,0.6242867488095439,0.025223635137081146,0.001869412837550044,1.0,1.0
constant_sweep,augmented_action_delay,Augmented (+action buffer + delay values),"(15,15)",15.0,15,15,15,15,3,0,95,-58.95249797985889,0.6233613081300925,0.017788419499993324,0.003307651961222291,1.0,1.0
constant_sweep,augmented_action_delay,Augmented (+action buffer + delay values),"(15,15)",15.0,15,15,15,15,3,1,95,-56.335577899590135,0.6003487038573152,0.04650326445698738,0.023897625505924225,1.0,1.0
constant_sweep,augmented_action_delay,Augmented (+action buffer + delay values),"(15,15)",15.0,15,15,15,15,3,2,95,-51.56196413259022,0.547132066566203,0.02770547941327095,0.002321659354493022,1.0,1.0
constant_sweep,augmented_action_delay,Augmented (+action buffer + delay values),"(15,15)",15.0,15,15,15,15,3,3,95,-50.56147803738713,0.5382020827578871,0.037847988307476044,0.009710995480418205,1.0,1.0
constant_sweep,augmented_action_delay,Augmented (+action buffer + delay values),"(15,15)",15.0,15,15,15,15,3,4,95,-49.77196341799572,0.5316162717626676,0.04877215996384621,0.0022834825795143843,1.0,1.0
constant_sweep,augmented_action_delay,Augmented (+action buffer + delay values),"(15,15)",15.0,15,15,15,15,3,5,95,-49.66563095804304,0.5259035971309793,0.019680717960000038,0.010682232677936554,1.0,1.0
constant_sweep,augmented_action_delay,Augmented (+action buffer + delay values),"(15,15)",15.0,15,15,15,15,3,6,95,-52.84607557952404,0.5623881440805761,0.03871987387537956,0.030463043600320816,1.0,1.0
constant_sweep,augmented_action_delay,Augmented (+action buffer + delay values),"(15,15)",15.0,15,15,15,15,3,7,95,-54.31357701681554,0.578062464277211,0.04015713930130005,0.011026655323803425,1.0,1.0
constant_sweep,augmented_action_delay,Augmented (+action buffer + delay values),"(15,15)",15.0,15,15,15,15,3,8,95,-58.92888660985045,0.6242867488095439,0.025223635137081146,0.001869412837550044,1.0,1.0
constant_sweep,augmented_action_delay,Augmented (+action buffer + delay values),"(15,15)",15.0,15,15,15,15,3,9,95,-55.72536696959287,0.5907289750776008,0.0262590441852808,0.007124780211597681,1.0,1.0
constant_sweep,augmented_action_delay,Augmented (+action buffer + delay values),"(15,15)",15.0,15,15,15,15,4,0,95,-56.335577899590135,0.6003487038573152,0.04650326445698738,0.023897625505924225,1.0,1.0
constant_sweep,augmented_action_delay,Augmented (+action buffer + delay values),"(15,15)",15.0,15,15,15,15,4,1,95,-51.56196413259022,0.547132066566203,0.02770547941327095,0.002321659354493022,1.0,1.0
constant_sweep,augmented_action_delay,Augmented (+action buffer + delay values),"(15,15)",15.0,15,15,15,15,4,2,95,-50.56147803738713,0.5382020827578871,0.037847988307476044,0.009710995480418205,1.0,1.0
constant_sweep,augmented_action_delay,Augmented (+action buffer + delay values),"(15,15)",15.0,15,15,15,15,4,3,95,-49.77196341799572,0.5316162717626676,0.04877215996384621,0.0022834825795143843,1.0,1.0
constant_sweep,augmented_action_delay,Augmented (+action buffer + delay values),"(15,15)",15.0,15,15,15,15,4,4,95,-49.66563095804304,0.5259035971309793,0.019680717960000038,0.010682232677936554,1.0,1.0
constant_sweep,augmented_action_delay,Augmented (+action buffer + delay values),"(15,15)",15.0,15,15,15,15,4,5,95,-52.84607557952404,0.5623881440805761,0.03871987387537956,0.030463043600320816,1.0,1.0
constant_sweep,augmented_action_delay,Augmented (+action buffer + delay values),"(15,15)",15.0,15,15,15,15,4,6,95,-54.31357701681554,0.578062464277211,0.04015713930130005,0.011026655323803425,1.0,1.0
constant_sweep,augmented_action_delay,Augmented (+action buffer + delay values),"(15,15)",15.0,15,15,15,15,4,7,95,-58.92888660985045,0.6242867488095439,0.025223635137081146,0.001869412837550044,1.0,1.0
constant_sweep,augmented_action_delay,Augmented (+action buffer + delay values),"(15,15)",15.0,15,15,15,15,4,8,95,-55.72536696959287,0.5907289750776008,0.0262590441852808,0.007124780211597681,1.0,1.0
constant_sweep,augmented_action_delay,Augmented (+action buffer + delay values),"(15,15)",15.0,15,15,15,15,4,9,95,-49.936154790222645,0.5309384699322676,0.03353332355618477,0.002134928945451975,1.0,1.0
constant_sweep,unseen,Unseen delay,"(20,20)",20.0,20,20,20,20,0,0,100,-158.14448398724198,2.4681199115887282,4.433375358581543,0.03588158264756203,0.0,1.0
constant_sweep,unseen,Unseen delay,"(20,20)",20.0,20,20,20,20,0,1,100,-157.4506313353777,2.4577537842094896,4.4162373542785645,0.1812397837638855,0.0,0.0
constant_sweep,unseen,Unseen delay,"(20,20)",20.0,20,20,20,20,0,2,100,-157.67425864189863,2.468661913201213,4.459596633911133,0.10212904959917068,0.0,0.0
constant_sweep,unseen,Unseen delay,"(20,20)",20.0,20,20,20,20,0,3,100,-157.62389820814133,2.4540268582105638,4.388939380645752,0.09239080548286438,0.0,0.0
constant_sweep,unseen,Unseen delay,"(20,20)",20.0,20,20,20,20,0,4,100,-157.6958467103541,2.4725505844131113,4.477960586547852,0.03237086907029152,0.0,1.0
constant_sweep,unseen,Unseen delay,"(20,20)",20.0,20,20,20,20,0,5,100,-156.04931873083115,2.4550820392370225,4.472944259643555,0.0797567367553711,0.0,0.0
constant_sweep,unseen,Unseen delay,"(20,20)",20.0,20,20,20,20,0,6,100,-156.89537425339222,2.456499900370836,4.43773078918457,0.13583028316497803,0.0,0.0
constant_sweep,unseen,Unseen delay,"(20,20)",20.0,20,20,20,20,0,7,100,-156.59091126173735,2.4533887039870024,4.4373979568481445,0.11429085582494736,0.0,0.0
constant_sweep,unseen,Unseen delay,"(20,20)",20.0,20,20,20,20,0,8,100,-158.21039699018002,2.4772462390363215,4.475711345672607,0.1079450249671936,0.0,0.0
constant_sweep,unseen,Unseen delay,"(20,20)",20.0,20,20,20,20,0,9,100,-159.30916276574135,2.4931175675988198,4.500129699707031,0.20018146932125092,0.0,0.0
constant_sweep,unseen,Unseen delay,"(20,20)",20.0,20,20,20,20,1,0,100,-157.4506313353777,2.4577537842094896,4.4162373542785645,0.1812397837638855,0.0,0.0
constant_sweep,unseen,Unseen delay,"(20,20)",20.0,20,20,20,20,1,1,100,-157.67425864189863,2.468661913201213,4.459596633911133,0.10212904959917068,0.0,0.0
constant_sweep,unseen,Unseen delay,"(20,20)",20.0,20,20,20,20,1,2,100,-157.62389820814133,2.4540268582105638,4.388939380645752,0.09239080548286438,0.0,0.0
constant_sweep,unseen,Unseen delay,"(20,20)",20.0,20,20,20,20,1,3,100,-157.6958467103541,2.4725505844131113,4.477960586547852,0.03237086907029152,0.0,1.0
constant_sweep,unseen,Unseen delay,"(20,20)",20.0,20,20,20,20,1,4,100,-156.04931873083115,2.4550820392370225,4.472944259643555,0.0797567367553711,0.0,0.0
constant_sweep,unseen,Unseen delay,"(20,20)",20.0,20,20,20,20,1,5,100,-156.89537425339222,2.456499900370836,4.43773078918457,0.13583028316497803,0.0,0.0
constant_sweep,unseen,Unseen delay,"(20,20)",20.0,20,20,20,20,1,6,100,-156.59091126173735,2.4533887039870024,4.4373979568481445,0.11429085582494736,0.0,0.0
constant_sweep,unseen,Unseen delay,"(20,20)",20.0,20,20,20,20,1,7,100,-158.21039699018002,2.4772462390363215,4.475711345672607,0.1079450249671936,0.0,0.0
constant_sweep,unseen,Unseen delay,"(20,20)",20.0,20,20,20,20,1,8,100,-159.30916276574135,2.4931175675988198,4.500129699707031,0.20018146932125092,0.0,0.0
constant_sweep,unseen,Unseen delay,"(20,20)",20.0,20,20,20,20,1,9,100,-157.35283403098583,2.4455084352195264,4.35990047454834,0.24035592377185822,0.0,0.0
constant_sweep,unseen,Unseen delay,"(20,20)",20.0,20,20,20,20,2,0,100,-157.67425864189863,2.468661913201213,4.459596633911133,0.10212904959917068,0.0,0.0
constant_sweep,unseen,Unseen delay,"(20,20)",20.0,20,20,20,20,2,1,100,-157.62389820814133,2.4540268582105638,4.388939380645752,0.09239080548286438,0.0,0.0
constant_sweep,unseen,Unseen delay,"(20,20)",20.0,20,20,20,20,2,2,100,-157.6958467103541,2.4725505844131113,4.477960586547852,0.03237086907029152,0.0,1.0
constant_sweep,unseen,Unseen delay,"(20,20)",20.0,20,20,20,20,2,3,100,-156.04931873083115,2.4550820392370225,4.472944259643555,0.0797567367553711,0.0,0.0
constant_sweep,unseen,Unseen delay,"(20,20)",20.0,20,20,20,20,2,4,100,-156.89537425339222,2.456499900370836,4.43773078918457,0.13583028316497803,0.0,0.0
constant_sweep,unseen,Unseen delay,"(20,20)",20.0,20,20,20,20,2,5,100,-156.59091126173735,2.4533887039870024,4.4373979568481445,0.11429085582494736,0.0,0.0
constant_sweep,unseen,Unseen delay,"(20,20)",20.0,20,20,20,20,2,6,100,-158.21039699018002,2.4772462390363215,4.475711345672607,0.1079450249671936,0.0,0.0
constant_sweep,unseen,Unseen delay,"(20,20)",20.0,20,20,20,20,2,7,100,-159.30916276574135,2.4931175675988198,4.500129699707031,0.20018146932125092,0.0,0.0
constant_sweep,unseen,Unseen delay,"(20,20)",20.0,20,20,20,20,2,8,100,-157.35283403098583,2.4455084352195264,4.35990047454834,0.24035592377185822,0.0,0.0
constant_sweep,unseen,Unseen delay,"(20,20)",20.0,20,20,20,20,2,9,100,-158.79727366566658,2.4700908663868906,4.410590648651123,0.15374323725700378,0.0,0.0
constant_sweep,unseen,Unseen delay,"(20,20)",20.0,20,20,20,20,3,0,100,-157.62389820814133,2.4540268582105638,4.388939380645752,0.09239080548286438,0.0,0.0
constant_sweep,unseen,Unseen delay,"(20,20)",20.0,20,20,20,20,3,1,100,-157.6958467103541,2.4725505844131113,4.477960586547852,0.03237086907029152,0.0,1.0
constant_sweep,unseen,Unseen delay,"(20,20)",20.0,20,20,20,20,3,2,100,-156.04931873083115,2.4550820392370225,4.472944259643555,0.0797567367553711,0.0,0.0
constant_sweep,unseen,Unseen delay,"(20,20)",20.0,20,20,20,20,3,3,100,-156.89537425339222,2.456499900370836,4.43773078918457,0.13583028316497803,0.0,0.0
constant_sweep,unseen,Unseen delay,"(20,20)",20.0,20,20,20,20,3,4,100,-156.59091126173735,2.4533887039870024,4.4373979568481445,0.11429085582494736,0.0,0.0
constant_sweep,unseen,Unseen delay,"(20,20)",20.0,20,20,20,20,3,5,100,-158.21039699018002,2.4772462390363215,4.475711345672607,0.1079450249671936,0.0,0.0
constant_sweep,unseen,Unseen delay,"(20,20)",20.0,20,20,20,20,3,6,100,-159.30916276574135,2.4931175675988198,4.500129699707031,0.20018146932125092,0.0,0.0
constant_sweep,unseen,Unseen delay,"(20,20)",20.0,20,20,20,20,3,7,100,-157.35283403098583,2.4455084352195264,4.35990047454834,0.24035592377185822,0.0,0.0
constant_sweep,unseen,Unseen delay,"(20,20)",20.0,20,20,20,20,3,8,100,-158.79727366566658,2.4700908663868906,4.410590648651123,0.15374323725700378,0.0,0.0
constant_sweep,unseen,Unseen delay,"(20,20)",20.0,20,20,20,20,3,9,100,-157.96462365984917,2.4632079431414606,4.417808532714844,0.13303692638874054,0.0,0.0
constant_sweep,unseen,Unseen delay,"(20,20)",20.0,20,20,20,20,4,0,100,-157.6958467103541,2.4725505844131113,4.477960586547852,0.03237086907029152,0.0,1.0
constant_sweep,unseen,Unseen delay,"(20,20)",20.0,20,20,20,20,4,1,100,-156.04931873083115,2.4550820392370225,4.472944259643555,0.0797567367553711,0.0,0.0
constant_sweep,unseen,Unseen delay,"(20,20)",20.0,20,20,20,20,4,2,100,-156.89537425339222,2.456499900370836,4.43773078918457,0.13583028316497803,0.0,0.0
constant_sweep,unseen,Unseen delay,"(20,20)",20.0,20,20,20,20,4,3,100,-156.59091126173735,2.4533887039870024,4.4373979568481445,0.11429085582494736,0.0,0.0
constant_sweep,unseen,Unseen delay,"(20,20)",20.0,20,20,20,20,4,4,100,-158.21039699018002,2.4772462390363215,4.475711345672607,0.1079450249671936,0.0,0.0
constant_sweep,unseen,Unseen delay,"(20,20)",20.0,20,20,20,20,4,5,100,-159.30916276574135,2.4931175675988198,4.500129699707031,0.20018146932125092,0.0,0.0
constant_sweep,unseen,Unseen delay,"(20,20)",20.0,20,20,20,20,4,6,100,-157.35283403098583,2.4455084352195264,4.35990047454834,0.24035592377185822,0.0,0.0
constant_sweep,unseen,Unseen delay,"(20,20)",20.0,20,20,20,20,4,7,100,-158.79727366566658,2.4700908663868906,4.410590648651123,0.15374323725700378,0.0,0.0
constant_sweep,unseen,Unseen delay,"(20,20)",20.0,20,20,20,20,4,8,100,-157.96462365984917,2.4632079431414606,4.417808532714844,0.13303692638874054,0.0,0.0
constant_sweep,unseen,Unseen delay,"(20,20)",20.0,20,20,20,20,4,9,100,-157.73909540474415,2.4776085825264453,4.5010881423950195,0.06915908306837082,0.0,0.0
constant_sweep,augmented_action,Augmented (+action buffer),"(20,20)",20.0,20,20,20,20,0,0,100,-67.29193259775639,0.6827233497798443,0.04902011901140213,0.017611918970942497,1.0,1.0
constant_sweep,augmented_action,Augmented (+action buffer),"(20,20)",20.0,20,20,20,20,0,1,100,-59.79976670257747,0.6060994216613471,0.04050877317786217,0.021688466891646385,1.0,1.0
constant_sweep,augmented_action,Augmented (+action buffer),"(20,20)",20.0,20,20,20,20,0,2,100,-61.544684167951345,0.620233677662909,0.023934179916977882,0.00512026296928525,1.0,1.0
constant_sweep,augmented_action,Augmented (+action buffer),"(20,20)",20.0,20,20,20,20,0,3,100,-70.20204086252488,0.7076706923940219,0.028251418843865395,0.0022751556243747473,1.0,1.0
constant_sweep,augmented_action,Augmented (+action buffer),"(20,20)",20.0,20,20,20,20,0,4,100,-67.2854097802192,0.6784060245938599,0.02775963395833969,0.02265429124236107,1.0,1.0
constant_sweep,augmented_action,Augmented (+action buffer),"(20,20)",20.0,20,20,20,20,0,5,100,-62.13960906676948,0.6258604781888425,0.02232193760573864,0.016749117523431778,1.0,1.0
constant_sweep,augmented_action,Augmented (+action buffer),"(20,20)",20.0,20,20,20,20,0,6,100,-60.513250978663564,0.6117407441325485,0.03304117172956467,0.02634168043732643,1.0,1.0
constant_sweep,augmented_action,Augmented (+action buffer),"(20,20)",20.0,20,20,20,20,0,7,100,-59.95974306855351,0.6086979535315186,0.045502614229917526,0.011607212945818901,1.0,1.0
constant_sweep,augmented_action,Augmented (+action buffer),"(20,20)",20.0,20,20,20,20,0,8,100,-59.21810294222087,0.5943206463661045,0.010698084719479084,0.010698084719479084,1.0,1.0
constant_sweep,augmented_action,Augmented (+action buffer),"(20,20)",20.0,20,20,20,20,0,9,100,-63.14925268664956,0.6440130681172014,0.0626027062535286,0.032440803945064545,0.0,1.0
constant_sweep,augmented_action,Augmented (+action buffer),"(20,20)",20.0,20,20,20,20,1,0,100,-59.79976670257747,0.6060994216613471,0.04050877317786217,0.021688466891646385,1.0,1.0
constant_sweep,augmented_action,Augmented (+action buffer),"(20,20)",20.0,20,20,20,20,1,1,100,-61.544684167951345,0.620233677662909,0.023934179916977882,0.00512026296928525,1.0,1.0
constant_sweep,augmented_action,Augmented (+action buffer),"(20,20)",20.0,20,20,20,20,1,2,100,-70.20204086252488,0.7076706923940219,0.028251418843865395,0.0022751556243747473,1.0,1.0
constant_sweep,augmented_action,Augmented (+action buffer),"(20,20)",20.0,20,20,20,20,1,3,100,-67.2854097802192,0.6784060245938599,0.02775963395833969,0.02265429124236107,1.0,1.0
constant_sweep,augmented_action,Augmented (+action buffer),"(20,20)",20.0,20,20,20,20,1,4,100,-62.13960906676948,0.6258604781888425,0.02232193760573864,0.016749117523431778,1.0,1.0
constant_sweep,augmented_action,Augmented (+action buffer),"(20,20)",20.0,20,20,20,20,1,5,100,-60.513250978663564,0.6117407441325485,0.03304117172956467,0.02634168043732643,1.0,1.0
constant_sweep,augmented_action,Augmented (+action buffer),"(20,20)",20.0,20,20,20,20,1,6,100,-59.95974306855351,0.6086979535315186,0.045502614229917526,0.011607212945818901,1.0,1.0
constant_sweep,augmented_action,Augmented (+action buffer),"(20,20)",20.0,20,20,20,20,1,7,100,-59.21810294222087,0.5943206463661045,0.010698084719479084,0.010698084719479084,1.0,1.0
constant_sweep,augmented_action,Augmented (+action buffer),"(20,20)",20.0,20,20,20,20,1,8,100,-63.14925268664956,0.6440130681172014,0.0626027062535286,0.032440803945064545,0.0,1.0
constant_sweep,augmented_action,Augmented (+action buffer),"(20,20)",20.0,20,20,20,20,1,9,100,-65.33291399478912,0.6619787976145745,0.043248288333415985,0.02596176415681839,1.0,1.0
constant_sweep,augmented_action,Augmented (+action buffer),"(20,20)",20.0,20,20,20,20,2,0,100,-61.544684167951345,0.620233677662909,0.023934179916977882,0.00512026296928525,1.0,1.0
constant_sweep,augmented_action,Augmented (+action buffer),"(20,20)",20.0,20,20,20,20,2,1,100,-70.20204086252488,0.7076706923940219,0.028251418843865395,0.0022751556243747473,1.0,1.0
constant_sweep,augmented_action,Augmented (+action buffer),"(20,20)",20.0,20,20,20,20,2,2,100,-67.2854097802192,0.6784060245938599,0.02775963395833969,0.02265429124236107,1.0,1.0
constant_sweep,augmented_action,Augmented (+action buffer),"(20,20)",20.0,20,20,20,20,2,3,100,-62.13960906676948,0.6258604781888425,0.02232193760573864,0.016749117523431778,1.0,1.0
constant_sweep,augmented_action,Augmented (+action buffer),"(20,20)",20.0,20,20,20,20,2,4,100,-60.513250978663564,0.6117407441325485,0.03304117172956467,0.02634168043732643,1.0,1.0
constant_sweep,augmented_action,Augmented (+action buffer),"(20,20)",20.0,20,20,20,20,2,5,100,-59.95974306855351,0.6086979535315186,0.045502614229917526,0.011607212945818901,1.0,1.0
constant_sweep,augmented_action,Augmented (+action buffer),"(20,20)",20.0,20,20,20,20,2,6,100,-59.21810294222087,0.5943206463661045,0.010698084719479084,0.010698084719479084,1.0,1.0
constant_sweep,augmented_action,Augmented (+action buffer),"(20,20)",20.0,20,20,20,20,2,7,100,-63.14925268664956,0.6440130681172014,0.0626027062535286,0.032440803945064545,0.0,1.0
constant_sweep,augmented_action,Augmented (+action buffer),"(20,20)",20.0,20,20,20,20,2,8,100,-65.33291399478912,0.6619787976145745,0.043248288333415985,0.02596176415681839,1.0,1.0
constant_sweep,augmented_action,Augmented (+action buffer),"(20,20)",20.0,20,20,20,20,2,9,100,-70.25936040654778,0.7089438642933965,0.031751301139593124,0.007425290532410145,1.0,1.0
constant_sweep,augmented_action,Augmented (+action buffer),"(20,20)",20.0,20,20,20,20,3,0,100,-70.20204086252488,0.7076706923940219,0.028251418843865395,0.0022751556243747473,1.0,1.0
constant_sweep,augmented_action,Augmented (+action buffer),"(20,20)",20.0,20,20,20,20,3,1,100,-67.2854097802192,0.6784060245938599,0.02775963395833969,0.02265429124236107,1.0,1.0
constant_sweep,augmented_action,Augmented (+action buffer),"(20,20)",20.0,20,20,20,20,3,2,100,-62.13960906676948,0.6258604781888425,0.02232193760573864,0.016749117523431778,1.0,1.0
constant_sweep,augmented_action,Augmented (+action buffer),"(20,20)",20.0,20,20,20,20,3,3,100,-60.513250978663564,0.6117407441325485,0.03304117172956467,0.02634168043732643,1.0,1.0
constant_sweep,augmented_action,Augmented (+action buffer),"(20,20)",20.0,20,20,20,20,3,4,100,-59.95974306855351,0.6086979535315186,0.045502614229917526,0.011607212945818901,1.0,1.0
constant_sweep,augmented_action,Augmented (+action buffer),"(20,20)",20.0,20,20,20,20,3,5,100,-59.21810294222087,0.5943206463661045,0.010698084719479084,0.010698084719479084,1.0,1.0
constant_sweep,augmented_action,Augmented (+action buffer),"(20,20)",20.0,20,20,20,20,3,6,100,-63.14925268664956,0.6440130681172014,0.0626027062535286,0.032440803945064545,0.0,1.0
constant_sweep,augmented_action,Augmented (+action buffer),"(20,20)",20.0,20,20,20,20,3,7,100,-65.33291399478912,0.6619787976145745,0.043248288333415985,0.02596176415681839,1.0,1.0
constant_sweep,augmented_action,Augmented (+action buffer),"(20,20)",20.0,20,20,20,20,3,8,100,-70.25936040654778,0.7089438642933965,0.031751301139593124,0.007425290532410145,1.0,1.0
constant_sweep,augmented_action,Augmented (+action buffer),"(20,20)",20.0,20,20,20,20,3,9,100,-66.56746941804886,0.6690581902116537,0.016917480155825615,0.012451681308448315,1.0,1.0
constant_sweep,augmented_action,Augmented (+action buffer),"(20,20)",20.0,20,20,20,20,4,0,100,-67.2854097802192,0.6784060245938599,0.02775963395833969,0.02265429124236107,1.0,1.0
constant_sweep,augmented_action,Augmented (+action buffer),"(20,20)",20.0,20,20,20,20,4,1,100,-62.13960906676948,0.6258604781888425,0.02232193760573864,0.016749117523431778,1.0,1.0
constant_sweep,augmented_action,Augmented (+action buffer),"(20,20)",20.0,20,20,20,20,4,2,100,-60.513250978663564,0.6117407441325485,0.03304117172956467,0.02634168043732643,1.0,1.0
constant_sweep,augmented_action,Augmented (+action buffer),"(20,20)",20.0,20,20,20,20,4,3,100,-59.95974306855351,0.6086979535315186,0.045502614229917526,0.011607212945818901,1.0,1.0
constant_sweep,augmented_action,Augmented (+action buffer),"(20,20)",20.0,20,20,20,20,4,4,100,-59.21810294222087,0.5943206463661045,0.010698084719479084,0.010698084719479084,1.0,1.0
constant_sweep,augmented_action,Augmented (+action buffer),"(20,20)",20.0,20,20,20,20,4,5,100,-63.14925268664956,0.6440130681172014,0.0626027062535286,0.032440803945064545,0.0,1.0
constant_sweep,augmented_action,Augmented (+action buffer),"(20,20)",20.0,20,20,20,20,4,6,100,-65.33291399478912,0.6619787976145745,0.043248288333415985,0.02596176415681839,1.0,1.0
constant_sweep,augmented_action,Augmented (+action buffer),"(20,20)",20.0,20,20,20,20,4,7,100,-70.25936040654778,0.7089438642933965,0.031751301139593124,0.007425290532410145,1.0,1.0
constant_sweep,augmented_action,Augmented (+action buffer),"(20,20)",20.0,20,20,20,20,4,8,100,-66.56746941804886,0.6690581902116537,0.016917480155825615,0.012451681308448315,1.0,1.0
constant_sweep,augmented_action,Augmented (+action buffer),"(20,20)",20.0,20,20,20,20,4,9,100,-59.59129639202729,0.6019815691048279,0.03034302592277527,0.0044974032789468765,1.0,1.0
constant_sweep,augmented_action_delay,Augmented (+action buffer + delay values),"(20,20)",20.0,20,20,20,20,0,0,100,-67.29193259775639,0.6827233497798443,0.04902011901140213,0.017611918970942497,1.0,1.0
constant_sweep,augmented_action_delay,Augmented (+action buffer + delay values),"(20,20)",20.0,20,20,20,20,0,1,100,-59.79976670257747,0.6060994216613471,0.04050877317786217,0.021688466891646385,1.0,1.0
constant_sweep,augmented_action_delay,Augmented (+action buffer + delay values),"(20,20)",20.0,20,20,20,20,0,2,100,-61.544684167951345,0.620233677662909,0.023934179916977882,0.00512026296928525,1.0,1.0
constant_sweep,augmented_action_delay,Augmented (+action buffer + delay values),"(20,20)",20.0,20,20,20,20,0,3,100,-70.20204086252488,0.7076706923940219,0.028251418843865395,0.0022751556243747473,1.0,1.0
constant_sweep,augmented_action_delay,Augmented (+action buffer + delay values),"(20,20)",20.0,20,20,20,20,0,4,100,-67.2854097802192,0.6784060245938599,0.02775963395833969,0.02265429124236107,1.0,1.0
constant_sweep,augmented_action_delay,Augmented (+action buffer + delay values),"(20,20)",20.0,20,20,20,20,0,5,100,-62.13960906676948,0.6258604781888425,0.02232193760573864,0.016749117523431778,1.0,1.0
constant_sweep,augmented_action_delay,Augmented (+action buffer + delay values),"(20,20)",20.0,20,20,20,20,0,6,100,-60.513250978663564,0.6117407441325485,0.03304117172956467,0.02634168043732643,1.0,1.0
constant_sweep,augmented_action_delay,Augmented (+action buffer + delay values),"(20,20)",20.0,20,20,20,20,0,7,100,-59.95974306855351,0.6086979535315186,0.045502614229917526,0.011607212945818901,1.0,1.0
constant_sweep,augmented_action_delay,Augmented (+action buffer + delay values),"(20,20)",20.0,20,20,20,20,0,8,100,-59.21810294222087,0.5943206463661045,0.010698084719479084,0.010698084719479084,1.0,1.0
constant_sweep,augmented_action_delay,Augmented (+action buffer + delay values),"(20,20)",20.0,20,20,20,20,0,9,100,-63.14925268664956,0.6440130681172014,0.0626027062535286,0.032440803945064545,0.0,1.0
constant_sweep,augmented_action_delay,Augmented (+action buffer + delay values),"(20,20)",20.0,20,20,20,20,1,0,100,-59.79976670257747,0.6060994216613471,0.04050877317786217,0.021688466891646385,1.0,1.0
constant_sweep,augmented_action_delay,Augmented (+action buffer + delay values),"(20,20)",20.0,20,20,20,20,1,1,100,-61.544684167951345,0.620233677662909,0.023934179916977882,0.00512026296928525,1.0,1.0
constant_sweep,augmented_action_delay,Augmented (+action buffer + delay values),"(20,20)",20.0,20,20,20,20,1,2,100,-70.20204086252488,0.7076706923940219,0.028251418843865395,0.0022751556243747473,1.0,1.0
constant_sweep,augmented_action_delay,Augmented (+action buffer + delay values),"(20,20)",20.0,20,20,20,20,1,3,100,-67.2854097802192,0.6784060245938599,0.02775963395833969,0.02265429124236107,1.0,1.0
constant_sweep,augmented_action_delay,Augmented (+action buffer + delay values),"(20,20)",20.0,20,20,20,20,1,4,100,-62.13960906676948,0.6258604781888425,0.02232193760573864,0.016749117523431778,1.0,1.0
constant_sweep,augmented_action_delay,Augmented (+action buffer + delay values),"(20,20)",20.0,20,20,20,20,1,5,100,-60.513250978663564,0.6117407441325485,0.03304117172956467,0.02634168043732643,1.0,1.0
constant_sweep,augmented_action_delay,Augmented (+action buffer + delay values),"(20,20)",20.0,20,20,20,20,1,6,100,-59.95974306855351,0.6086979535315186,0.045502614229917526,0.011607212945818901,1.0,1.0
constant_sweep,augmented_action_delay,Augmented (+action buffer + delay values),"(20,20)",20.0,20,20,20,20,1,7,100,-59.21810294222087,0.5943206463661045,0.010698084719479084,0.010698084719479084,1.0,1.0
constant_sweep,augmented_action_delay,Augmented (+action buffer + delay values),"(20,20)",20.0,20,20,20,20,1,8,100,-63.14925268664956,0.6440130681172014,0.0626027062535286,0.032440803945064545,0.0,1.0
constant_sweep,augmented_action_delay,Augmented (+action buffer + delay values),"(20,20)",20.0,20,20,20,20,1,9,100,-65.33291399478912,0.6619787976145745,0.043248288333415985,0.02596176415681839,1.0,1.0
constant_sweep,augmented_action_delay,Augmented (+action buffer + delay values),"(20,20)",20.0,20,20,20,20,2,0,100,-61.544684167951345,0.620233677662909,0.023934179916977882,0.00512026296928525,1.0,1.0
constant_sweep,augmented_action_delay,Augmented (+action buffer + delay values),"(20,20)",20.0,20,20,20,20,2,1,100,-70.20204086252488,0.7076706923940219,0.028251418843865395,0.0022751556243747473,1.0,1.0
constant_sweep,augmented_action_delay,Augmented (+action buffer + delay values),"(20,20)",20.0,20,20,20,20,2,2,100,-67.2854097802192,0.6784060245938599,0.02775963395833969,0.02265429124236107,1.0,1.0
constant_sweep,augmented_action_delay,Augmented (+action buffer + delay values),"(20,20)",20.0,20,20,20,20,2,3,100,-62.13960906676948,0.6258604781888425,0.02232193760573864,0.016749117523431778,1.0,1.0
constant_sweep,augmented_action_delay,Augmented (+action buffer + delay values),"(20,20)",20.0,20,20,20,20,2,4,100,-60.513250978663564,0.6117407441325485,0.03304117172956467,0.02634168043732643,1.0,1.0
constant_sweep,augmented_action_delay,Augmented (+action buffer + delay values),"(20,20)",20.0,20,20,20,20,2,5,100,-59.95974306855351,0.6086979535315186,0.045502614229917526,0.011607212945818901,1.0,1.0
constant_sweep,augmented_action_delay,Augmented (+action buffer + delay values),"(20,20)",20.0,20,20,20,20,2,6,100,-59.21810294222087,0.5943206463661045,0.010698084719479084,0.010698084719479084,1.0,1.0
constant_sweep,augmented_action_delay,Augmented (+action buffer + delay values),"(20,20)",20.0,20,20,20,20,2,7,100,-63.14925268664956,0.6440130681172014,0.0626027062535286,0.032440803945064545,0.0,1.0
constant_sweep,augmented_action_delay,Augmented (+action buffer + delay values),"(20,20)",20.0,20,20,20,20,2,8,100,-65.33291399478912,0.6619787976145745,0.043248288333415985,0.02596176415681839,1.0,1.0
constant_sweep,augmented_action_delay,Augmented (+action buffer + delay values),"(20,20)",20.0,20,20,20,20,2,9,100,-70.25936040654778,0.7089438642933965,0.031751301139593124,0.007425290532410145,1.0,1.0
constant_sweep,augmented_action_delay,Augmented (+action buffer + delay values),"(20,20)",20.0,20,20,20,20,3,0,100,-70.20204086252488,0.7076706923940219,0.028251418843865395,0.0022751556243747473,1.0,1.0
constant_sweep,augmented_action_delay,Augmented (+action buffer + delay values),"(20,20)",20.0,20,20,20,20,3,1,100,-67.2854097802192,0.6784060245938599,0.02775963395833969,0.02265429124236107,1.0,1.0
constant_sweep,augmented_action_delay,Augmented (+action buffer + delay values),"(20,20)",20.0,20,20,20,20,3,2,100,-62.13960906676948,0.6258604781888425,0.02232193760573864,0.016749117523431778,1.0,1.0
constant_sweep,augmented_action_delay,Augmented (+action buffer + delay values),"(20,20)",20.0,20,20,20,20,3,3,100,-60.513250978663564,0.6117407441325485,0.03304117172956467,0.02634168043732643,1.0,1.0
constant_sweep,augmented_action_delay,Augmented (+action buffer + delay values),"(20,20)",20.0,20,20,20,20,3,4,100,-59.95974306855351,0.6086979535315186,0.045502614229917526,0.011607212945818901,1.0,1.0
constant_sweep,augmented_action_delay,Augmented (+action buffer + delay values),"(20,20)",20.0,20,20,20,20,3,5,100,-59.21810294222087,0.5943206463661045,0.010698084719479084,0.010698084719479084,1.0,1.0
constant_sweep,augmented_action_delay,Augmented (+action buffer + delay values),"(20,20)",20.0,20,20,20,20,3,6,100,-63.14925268664956,0.6440130681172014,0.0626027062535286,0.032440803945064545,0.0,1.0
constant_sweep,augmented_action_delay,Augmented (+action buffer + delay values),"(20,20)",20.0,20,20,20,20,3,7,100,-65.33291399478912,0.6619787976145745,0.043248288333415985,0.02596176415681839,1.0,1.0
constant_sweep,augmented_action_delay,Augmented (+action buffer + delay values),"(20,20)",20.0,20,20,20,20,3,8,100,-70.25936040654778,0.7089438642933965,0.031751301139593124,0.007425290532410145,1.0,1.0
constant_sweep,augmented_action_delay,Augmented (+action buffer + delay values),"(20,20)",20.0,20,20,20,20,3,9,100,-66.56746941804886,0.6690581902116537,0.016917480155825615,0.012451681308448315,1.0,1.0
constant_sweep,augmented_action_delay,Augmented (+action buffer + delay values),"(20,20)",20.0,20,20,20,20,4,0,100,-67.2854097802192,0.6784060245938599,0.02775963395833969,0.02265429124236107,1.0,1.0
constant_sweep,augmented_action_delay,Augmented (+action buffer + delay values),"(20,20)",20.0,20,20,20,20,4,1,100,-62.13960906676948,0.6258604781888425,0.02232193760573864,0.016749117523431778,1.0,1.0
constant_sweep,augmented_action_delay,Augmented (+action buffer + delay values),"(20,20)",20.0,20,20,20,20,4,2,100,-60.513250978663564,0.6117407441325485,0.03304117172956467,0.02634168043732643,1.0,1.0
constant_sweep,augmented_action_delay,Augmented (+action buffer + delay values),"(20,20)",20.0,20,20,20,20,4,3,100,-59.95974306855351,0.6086979535315186,0.045502614229917526,0.011607212945818901,1.0,1.0
constant_sweep,augmented_action_delay,Augmented (+action buffer + delay values),"(20,20)",20.0,20,20,20,20,4,4,100,-59.21810294222087,0.5943206463661045,0.010698084719479084,0.010698084719479084,1.0,1.0
constant_sweep,augmented_action_delay,Augmented (+action buffer + delay values),"(20,20)",20.0,20,20,20,20,4,5,100,-63.14925268664956,0.6440130681172014,0.0626027062535286,0.032440803945064545,0.0,1.0
constant_sweep,augmented_action_delay,Augmented (+action buffer + delay values),"(20,20)",20.0,20,20,20,20,4,6,100,-65.33291399478912,0.6619787976145745,0.043248288333415985,0.02596176415681839,1.0,1.0
constant_sweep,augmented_action_delay,Augmented (+action buffer + delay values),"(20,20)",20.0,20,20,20,20,4,7,100,-70.25936040654778,0.7089438642933965,0.031751301139593124,0.007425290532410145,1.0,1.0
constant_sweep,augmented_action_delay,Augmented (+action buffer + delay values),"(20,20)",20.0,20,20,20,20,4,8,100,-66.56746941804886,0.6690581902116537,0.016917480155825615,0.012451681308448315,1.0,1.0
constant_sweep,augmented_action_delay,Augmented (+action buffer + delay values),"(20,20)",20.0,20,20,20,20,4,9,100,-59.59129639202729,0.6019815691048279,0.03034302592277527,0.0044974032789468765,1.0,1.0
stochastic_sweep,unseen,Unseen delay,"(0,0)",0.0,0,0,0,0,0,0,80,-23.16090564476326,0.28951132055954076,0.014200827106833458,0.0013454458676278591,1.0,1.0
stochastic_sweep,unseen,Unseen delay,"(0,0)",0.0,0,0,0,0,0,1,80,-19.27095152239781,0.2408868940299726,0.009890259243547916,0.0014725070213899016,1.0,1.0
stochastic_sweep,unseen,Unseen delay,"(0,0)",0.0,0,0,0,0,0,2,80,-20.401934865047224,0.2550241858130903,0.014887120574712753,0.001403933740220964,1.0,1.0
stochastic_sweep,unseen,Unseen delay,"(0,0)",0.0,0,0,0,0,0,3,80,-24.643380064400844,0.3080422508050106,0.0017815183382481337,0.0008348667761310935,1.0,1.0
stochastic_sweep,unseen,Unseen delay,"(0,0)",0.0,0,0,0,0,0,4,80,-22.61843111901544,0.282730388987693,0.004910480231046677,0.001269541447982192,1.0,1.0
stochastic_sweep,unseen,Unseen delay,"(0,0)",0.0,0,0,0,0,0,5,80,-19.667912787248497,0.2458489098406062,0.006108379922807217,0.00021492871746886522,1.0,1.0
stochastic_sweep,unseen,Unseen delay,"(0,0)",0.0,0,0,0,0,0,6,80,-19.48135449970141,0.24351693124626764,0.01674327254295349,0.002281782915815711,1.0,1.0
stochastic_sweep,unseen,Unseen delay,"(0,0)",0.0,0,0,0,0,0,7,80,-19.050674572587013,0.23813343215733768,0.010873651131987572,0.002897180849686265,1.0,1.0
stochastic_sweep,unseen,Unseen delay,"(0,0)",0.0,0,0,0,0,0,8,80,-18.911931247916073,0.2363991405989509,0.018023846670985222,0.00259710056707263,1.0,1.0
stochastic_sweep,unseen,Unseen delay,"(0,0)",0.0,0,0,0,0,0,9,80,-20.718461647978984,0.2589807705997373,0.007616514340043068,0.0014284393982961774,1.0,1.0
stochastic_sweep,unseen,Unseen delay,"(0,0)",0.0,0,0,0,0,1,0,80,-19.27095152239781,0.2408868940299726,0.009890259243547916,0.0014725070213899016,1.0,1.0
stochastic_sweep,unseen,Unseen delay,"(0,0)",0.0,0,0,0,0,1,1,80,-20.401934865047224,0.2550241858130903,0.014887120574712753,0.001403933740220964,1.0,1.0
stochastic_sweep,unseen,Unseen delay,"(0,0)",0.0,0,0,0,0,1,2,80,-24.643380064400844,0.3080422508050106,0.0017815183382481337,0.0008348667761310935,1.0,1.0
stochastic_sweep,unseen,Unseen delay,"(0,0)",0.0,0,0,0,0,1,3,80,-22.61843111901544,0.282730388987693,0.004910480231046677,0.001269541447982192,1.0,1.0
stochastic_sweep,unseen,Unseen delay,"(0,0)",0.0,0,0,0,0,1,4,80,-19.667912787248497,0.2458489098406062,0.006108379922807217,0.00021492871746886522,1.0,1.0
stochastic_sweep,unseen,Unseen delay,"(0,0)",0.0,0,0,0,0,1,5,80,-19.48135449970141,0.24351693124626764,0.01674327254295349,0.002281782915815711,1.0,1.0
stochastic_sweep,unseen,Unseen delay,"(0,0)",0.0,0,0,0,0,1,6,80,-19.050674572587013,0.23813343215733768,0.010873651131987572,0.002897180849686265,1.0,1.0
stochastic_sweep,unseen,Unseen delay,"(0,0)",0.0,0,0,0,0,1,7,80,-18.911931247916073,0.2363991405989509,0.018023846670985222,0.00259710056707263,1.0,1.0
stochastic_sweep,unseen,Unseen delay,"(0,0)",0.0,0,0,0,0,1,8,80,-20.718461647978984,0.2589807705997373,0.007616514340043068,0.0014284393982961774,1.0,1.0
stochastic_sweep,unseen,Unseen delay,"(0,0)",0.0,0,0,0,0,1,9,80,-21.627953108400106,0.27034941385500133,0.013611036352813244,0.0004286800976842642,1.0,1.0
stochastic_sweep,unseen,Unseen delay,"(0,0)",0.0,0,0,0,0,2,0,80,-20.401934865047224,0.2550241858130903,0.014887120574712753,0.001403933740220964,1.0,1.0
stochastic_sweep,unseen,Unseen delay,"(0,0)",0.0,0,0,0,0,2,1,80,-24.643380064400844,0.3080422508050106,0.0017815183382481337,0.0008348667761310935,1.0,1.0
stochastic_sweep,unseen,Unseen delay,"(0,0)",0.0,0,0,0,0,2,2,80,-22.61843111901544,0.282730388987693,0.004910480231046677,0.001269541447982192,1.0,1.0
stochastic_sweep,unseen,Unseen delay,"(0,0)",0.0,0,0,0,0,2,3,80,-19.667912787248497,0.2458489098406062,0.006108379922807217,0.00021492871746886522,1.0,1.0
stochastic_sweep,unseen,Unseen delay,"(0,0)",0.0,0,0,0,0,2,4,80,-19.48135449970141,0.24351693124626764,0.01674327254295349,0.002281782915815711,1.0,1.0
stochastic_sweep,unseen,Unseen delay,"(0,0)",0.0,0,0,0,0,2,5,80,-19.050674572587013,0.23813343215733768,0.010873651131987572,0.002897180849686265,1.0,1.0
stochastic_sweep,unseen,Unseen delay,"(0,0)",0.0,0,0,0,0,2,6,80,-18.911931247916073,0.2363991405989509,0.018023846670985222,0.00259710056707263,1.0,1.0
stochastic_sweep,unseen,Unseen delay,"(0,0)",0.0,0,0,0,0,2,7,80,-20.718461647978984,0.2589807705997373,0.007616514340043068,0.0014284393982961774,1.0,1.0
stochastic_sweep,unseen,Unseen delay,"(0,0)",0.0,0,0,0,0,2,8,80,-21.627953108400106,0.27034941385500133,0.013611036352813244,0.0004286800976842642,1.0,1.0
stochastic_sweep,unseen,Unseen delay,"(0,0)",0.0,0,0,0,0,2,9,80,-24.59678291657474,0.30745978645718425,0.015834709629416466,0.0017110261833295226,1.0,1.0
stochastic_sweep,unseen,Unseen delay,"(0,0)",0.0,0,0,0,0,3,0,80,-24.643380064400844,0.3080422508050106,0.0017815183382481337,0.0008348667761310935,1.0,1.0
stochastic_sweep,unseen,Unseen delay,"(0,0)",0.0,0,0,0,0,3,1,80,-22.61843111901544,0.282730388987693,0.004910480231046677,0.001269541447982192,1.0,1.0
stochastic_sweep,unseen,Unseen delay,"(0,0)",0.0,0,0,0,0,3,2,80,-19.667912787248497,0.2458489098406062,0.006108379922807217,0.00021492871746886522,1.0,1.0
stochastic_sweep,unseen,Unseen delay,"(0,0)",0.0,0,0,0,0,3,3,80,-19.48135449970141,0.24351693124626764,0.01674327254295349,0.002281782915815711,1.0,1.0
stochastic_sweep,unseen,Unseen delay,"(0,0)",0.0,0,0,0,0,3,4,80,-19.050674572587013,0.23813343215733768,0.010873651131987572,0.002897180849686265,1.0,1.0
stochastic_sweep,unseen,Unseen delay,"(0,0)",0.0,0,0,0,0,3,5,80,-18.911931247916073,0.2363991405989509,0.018023846670985222,0.00259710056707263,1.0,1.0
stochastic_sweep,unseen,Unseen delay,"(0,0)",0.0,0,0,0,0,3,6,80,-20.718461647978984,0.2589807705997373,0.007616514340043068,0.0014284393982961774,1.0,1.0
stochastic_sweep,unseen,Unseen delay,"(0,0)",0.0,0,0,0,0,3,7,80,-21.627953108400106,0.27034941385500133,0.013611036352813244,0.0004286800976842642,1.0,1.0
stochastic_sweep,unseen,Unseen delay,"(0,0)",0.0,0,0,0,0,3,8,80,-24.59678291657474,0.30745978645718425,0.015834709629416466,0.0017110261833295226,1.0,1.0
stochastic_sweep,unseen,Unseen delay,"(0,0)",0.0,0,0,0,0,3,9,80,-22.881379126221873,0.28601723907777343,0.010881064459681511,0.0011702042538672686,1.0,1.0
stochastic_sweep,unseen,Unseen delay,"(0,0)",0.0,0,0,0,0,4,0,80,-22.61843111901544,0.282730388987693,0.004910480231046677,0.001269541447982192,1.0,1.0
stochastic_sweep,unseen,Unseen delay,"(0,0)",0.0,0,0,0,0,4,1,80,-19.667912787248497,0.2458489098406062,0.006108379922807217,0.00021492871746886522,1.0,1.0
stochastic_sweep,unseen,Unseen delay,"(0,0)",0.0,0,0,0,0,4,2,80,-19.48135449970141,0.24351693124626764,0.01674327254295349,0.002281782915815711,1.0,1.0
stochastic_sweep,unseen,Unseen delay,"(0,0)",0.0,0,0,0,0,4,3,80,-19.050674572587013,0.23813343215733768,0.010873651131987572,0.002897180849686265,1.0,1.0
stochastic_sweep,unseen,Unseen delay,"(0,0)",0.0,0,0,0,0,4,4,80,-18.911931247916073,0.2363991405989509,0.018023846670985222,0.00259710056707263,1.0,1.0
stochastic_sweep,unseen,Unseen delay,"(0,0)",0.0,0,0,0,0,4,5,80,-20.718461647978984,0.2589807705997373,0.007616514340043068,0.0014284393982961774,1.0,1.0
stochastic_sweep,unseen,Unseen delay,"(0,0)",0.0,0,0,0,0,4,6,80,-21.627953108400106,0.27034941385500133,0.013611036352813244,0.0004286800976842642,1.0,1.0
stochastic_sweep,unseen,Unseen delay,"(0,0)",0.0,0,0,0,0,4,7,80,-24.59678291657474,0.30745978645718425,0.015834709629416466,0.0017110261833295226,1.0,1.0
stochastic_sweep,unseen,Unseen delay,"(0,0)",0.0,0,0,0,0,4,8,80,-22.881379126221873,0.28601723907777343,0.010881064459681511,0.0011702042538672686,1.0,1.0
stochastic_sweep,unseen,Unseen delay,"(0,0)",0.0,0,0,0,0,4,9,80,-19.467613415035885,0.24334516768794856,0.01089484989643097,0.0005523126455955207,1.0,1.0
stochastic_sweep,augmented_action,Augmented (+action buffer),"(0,0)",0.0,0,0,0,0,0,0,80,-23.16090564476326,0.28951132055954076,0.014200827106833458,0.0013454458676278591,1.0,1.0
stochastic_sweep,augmented_action,Augmented (+action buffer),"(0,0)",0.0,0,0,0,0,0,1,80,-19.27095152239781,0.2408868940299726,0.009890259243547916,0.0014725070213899016,1.0,1.0
stochastic_sweep,augmented_action,Augmented (+action buffer),"(0,0)",0.0,0,0,0,0,0,2,80,-20.401934865047224,0.2550241858130903,0.014887120574712753,0.001403933740220964,1.0,1.0
stochastic_sweep,augmented_action,Augmented (+action buffer),"(0,0)",0.0,0,0,0,0,0,3,80,-24.643380064400844,0.3080422508050106,0.0017815183382481337,0.0008348667761310935,1.0,1.0
stochastic_sweep,augmented_action,Augmented (+action buffer),"(0,0)",0.0,0,0,0,0,0,4,80,-22.61843111901544,0.282730388987693,0.004910480231046677,0.001269541447982192,1.0,1.0
stochastic_sweep,augmented_action,Augmented (+action buffer),"(0,0)",0.0,0,0,0,0,0,5,80,-19.667912787248497,0.2458489098406062,0.006108379922807217,0.00021492871746886522,1.0,1.0
stochastic_sweep,augmented_action,Augmented (+action buffer),"(0,0)",0.0,0,0,0,0,0,6,80,-19.48135449970141,0.24351693124626764,0.01674327254295349,0.002281782915815711,1.0,1.0
stochastic_sweep,augmented_action,Augmented (+action buffer),"(0,0)",0.0,0,0,0,0,0,7,80,-19.050674572587013,0.23813343215733768,0.010873651131987572,0.002897180849686265,1.0,1.0
stochastic_sweep,augmented_action,Augmented (+action buffer),"(0,0)",0.0,0,0,0,0,0,8,80,-18.911931247916073,0.2363991405989509,0.018023846670985222,0.00259710056707263,1.0,1.0
stochastic_sweep,augmented_action,Augmented (+action buffer),"(0,0)",0.0,0,0,0,0,0,9,80,-20.718461647978984,0.2589807705997373,0.007616514340043068,0.0014284393982961774,1.0,1.0
stochastic_sweep,augmented_action,Augmented (+action buffer),"(0,0)",0.0,0,0,0,0,1,0,80,-19.27095152239781,0.2408868940299726,0.009890259243547916,0.0014725070213899016,1.0,1.0
stochastic_sweep,augmented_action,Augmented (+action buffer),"(0,0)",0.0,0,0,0,0,1,1,80,-20.401934865047224,0.2550241858130903,0.014887120574712753,0.001403933740220964,1.0,1.0
stochastic_sweep,augmented_action,Augmented (+action buffer),"(0,0)",0.0,0,0,0,0,1,2,80,-24.643380064400844,0.3080422508050106,0.0017815183382481337,0.0008348667761310935,1.0,1.0
stochastic_sweep,augmented_action,Augmented (+action buffer),"(0,0)",0.0,0,0,0,0,1,3,80,-22.61843111901544,0.282730388987693,0.004910480231046677,0.001269541447982192,1.0,1.0
stochastic_sweep,augmented_action,Augmented (+action buffer),"(0,0)",0.0,0,0,0,0,1,4,80,-19.667912787248497,0.2458489098406062,0.006108379922807217,0.00021492871746886522,1.0,1.0
stochastic_sweep,augmented_action,Augmented (+action buffer),"(0,0)",0.0,0,0,0,0,1,5,80,-19.48135449970141,0.24351693124626764,0.01674327254295349,0.002281782915815711,1.0,1.0
stochastic_sweep,augmented_action,Augmented (+action buffer),"(0,0)",0.0,0,0,0,0,1,6,80,-19.050674572587013,0.23813343215733768,0.010873651131987572,0.002897180849686265,1.0,1.0
stochastic_sweep,augmented_action,Augmented (+action buffer),"(0,0)",0.0,0,0,0,0,1,7,80,-18.911931247916073,0.2363991405989509,0.018023846670985222,0.00259710056707263,1.0,1.0
stochastic_sweep,augmented_action,Augmented (+action buffer),"(0,0)",0.0,0,0,0,0,1,8,80,-20.718461647978984,0.2589807705997373,0.007616514340043068,0.0014284393982961774,1.0,1.0
stochastic_sweep,augmented_action,Augmented (+action buffer),"(0,0)",0.0,0,0,0,0,1,9,80,-21.627953108400106,0.27034941385500133,0.013611036352813244,0.0004286800976842642,1.0,1.0
stochastic_sweep,augmented_action,Augmented (+action buffer),"(0,0)",0.0,0,0,0,0,2,0,80,-20.401934865047224,0.2550241858130903,0.014887120574712753,0.001403933740220964,1.0,1.0
stochastic_sweep,augmented_action,Augmented (+action buffer),"(0,0)",0.0,0,0,0,0,2,1,80,-24.643380064400844,0.3080422508050106,0.0017815183382481337,0.0008348667761310935,1.0,1.0
stochastic_sweep,augmented_action,Augmented (+action buffer),"(0,0)",0.0,0,0,0,0,2,2,80,-22.61843111901544,0.282730388987693,0.004910480231046677,0.001269541447982192,1.0,1.0
stochastic_sweep,augmented_action,Augmented (+action buffer),"(0,0)",0.0,0,0,0,0,2,3,80,-19.667912787248497,0.2458489098406062,0.006108379922807217,0.00021492871746886522,1.0,1.0
stochastic_sweep,augmented_action,Augmented (+action buffer),"(0,0)",0.0,0,0,0,0,2,4,80,-19.48135449970141,0.24351693124626764,0.01674327254295349,0.002281782915815711,1.0,1.0
stochastic_sweep,augmented_action,Augmented (+action buffer),"(0,0)",0.0,0,0,0,0,2,5,80,-19.050674572587013,0.23813343215733768,0.010873651131987572,0.002897180849686265,1.0,1.0
stochastic_sweep,augmented_action,Augmented (+action buffer),"(0,0)",0.0,0,0,0,0,2,6,80,-18.911931247916073,0.2363991405989509,0.018023846670985222,0.00259710056707263,1.0,1.0
stochastic_sweep,augmented_action,Augmented (+action buffer),"(0,0)",0.0,0,0,0,0,2,7,80,-20.718461647978984,0.2589807705997373,0.007616514340043068,0.0014284393982961774,1.0,1.0
stochastic_sweep,augmented_action,Augmented (+action buffer),"(0,0)",0.0,0,0,0,0,2,8,80,-21.627953108400106,0.27034941385500133,0.013611036352813244,0.0004286800976842642,1.0,1.0
stochastic_sweep,augmented_action,Augmented (+action buffer),"(0,0)",0.0,0,0,0,0,2,9,80,-24.59678291657474,0.30745978645718425,0.015834709629416466,0.0017110261833295226,1.0,1.0
stochastic_sweep,augmented_action,Augmented (+action buffer),"(0,0)",0.0,0,0,0,0,3,0,80,-24.643380064400844,0.3080422508050106,0.0017815183382481337,0.0008348667761310935,1.0,1.0
stochastic_sweep,augmented_action,Augmented (+action buffer),"(0,0)",0.0,0,0,0,0,3,1,80,-22.61843111901544,0.282730388987693,0.004910480231046677,0.001269541447982192,1.0,1.0
stochastic_sweep,augmented_action,Augmented (+action buffer),"(0,0)",0.0,0,0,0,0,3,2,80,-19.667912787248497,0.2458489098406062,0.006108379922807217,0.00021492871746886522,1.0,1.0
stochastic_sweep,augmented_action,Augmented (+action buffer),"(0,0)",0.0,0,0,0,0,3,3,80,-19.48135449970141,0.24351693124626764,0.01674327254295349,0.002281782915815711,1.0,1.0
stochastic_sweep,augmented_action,Augmented (+action buffer),"(0,0)",0.0,0,0,0,0,3,4,80,-19.050674572587013,0.23813343215733768,0.010873651131987572,0.002897180849686265,1.0,1.0
stochastic_sweep,augmented_action,Augmented (+action buffer),"(0,0)",0.0,0,0,0,0,3,5,80,-18.911931247916073,0.2363991405989509,0.018023846670985222,0.00259710056707263,1.0,1.0
stochastic_sweep,augmented_action,Augmented (+action buffer),"(0,0)",0.0,0,0,0,0,3,6,80,-20.718461647978984,0.2589807705997373,0.007616514340043068,0.0014284393982961774,1.0,1.0
stochastic_sweep,augmented_action,Augmented (+action buffer),"(0,0)",0.0,0,0,0,0,3,7,80,-21.627953108400106,0.27034941385500133,0.013611036352813244,0.0004286800976842642,1.0,1.0
stochastic_sweep,augmented_action,Augmented (+action buffer),"(0,0)",0.0,0,0,0,0,3,8,80,-24.59678291657474,0.30745978645718425,0.015834709629416466,0.0017110261833295226,1.0,1.0
stochastic_sweep,augmented_action,Augmented (+action buffer),"(0,0)",0.0,0,0,0,0,3,9,80,-22.881379126221873,0.28601723907777343,0.010881064459681511,0.0011702042538672686,1.0,1.0
stochastic_sweep,augmented_action,Augmented (+action buffer),"(0,0)",0.0,0,0,0,0,4,0,80,-22.61843111901544,0.282730388987693,0.004910480231046677,0.001269541447982192,1.0,1.0
stochastic_sweep,augmented_action,Augmented (+action buffer),"(0,0)",0.0,0,0,0,0,4,1,80,-19.667912787248497,0.2458489098406062,0.006108379922807217,0.00021492871746886522,1.0,1.0
stochastic_sweep,augmented_action,Augmented (+action buffer),"(0,0)",0.0,0,0,0,0,4,2,80,-19.48135449970141,0.24351693124626764,0.01674327254295349,0.002281782915815711,1.0,1.0
stochastic_sweep,augmented_action,Augmented (+action buffer),"(0,0)",0.0,0,0,0,0,4,3,80,-19.050674572587013,0.23813343215733768,0.010873651131987572,0.002897180849686265,1.0,1.0
stochastic_sweep,augmented_action,Augmented (+action buffer),"(0,0)",0.0,0,0,0,0,4,4,80,-18.911931247916073,0.2363991405989509,0.018023846670985222,0.00259710056707263,1.0,1.0
stochastic_sweep,augmented_action,Augmented (+action buffer),"(0,0)",0.0,0,0,0,0,4,5,80,-20.718461647978984,0.2589807705997373,0.007616514340043068,0.0014284393982961774,1.0,1.0
stochastic_sweep,augmented_action,Augmented (+action buffer),"(0,0)",0.0,0,0,0,0,4,6,80,-21.627953108400106,0.27034941385500133,0.013611036352813244,0.0004286800976842642,1.0,1.0
stochastic_sweep,augmented_action,Augmented (+action buffer),"(0,0)",0.0,0,0,0,0,4,7,80,-24.59678291657474,0.30745978645718425,0.015834709629416466,0.0017110261833295226,1.0,1.0
stochastic_sweep,augmented_action,Augmented (+action buffer),"(0,0)",0.0,0,0,0,0,4,8,80,-22.881379126221873,0.28601723907777343,0.010881064459681511,0.0011702042538672686,1.0,1.0
stochastic_sweep,augmented_action,Augmented (+action buffer),"(0,0)",0.0,0,0,0,0,4,9,80,-19.467613415035885,0.24334516768794856,0.01089484989643097,0.0005523126455955207,1.0,1.0
stochastic_sweep,augmented_action_delay,Augmented (+action buffer + delay values),"(0,0)",0.0,0,0,0,0,0,0,80,-23.16090564476326,0.28951132055954076,0.014200827106833458,0.0013454458676278591,1.0,1.0
stochastic_sweep,augmented_action_delay,Augmented (+action buffer + delay values),"(0,0)",0.0,0,0,0,0,0,1,80,-19.27095152239781,0.2408868940299726,0.009890259243547916,0.0014725070213899016,1.0,1.0
stochastic_sweep,augmented_action_delay,Augmented (+action buffer + delay values),"(0,0)",0.0,0,0,0,0,0,2,80,-20.401934865047224,0.2550241858130903,0.014887120574712753,0.001403933740220964,1.0,1.0
stochastic_sweep,augmented_action_delay,Augmented (+action buffer + delay values),"(0,0)",0.0,0,0,0,0,0,3,80,-24.643380064400844,0.3080422508050106,0.0017815183382481337,0.0008348667761310935,1.0,1.0
stochastic_sweep,augmented_action_delay,Augmented (+action buffer + delay values),"(0,0)",0.0,0,0,0,0,0,4,80,-22.61843111901544,0.282730388987693,0.004910480231046677,0.001269541447982192,1.0,1.0
stochastic_sweep,augmented_action_delay,Augmented (+action buffer + delay values),"(0,0)",0.0,0,0,0,0,0,5,80,-19.667912787248497,0.2458489098406062,0.006108379922807217,0.00021492871746886522,1.0,1.0
stochastic_sweep,augmented_action_delay,Augmented (+action buffer + delay values),"(0,0)",0.0,0,0,0,0,0,6,80,-19.48135449970141,0.24351693124626764,0.01674327254295349,0.002281782915815711,1.0,1.0
stochastic_sweep,augmented_action_delay,Augmented (+action buffer + delay values),"(0,0)",0.0,0,0,0,0,0,7,80,-19.050674572587013,0.23813343215733768,0.010873651131987572,0.002897180849686265,1.0,1.0
stochastic_sweep,augmented_action_delay,Augmented (+action buffer + delay values),"(0,0)",0.0,0,0,0,0,0,8,80,-18.911931247916073,0.2363991405989509,0.018023846670985222,0.00259710056707263,1.0,1.0
stochastic_sweep,augmented_action_delay,Augmented (+action buffer + delay values),"(0,0)",0.0,0,0,0,0,0,9,80,-20.718461647978984,0.2589807705997373,0.007616514340043068,0.0014284393982961774,1.0,1.0
stochastic_sweep,augmented_action_delay,Augmented (+action buffer + delay values),"(0,0)",0.0,0,0,0,0,1,0,80,-19.27095152239781,0.2408868940299726,0.009890259243547916,0.0014725070213899016,1.0,1.0
stochastic_sweep,augmented_action_delay,Augmented (+action buffer + delay values),"(0,0)",0.0,0,0,0,0,1,1,80,-20.401934865047224,0.2550241858130903,0.014887120574712753,0.001403933740220964,1.0,1.0
stochastic_sweep,augmented_action_delay,Augmented (+action buffer + delay values),"(0,0)",0.0,0,0,0,0,1,2,80,-24.643380064400844,0.3080422508050106,0.0017815183382481337,0.0008348667761310935,1.0,1.0
stochastic_sweep,augmented_action_delay,Augmented (+action buffer + delay values),"(0,0)",0.0,0,0,0,0,1,3,80,-22.61843111901544,0.282730388987693,0.004910480231046677,0.001269541447982192,1.0,1.0
stochastic_sweep,augmented_action_delay,Augmented (+action buffer + delay values),"(0,0)",0.0,0,0,0,0,1,4,80,-19.667912787248497,0.2458489098406062,0.006108379922807217,0.00021492871746886522,1.0,1.0
stochastic_sweep,augmented_action_delay,Augmented (+action buffer + delay values),"(0,0)",0.0,0,0,0,0,1,5,80,-19.48135449970141,0.24351693124626764,0.01674327254295349,0.002281782915815711,1.0,1.0
stochastic_sweep,augmented_action_delay,Augmented (+action buffer + delay values),"(0,0)",0.0,0,0,0,0,1,6,80,-19.050674572587013,0.23813343215733768,0.010873651131987572,0.002897180849686265,1.0,1.0
stochastic_sweep,augmented_action_delay,Augmented (+action buffer + delay values),"(0,0)",0.0,0,0,0,0,1,7,80,-18.911931247916073,0.2363991405989509,0.018023846670985222,0.00259710056707263,1.0,1.0
stochastic_sweep,augmented_action_delay,Augmented (+action buffer + delay values),"(0,0)",0.0,0,0,0,0,1,8,80,-20.718461647978984,0.2589807705997373,0.007616514340043068,0.0014284393982961774,1.0,1.0
stochastic_sweep,augmented_action_delay,Augmented (+action buffer + delay values),"(0,0)",0.0,0,0,0,0,1,9,80,-21.627953108400106,0.27034941385500133,0.013611036352813244,0.0004286800976842642,1.0,1.0
stochastic_sweep,augmented_action_delay,Augmented (+action buffer + delay values),"(0,0)",0.0,0,0,0,0,2,0,80,-20.401934865047224,0.2550241858130903,0.014887120574712753,0.001403933740220964,1.0,1.0
stochastic_sweep,augmented_action_delay,Augmented (+action buffer + delay values),"(0,0)",0.0,0,0,0,0,2,1,80,-24.643380064400844,0.3080422508050106,0.0017815183382481337,0.0008348667761310935,1.0,1.0
stochastic_sweep,augmented_action_delay,Augmented (+action buffer + delay values),"(0,0)",0.0,0,0,0,0,2,2,80,-22.61843111901544,0.282730388987693,0.004910480231046677,0.001269541447982192,1.0,1.0
stochastic_sweep,augmented_action_delay,Augmented (+action buffer + delay values),"(0,0)",0.0,0,0,0,0,2,3,80,-19.667912787248497,0.2458489098406062,0.006108379922807217,0.00021492871746886522,1.0,1.0
stochastic_sweep,augmented_action_delay,Augmented (+action buffer + delay values),"(0,0)",0.0,0,0,0,0,2,4,80,-19.48135449970141,0.24351693124626764,0.01674327254295349,0.002281782915815711,1.0,1.0
stochastic_sweep,augmented_action_delay,Augmented (+action buffer + delay values),"(0,0)",0.0,0,0,0,0,2,5,80,-19.050674572587013,0.23813343215733768,0.010873651131987572,0.002897180849686265,1.0,1.0
stochastic_sweep,augmented_action_delay,Augmented (+action buffer + delay values),"(0,0)",0.0,0,0,0,0,2,6,80,-18.911931247916073,0.2363991405989509,0.018023846670985222,0.00259710056707263,1.0,1.0
stochastic_sweep,augmented_action_delay,Augmented (+action buffer + delay values),"(0,0)",0.0,0,0,0,0,2,7,80,-20.718461647978984,0.2589807705997373,0.007616514340043068,0.0014284393982961774,1.0,1.0
stochastic_sweep,augmented_action_delay,Augmented (+action buffer + delay values),"(0,0)",0.0,0,0,0,0,2,8,80,-21.627953108400106,0.27034941385500133,0.013611036352813244,0.0004286800976842642,1.0,1.0
stochastic_sweep,augmented_action_delay,Augmented (+action buffer + delay values),"(0,0)",0.0,0,0,0,0,2,9,80,-24.59678291657474,0.30745978645718425,0.015834709629416466,0.0017110261833295226,1.0,1.0
stochastic_sweep,augmented_action_delay,Augmented (+action buffer + delay values),"(0,0)",0.0,0,0,0,0,3,0,80,-24.643380064400844,0.3080422508050106,0.0017815183382481337,0.0008348667761310935,1.0,1.0
stochastic_sweep,augmented_action_delay,Augmented (+action buffer + delay values),"(0,0)",0.0,0,0,0,0,3,1,80,-22.61843111901544,0.282730388987693,0.004910480231046677,0.001269541447982192,1.0,1.0
stochastic_sweep,augmented_action_delay,Augmented (+action buffer + delay values),"(0,0)",0.0,0,0,0,0,3,2,80,-19.667912787248497,0.2458489098406062,0.006108379922807217,0.00021492871746886522,1.0,1.0
stochastic_sweep,augmented_action_delay,Augmented (+action buffer + delay values),"(0,0)",0.0,0,0,0,0,3,3,80,-19.48135449970141,0.24351693124626764,0.01674327254295349,0.002281782915815711,1.0,1.0
stochastic_sweep,augmented_action_delay,Augmented (+action buffer + delay values),"(0,0)",0.0,0,0,0,0,3,4,80,-19.050674572587013,0.23813343215733768,0.010873651131987572,0.002897180849686265,1.0,1.0
stochastic_sweep,augmented_action_delay,Augmented (+action buffer + delay values),"(0,0)",0.0,0,0,0,0,3,5,80,-18.911931247916073,0.2363991405989509,0.018023846670985222,0.00259710056707263,1.0,1.0
stochastic_sweep,augmented_action_delay,Augmented (+action buffer + delay values),"(0,0)",0.0,0,0,0,0,3,6,80,-20.718461647978984,0.2589807705997373,0.007616514340043068,0.0014284393982961774,1.0,1.0
stochastic_sweep,augmented_action_delay,Augmented (+action buffer + delay values),"(0,0)",0.0,0,0,0,0,3,7,80,-21.627953108400106,0.27034941385500133,0.013611036352813244,0.0004286800976842642,1.0,1.0
stochastic_sweep,augmented_action_delay,Augmented (+action buffer + delay values),"(0,0)",0.0,0,0,0,0,3,8,80,-24.59678291657474,0.30745978645718425,0.015834709629416466,0.0017110261833295226,1.0,1.0
stochastic_sweep,augmented_action_delay,Augmented (+action buffer + delay values),"(0,0)",0.0,0,0,0,0,3,9,80,-22.881379126221873,0.28601723907777343,0.010881064459681511,0.0011702042538672686,1.0,1.0
stochastic_sweep,augmented_action_delay,Augmented (+action buffer + delay values),"(0,0)",0.0,0,0,0,0,4,0,80,-22.61843111901544,0.282730388987693,0.004910480231046677,0.001269541447982192,1.0,1.0
stochastic_sweep,augmented_action_delay,Augmented (+action buffer + delay values),"(0,0)",0.0,0,0,0,0,4,1,80,-19.667912787248497,0.2458489098406062,0.006108379922807217,0.00021492871746886522,1.0,1.0
stochastic_sweep,augmented_action_delay,Augmented (+action buffer + delay values),"(0,0)",0.0,0,0,0,0,4,2,80,-19.48135449970141,0.24351693124626764,0.01674327254295349,0.002281782915815711,1.0,1.0
stochastic_sweep,augmented_action_delay,Augmented (+action buffer + delay values),"(0,0)",0.0,0,0,0,0,4,3,80,-19.050674572587013,0.23813343215733768,0.010873651131987572,0.002897180849686265,1.0,1.0
stochastic_sweep,augmented_action_delay,Augmented (+action buffer + delay values),"(0,0)",0.0,0,0,0,0,4,4,80,-18.911931247916073,0.2363991405989509,0.018023846670985222,0.00259710056707263,1.0,1.0
stochastic_sweep,augmented_action_delay,Augmented (+action buffer + delay values),"(0,0)",0.0,0,0,0,0,4,5,80,-20.718461647978984,0.2589807705997373,0.007616514340043068,0.0014284393982961774,1.0,1.0
stochastic_sweep,augmented_action_delay,Augmented (+action buffer + delay values),"(0,0)",0.0,0,0,0,0,4,6,80,-21.627953108400106,0.27034941385500133,0.013611036352813244,0.0004286800976842642,1.0,1.0
stochastic_sweep,augmented_action_delay,Augmented (+action buffer + delay values),"(0,0)",0.0,0,0,0,0,4,7,80,-24.59678291657474,0.30745978645718425,0.015834709629416466,0.0017110261833295226,1.0,1.0
stochastic_sweep,augmented_action_delay,Augmented (+action buffer + delay values),"(0,0)",0.0,0,0,0,0,4,8,80,-22.881379126221873,0.28601723907777343,0.010881064459681511,0.0011702042538672686,1.0,1.0
stochastic_sweep,augmented_action_delay,Augmented (+action buffer + delay values),"(0,0)",0.0,0,0,0,0,4,9,80,-19.467613415035885,0.24334516768794856,0.01089484989643097,0.0005523126455955207,1.0,1.0
stochastic_sweep,unseen,Unseen delay,"(0,0-5)",5.0,0,0,0,5,0,0,82,-25.324747429345734,0.3095436206714977,0.028914732858538628,0.001536994124762714,1.0,1.0
stochastic_sweep,unseen,Unseen delay,"(0,0-5)",5.0,0,0,0,5,0,1,80,-21.328662114217877,0.26660827642772345,0.013484466820955276,0.0013960821088403463,1.0,1.0
stochastic_sweep,unseen,Unseen delay,"(0,0-5)",5.0,0,0,0,5,0,2,81,-24.10548106278293,0.297880004019258,0.022799262776970863,0.0037280155811458826,1.0,1.0
stochastic_sweep,unseen,Unseen delay,"(0,0-5)",5.0,0,0,0,5,0,3,83,-26.636015014955774,0.3211086215535515,0.005333524663001299,0.0031359796412289143,1.0,1.0
stochastic_sweep,unseen,Unseen delay,"(0,0-5)",5.0,0,0,0,5,0,4,80,-24.609944405732676,0.30762430507165844,0.00733985286206007,0.0024733685422688723,1.0,1.0
stochastic_sweep,unseen,Unseen delay,"(0,0-5)",5.0,0,0,0,5,0,5,81,-20.116836572997272,0.24854640070532943,0.015421884134411812,0.00200490839779377,1.0,1.0
stochastic_sweep,unseen,Unseen delay,"(0,0-5)",5.0,0,0,0,5,0,6,81,-21.387632238445804,0.26427381748713,0.018546978011727333,0.001273424131795764,1.0,1.0
stochastic_sweep,unseen,Unseen delay,"(0,0-5)",5.0,0,0,0,5,0,7,81,-21.442793437745422,0.26486867303488615,0.011569078080356121,0.002684133592993021,1.0,1.0
stochastic_sweep,unseen,Unseen delay,"(0,0-5)",5.0,0,0,0,5,0,8,84,-21.071275527356192,0.25197026872774586,0.02355676144361496,0.0024657819885760546,1.0,1.0
stochastic_sweep,unseen,Unseen delay,"(0,0-5)",5.0,0,0,0,5,0,9,82,-21.480919880210422,0.26216041484546687,0.00811706855893135,0.0014810842694714665,1.0,1.0
stochastic_sweep,unseen,Unseen delay,"(0,0-5)",5.0,0,0,0,5,1,0,83,-20.443802034831606,0.24665463747630592,0.009510958567261696,0.0018434632802382112,1.0,1.0
stochastic_sweep,unseen,Unseen delay,"(0,0-5)",5.0,0,0,0,5,1,1,81,-21.021800888469443,0.25999161856030517,0.037520214915275574,0.0013297908008098602,1.0,1.0
stochastic_sweep,unseen,Unseen delay,"(0,0-5)",5.0,0,0,0,5,1,2,83,-26.121489381417632,0.31495046431019186,0.006466385442763567,0.003207322908565402,1.0,1.0
stochastic_sweep,unseen,Unseen delay,"(0,0-5)",5.0,0,0,0,5,1,3,81,-23.065650209784508,0.2848990146461644,0.011169976554811,0.003892824985086918,1.0,1.0
stochastic_sweep,unseen,Unseen delay,"(0,0-5)",5.0,0,0,0,5,1,4,81,-19.93169586150907,0.24630100144084865,0.01868525519967079,0.0023148655891418457,1.0,1.0
stochastic_sweep,unseen,Unseen delay,"(0,0-5)",5.0,0,0,0,5,1,5,85,-21.042836745502427,0.24862444925888935,0.01804828830063343,0.0033383911941200495,1.0,1.0
stochastic_sweep,unseen,Unseen delay,"(0,0-5)",5.0,0,0,0,5,1,6,81,-20.580921595799737,0.2542663968073342,0.014656545594334602,0.0015118663432076573,1.0,1.0
stochastic_sweep,unseen,Unseen delay,"(0,0-5)",5.0,0,0,0,5,1,7,84,-19.782469627913088,0.23713859504953558,0.03429308906197548,0.004447488114237785,1.0,1.0
stochastic_sweep,unseen,Unseen delay,"(0,0-5)",5.0,0,0,0,5,1,8,82,-21.44729847437702,0.2617973030584569,0.01004018820822239,0.003084263065829873,1.0,1.0
stochastic_sweep,unseen,Unseen delay,"(0,0-5)",5.0,0,0,0,5,1,9,81,-24.09965715999715,0.2977851303495513,0.02093839831650257,0.0025989108253270388,1.0,1.0
stochastic_sweep,unseen,Unseen delay,"(0,0-5)",5.0,0,0,0,5,2,0,84,-21.709659475600347,0.2593586662579106,0.019117122516036034,0.0029479442164301872,1.0,1.0
stochastic_sweep,unseen,Unseen delay,"(0,0-5)",5.0,0,0,0,5,2,1,83,-25.532943212077953,0.30778789485058555,0.004484020173549652,0.0012585710501298308,1.0,1.0
stochastic_sweep,unseen,Unseen delay,"(0,0-5)",5.0,0,0,0,5,2,2,82,-23.55530498479493,0.28751686675667126,0.010539044626057148,0.0037532777059823275,1.0,1.0
stochastic_sweep,unseen,Unseen delay,"(0,0-5)",5.0,0,0,0,5,2,3,81,-20.410718644969165,0.25242990212813937,0.03610342741012573,0.0022261629346758127,1.0,1.0
stochastic_sweep,unseen,Unseen delay,"(0,0-5)",5.0,0,0,0,5,2,4,81,-19.896599660394713,0.2458393529695631,0.016387930139899254,0.0021270429715514183,1.0,1.0
stochastic_sweep,unseen,Unseen delay,"(0,0-5)",5.0,0,0,0,5,2,5,82,-20.05599559203256,0.24483989350775984,0.010437837801873684,0.0010058883344754577,1.0,1.0
stochastic_sweep,unseen,Unseen delay,"(0,0-5)",5.0,0,0,0,5,2,6,81,-19.964601256069727,0.24679880253654432,0.026101749390363693,0.001274876412935555,1.0,1.0
stochastic_sweep,unseen,Unseen delay,"(0,0-5)",5.0,0,0,0,5,2,7,82,-21.98540823115036,0.2684460677967475,0.013584664091467857,0.0013293956872075796,1.0,1.0
stochastic_sweep,unseen,Unseen delay,"(0,0-5)",5.0,0,0,0,5,2,8,82,-23.38312619761564,0.28568449282802916,0.02150110714137554,0.002630882663652301,1.0,1.0
stochastic_sweep,unseen,Unseen delay,"(0,0-5)",5.0,0,0,0,5,2,9,81,-25.714216235326603,0.3177442309808814,0.023066474124789238,0.0033879298716783524,1.0,1.0
stochastic_sweep,unseen,Unseen delay,"(0,0-5)",5.0,0,0,0,5,3,0,84,-26.121225986629725,0.3111815633961842,0.004506334662437439,0.003979191649705172,1.0,1.0
stochastic_sweep,unseen,Unseen delay,"(0,0-5)",5.0,0,0,0,5,3,1,83,-25.278366894926876,0.3048445693531399,0.007910787127912045,0.0039672767743468285,1.0,1.0
stochastic_sweep,unseen,Unseen delay,"(0,0-5)",5.0,0,0,0,5,3,2,82,-20.11541859328281,0.2455553799603566,0.010061281733214855,0.0009195493767037988,1.0,1.0
stochastic_sweep,unseen,Unseen delay,"(0,0-5)",5.0,0,0,0,5,3,3,80,-20.424596798839048,0.2553074599854881,0.01931348256766796,0.0022842620965093374,1.0,1.0
stochastic_sweep,unseen,Unseen delay,"(0,0-5)",5.0,0,0,0,5,3,4,80,-19.413676165044308,0.24267095206305384,0.00939349178224802,0.0021846024319529533,1.0,1.0
stochastic_sweep,unseen,Unseen delay,"(0,0-5)",5.0,0,0,0,5,3,5,82,-19.796935891732574,0.24197623885531977,0.022557847201824188,0.005060452036559582,1.0,1.0
stochastic_sweep,unseen,Unseen delay,"(0,0-5)",5.0,0,0,0,5,3,6,80,-21.423652741592377,0.26779565926990473,0.016177283599972725,0.00202874094247818,1.0,1.0
stochastic_sweep,unseen,Unseen delay,"(0,0-5)",5.0,0,0,0,5,3,7,80,-23.824615238700062,0.2978076904837508,0.028715752065181732,0.0043125273659825325,1.0,1.0
stochastic_sweep,unseen,Unseen delay,"(0,0-5)",5.0,0,0,0,5,3,8,82,-26.310694854473695,0.32136299465385426,0.02053535357117653,0.003041820367798209,1.0,1.0
stochastic_sweep,unseen,Unseen delay,"(0,0-5)",5.0,0,0,0,5,3,9,80,-24.369522324297577,0.30461902905371974,0.009753973223268986,0.004603314679116011,1.0,1.0
stochastic_sweep,unseen,Unseen delay,"(0,0-5)",5.0,0,0,0,5,4,0,83,-26.20625827042386,0.316104984309255,0.010151809081435204,0.003513492178171873,1.0,1.0
stochastic_sweep,unseen,Unseen delay,"(0,0-5)",5.0,0,0,0,5,4,1,81,-22.74827028089203,0.2810127397705973,0.013761640526354313,0.002353732706978917,1.0,1.0
stochastic_sweep,unseen,Unseen delay,"(0,0-5)",5.0,0,0,0,5,4,2,84,-21.536943710409105,0.2572270769160241,0.01753268763422966,0.0024250445421785116,1.0,1.0
stochastic_sweep,unseen,Unseen delay,"(0,0-5)",5.0,0,0,0,5,4,3,84,-20.23953597713262,0.2415444319291661,0.012549076229333878,0.002414937363937497,1.0,1.0
stochastic_sweep,unseen,Unseen delay,"(0,0-5)",5.0,0,0,0,5,4,4,82,-19.68181433225982,0.24048934514327655,0.01915598474442959,0.00195863819681108,1.0,1.0
stochastic_sweep,unseen,Unseen delay,"(0,0-5)",5.0,0,0,0,5,4,5,83,-21.956279370293487,0.2646756201557512,0.003932367544621229,0.0007915788446553051,1.0,1.0
stochastic_sweep,unseen,Unseen delay,"(0,0-5)",5.0,0,0,0,5,4,6,82,-22.879472748958506,0.2796199139301302,0.02468009665608406,0.0016443791100755334,1.0,1.0
stochastic_sweep,unseen,Unseen delay,"(0,0-5)",5.0,0,0,0,5,4,7,81,-27.234285740181804,0.33656222253669926,0.027254285290837288,0.003316634800285101,1.0,1.0
stochastic_sweep,unseen,Unseen delay,"(0,0-5)",5.0,0,0,0,5,4,8,82,-25.360284654656425,0.3094302321153852,0.006497189402580261,0.0037134962622076273,1.0,1.0
stochastic_sweep,unseen,Unseen delay,"(0,0-5)",5.0,0,0,0,5,4,9,81,-25.094357698690146,0.3099334812953056,0.010254286229610443,0.002272715326398611,1.0,1.0
stochastic_sweep,augmented_action,Augmented (+action buffer),"(0,0-5)",5.0,0,0,0,5,0,0,82,-24.390255965059623,0.29805955776615384,0.025313885882496834,0.0033552704844623804,1.0,1.0
stochastic_sweep,augmented_action,Augmented (+action buffer),"(0,0-5)",5.0,0,0,0,5,0,1,80,-19.96735057112528,0.249591882139066,0.014650609344244003,0.0003781176055781543,1.0,1.0
stochastic_sweep,augmented_action,Augmented (+action buffer),"(0,0-5)",5.0,0,0,0,5,0,2,81,-21.94994298904203,0.2712242609941987,0.01922215148806572,0.002109007677063346,1.0,1.0
stochastic_sweep,augmented_action,Augmented (+action buffer),"(0,0-5)",5.0,0,0,0,5,0,3,83,-25.52885747520486,0.3077982509381093,0.006132450886070728,0.0007911963039077818,1.0,1.0
stochastic_sweep,augmented_action,Augmented (+action buffer),"(0,0-5)",5.0,0,0,0,5,0,4,80,-23.44621728383936,0.293077716047992,0.005476681981235743,0.0008946445304900408,1.0,1.0
stochastic_sweep,augmented_action,Augmented (+action buffer),"(0,0-5)",5.0,0,0,0,5,0,5,81,-19.828762584133074,0.2449669972792222,0.013564195483922958,0.001712665194645524,1.0,1.0
stochastic_sweep,augmented_action,Augmented (+action buffer),"(0,0-5)",5.0,0,0,0,5,0,6,81,-20.56725334445946,0.2541523423867967,0.019086388871073723,0.001334858825430274,1.0,1.0
stochastic_sweep,augmented_action,Augmented (+action buffer),"(0,0-5)",5.0,0,0,0,5,0,7,81,-20.026715376297943,0.24742371723326037,0.014605719596147537,0.0006875033723190427,1.0,1.0
stochastic_sweep,augmented_action,Augmented (+action buffer),"(0,0-5)",5.0,0,0,0,5,0,8,84,-19.72299598250538,0.23591141368351168,0.023390691727399826,0.003624438773840666,1.0,1.0
stochastic_sweep,augmented_action,Augmented (+action buffer),"(0,0-5)",5.0,0,0,0,5,0,9,82,-21.082332460209727,0.25733842369078136,0.009709141217172146,0.002015546662732959,1.0,1.0
stochastic_sweep,augmented_action,Augmented (+action buffer),"(0,0-5)",5.0,0,0,0,5,1,0,83,-19.531419271952473,0.23575428129785347,0.012062025256454945,0.0012760484823957086,1.0,1.0
stochastic_sweep,augmented_action,Augmented (+action buffer),"(0,0-5)",5.0,0,0,0,5,1,1,81,-20.750557094579563,0.25654789588966026,0.029822472482919693,0.0024931381922215223,1.0,1.0
stochastic_sweep,augmented_action,Augmented (+action buffer),"(0,0-5)",5.0,0,0,0,5,1,2,83,-25.156103777932003,0.3033489640325263,0.007286745589226484,0.0013552021700888872,1.0,1.0
stochastic_sweep,augmented_action,Augmented (+action buffer),"(0,0-5)",5.0,0,0,0,5,1,3,81,-22.81793769239448,0.28179886156152706,0.007770094089210033,0.0021113394759595394,1.0,1.0
stochastic_sweep,augmented_action,Augmented (+action buffer),"(0,0-5)",5.0,0,0,0,5,1,4,81,-19.887952459044755,0.24570112622538468,0.01383876521140337,0.001320761744864285,1.0,1.0
stochastic_sweep,augmented_action,Augmented (+action buffer),"(0,0-5)",5.0,0,0,0,5,1,5,85,-20.35395807493478,0.24058216107899652,0.019105123355984688,0.003913600463420153,1.0,1.0
stochastic_sweep,augmented_action,Augmented (+action buffer),"(0,0-5)",5.0,0,0,0,5,1,6,81,-19.95663863932714,0.24656299560871206,0.01496400497853756,0.0027377582155168056,1.0,1.0
stochastic_sweep,augmented_action,Augmented (+action buffer),"(0,0-5)",5.0,0,0,0,5,1,7,84,-19.29659449850442,0.23118052983980825,0.030642502009868622,0.0005237265140749514,1.0,1.0
stochastic_sweep,augmented_action,Augmented (+action buffer),"(0,0-5)",5.0,0,0,0,5,1,8,82,-21.107871559564956,0.257668838485587,0.010486598126590252,0.0019446570659056306,1.0,1.0
stochastic_sweep,augmented_action,Augmented (+action buffer),"(0,0-5)",5.0,0,0,0,5,1,9,81,-22.840859744581394,0.2821884265638037,0.01640280708670616,0.00092591333668679,1.0,1.0
stochastic_sweep,augmented_action,Augmented (+action buffer),"(0,0-5)",5.0,0,0,0,5,2,0,84,-21.080282928887755,0.25173370613871765,0.016337096691131592,0.002106098923832178,1.0,1.0
stochastic_sweep,augmented_action,Augmented (+action buffer),"(0,0-5)",5.0,0,0,0,5,2,1,83,-24.914155335049145,0.3003672957462427,0.005443403962999582,0.0018335006898269057,1.0,1.0
stochastic_sweep,augmented_action,Augmented (+action buffer),"(0,0-5)",5.0,0,0,0,5,2,2,82,-22.96215533616487,0.2802384731703347,0.008699731901288033,0.001036013476550579,1.0,1.0
stochastic_sweep,augmented_action,Augmented (+action buffer),"(0,0-5)",5.0,0,0,0,5,2,3,81,-20.072940609883517,0.24815426414464542,0.027554785832762718,0.0019142518285661936,1.0,1.0
stochastic_sweep,augmented_action,Augmented (+action buffer),"(0,0-5)",5.0,0,0,0,5,2,4,81,-19.7702191749122,0.24430826080698567,0.01874995045363903,0.0022154157049953938,1.0,1.0
stochastic_sweep,augmented_action,Augmented (+action buffer),"(0,0-5)",5.0,0,0,0,5,2,5,82,-19.507670257007703,0.23821866632405123,0.013130190782248974,0.002133365720510483,1.0,1.0
stochastic_sweep,augmented_action,Augmented (+action buffer),"(0,0-5)",5.0,0,0,0,5,2,6,81,-19.261984889861196,0.23810693161148164,0.024676570668816566,0.002304571680724621,1.0,1.0
stochastic_sweep,augmented_action,Augmented (+action buffer),"(0,0-5)",5.0,0,0,0,5,2,7,82,-21.09827588009648,0.257605440173548,0.012685107067227364,0.002863922156393528,1.0,1.0
stochastic_sweep,augmented_action,Augmented (+action buffer),"(0,0-5)",5.0,0,0,0,5,2,8,82,-22.622349430341274,0.2762730332920555,0.016019649803638458,0.003859001211822033,1.0,1.0
stochastic_sweep,augmented_action,Augmented (+action buffer),"(0,0-5)",5.0,0,0,0,5,2,9,81,-24.865939571143826,0.30723732876135784,0.020284058526158333,0.0003471401578281075,1.0,1.0
stochastic_sweep,augmented_action,Augmented (+action buffer),"(0,0-5)",5.0,0,0,0,5,3,0,84,-25.12852594233118,0.2994176296356489,0.005638736765831709,0.0021579121239483356,1.0,1.0
stochastic_sweep,augmented_action,Augmented (+action buffer),"(0,0-5)",5.0,0,0,0,5,3,1,83,-23.886787453782745,0.2880471068594313,0.00704080518335104,0.0015826331218704581,1.0,1.0
stochastic_sweep,augmented_action,Augmented (+action buffer),"(0,0-5)",5.0,0,0,0,5,3,2,82,-19.820452928892337,0.24195791997168803,0.010048254393041134,0.0016521088546141982,1.0,1.0
stochastic_sweep,augmented_action,Augmented (+action buffer),"(0,0-5)",5.0,0,0,0,5,3,3,80,-19.825595069676638,0.24781993837095798,0.018785296007990837,0.002061709761619568,1.0,1.0
stochastic_sweep,augmented_action,Augmented (+action buffer),"(0,0-5)",5.0,0,0,0,5,3,4,80,-19.386450234858785,0.24233062793573482,0.013840525411069393,0.0009242788073606789,1.0,1.0
stochastic_sweep,augmented_action,Augmented (+action buffer),"(0,0-5)",5.0,0,0,0,5,3,5,82,-19.062598240096122,0.23304125294657196,0.023392250761389732,0.003812049049884081,1.0,1.0
stochastic_sweep,augmented_action,Augmented (+action buffer),"(0,0-5)",5.0,0,0,0,5,3,6,80,-21.095073630218394,0.26368842037772994,0.01586657017469406,0.000983941718004644,1.0,1.0
stochastic_sweep,augmented_action,Augmented (+action buffer),"(0,0-5)",5.0,0,0,0,5,3,7,80,-22.82769569917582,0.28534619623969776,0.017040060833096504,0.0018960104789584875,1.0,1.0
stochastic_sweep,augmented_action,Augmented (+action buffer),"(0,0-5)",5.0,0,0,0,5,3,8,82,-25.055332965916023,0.30602711220782974,0.019445117563009262,0.0015367477899417281,1.0,1.0
stochastic_sweep,augmented_action,Augmented (+action buffer),"(0,0-5)",5.0,0,0,0,5,3,9,80,-23.614575998486544,0.2951821999810818,0.013600328005850315,3.4452568797860295e-05,1.0,1.0
stochastic_sweep,augmented_action,Augmented (+action buffer),"(0,0-5)",5.0,0,0,0,5,4,0,83,-24.518006491707638,0.2956943886876331,0.008209256455302238,0.0032409357372671366,1.0,1.0
stochastic_sweep,augmented_action,Augmented (+action buffer),"(0,0-5)",5.0,0,0,0,5,4,1,81,-21.387163328938186,0.2641964261937473,0.01274719275534153,0.0021463779266923666,1.0,1.0
stochastic_sweep,augmented_action,Augmented (+action buffer),"(0,0-5)",5.0,0,0,0,5,4,2,84,-20.721151654492132,0.24744395500220845,0.016035141423344612,0.001020869123749435,1.0,1.0
stochastic_sweep,augmented_action,Augmented (+action buffer),"(0,0-5)",5.0,0,0,0,5,4,3,84,-19.536111090448685,0.23293585223949603,0.007625124417245388,0.00021015864331275225,1.0,1.0
stochastic_sweep,augmented_action,Augmented (+action buffer),"(0,0-5)",5.0,0,0,0,5,4,4,82,-19.50400155899115,0.2383313953745883,0.019586430862545967,0.001803017221391201,1.0,1.0
stochastic_sweep,augmented_action,Augmented (+action buffer),"(0,0-5)",5.0,0,0,0,5,4,5,83,-21.385165322804824,0.25791074646670503,0.007142211310565472,0.0022365248296409845,1.0,1.0
stochastic_sweep,augmented_action,Augmented (+action buffer),"(0,0-5)",5.0,0,0,0,5,4,6,82,-22.086907915538177,0.2698038374840441,0.018503379076719284,0.0024867381434887648,1.0,1.0
stochastic_sweep,augmented_action,Augmented (+action buffer),"(0,0-5)",5.0,0,0,0,5,4,7,81,-25.505945621291175,0.3151922894463541,0.024629823863506317,0.0026997006498277187,1.0,1.0
stochastic_sweep,augmented_action,Augmented (+action buffer),"(0,0-5)",5.0,0,0,0,5,4,8,82,-23.866334019927308,0.29113960687196017,0.0035568717867136,0.001974912825971842,1.0,1.0
stochastic_sweep,augmented_action,Augmented (+action buffer),"(0,0-5)",5.0,0,0,0,5,4,9,81,-22.214654410257936,0.27435846661252006,0.00838138535618782,0.0016227159649133682,1.0,1.0
stochastic_sweep,augmented_action_delay,Augmented (+action buffer + delay values),"(0,0-5)",5.0,0,0,0,5,0,0,82,-23.812985070282593,0.29093065058596707,0.02166413888335228,0.0034911150578409433,1.0,1.0
stochastic_sweep,augmented_action_delay,Augmented (+action buffer + delay values),"(0,0-5)",5.0,0,0,0,5,0,1,80,-19.931163489003666,0.2491395436125458,0.01626945100724697,0.00038699567085132003,1.0,1.0
stochastic_sweep,augmented_action_delay,Augmented (+action buffer + delay values),"(0,0-5)",5.0,0,0,0,5,0,2,81,-21.143475016462617,0.26124054510692524,0.017009137198328972,0.0009017804404720664,1.0,1.0
stochastic_sweep,augmented_action_delay,Augmented (+action buffer + delay values),"(0,0-5)",5.0,0,0,0,5,0,3,83,-25.4059354190249,0.30632645392465035,0.006386752240359783,0.0008647700306028128,1.0,1.0
stochastic_sweep,augmented_action_delay,Augmented (+action buffer + delay values),"(0,0-5)",5.0,0,0,0,5,0,4,80,-23.447744062752463,0.2930968007844058,0.005733806639909744,0.0018980418099090457,1.0,1.0
stochastic_sweep,augmented_action_delay,Augmented (+action buffer + delay values),"(0,0-5)",5.0,0,0,0,5,0,5,81,-20.445885092951357,0.2525763316424908,0.012797770090401173,0.0006774354260414839,1.0,1.0
stochastic_sweep,augmented_action_delay,Augmented (+action buffer + delay values),"(0,0-5)",5.0,0,0,0,5,0,6,81,-20.295765926362947,0.25079976205346116,0.01901479996740818,0.0030484276358038187,1.0,1.0
stochastic_sweep,augmented_action_delay,Augmented (+action buffer + delay values),"(0,0-5)",5.0,0,0,0,5,0,7,81,-19.80622907821089,0.2447118324768028,0.015429352410137653,0.0015979243908077478,1.0,1.0
stochastic_sweep,augmented_action_delay,Augmented (+action buffer + delay values),"(0,0-5)",5.0,0,0,0,5,0,8,84,-19.78779212711379,0.2367043069818811,0.02384241484105587,0.0017614823300391436,1.0,1.0
stochastic_sweep,augmented_action_delay,Augmented (+action buffer + delay values),"(0,0-5)",5.0,0,0,0,5,0,9,82,-21.47542896680534,0.262145702727139,0.010259328410029411,0.002240799367427826,1.0,1.0
stochastic_sweep,augmented_action_delay,Augmented (+action buffer + delay values),"(0,0-5)",5.0,0,0,0,5,1,0,83,-19.914673633291386,0.24056156472645207,0.017312079668045044,0.0012897877022624016,1.0,1.0
stochastic_sweep,augmented_action_delay,Augmented (+action buffer + delay values),"(0,0-5)",5.0,0,0,0,5,1,1,81,-20.98930349899456,0.25934678106281306,0.01778576709330082,0.001994991209357977,1.0,1.0
stochastic_sweep,augmented_action_delay,Augmented (+action buffer + delay values),"(0,0-5)",5.0,0,0,0,5,1,2,83,-25.418137636908796,0.3065260260931149,0.007840842939913273,0.0007037594332359731,1.0,1.0
stochastic_sweep,augmented_action_delay,Augmented (+action buffer + delay values),"(0,0-5)",5.0,0,0,0,5,1,3,81,-23.252179862814955,0.2871408225482698,0.006226763594895601,0.0013842196203768253,1.0,1.0
stochastic_sweep,augmented_action_delay,Augmented (+action buffer + delay values),"(0,0-5)",5.0,0,0,0,5,1,4,81,-20.418516646139324,0.25221740473981624,0.01109313778579235,0.002117627300322056,1.0,1.0
stochastic_sweep,augmented_action_delay,Augmented (+action buffer + delay values),"(0,0-5)",5.0,0,0,0,5,1,5,85,-20.324435717309825,0.24005038739209447,0.015969442203640938,0.0015631226124241948,1.0,1.0
stochastic_sweep,augmented_action_delay,Augmented (+action buffer + delay values),"(0,0-5)",5.0,0,0,0,5,1,6,81,-19.82544720126316,0.24496663147353648,0.016849948093295097,0.0014702915214002132,1.0,1.0
stochastic_sweep,augmented_action_delay,Augmented (+action buffer + delay values),"(0,0-5)",5.0,0,0,0,5,1,7,84,-19.62810782447923,0.23501264961530632,0.028238685801625252,0.001020043739117682,1.0,1.0
stochastic_sweep,augmented_action_delay,Augmented (+action buffer + delay values),"(0,0-5)",5.0,0,0,0,5,1,8,82,-21.476034227758646,0.26216265173038333,0.010651607066392899,0.001521747326478362,1.0,1.0
stochastic_sweep,augmented_action_delay,Augmented (+action buffer + delay values),"(0,0-5)",5.0,0,0,0,5,1,9,81,-22.568938890006393,0.2787941633953632,0.013388345018029213,0.004207562189549208,1.0,1.0
stochastic_sweep,augmented_action_delay,Augmented (+action buffer + delay values),"(0,0-5)",5.0,0,0,0,5,2,0,84,-21.018059152760543,0.2509517217722965,0.01547136902809143,0.0010423408821225166,1.0,1.0
stochastic_sweep,augmented_action_delay,Augmented (+action buffer + delay values),"(0,0-5)",5.0,0,0,0,5,2,1,83,-25.36652408860391,0.30577674671286625,0.004315296187996864,0.0009278521756641567,1.0,1.0
stochastic_sweep,augmented_action_delay,Augmented (+action buffer + delay values),"(0,0-5)",5.0,0,0,0,5,2,2,82,-23.35484814841766,0.28500685055041686,0.007856798358261585,0.0011448693694546819,1.0,1.0
stochastic_sweep,augmented_action_delay,Augmented (+action buffer + delay values),"(0,0-5)",5.0,0,0,0,5,2,3,81,-20.500067539629526,0.25331493865060445,0.018442491069436073,0.0008660923922434449,1.0,1.0
stochastic_sweep,augmented_action_delay,Augmented (+action buffer + delay values),"(0,0-5)",5.0,0,0,0,5,2,4,81,-20.157103222911246,0.24912006570238987,0.021622098982334137,0.0010741284349933267,1.0,1.0
stochastic_sweep,augmented_action_delay,Augmented (+action buffer + delay values),"(0,0-5)",5.0,0,0,0,5,2,5,82,-19.554620501032332,0.23889257891065294,0.017285484820604324,0.00040348447510041296,1.0,1.0
stochastic_sweep,augmented_action_delay,Augmented (+action buffer + delay values),"(0,0-5)",5.0,0,0,0,5,2,6,81,-19.60696366522461,0.24236087049185126,0.024266844615340233,0.0011013827752321959,1.0,1.0
stochastic_sweep,augmented_action_delay,Augmented (+action buffer + delay values),"(0,0-5)",5.0,0,0,0,5,2,7,82,-21.478276428184472,0.2622307957669652,0.012324412353336811,0.0012780441902577877,1.0,1.0
stochastic_sweep,augmented_action_delay,Augmented (+action buffer + delay values),"(0,0-5)",5.0,0,0,0,5,2,8,82,-22.535317269619554,0.27514965118408746,0.013477063737809658,0.004639813210815191,1.0,1.0
stochastic_sweep,augmented_action_delay,Augmented (+action buffer + delay values),"(0,0-5)",5.0,0,0,0,5,2,9,81,-25.252629282302223,0.31198756845616216,0.01836376264691353,0.0011547247413545847,1.0,1.0
stochastic_sweep,augmented_action_delay,Augmented (+action buffer + delay values),"(0,0-5)",5.0,0,0,0,5,3,0,84,-25.41135678975843,0.30272724736382123,0.004432997200638056,0.0013877088204026222,1.0,1.0
stochastic_sweep,augmented_action_delay,Augmented (+action buffer + delay values),"(0,0-5)",5.0,0,0,0,5,3,1,83,-23.440416151308455,0.28265043016079905,0.006523184012621641,0.000951622030697763,1.0,1.0
stochastic_sweep,augmented_action_delay,Augmented (+action buffer + delay values),"(0,0-5)",5.0,0,0,0,5,3,2,82,-20.47770371986553,0.24999118538959542,0.01078674104064703,0.002279226668179035,1.0,1.0
stochastic_sweep,augmented_action_delay,Augmented (+action buffer + delay values),"(0,0-5)",5.0,0,0,0,5,3,3,80,-20.18498256872408,0.252312282109051,0.01850917562842369,0.002179910661652684,1.0,1.0
stochastic_sweep,augmented_action_delay,Augmented (+action buffer + delay values),"(0,0-5)",5.0,0,0,0,5,3,4,80,-19.616743952734396,0.24520929940917996,0.017297282814979553,0.0016604787670075893,1.0,1.0
stochastic_sweep,augmented_action_delay,Augmented (+action buffer + delay values),"(0,0-5)",5.0,0,0,0,5,3,5,82,-19.585760704008862,0.23943359625991434,0.023897094652056694,0.0025017359293997288,1.0,1.0
stochastic_sweep,augmented_action_delay,Augmented (+action buffer + delay values),"(0,0-5)",5.0,0,0,0,5,3,6,80,-21.46948193665594,0.26836852420819923,0.0134110813960433,0.005703233182430267,1.0,1.0
stochastic_sweep,augmented_action_delay,Augmented (+action buffer + delay values),"(0,0-5)",5.0,0,0,0,5,3,7,80,-22.524771529482678,0.28155964411853346,0.015745708718895912,0.003226857865229249,1.0,1.0
stochastic_sweep,augmented_action_delay,Augmented (+action buffer + delay values),"(0,0-5)",5.0,0,0,0,5,3,8,82,-25.172848079935648,0.3074356080444598,0.0184358898550272,0.0017396787879988551,1.0,1.0
stochastic_sweep,augmented_action_delay,Augmented (+action buffer + delay values),"(0,0-5)",5.0,0,0,0,5,3,9,80,-23.46338136238046,0.29329226702975575,0.01500228513032198,0.0012473318492993712,1.0,1.0
stochastic_sweep,augmented_action_delay,Augmented (+action buffer + delay values),"(0,0-5)",5.0,0,0,0,5,4,0,83,-23.555050584021956,0.28413714280531527,0.009444089606404305,0.002325291745364666,1.0,1.0
stochastic_sweep,augmented_action_delay,Augmented (+action buffer + delay values),"(0,0-5)",5.0,0,0,0,5,4,1,81,-20.53644742583856,0.2536804383379166,0.011668079532682896,0.0021270764991641045,1.0,1.0
stochastic_sweep,augmented_action_delay,Augmented (+action buffer + delay values),"(0,0-5)",5.0,0,0,0,5,4,2,84,-20.203477178001776,0.24124128456016825,0.01519768126308918,0.0020717945881187916,1.0,1.0
stochastic_sweep,augmented_action_delay,Augmented (+action buffer + delay values),"(0,0-5)",5.0,0,0,0,5,4,3,84,-19.760691893985495,0.23606726036883802,0.017239494249224663,0.002011635107919574,1.0,1.0
stochastic_sweep,augmented_action_delay,Augmented (+action buffer + delay values),"(0,0-5)",5.0,0,0,0,5,4,4,82,-19.721454191603698,0.24107207948052348,0.02322816289961338,0.0019027156522497535,1.0,1.0
stochastic_sweep,augmented_action_delay,Augmented (+action buffer + delay values),"(0,0-5)",5.0,0,0,0,5,4,5,83,-21.602115740068257,0.2605481027030801,0.007792261429131031,0.003833848051726818,1.0,1.0
stochastic_sweep,augmented_action_delay,Augmented (+action buffer + delay values),"(0,0-5)",5.0,0,0,0,5,4,6,82,-22.446448929607868,0.27410850230967854,0.015224129892885685,0.003982154652476311,1.0,1.0
stochastic_sweep,augmented_action_delay,Augmented (+action buffer + delay values),"(0,0-5)",5.0,0,0,0,5,4,7,81,-25.25130286673084,0.3120060898191123,0.021190408617258072,0.002682694233953953,1.0,1.0
stochastic_sweep,augmented_action_delay,Augmented (+action buffer + delay values),"(0,0-5)",5.0,0,0,0,5,4,8,82,-23.42377003247384,0.28592692099358297,0.011118744499981403,0.0014927132287994027,1.0,1.0
stochastic_sweep,augmented_action_delay,Augmented (+action buffer + delay values),"(0,0-5)",5.0,0,0,0,5,4,9,81,-20.123192153056152,0.24847282868677772,0.0031069705728441477,0.0017277022125199437,1.0,1.0
stochastic_sweep,unseen,Unseen delay,"(0,0-10)",10.0,0,0,0,10,0,0,81,-27.11612386070192,0.3350397067167509,0.022092383354902267,0.006515865214169025,1.0,1.0
stochastic_sweep,unseen,Unseen delay,"(0,0-10)",10.0,0,0,0,10,0,1,80,-21.610329440794885,0.27012911800993605,0.015167818404734135,0.0037379609420895576,1.0,1.0
stochastic_sweep,unseen,Unseen delay,"(0,0-10)",10.0,0,0,0,10,0,2,85,-27.6348292613402,0.32705551448332915,0.03297789394855499,0.004612096585333347,1.0,1.0
stochastic_sweep,unseen,Unseen delay,"(0,0-10)",10.0,0,0,0,10,0,3,82,-31.7973842297215,0.38821206220550597,0.018002435564994812,0.002795371925458312,1.0,1.0
stochastic_sweep,unseen,Unseen delay,"(0,0-10)",10.0,0,0,0,10,0,4,84,-26.226844243938103,0.31251479372925434,0.006099607329815626,0.0018970490200445056,1.0,1.0
stochastic_sweep,unseen,Unseen delay,"(0,0-10)",10.0,0,0,0,10,0,5,82,-20.40406693285331,0.24909466926985216,0.010847973637282848,0.0018115167040377855,1.0,1.0
stochastic_sweep,unseen,Unseen delay,"(0,0-10)",10.0,0,0,0,10,0,6,82,-23.047406861092895,0.2816917989573373,0.025660326704382896,0.0070112175308167934,1.0,1.0
stochastic_sweep,unseen,Unseen delay,"(0,0-10)",10.0,0,0,0,10,0,7,84,-28.854753004852682,0.34387917311618194,0.00777438422665,0.00777438422665,1.0,1.0
stochastic_sweep,unseen,Unseen delay,"(0,0-10)",10.0,0,0,0,10,0,8,82,-27.76384604535997,0.34132690043983666,0.11247989535331726,0.004656064324080944,0.0,1.0
stochastic_sweep,unseen,Unseen delay,"(0,0-10)",10.0,0,0,0,10,0,9,83,-25.524922458222136,0.30786594468819717,0.009316983632743359,0.0015531191602349281,1.0,1.0
stochastic_sweep,unseen,Unseen delay,"(0,0-10)",10.0,0,0,0,10,1,0,81,-23.446774161420763,0.2897346011121516,0.021728528663516045,0.004735108930617571,1.0,1.0
stochastic_sweep,unseen,Unseen delay,"(0,0-10)",10.0,0,0,0,10,1,1,87,-24.912906628102064,0.2871943129997315,0.010428371839225292,0.005884268321096897,1.0,1.0
stochastic_sweep,unseen,Unseen delay,"(0,0-10)",10.0,0,0,0,10,1,2,82,-29.41160833230242,0.35885690679069515,0.007329012267291546,0.005494381301105022,1.0,1.0
stochastic_sweep,unseen,Unseen delay,"(0,0-10)",10.0,0,0,0,10,1,3,84,-25.390685952734202,0.3027404293894679,0.009877528995275497,0.004346439614892006,1.0,1.0
stochastic_sweep,unseen,Unseen delay,"(0,0-10)",10.0,0,0,0,10,1,4,85,-21.441568190581165,0.2531537921263782,0.015300828032195568,0.0011631775414571166,1.0,1.0
stochastic_sweep,unseen,Unseen delay,"(0,0-10)",10.0,0,0,0,10,1,5,81,-22.49154575855937,0.2779996962801059,0.026429640129208565,0.0007802319014444947,1.0,1.0
stochastic_sweep,unseen,Unseen delay,"(0,0-10)",10.0,0,0,0,10,1,6,83,-26.393346821074374,0.31861886500061143,0.017339657992124557,0.0018982671899721026,1.0,1.0
stochastic_sweep,unseen,Unseen delay,"(0,0-10)",10.0,0,0,0,10,1,7,85,-21.15271949954331,0.2511701162904501,0.03934807702898979,0.0031879451125860214,1.0,1.0
stochastic_sweep,unseen,Unseen delay,"(0,0-10)",10.0,0,0,0,10,1,8,82,-26.51932665705681,0.3236406808264735,0.009604585357010365,0.0054929666221141815,1.0,1.0
stochastic_sweep,unseen,Unseen delay,"(0,0-10)",10.0,0,0,0,10,1,9,84,-35.762458972632885,0.42942204636832076,0.0772482305765152,0.0387461893260479,0.0,1.0
stochastic_sweep,unseen,Unseen delay,"(0,0-10)",10.0,0,0,0,10,2,0,83,-25.44309697812423,0.3070986729777272,0.01536429300904274,0.003646363038569689,1.0,1.0
stochastic_sweep,unseen,Unseen delay,"(0,0-10)",10.0,0,0,0,10,2,1,85,-26.4673086325638,0.3117318811333355,0.005980252753943205,0.004118690267205238,1.0,1.0
stochastic_sweep,unseen,Unseen delay,"(0,0-10)",10.0,0,0,0,10,2,2,83,-23.960543269990012,0.28930522102851375,0.01726335845887661,0.0012066077906638384,1.0,1.0
stochastic_sweep,unseen,Unseen delay,"(0,0-10)",10.0,0,0,0,10,2,3,82,-23.343230351340026,0.28495843685232103,0.011680735275149345,0.004855358973145485,1.0,1.0
stochastic_sweep,unseen,Unseen delay,"(0,0-10)",10.0,0,0,0,10,2,4,80,-20.712153386091813,0.25890191732614765,0.018236493691802025,0.003723234636709094,1.0,1.0
stochastic_sweep,unseen,Unseen delay,"(0,0-10)",10.0,0,0,0,10,2,5,85,-26.395881937351078,0.31149571342393756,0.016250740736722946,0.0029826173558831215,1.0,1.0
stochastic_sweep,unseen,Unseen delay,"(0,0-10)",10.0,0,0,0,10,2,6,82,-20.484219388570637,0.2507555458592478,0.038867685943841934,0.00573545228689909,1.0,1.0
stochastic_sweep,unseen,Unseen delay,"(0,0-10)",10.0,0,0,0,10,2,7,82,-22.936925501038786,0.28001053727206365,0.011969277635216713,0.0005554877570830286,1.0,1.0
stochastic_sweep,unseen,Unseen delay,"(0,0-10)",10.0,0,0,0,10,2,8,85,-23.608931919327006,0.2781663347117822,0.007041306234896183,0.0023745286744087934,1.0,1.0
stochastic_sweep,unseen,Unseen delay,"(0,0-10)",10.0,0,0,0,10,2,9,81,-26.763118323870003,0.3307372670919623,0.0266003105789423,0.005591152235865593,1.0,1.0
stochastic_sweep,unseen,Unseen delay,"(0,0-10)",10.0,0,0,0,10,3,0,82,-37.4360192604363,0.458024251706353,0.060984689742326736,0.003796190954744816,0.0,1.0
stochastic_sweep,unseen,Unseen delay,"(0,0-10)",10.0,0,0,0,10,3,1,84,-35.8099265974015,0.4283297425357714,0.04244294390082359,0.010563036426901817,1.0,1.0
stochastic_sweep,unseen,Unseen delay,"(0,0-10)",10.0,0,0,0,10,3,2,83,-21.044951331568882,0.25388158404223443,0.009073381312191486,0.0009846917819231749,1.0,1.0
stochastic_sweep,unseen,Unseen delay,"(0,0-10)",10.0,0,0,0,10,3,3,82,-22.713654818944633,0.27749996712976477,0.020671242848038673,0.008245004341006279,1.0,1.0
stochastic_sweep,unseen,Unseen delay,"(0,0-10)",10.0,0,0,0,10,3,4,83,-20.145083396462724,0.24312936337047583,0.01155125442892313,0.0036731273867189884,1.0,1.0
stochastic_sweep,unseen,Unseen delay,"(0,0-10)",10.0,0,0,0,10,3,5,81,-21.404055390506983,0.2648632238032641,0.049865737557411194,0.011201208457350731,1.0,1.0
stochastic_sweep,unseen,Unseen delay,"(0,0-10)",10.0,0,0,0,10,3,6,83,-23.439444759394974,0.2826099437100431,0.005726856179535389,0.0014172252267599106,1.0,1.0
stochastic_sweep,unseen,Unseen delay,"(0,0-10)",10.0,0,0,0,10,3,7,84,-25.99531664000824,0.310820013112832,0.028391115367412567,0.007511651609092951,1.0,1.0
stochastic_sweep,unseen,Unseen delay,"(0,0-10)",10.0,0,0,0,10,3,8,81,-32.75566034577787,0.4049060278698618,0.04172791168093681,0.021846327930688858,1.0,1.0
stochastic_sweep,unseen,Unseen delay,"(0,0-10)",10.0,0,0,0,10,3,9,84,-27.405804174486548,0.32716320874723825,0.01897634007036686,0.005561740603297949,1.0,1.0
stochastic_sweep,unseen,Unseen delay,"(0,0-10)",10.0,0,0,0,10,4,0,83,-25.281469947076403,0.3054890619206568,0.02470739744603634,0.0012329736491665244,1.0,1.0
stochastic_sweep,unseen,Unseen delay,"(0,0-10)",10.0,0,0,0,10,4,1,82,-24.64360914938152,0.30111761493381206,0.024017637595534325,0.004606650676578283,1.0,1.0
stochastic_sweep,unseen,Unseen delay,"(0,0-10)",10.0,0,0,0,10,4,2,84,-29.15159336756915,0.34861480155294494,0.03301249071955681,0.003406521398574114,1.0,1.0
stochastic_sweep,unseen,Unseen delay,"(0,0-10)",10.0,0,0,0,10,4,3,82,-21.237806719262153,0.25931888860196056,0.01317107304930687,0.003603042336180806,1.0,1.0
stochastic_sweep,unseen,Unseen delay,"(0,0-10)",10.0,0,0,0,10,4,4,82,-28.265382532030344,0.3466031455503004,0.07803770154714584,0.010369381867349148,0.0,1.0
stochastic_sweep,unseen,Unseen delay,"(0,0-10)",10.0,0,0,0,10,4,5,84,-24.798599645029753,0.29641323766693295,0.025028079748153687,0.006807280704379082,1.0,1.0
stochastic_sweep,unseen,Unseen delay,"(0,0-10)",10.0,0,0,0,10,4,6,81,-34.07094471901655,0.42171675159975336,0.08811216056346893,0.03068946674466133,0.0,1.0
stochastic_sweep,unseen,Unseen delay,"(0,0-10)",10.0,0,0,0,10,4,7,86,-30.64399096556008,0.35807773451385805,0.02511570043861866,0.010399757884442806,1.0,1.0
stochastic_sweep,unseen,Unseen delay,"(0,0-10)",10.0,0,0,0,10,4,8,83,-30.345659658312798,0.37238567277609586,0.18745039403438568,0.008344930596649647,0.0,1.0
stochastic_sweep,unseen,Unseen delay,"(0,0-10)",10.0,0,0,0,10,4,9,81,-28.626461694657337,0.35342363514908715,0.0008527524187229574,0.0008527524187229574,1.0,1.0
stochastic_sweep,augmented_action,Augmented (+action buffer),"(0,0-10)",10.0,0,0,0,10,0,0,81,-23.806651253835298,0.2941472169175675,0.019273316487669945,0.0016820222372189164,1.0,1.0
stochastic_sweep,augmented_action,Augmented (+action buffer),"(0,0-10)",10.0,0,0,0,10,0,1,80,-20.68947836314328,0.258618479539291,0.015070021152496338,0.0022305757738649845,1.0,1.0
stochastic_sweep,augmented_action,Augmented (+action buffer),"(0,0-10)",10.0,0,0,0,10,0,2,85,-23.917467771912925,0.28246432927245385,0.01840004324913025,0.001545775798149407,1.0,1.0
stochastic_sweep,augmented_action,Augmented (+action buffer),"(0,0-10)",10.0,0,0,0,10,0,3,82,-28.521601942251436,0.34797597469665426,0.006213991437107325,0.0014705756912007928,1.0,1.0
stochastic_sweep,augmented_action,Augmented (+action buffer),"(0,0-10)",10.0,0,0,0,10,0,4,84,-24.601080377411563,0.29318563638801043,0.006628269795328379,0.0005056830705143511,1.0,1.0
stochastic_sweep,augmented_action,Augmented (+action buffer),"(0,0-10)",10.0,0,0,0,10,0,5,82,-20.16581871366361,0.24621275196876946,0.011813473887741566,0.0007112944149412215,1.0,1.0
stochastic_sweep,augmented_action,Augmented (+action buffer),"(0,0-10)",10.0,0,0,0,10,0,6,82,-21.60730981803499,0.2639785935028979,0.019467424601316452,0.003614578163251281,1.0,1.0
stochastic_sweep,augmented_action,Augmented (+action buffer),"(0,0-10)",10.0,0,0,0,10,0,7,84,-22.942941348534077,0.27389213854690925,0.015999572351574898,0.002143074292689562,1.0,1.0
stochastic_sweep,augmented_action,Augmented (+action buffer),"(0,0-10)",10.0,0,0,0,10,0,8,82,-20.99559581518406,0.25680593976526656,0.031245622783899307,0.0005211881943978369,1.0,1.0
stochastic_sweep,augmented_action,Augmented (+action buffer),"(0,0-10)",10.0,0,0,0,10,0,9,83,-21.40372820221819,0.25824154979908415,0.010106810368597507,0.002758642891421914,1.0,1.0
stochastic_sweep,augmented_action,Augmented (+action buffer),"(0,0-10)",10.0,0,0,0,10,1,0,81,-20.212731552193873,0.2497202260175398,0.01460675522685051,0.001311876461841166,1.0,1.0
stochastic_sweep,augmented_action,Augmented (+action buffer),"(0,0-10)",10.0,0,0,0,10,1,1,87,-21.626807869877666,0.24967819511697725,0.013599300757050514,0.0013241211418062449,1.0,1.0
stochastic_sweep,augmented_action,Augmented (+action buffer),"(0,0-10)",10.0,0,0,0,10,1,2,82,-25.533263265620917,0.31158190329059415,0.00822640210390091,0.0034387155901640654,1.0,1.0
stochastic_sweep,augmented_action,Augmented (+action buffer),"(0,0-10)",10.0,0,0,0,10,1,3,84,-23.314336266601458,0.27785672263209044,0.006407108623534441,0.0020082774572074413,1.0,1.0
stochastic_sweep,augmented_action,Augmented (+action buffer),"(0,0-10)",10.0,0,0,0,10,1,4,85,-20.242220861720853,0.2387908691636232,0.011000603437423706,0.0010759991127997637,1.0,1.0
stochastic_sweep,augmented_action,Augmented (+action buffer),"(0,0-10)",10.0,0,0,0,10,1,5,81,-21.278172415448353,0.26292758863591764,0.01896226406097412,0.0038402315694838762,1.0,1.0
stochastic_sweep,augmented_action,Augmented (+action buffer),"(0,0-10)",10.0,0,0,0,10,1,6,83,-21.85370095516555,0.26393683832307085,0.017685541883111,0.0024485860485583544,1.0,1.0
stochastic_sweep,augmented_action,Augmented (+action buffer),"(0,0-10)",10.0,0,0,0,10,1,7,85,-19.22595230396837,0.22742675852907054,0.021064434200525284,0.001979472814127803,1.0,1.0
stochastic_sweep,augmented_action,Augmented (+action buffer),"(0,0-10)",10.0,0,0,0,10,1,8,82,-21.63461919655674,0.26423201666436463,0.016203084960579872,0.0004005815426353365,1.0,1.0
stochastic_sweep,augmented_action,Augmented (+action buffer),"(0,0-10)",10.0,0,0,0,10,1,9,84,-24.65654427255504,0.2941880469249251,0.013812917284667492,0.0025476824957877398,1.0,1.0
stochastic_sweep,augmented_action,Augmented (+action buffer),"(0,0-10)",10.0,0,0,0,10,2,0,83,-21.366703527746722,0.2580606675151376,0.017443958669900894,0.0015578591264784336,1.0,1.0
stochastic_sweep,augmented_action,Augmented (+action buffer),"(0,0-10)",10.0,0,0,0,10,2,1,85,-25.185266203188803,0.29696696285528185,0.011385127902030945,0.000798406486865133,1.0,1.0
stochastic_sweep,augmented_action,Augmented (+action buffer),"(0,0-10)",10.0,0,0,0,10,2,2,83,-23.147839218610898,0.27938682444853685,0.013755736872553825,0.0030168567318469286,1.0,1.0
stochastic_sweep,augmented_action,Augmented (+action buffer),"(0,0-10)",10.0,0,0,0,10,2,3,82,-20.58141726156464,0.2511774450306292,0.0075666154734790325,0.0008914062636904418,1.0,1.0
stochastic_sweep,augmented_action,Augmented (+action buffer),"(0,0-10)",10.0,0,0,0,10,2,4,80,-20.006712928647175,0.2500839116080897,0.018292829394340515,0.0037869925145059824,1.0,1.0
stochastic_sweep,augmented_action,Augmented (+action buffer),"(0,0-10)",10.0,0,0,0,10,2,5,85,-19.871256670332514,0.23430933066342463,0.009007287211716175,0.0016525740502402186,1.0,1.0
stochastic_sweep,augmented_action,Augmented (+action buffer),"(0,0-10)",10.0,0,0,0,10,2,6,82,-19.57517625251785,0.23946343074416424,0.03041253425180912,0.003524569794535637,1.0,1.0
stochastic_sweep,augmented_action,Augmented (+action buffer),"(0,0-10)",10.0,0,0,0,10,2,7,82,-21.63450824265601,0.2642347826033251,0.016371965408325195,0.000764498661737889,1.0,1.0
stochastic_sweep,augmented_action,Augmented (+action buffer),"(0,0-10)",10.0,0,0,0,10,2,8,85,-22.378062770003453,0.2639087498982382,0.010836194269359112,0.001512448419816792,1.0,1.0
stochastic_sweep,augmented_action,Augmented (+action buffer),"(0,0-10)",10.0,0,0,0,10,2,9,81,-25.629441423807293,0.3166697968636858,0.020812122151255608,0.002296486869454384,1.0,1.0
stochastic_sweep,augmented_action,Augmented (+action buffer),"(0,0-10)",10.0,0,0,0,10,3,0,82,-26.93638126552105,0.328670388791801,0.007295307703316212,0.004507932811975479,1.0,1.0
stochastic_sweep,augmented_action,Augmented (+action buffer),"(0,0-10)",10.0,0,0,0,10,3,1,84,-24.82065197220072,0.2960875521447243,0.012675601989030838,0.002447678241878748,1.0,1.0
stochastic_sweep,augmented_action,Augmented (+action buffer),"(0,0-10)",10.0,0,0,0,10,3,2,83,-20.066334454109892,0.24198253374513104,0.006071948911994696,0.0026480944361537695,1.0,1.0
stochastic_sweep,augmented_action,Augmented (+action buffer),"(0,0-10)",10.0,0,0,0,10,3,3,82,-20.12195778428577,0.24581223160380544,0.0173226036131382,0.0022671199403703213,1.0,1.0
stochastic_sweep,augmented_action,Augmented (+action buffer),"(0,0-10)",10.0,0,0,0,10,3,4,83,-19.66722070716787,0.23750618546892585,0.015264228917658329,0.0011844077380374074,1.0,1.0
stochastic_sweep,augmented_action,Augmented (+action buffer),"(0,0-10)",10.0,0,0,0,10,3,5,81,-19.580902625923045,0.2421080673035855,0.029850825667381287,0.0016510874265804887,1.0,1.0
stochastic_sweep,augmented_action,Augmented (+action buffer),"(0,0-10)",10.0,0,0,0,10,3,6,83,-21.230360904708505,0.2561757111114012,0.010741039179265499,0.0011104331351816654,1.0,1.0
stochastic_sweep,augmented_action,Augmented (+action buffer),"(0,0-10)",10.0,0,0,0,10,3,7,84,-23.33556398516521,0.27839499243557275,0.012403844855725765,0.0027627055533230305,1.0,1.0
stochastic_sweep,augmented_action,Augmented (+action buffer),"(0,0-10)",10.0,0,0,0,10,3,8,81,-27.507108990568668,0.33987632638165427,0.022873446345329285,0.004079403821378946,1.0,1.0
stochastic_sweep,augmented_action,Augmented (+action buffer),"(0,0-10)",10.0,0,0,0,10,3,9,84,-23.843438293319196,0.2844271927218263,0.012111473828554153,0.004610022995620966,1.0,1.0
stochastic_sweep,augmented_action,Augmented (+action buffer),"(0,0-10)",10.0,0,0,0,10,4,0,83,-24.787200633902103,0.29923131654083907,0.016332879662513733,0.0014974521473050117,1.0,1.0
stochastic_sweep,augmented_action,Augmented (+action buffer),"(0,0-10)",10.0,0,0,0,10,4,1,82,-24.268019664799795,0.2962855265515561,0.013696756213903427,0.0025814613327383995,1.0,1.0
stochastic_sweep,augmented_action,Augmented (+action buffer),"(0,0-10)",10.0,0,0,0,10,4,2,84,-22.411078927107155,0.2678282121307261,0.02162272296845913,0.00530865415930748,1.0,1.0
stochastic_sweep,augmented_action,Augmented (+action buffer),"(0,0-10)",10.0,0,0,0,10,4,3,82,-19.462306131783407,0.23774640345250303,0.016449475660920143,0.0006328671588562429,1.0,1.0
stochastic_sweep,augmented_action,Augmented (+action buffer),"(0,0-10)",10.0,0,0,0,10,4,4,82,-20.973840076476336,0.2564767408752587,0.02862633764743805,0.0021603857167065144,1.0,1.0
stochastic_sweep,augmented_action,Augmented (+action buffer),"(0,0-10)",10.0,0,0,0,10,4,5,84,-22.13035538251279,0.26428051561413757,0.017301982268691063,0.00044933351455256343,1.0,1.0
stochastic_sweep,augmented_action,Augmented (+action buffer),"(0,0-10)",10.0,0,0,0,10,4,6,81,-23.0764623535797,0.2850579916855987,0.013234972953796387,0.002879565116018057,1.0,1.0
stochastic_sweep,augmented_action,Augmented (+action buffer),"(0,0-10)",10.0,0,0,0,10,4,7,86,-26.078523873351514,0.30466872127726674,0.020497692748904228,0.00612141378223896,1.0,1.0
stochastic_sweep,augmented_action,Augmented (+action buffer),"(0,0-10)",10.0,0,0,0,10,4,8,83,-24.36370230372995,0.2946522838312639,0.030812418088316917,0.004387436900287867,1.0,1.0
stochastic_sweep,augmented_action,Augmented (+action buffer),"(0,0-10)",10.0,0,0,0,10,4,9,81,-24.583300116064493,0.3035367064926785,0.003173109842464328,0.0008243269403465092,1.0,1.0
stochastic_sweep,augmented_action_delay,Augmented (+action buffer + delay values),"(0,0-10)",10.0,0,0,0,10,0,0,81,-23.78405700280564,0.29384451056327554,0.017348352819681168,0.0004944627289660275,1.0,1.0
stochastic_sweep,augmented_action_delay,Augmented (+action buffer + delay values),"(0,0-10)",10.0,0,0,0,10,0,1,80,-20.13535647431854,0.25169195592898175,0.017386751249432564,0.0012895673280581832,1.0,1.0
stochastic_sweep,augmented_action_delay,Augmented (+action buffer + delay values),"(0,0-10)",10.0,0,0,0,10,0,2,85,-21.28292299178429,0.25131238825235735,0.01572600193321705,0.001148973940871656,1.0,1.0
stochastic_sweep,augmented_action_delay,Augmented (+action buffer + delay values),"(0,0-10)",10.0,0,0,0,10,0,3,82,-26.132352201733738,0.31883388922958655,0.006013357546180487,0.0026114932261407375,1.0,1.0
stochastic_sweep,augmented_action_delay,Augmented (+action buffer + delay values),"(0,0-10)",10.0,0,0,0,10,0,4,84,-23.4617066817882,0.2796185724953483,0.006563351955264807,0.0004413666028995067,1.0,1.0
stochastic_sweep,augmented_action_delay,Augmented (+action buffer + delay values),"(0,0-10)",10.0,0,0,0,10,0,5,82,-20.667139852186665,0.25237722181226696,0.01389616820961237,0.0009972418192774057,1.0,1.0
stochastic_sweep,augmented_action_delay,Augmented (+action buffer + delay values),"(0,0-10)",10.0,0,0,0,10,0,6,82,-20.388258336577564,0.24913162559202714,0.020267480984330177,0.006619939114898443,1.0,1.0
stochastic_sweep,augmented_action_delay,Augmented (+action buffer + delay values),"(0,0-10)",10.0,0,0,0,10,0,7,84,-20.245912824524567,0.2417795294091948,0.01589191146194935,0.0033352652098983526,1.0,1.0
stochastic_sweep,augmented_action_delay,Augmented (+action buffer + delay values),"(0,0-10)",10.0,0,0,0,10,0,8,82,-19.91389287414495,0.24359214907404173,0.030331674963235855,0.0011001996463164687,1.0,1.0
stochastic_sweep,augmented_action_delay,Augmented (+action buffer + delay values),"(0,0-10)",10.0,0,0,0,10,0,9,83,-21.64616128965281,0.2611744785989938,0.010440144687891006,0.0027864992152899504,1.0,1.0
stochastic_sweep,augmented_action_delay,Augmented (+action buffer + delay values),"(0,0-10)",10.0,0,0,0,10,1,0,81,-20.11516607494559,0.24853296365652142,0.016003981232643127,0.0015244735404849052,1.0,1.0
stochastic_sweep,augmented_action_delay,Augmented (+action buffer + delay values),"(0,0-10)",10.0,0,0,0,10,1,1,87,-21.20225535670761,0.24498603475446032,0.015932809561491013,0.00034417305141687393,1.0,1.0
stochastic_sweep,augmented_action_delay,Augmented (+action buffer + delay values),"(0,0-10)",10.0,0,0,0,10,1,2,82,-25.66378345526755,0.31312238520420177,0.006126065738499165,0.004626382142305374,1.0,1.0
stochastic_sweep,augmented_action_delay,Augmented (+action buffer + delay values),"(0,0-10)",10.0,0,0,0,10,1,3,84,-23.56558719999157,0.2808198421899717,0.005819885991513729,0.0024989547673612833,1.0,1.0
stochastic_sweep,augmented_action_delay,Augmented (+action buffer + delay values),"(0,0-10)",10.0,0,0,0,10,1,4,85,-20.727858353988267,0.24452389553874074,0.011334553360939026,0.0011657063150778413,1.0,1.0
stochastic_sweep,augmented_action_delay,Augmented (+action buffer + delay values),"(0,0-10)",10.0,0,0,0,10,1,5,81,-20.36102380347438,0.25160954521543544,0.0193493589758873,0.0012300285743549466,1.0,1.0
stochastic_sweep,augmented_action_delay,Augmented (+action buffer + delay values),"(0,0-10)",10.0,0,0,0,10,1,6,83,-20.206851302704308,0.24416999993579327,0.019752897322177887,0.0008144663297571242,1.0,1.0
stochastic_sweep,augmented_action_delay,Augmented (+action buffer + delay values),"(0,0-10)",10.0,0,0,0,10,1,7,85,-19.745250900508836,0.2336053634308936,0.022240998223423958,0.0023150343913584948,1.0,1.0
stochastic_sweep,augmented_action_delay,Augmented (+action buffer + delay values),"(0,0-10)",10.0,0,0,0,10,1,8,82,-21.500034890894312,0.2625136359505321,0.013041628524661064,0.0008204773184843361,1.0,1.0
stochastic_sweep,augmented_action_delay,Augmented (+action buffer + delay values),"(0,0-10)",10.0,0,0,0,10,1,9,84,-22.925599715672433,0.2735545724253392,0.013246092014014721,0.004411690402776003,1.0,1.0
stochastic_sweep,augmented_action_delay,Augmented (+action buffer + delay values),"(0,0-10)",10.0,0,0,0,10,2,0,83,-21.181227366090752,0.255799999692006,0.016724202781915665,0.0018283439567312598,1.0,1.0
stochastic_sweep,augmented_action_delay,Augmented (+action buffer + delay values),"(0,0-10)",10.0,0,0,0,10,2,1,85,-25.558323424193077,0.30133161071331843,0.010972697287797928,0.0014772306894883513,1.0,1.0
stochastic_sweep,augmented_action_delay,Augmented (+action buffer + delay values),"(0,0-10)",10.0,0,0,0,10,2,2,83,-23.465837472002022,0.2831666735491816,0.012332144193351269,0.0010904989903792739,1.0,1.0
stochastic_sweep,augmented_action_delay,Augmented (+action buffer + delay values),"(0,0-10)",10.0,0,0,0,10,2,3,82,-20.6962678139098,0.25257530375156645,0.007453546859323978,0.0005223102634772658,1.0,1.0
stochastic_sweep,augmented_action_delay,Augmented (+action buffer + delay values),"(0,0-10)",10.0,0,0,0,10,2,4,80,-20.309391024988145,0.2538673878123518,0.01644487865269184,0.004046119749546051,1.0,1.0
stochastic_sweep,augmented_action_delay,Augmented (+action buffer + delay values),"(0,0-10)",10.0,0,0,0,10,2,5,85,-19.82832913385937,0.23443505475913887,0.019730104133486748,0.0007041905191726983,1.0,1.0
stochastic_sweep,augmented_action_delay,Augmented (+action buffer + delay values),"(0,0-10)",10.0,0,0,0,10,2,6,82,-19.667436201823875,0.2405546737874563,0.02902352437376976,0.0021249924320727587,1.0,1.0
stochastic_sweep,augmented_action_delay,Augmented (+action buffer + delay values),"(0,0-10)",10.0,0,0,0,10,2,7,82,-21.5630700152833,0.26335021291530075,0.015823721885681152,0.0024228848051279783,1.0,1.0
stochastic_sweep,augmented_action_delay,Augmented (+action buffer + delay values),"(0,0-10)",10.0,0,0,0,10,2,8,85,-22.477686705067754,0.2654145398560692,0.01650983653962612,0.005987492855638266,1.0,1.0
stochastic_sweep,augmented_action_delay,Augmented (+action buffer + delay values),"(0,0-10)",10.0,0,0,0,10,2,9,81,-25.166982155526057,0.31094113445587823,0.01924973540008068,0.0014424952678382397,1.0,1.0
stochastic_sweep,augmented_action_delay,Augmented (+action buffer + delay values),"(0,0-10)",10.0,0,0,0,10,3,0,82,-25.72963373665698,0.3139824575727533,0.00846389215439558,0.001991785131394863,1.0,1.0
stochastic_sweep,augmented_action_delay,Augmented (+action buffer + delay values),"(0,0-10)",10.0,0,0,0,10,3,1,84,-23.69812138308771,0.2826480917283334,0.011079580523073673,0.0035927111748605967,1.0,1.0
stochastic_sweep,augmented_action_delay,Augmented (+action buffer + delay values),"(0,0-10)",10.0,0,0,0,10,3,2,83,-20.710365990933497,0.24977907087690343,0.00709896394982934,0.000557331892196089,1.0,1.0
stochastic_sweep,augmented_action_delay,Augmented (+action buffer + delay values),"(0,0-10)",10.0,0,0,0,10,3,3,82,-20.371339049888775,0.24887357212364583,0.018146932125091553,0.003383180359378457,1.0,1.0
stochastic_sweep,augmented_action_delay,Augmented (+action buffer + delay values),"(0,0-10)",10.0,0,0,0,10,3,4,83,-19.68062890251167,0.23770149926520345,0.01619851216673851,0.0013564089313149452,1.0,1.0
stochastic_sweep,augmented_action_delay,Augmented (+action buffer + delay values),"(0,0-10)",10.0,0,0,0,10,3,5,81,-19.73237898061052,0.2439415601404085,0.02688739076256752,0.0024836957454681396,1.0,1.0
stochastic_sweep,augmented_action_delay,Augmented (+action buffer + delay values),"(0,0-10)",10.0,0,0,0,10,3,6,83,-21.714010272175074,0.261968734842467,0.009798239916563034,0.0029650339856743813,1.0,1.0
stochastic_sweep,augmented_action_delay,Augmented (+action buffer + delay values),"(0,0-10)",10.0,0,0,0,10,3,7,84,-22.663903973530978,0.2704937838051202,0.014393466524779797,0.004148941021412611,1.0,1.0
stochastic_sweep,augmented_action_delay,Augmented (+action buffer + delay values),"(0,0-10)",10.0,0,0,0,10,3,8,81,-25.48779422044754,0.31493833224162643,0.02221069112420082,0.0016751957591623068,1.0,1.0
stochastic_sweep,augmented_action_delay,Augmented (+action buffer + delay values),"(0,0-10)",10.0,0,0,0,10,3,9,84,-23.609213571064174,0.2815028384128319,0.009256213903427124,0.004063782747834921,1.0,1.0
stochastic_sweep,augmented_action_delay,Augmented (+action buffer + delay values),"(0,0-10)",10.0,0,0,0,10,4,0,83,-23.563207351369783,0.28439596095346814,0.0138858025893569,0.001965884119272232,1.0,1.0
stochastic_sweep,augmented_action_delay,Augmented (+action buffer + delay values),"(0,0-10)",10.0,0,0,0,10,4,1,82,-20.998069573484827,0.2563886267690999,0.012898910790681839,0.0008847115677781403,1.0,1.0
stochastic_sweep,augmented_action_delay,Augmented (+action buffer + delay values),"(0,0-10)",10.0,0,0,0,10,4,2,84,-20.703649542294443,0.24767998995126358,0.025367403402924538,0.007156210485845804,1.0,1.0
stochastic_sweep,augmented_action_delay,Augmented (+action buffer + delay values),"(0,0-10)",10.0,0,0,0,10,4,3,82,-19.74971824255772,0.24123782107163583,0.0158915426582098,0.002173288492485881,1.0,1.0
stochastic_sweep,augmented_action_delay,Augmented (+action buffer + delay values),"(0,0-10)",10.0,0,0,0,10,4,4,82,-20.10858085216023,0.24588974040830736,0.02718893066048622,0.0010040629422292113,1.0,1.0
stochastic_sweep,augmented_action_delay,Augmented (+action buffer + delay values),"(0,0-10)",10.0,0,0,0,10,4,5,84,-21.793403928983025,0.2601926761133308,0.01569521613419056,0.001564580830745399,1.0,1.0
stochastic_sweep,augmented_action_delay,Augmented (+action buffer + delay values),"(0,0-10)",10.0,0,0,0,10,4,6,81,-22.714008981129155,0.28060795957464035,0.015235744416713715,0.002343728905543685,1.0,1.0
stochastic_sweep,augmented_action_delay,Augmented (+action buffer + delay values),"(0,0-10)",10.0,0,0,0,10,4,7,86,-25.42761473270366,0.2970926407623094,0.02039206214249134,0.0002041091793216765,1.0,1.0
stochastic_sweep,augmented_action_delay,Augmented (+action buffer + delay values),"(0,0-10)",10.0,0,0,0,10,4,8,83,-23.640576609643176,0.28555759104496115,0.0202344823628664,0.003215501783415675,1.0,1.0
stochastic_sweep,augmented_action_delay,Augmented (+action buffer + delay values),"(0,0-10)",10.0,0,0,0,10,4,9,81,-20.533495941432193,0.25352693579654084,0.0021858580876141787,0.0021858580876141787,1.0,1.0
stochastic_sweep,unseen,Unseen delay,"(0,0-15)",15.0,0,0,0,15,0,0,86,-32.1632941509597,0.3920190273621661,0.2583903670310974,0.007302983198314905,0.0,1.0
stochastic_sweep,unseen,Unseen delay,"(0,0-15)",15.0,0,0,0,15,0,1,86,-26.010550554841757,0.3036671458895123,0.017470665276050568,0.003467058762907982,1.0,1.0
stochastic_sweep,unseen,Unseen delay,"(0,0-15)",15.0,0,0,0,15,0,2,84,-26.107627790770493,0.31173544364199707,0.019537368789315224,0.0018812509952113032,1.0,1.0
stochastic_sweep,unseen,Unseen delay,"(0,0-15)",15.0,0,0,0,15,0,3,86,-28.799378886818886,0.34151359942070275,0.0951317772269249,0.007905323058366776,0.0,1.0
stochastic_sweep,unseen,Unseen delay,"(0,0-15)",15.0,0,0,0,15,0,4,83,-28.57494661724195,0.3456459356168936,0.03788867965340614,0.004422924481332302,1.0,1.0
stochastic_sweep,unseen,Unseen delay,"(0,0-15)",15.0,0,0,0,15,0,5,85,-34.11006898339838,0.41261020485750016,0.19235968589782715,0.012846066616475582,0.0,1.0
stochastic_sweep,unseen,Unseen delay,"(0,0-15)",15.0,0,0,0,15,0,6,85,-31.41719547100365,0.373864875668112,0.07226379215717316,0.017159029841423035,0.0,1.0
stochastic_sweep,unseen,Unseen delay,"(0,0-15)",15.0,0,0,0,15,0,7,82,-33.54134785011411,0.41064650678961745,0.06583285331726074,0.008294591680169106,0.0,1.0
stochastic_sweep,unseen,Unseen delay,"(0,0-15)",15.0,0,0,0,15,0,8,85,-29.91701894067228,0.35514528091777775,0.05406598746776581,0.01569618657231331,1.0,1.0
stochastic_sweep,unseen,Unseen delay,"(0,0-15)",15.0,0,0,0,15,0,9,84,-24.461237113922834,0.2924254453696665,0.02562507428228855,0.0038898196071386337,1.0,1.0
stochastic_sweep,unseen,Unseen delay,"(0,0-15)",15.0,0,0,0,15,1,0,81,-24.34892381291138,0.30082492534154565,0.017895139753818512,0.0007901935023255646,1.0,1.0
stochastic_sweep,unseen,Unseen delay,"(0,0-15)",15.0,0,0,0,15,1,1,85,-25.442314819199964,0.30292002638418447,0.061177484691143036,0.0016509525012224913,0.0,1.0
stochastic_sweep,unseen,Unseen delay,"(0,0-15)",15.0,0,0,0,15,1,2,83,-30.088743593543768,0.3674754049314792,0.13723833858966827,0.007197246421128511,0.0,1.0
stochastic_sweep,unseen,Unseen delay,"(0,0-15)",15.0,0,0,0,15,1,3,81,-26.125864029861987,0.32308838002521684,0.044294752180576324,0.005117769353091717,1.0,1.0
stochastic_sweep,unseen,Unseen delay,"(0,0-15)",15.0,0,0,0,15,1,4,87,-26.894609078066424,0.3113762881398073,0.027875427156686783,0.0024533274117857218,1.0,1.0
stochastic_sweep,unseen,Unseen delay,"(0,0-15)",15.0,0,0,0,15,1,5,84,-29.327452206984162,0.35019970439108355,0.022330740466713905,0.022330740466713905,1.0,1.0
stochastic_sweep,unseen,Unseen delay,"(0,0-15)",15.0,0,0,0,15,1,6,82,-29.434829069301486,0.3601544545509103,0.04891810193657875,0.008600864559412003,1.0,1.0
stochastic_sweep,unseen,Unseen delay,"(0,0-15)",15.0,0,0,0,15,1,7,84,-19.76146617764607,0.23650452621569412,0.02622850611805916,0.0036409664899110794,1.0,1.0
stochastic_sweep,unseen,Unseen delay,"(0,0-15)",15.0,0,0,0,15,1,8,86,-29.013250269927084,0.33842876015317647,0.015270517207682133,0.015270517207682133,1.0,1.0
stochastic_sweep,unseen,Unseen delay,"(0,0-15)",15.0,0,0,0,15,1,9,82,-33.91290039010346,0.4170579118199828,0.14292418956756592,0.02042386122047901,0.0,1.0
stochastic_sweep,unseen,Unseen delay,"(0,0-15)",15.0,0,0,0,15,2,0,82,-23.068984712474048,0.28157051790096777,0.009898877702653408,0.008011952042579651,1.0,1.0
stochastic_sweep,unseen,Unseen delay,"(0,0-15)",15.0,0,0,0,15,2,1,86,-28.55992177547887,0.3369809271778565,0.07007299363613129,0.005600789096206427,0.0,1.0
stochastic_sweep,unseen,Unseen delay,"(0,0-15)",15.0,0,0,0,15,2,2,86,-30.64091184735298,0.35706656330893205,0.011135432869195938,0.006703878752887249,1.0,1.0
stochastic_sweep,unseen,Unseen delay,"(0,0-15)",15.0,0,0,0,15,2,3,80,-26.134009159635752,0.3266751144954469,0.05639810115098953,0.007219479884952307,1.0,1.0
stochastic_sweep,unseen,Unseen delay,"(0,0-15)",15.0,0,0,0,15,2,4,83,-25.345205770805478,0.3068049061953662,0.03986714780330658,0.016619503498077393,1.0,1.0
stochastic_sweep,unseen,Unseen delay,"(0,0-15)",15.0,0,0,0,15,2,5,86,-23.865788454655558,0.2786096974091908,0.015774253755807877,0.005114409606903791,1.0,1.0
stochastic_sweep,unseen,Unseen delay,"(0,0-15)",15.0,0,0,0,15,2,6,84,-23.833284945692867,0.28517669201495927,0.030389295890927315,0.0029276576824486256,1.0,1.0
stochastic_sweep,unseen,Unseen delay,"(0,0-15)",15.0,0,0,0,15,2,7,80,-27.088046288583428,0.33860057860729287,0.013395308516919613,0.001528042834252119,1.0,1.0
stochastic_sweep,unseen,Unseen delay,"(0,0-15)",15.0,0,0,0,15,2,8,83,-35.87180873379111,0.4347196761294302,0.06997479498386383,0.030128296464681625,0.0,0.0
stochastic_sweep,unseen,Unseen delay,"(0,0-15)",15.0,0,0,0,15,2,9,82,-27.45271413680166,0.33555452061090163,0.03137827664613724,0.005837404169142246,1.0,1.0
stochastic_sweep,unseen,Unseen delay,"(0,0-15)",15.0,0,0,0,15,3,0,82,-28.5159257883206,0.3489497831977177,0.04897821694612503,0.008479868061840534,1.0,1.0
stochastic_sweep,unseen,Unseen delay,"(0,0-15)",15.0,0,0,0,15,3,1,87,-36.053353742696345,0.4164868471287619,0.02585742250084877,0.00918891467154026,1.0,1.0
stochastic_sweep,unseen,Unseen delay,"(0,0-15)",15.0,0,0,0,15,3,2,83,-25.446963874739595,0.3068276591085638,0.006577277090400457,0.0015782053815200925,1.0,1.0
stochastic_sweep,unseen,Unseen delay,"(0,0-15)",15.0,0,0,0,15,3,3,83,-23.548759723082185,0.2864407513919006,0.07527421414852142,0.023938274011015892,0.0,1.0
stochastic_sweep,unseen,Unseen delay,"(0,0-15)",15.0,0,0,0,15,3,4,85,-26.31683217547834,0.3177732406951049,0.1387786567211151,0.006161017343401909,0.0,1.0
stochastic_sweep,unseen,Unseen delay,"(0,0-15)",15.0,0,0,0,15,3,5,82,-22.11056304257363,0.27083288799835054,0.048866886645555496,0.011145937256515026,1.0,1.0
stochastic_sweep,unseen,Unseen delay,"(0,0-15)",15.0,0,0,0,15,3,6,84,-30.273940921761096,0.36256722628050264,0.04542652145028114,0.013656792230904102,1.0,1.0
stochastic_sweep,unseen,Unseen delay,"(0,0-15)",15.0,0,0,0,15,3,7,80,-29.345056468620896,0.3668132058577612,0.03889350965619087,0.012310627847909927,1.0,1.0
stochastic_sweep,unseen,Unseen delay,"(0,0-15)",15.0,0,0,0,15,3,8,84,-42.59471167623997,0.5277169220859096,0.4333774447441101,0.027644626796245575,0.0,0.0
stochastic_sweep,unseen,Unseen delay,"(0,0-15)",15.0,0,0,0,15,3,9,86,-26.765463484916836,0.31435639123692244,0.044864360243082047,0.004074878059327602,1.0,1.0
stochastic_sweep,unseen,Unseen delay,"(0,0-15)",15.0,0,0,0,15,4,0,80,-30.378462349064648,0.3797307793633081,0.02257421240210533,0.010896444320678711,1.0,1.0
stochastic_sweep,unseen,Unseen delay,"(0,0-15)",15.0,0,0,0,15,4,1,82,-22.574239497538656,0.27618886718367475,0.03662380576133728,0.0073487418703734875,1.0,1.0
stochastic_sweep,unseen,Unseen delay,"(0,0-15)",15.0,0,0,0,15,4,2,84,-27.49645478092134,0.32874269710321513,0.029482943937182426,0.025552861392498016,1.0,1.0
stochastic_sweep,unseen,Unseen delay,"(0,0-15)",15.0,0,0,0,15,4,3,88,-36.925043223425746,0.43525763937610795,0.17220363020896912,0.027848081663250923,0.0,1.0
stochastic_sweep,unseen,Unseen delay,"(0,0-15)",15.0,0,0,0,15,4,4,84,-29.41520093753934,0.35310946746418875,0.06149858236312866,0.01944766379892826,0.0,1.0
stochastic_sweep,unseen,Unseen delay,"(0,0-15)",15.0,0,0,0,15,4,5,85,-23.598147267475724,0.27840346256818843,0.013229410164058208,0.011496690101921558,1.0,1.0
stochastic_sweep,unseen,Unseen delay,"(0,0-15)",15.0,0,0,0,15,4,6,80,-36.943797294050455,0.46179746617563067,0.061710890382528305,0.061252087354660034,0.0,0.0
stochastic_sweep,unseen,Unseen delay,"(0,0-15)",15.0,0,0,0,15,4,7,86,-40.17312722839415,0.4683918574565025,0.01809541881084442,0.017654061317443848,1.0,1.0
stochastic_sweep,unseen,Unseen delay,"(0,0-15)",15.0,0,0,0,15,4,8,85,-31.763214280363172,0.37723717901527004,0.060389187186956406,0.003871926572173834,0.0,1.0
stochastic_sweep,unseen,Unseen delay,"(0,0-15)",15.0,0,0,0,15,4,9,80,-23.252812520135194,0.2906601565016899,0.01071491651237011,0.005474348086863756,1.0,1.0
stochastic_sweep,augmented_action,Augmented (+action buffer),"(0,0-15)",15.0,0,0,0,15,0,0,86,-23.836037806468084,0.2790077328167552,0.026437869295477867,0.003152857767418027,1.0,1.0
stochastic_sweep,augmented_action,Augmented (+action buffer),"(0,0-15)",15.0,0,0,0,15,0,1,86,-20.888516491744667,0.24402888823668797,0.016327982768416405,0.002576145576313138,1.0,1.0
stochastic_sweep,augmented_action,Augmented (+action buffer),"(0,0-15)",15.0,0,0,0,15,0,2,84,-23.70854223810602,0.2831138472995787,0.018255233764648438,0.001422540401108563,1.0,1.0
stochastic_sweep,augmented_action,Augmented (+action buffer),"(0,0-15)",15.0,0,0,0,15,0,3,86,-26.22564696939662,0.3058032782499267,0.012239160016179085,0.004016759805381298,1.0,1.0
stochastic_sweep,augmented_action,Augmented (+action buffer),"(0,0-15)",15.0,0,0,0,15,0,4,83,-24.069246648461558,0.29050434012308224,0.014204527251422405,0.0018466917099431157,1.0,1.0
stochastic_sweep,augmented_action,Augmented (+action buffer),"(0,0-15)",15.0,0,0,0,15,0,5,85,-21.873078346718103,0.25835782081874853,0.017467284575104713,0.0035540717653930187,1.0,1.0
stochastic_sweep,augmented_action,Augmented (+action buffer),"(0,0-15)",15.0,0,0,0,15,0,6,85,-20.766223323298618,0.24493052211918814,0.010574211366474628,0.0030884856823831797,1.0,1.0
stochastic_sweep,augmented_action,Augmented (+action buffer),"(0,0-15)",15.0,0,0,0,15,0,7,82,-21.97864647046663,0.2685837519224506,0.02261059358716011,0.0031783294398337603,1.0,1.0
stochastic_sweep,augmented_action,Augmented (+action buffer),"(0,0-15)",15.0,0,0,0,15,0,8,85,-20.638199250679463,0.24451948436634505,0.029191384091973305,0.001127893105149269,1.0,1.0
stochastic_sweep,augmented_action,Augmented (+action buffer),"(0,0-15)",15.0,0,0,0,15,0,9,84,-22.883625453920104,0.2729495960977926,0.011035154573619366,0.0017172436928376555,1.0,1.0
stochastic_sweep,augmented_action,Augmented (+action buffer),"(0,0-15)",15.0,0,0,0,15,1,0,81,-20.595796648412943,0.2545209709370946,0.02040199749171734,0.0023532910272479057,1.0,1.0
stochastic_sweep,augmented_action,Augmented (+action buffer),"(0,0-15)",15.0,0,0,0,15,1,1,85,-22.784807862364687,0.2691667060600594,0.01887243054807186,0.001184167223982513,1.0,1.0
stochastic_sweep,augmented_action,Augmented (+action buffer),"(0,0-15)",15.0,0,0,0,15,1,2,83,-25.639191708760336,0.30948323885775564,0.015972372144460678,0.0023097398225218058,1.0,1.0
stochastic_sweep,augmented_action,Augmented (+action buffer),"(0,0-15)",15.0,0,0,0,15,1,3,81,-24.15224813891109,0.29829448874735126,0.009605449624359608,0.0016709041083231568,1.0,1.0
stochastic_sweep,augmented_action,Augmented (+action buffer),"(0,0-15)",15.0,0,0,0,15,1,4,87,-20.6377746949438,0.238238025245246,0.012704785913228989,0.001780112972483039,1.0,1.0
stochastic_sweep,augmented_action,Augmented (+action buffer),"(0,0-15)",15.0,0,0,0,15,1,5,84,-20.78650925983675,0.24836393196545986,0.019015256315469742,0.002950106980279088,1.0,1.0
stochastic_sweep,augmented_action,Augmented (+action buffer),"(0,0-15)",15.0,0,0,0,15,1,6,82,-20.85996690276079,0.2548220163387269,0.017719218507409096,0.002831827849149704,1.0,1.0
stochastic_sweep,augmented_action,Augmented (+action buffer),"(0,0-15)",15.0,0,0,0,15,1,7,84,-20.274180944543332,0.24246222405539206,0.023161469027400017,0.0022667308803647757,1.0,1.0
stochastic_sweep,augmented_action,Augmented (+action buffer),"(0,0-15)",15.0,0,0,0,15,1,8,86,-22.31021712149959,0.2601613796324209,0.010610254481434822,0.0014728425303474069,1.0,1.0
stochastic_sweep,augmented_action,Augmented (+action buffer),"(0,0-15)",15.0,0,0,0,15,1,9,82,-23.025792273227125,0.2812678758793215,0.019086774438619614,0.0043868147768080235,1.0,1.0
stochastic_sweep,augmented_action,Augmented (+action buffer),"(0,0-15)",15.0,0,0,0,15,2,0,82,-21.90296884882264,0.26748561898598494,0.015425954014062881,0.0018297717906534672,1.0,1.0
stochastic_sweep,augmented_action,Augmented (+action buffer),"(0,0-15)",15.0,0,0,0,15,2,1,86,-26.075270317029208,0.30460709293892735,0.020156612619757652,0.0026959760580211878,1.0,1.0
stochastic_sweep,augmented_action,Augmented (+action buffer),"(0,0-15)",15.0,0,0,0,15,2,2,86,-23.775381815736182,0.27692204063113907,0.006652279756963253,0.001704626134596765,1.0,1.0
stochastic_sweep,augmented_action,Augmented (+action buffer),"(0,0-15)",15.0,0,0,0,15,2,3,80,-20.231468721758574,0.2528933590219822,0.012686580419540405,0.003396810032427311,1.0,1.0
stochastic_sweep,augmented_action,Augmented (+action buffer),"(0,0-15)",15.0,0,0,0,15,2,4,83,-21.692040259949863,0.26216525628220244,0.02255867049098015,0.006112508475780487,1.0,1.0
stochastic_sweep,augmented_action,Augmented (+action buffer),"(0,0-15)",15.0,0,0,0,15,2,5,86,-20.705994544085115,0.24221035527866766,0.020682668313384056,0.002617697464302182,1.0,1.0
stochastic_sweep,augmented_action,Augmented (+action buffer),"(0,0-15)",15.0,0,0,0,15,2,6,84,-20.776418219786137,0.24872091469643193,0.029034653678536415,0.002877449616789818,1.0,1.0
stochastic_sweep,augmented_action,Augmented (+action buffer),"(0,0-15)",15.0,0,0,0,15,2,7,80,-21.863844806328416,0.2732980600791052,0.0071565378457307816,0.0011468571610748768,1.0,1.0
stochastic_sweep,augmented_action,Augmented (+action buffer),"(0,0-15)",15.0,0,0,0,15,2,8,83,-23.633372134529054,0.28554964015058365,0.022415999323129654,0.007244313135743141,1.0,1.0
stochastic_sweep,augmented_action,Augmented (+action buffer),"(0,0-15)",15.0,0,0,0,15,2,9,82,-26.712102674879134,0.3263725739812887,0.025224195793271065,0.0023040578234940767,1.0,1.0
stochastic_sweep,augmented_action,Augmented (+action buffer),"(0,0-15)",15.0,0,0,0,15,3,0,82,-26.860957925207913,0.3277775989504667,0.008402594365179539,0.0071859885938465595,1.0,1.0
stochastic_sweep,augmented_action,Augmented (+action buffer),"(0,0-15)",15.0,0,0,0,15,3,1,87,-26.07455226359889,0.30075202157035813,0.012981944717466831,0.003752453252673149,1.0,1.0
stochastic_sweep,augmented_action,Augmented (+action buffer),"(0,0-15)",15.0,0,0,0,15,3,2,83,-20.5698789448943,0.2481498887106013,0.008853939361870289,0.0009968583472073078,1.0,1.0
stochastic_sweep,augmented_action,Augmented (+action buffer),"(0,0-15)",15.0,0,0,0,15,3,3,83,-20.915536974091083,0.2525122893514134,0.014327680692076683,0.004049043636769056,1.0,1.0
stochastic_sweep,augmented_action,Augmented (+action buffer),"(0,0-15)",15.0,0,0,0,15,3,4,85,-21.23679166706279,0.25113441225908256,0.021926674991846085,0.005925075151026249,1.0,1.0
stochastic_sweep,augmented_action,Augmented (+action buffer),"(0,0-15)",15.0,0,0,0,15,3,5,82,-19.994670915417373,0.24458048323441933,0.030464354902505875,0.0015727379359304905,1.0,1.0
stochastic_sweep,augmented_action,Augmented (+action buffer),"(0,0-15)",15.0,0,0,0,15,3,6,84,-22.185008440166712,0.26470706048643305,0.012596160173416138,0.008423490449786186,1.0,1.0
stochastic_sweep,augmented_action,Augmented (+action buffer),"(0,0-15)",15.0,0,0,0,15,3,7,80,-22.57304703036789,0.2821630878795986,0.01057023461908102,0.0019201409304514527,1.0,1.0
stochastic_sweep,augmented_action,Augmented (+action buffer),"(0,0-15)",15.0,0,0,0,15,3,8,84,-26.6353730680421,0.31818591294411036,0.023060904815793037,0.0035783073399215937,1.0,1.0
stochastic_sweep,augmented_action,Augmented (+action buffer),"(0,0-15)",15.0,0,0,0,15,3,9,86,-24.213050105609,0.282134790157596,0.008423641324043274,0.004272362217307091,1.0,1.0
stochastic_sweep,augmented_action,Augmented (+action buffer),"(0,0-15)",15.0,0,0,0,15,4,0,80,-23.882609518943354,0.29853261898679195,0.00994328036904335,0.0006342856213450432,1.0,1.0
stochastic_sweep,augmented_action,Augmented (+action buffer),"(0,0-15)",15.0,0,0,0,15,4,1,82,-21.775712919887155,0.2659063281252889,0.014302993193268776,0.0019590004812926054,1.0,1.0
stochastic_sweep,augmented_action,Augmented (+action buffer),"(0,0-15)",15.0,0,0,0,15,4,2,84,-20.461052340222523,0.24457136662178008,0.020735614001750946,0.0020205897744745016,1.0,1.0
stochastic_sweep,augmented_action,Augmented (+action buffer),"(0,0-15)",15.0,0,0,0,15,4,3,88,-19.65473078128707,0.22486870193312247,0.016714373603463173,0.0002332514413865283,1.0,1.0
stochastic_sweep,augmented_action,Augmented (+action buffer),"(0,0-15)",15.0,0,0,0,15,4,4,84,-23.021189173916355,0.27534773748733904,0.027005193755030632,0.0011417247587814927,1.0,1.0
stochastic_sweep,augmented_action,Augmented (+action buffer),"(0,0-15)",15.0,0,0,0,15,4,5,85,-22.357404886279255,0.26393135113860755,0.015351992100477219,0.007784793619066477,1.0,1.0
stochastic_sweep,augmented_action,Augmented (+action buffer),"(0,0-15)",15.0,0,0,0,15,4,6,80,-22.927916980348527,0.2865989622543566,0.006507307756692171,0.005662707146257162,1.0,1.0
stochastic_sweep,augmented_action,Augmented (+action buffer),"(0,0-15)",15.0,0,0,0,15,4,7,86,-30.7727439829614,0.3589458088471749,0.016099262982606888,0.0036453099455684423,1.0,1.0
stochastic_sweep,augmented_action,Augmented (+action buffer),"(0,0-15)",15.0,0,0,0,15,4,8,85,-25.32367344922386,0.298736027384396,0.013777775689959526,0.002429615007713437,1.0,1.0
stochastic_sweep,augmented_action,Augmented (+action buffer),"(0,0-15)",15.0,0,0,0,15,4,9,80,-20.911585015361197,0.261394812692015,0.008252011612057686,0.0013850854011252522,1.0,1.0
stochastic_sweep,augmented_action_delay,Augmented (+action buffer + delay values),"(0,0-15)",15.0,0,0,0,15,0,0,86,-23.92152337229345,0.28045530568099,0.032938819378614426,0.0008279065368697047,1.0,1.0
stochastic_sweep,augmented_action_delay,Augmented (+action buffer + delay values),"(0,0-15)",15.0,0,0,0,15,0,1,86,-20.176383373560384,0.23555994266914854,0.013628615997731686,0.0016332300147041678,1.0,1.0
stochastic_sweep,augmented_action_delay,Augmented (+action buffer + delay values),"(0,0-15)",15.0,0,0,0,15,0,2,84,-21.28029901906848,0.2540977656220396,0.01597832329571247,0.0016380295855924487,1.0,1.0
stochastic_sweep,augmented_action_delay,Augmented (+action buffer + delay values),"(0,0-15)",15.0,0,0,0,15,0,3,86,-25.681546868174337,0.299206557503609,0.008369512856006622,0.0014166528126224875,1.0,1.0
stochastic_sweep,augmented_action_delay,Augmented (+action buffer + delay values),"(0,0-15)",15.0,0,0,0,15,0,4,83,-23.805487596662715,0.2872765588613384,0.012822262942790985,0.002536608837544918,1.0,1.0
stochastic_sweep,augmented_action_delay,Augmented (+action buffer + delay values),"(0,0-15)",15.0,0,0,0,15,0,5,85,-21.342505771666765,0.2522242799620418,0.019311605021357536,0.002030125819146633,1.0,1.0
stochastic_sweep,augmented_action_delay,Augmented (+action buffer + delay values),"(0,0-15)",15.0,0,0,0,15,0,6,85,-20.498717005946673,0.24194505068555694,0.01332246046513319,0.0017643916653469205,1.0,1.0
stochastic_sweep,augmented_action_delay,Augmented (+action buffer + delay values),"(0,0-15)",15.0,0,0,0,15,0,7,82,-20.311712943250313,0.24813855398821122,0.017824241891503334,0.00308620254509151,1.0,1.0
stochastic_sweep,augmented_action_delay,Augmented (+action buffer + delay values),"(0,0-15)",15.0,0,0,0,15,0,8,85,-20.239514699904248,0.23981197332579862,0.02890060655772686,0.0024813362397253513,1.0,1.0
stochastic_sweep,augmented_action_delay,Augmented (+action buffer + delay values),"(0,0-15)",15.0,0,0,0,15,0,9,84,-21.655721756396815,0.2584849318705632,0.014253130182623863,0.001888287253677845,1.0,1.0
stochastic_sweep,augmented_action_delay,Augmented (+action buffer + delay values),"(0,0-15)",15.0,0,0,0,15,1,0,81,-20.23234996199608,0.25004322702685994,0.021151427179574966,0.002198663307353854,1.0,1.0
stochastic_sweep,augmented_action_delay,Augmented (+action buffer + delay values),"(0,0-15)",15.0,0,0,0,15,1,1,85,-21.253248259890825,0.25112544189152475,0.018482860177755356,0.00037168385460972786,1.0,1.0
stochastic_sweep,augmented_action_delay,Augmented (+action buffer + delay values),"(0,0-15)",15.0,0,0,0,15,1,2,83,-25.723463587928563,0.31024699936991174,0.009012453258037567,0.00392188923433423,1.0,1.0
stochastic_sweep,augmented_action_delay,Augmented (+action buffer + delay values),"(0,0-15)",15.0,0,0,0,15,1,3,81,-23.4625850864104,0.2897608297708858,0.008042125031352043,0.0007224537548609078,1.0,1.0
stochastic_sweep,augmented_action_delay,Augmented (+action buffer + delay values),"(0,0-15)",15.0,0,0,0,15,1,4,87,-20.948463406879455,0.24183314886136814,0.013002934865653515,0.0013014401774853468,1.0,1.0
stochastic_sweep,augmented_action_delay,Augmented (+action buffer + delay values),"(0,0-15)",15.0,0,0,0,15,1,5,84,-20.561147237895057,0.24563807846390687,0.01811283826828003,0.003305868012830615,1.0,1.0
stochastic_sweep,augmented_action_delay,Augmented (+action buffer + delay values),"(0,0-15)",15.0,0,0,0,15,1,6,82,-19.944248342188075,0.2436088853453218,0.01584012806415558,0.0038099612575024366,1.0,1.0
stochastic_sweep,augmented_action_delay,Augmented (+action buffer + delay values),"(0,0-15)",15.0,0,0,0,15,1,7,84,-19.70161834754981,0.23565243153799592,0.023296475410461426,0.00269109895452857,1.0,1.0
stochastic_sweep,augmented_action_delay,Augmented (+action buffer + delay values),"(0,0-15)",15.0,0,0,0,15,1,8,86,-21.68756952486001,0.2527296769643895,0.007863782346248627,0.0026758613530546427,1.0,1.0
stochastic_sweep,augmented_action_delay,Augmented (+action buffer + delay values),"(0,0-15)",15.0,0,0,0,15,1,9,82,-22.945012805517763,0.28019520751109755,0.015497105196118355,0.0067542605102062225,1.0,1.0
stochastic_sweep,augmented_action_delay,Augmented (+action buffer + delay values),"(0,0-15)",15.0,0,0,0,15,2,0,82,-21.16516862809658,0.25850643971707765,0.01617971435189247,0.0022798303980380297,1.0,1.0
stochastic_sweep,augmented_action_delay,Augmented (+action buffer + delay values),"(0,0-15)",15.0,0,0,0,15,2,1,86,-25.73688301537186,0.30024625743241157,0.014049187302589417,0.0027241636998951435,1.0,1.0
stochastic_sweep,augmented_action_delay,Augmented (+action buffer + delay values),"(0,0-15)",15.0,0,0,0,15,2,2,86,-23.56866004492622,0.2744372148854593,0.005490072537213564,0.0015359822427853942,1.0,1.0
stochastic_sweep,augmented_action_delay,Augmented (+action buffer + delay values),"(0,0-15)",15.0,0,0,0,15,2,3,80,-20.995133764808998,0.26243917206011247,0.012845633551478386,0.0023421740625053644,1.0,1.0
stochastic_sweep,augmented_action_delay,Augmented (+action buffer + delay values),"(0,0-15)",15.0,0,0,0,15,2,4,83,-20.734775251243263,0.25060305154758944,0.021759342402219772,0.002995133865624666,1.0,1.0
stochastic_sweep,augmented_action_delay,Augmented (+action buffer + delay values),"(0,0-15)",15.0,0,0,0,15,2,5,86,-20.01735496101901,0.23408816988190073,0.019037941470742226,0.0006806703750044107,1.0,1.0
stochastic_sweep,augmented_action_delay,Augmented (+action buffer + delay values),"(0,0-15)",15.0,0,0,0,15,2,6,84,-20.048350636381656,0.23999859468590112,0.027882829308509827,0.002058601239696145,1.0,1.0
stochastic_sweep,augmented_action_delay,Augmented (+action buffer + delay values),"(0,0-15)",15.0,0,0,0,15,2,7,80,-21.75987725518644,0.2719984656898305,0.007703864481300116,0.0023142900317907333,1.0,1.0
stochastic_sweep,augmented_action_delay,Augmented (+action buffer + delay values),"(0,0-15)",15.0,0,0,0,15,2,8,83,-23.041651389095932,0.2780993407064802,0.013531296513974667,0.0057389927096664906,1.0,1.0
stochastic_sweep,augmented_action_delay,Augmented (+action buffer + delay values),"(0,0-15)",15.0,0,0,0,15,2,9,82,-25.196510091540404,0.30786148381629597,0.024065790697932243,0.00016643956769257784,1.0,1.0
stochastic_sweep,augmented_action_delay,Augmented (+action buffer + delay values),"(0,0-15)",15.0,0,0,0,15,3,0,82,-25.54134647594765,0.3116589903592972,0.007345366757363081,0.002752401167526841,1.0,1.0
stochastic_sweep,augmented_action_delay,Augmented (+action buffer + delay values),"(0,0-15)",15.0,0,0,0,15,3,1,87,-24.159254994941875,0.2785390730620758,0.010520623065531254,0.0035932387690991163,1.0,1.0
stochastic_sweep,augmented_action_delay,Augmented (+action buffer + delay values),"(0,0-15)",15.0,0,0,0,15,3,2,83,-20.872043408686295,0.25175852043812263,0.0079712625592947,0.00231836992315948,1.0,1.0
stochastic_sweep,augmented_action_delay,Augmented (+action buffer + delay values),"(0,0-15)",15.0,0,0,0,15,3,3,83,-20.449433168163523,0.2469450498577656,0.015668656677007675,0.003492030082270503,1.0,1.0
stochastic_sweep,augmented_action_delay,Augmented (+action buffer + delay values),"(0,0-15)",15.0,0,0,0,15,3,4,85,-19.885103282227647,0.23525934610173435,0.02238822728395462,0.0006526132929138839,1.0,1.0
stochastic_sweep,augmented_action_delay,Augmented (+action buffer + delay values),"(0,0-15)",15.0,0,0,0,15,3,5,82,-19.848065171856433,0.24277223379169477,0.029628999531269073,0.0014520962722599506,1.0,1.0
stochastic_sweep,augmented_action_delay,Augmented (+action buffer + delay values),"(0,0-15)",15.0,0,0,0,15,3,6,84,-21.954770068405196,0.26187653412454803,0.010714699514210224,0.0013369994703680277,1.0,1.0
stochastic_sweep,augmented_action_delay,Augmented (+action buffer + delay values),"(0,0-15)",15.0,0,0,0,15,3,7,80,-22.742244602181017,0.2842780575272627,0.015608738176524639,0.003243904560804367,1.0,1.0
stochastic_sweep,augmented_action_delay,Augmented (+action buffer + delay values),"(0,0-15)",15.0,0,0,0,15,3,8,84,-25.633952719450463,0.3062855156638848,0.023507649078965187,0.0008784871897660196,1.0,1.0
stochastic_sweep,augmented_action_delay,Augmented (+action buffer + delay values),"(0,0-15)",15.0,0,0,0,15,3,9,86,-23.612627627328038,0.27505724602054027,0.007049255073070526,0.0022071327548474073,1.0,1.0
stochastic_sweep,augmented_action_delay,Augmented (+action buffer + delay values),"(0,0-15)",15.0,0,0,0,15,4,0,80,-23.7098410326289,0.2963730129078613,0.009145322255790234,0.0006902877939864993,1.0,1.0
stochastic_sweep,augmented_action_delay,Augmented (+action buffer + delay values),"(0,0-15)",15.0,0,0,0,15,4,1,82,-20.813546097604558,0.25417430383982365,0.014373408630490303,0.0023687896318733692,1.0,1.0
stochastic_sweep,augmented_action_delay,Augmented (+action buffer + delay values),"(0,0-15)",15.0,0,0,0,15,4,2,84,-20.670444456744008,0.24700933541697895,0.019584929570555687,0.0008398272329941392,1.0,1.0
stochastic_sweep,augmented_action_delay,Augmented (+action buffer + delay values),"(0,0-15)",15.0,0,0,0,15,4,3,88,-20.133058628387516,0.23018963523149563,0.015453658998012543,0.0003294092894066125,1.0,1.0
stochastic_sweep,augmented_action_delay,Augmented (+action buffer + delay values),"(0,0-15)",15.0,0,0,0,15,4,4,84,-20.183537975884974,0.2414104284031228,0.023734502494335175,0.0010536755435168743,1.0,1.0
stochastic_sweep,augmented_action_delay,Augmented (+action buffer + delay values),"(0,0-15)",15.0,0,0,0,15,4,5,85,-21.62174903601408,0.25501504138331205,0.010905896313488483,0.005543522536754608,1.0,1.0
stochastic_sweep,augmented_action_delay,Augmented (+action buffer + delay values),"(0,0-15)",15.0,0,0,0,15,4,6,80,-23.078462566714734,0.2884807820839342,0.014701275154948235,0.005201798398047686,1.0,1.0
stochastic_sweep,augmented_action_delay,Augmented (+action buffer + delay values),"(0,0-15)",15.0,0,0,0,15,4,7,86,-25.774534657830372,0.30119024243389886,0.021304365247488022,0.0016714043449610472,1.0,1.0
stochastic_sweep,augmented_action_delay,Augmented (+action buffer + delay values),"(0,0-15)",15.0,0,0,0,15,4,8,85,-23.678779878886417,0.2793139305540963,0.012580843642354012,0.000650803791359067,1.0,1.0
stochastic_sweep,augmented_action_delay,Augmented (+action buffer + delay values),"(0,0-15)",15.0,0,0,0,15,4,9,80,-20.44377359515056,0.255547169939382,0.004084435757249594,0.0014797586482018232,1.0,1.0
stochastic_sweep,unseen,Unseen delay,"(0,0-20)",20.0,0,0,0,20,0,0,85,-30.694722602609545,0.3673432131297886,0.10589010268449783,0.0045839655213057995,0.0,1.0
stochastic_sweep,unseen,Unseen delay,"(0,0-20)",20.0,0,0,0,20,0,1,84,-38.95261662825942,0.4738550994633919,0.2128029316663742,0.023568298667669296,0.0,0.0
stochastic_sweep,unseen,Unseen delay,"(0,0-20)",20.0,0,0,0,20,0,2,84,-44.87597414012998,0.545251259036983,0.23128290474414825,0.013155472464859486,0.0,1.0
stochastic_sweep,unseen,Unseen delay,"(0,0-20)",20.0,0,0,0,20,0,3,85,-37.38339579291642,0.44200294646708405,0.03737093135714531,0.026527201756834984,1.0,1.0
stochastic_sweep,unseen,Unseen delay,"(0,0-20)",20.0,0,0,0,20,0,4,83,-31.549252117052674,0.3867640589779041,0.1840549260377884,0.009768432006239891,0.0,1.0
stochastic_sweep,unseen,Unseen delay,"(0,0-20)",20.0,0,0,0,20,0,5,91,-29.345799799077213,0.32995109037997633,0.06179540231823921,0.011501139029860497,0.0,1.0
stochastic_sweep,unseen,Unseen delay,"(0,0-20)",20.0,0,0,0,20,0,6,86,-31.900767471641302,0.3774569806924393,0.09342214465141296,0.03267984837293625,0.0,1.0
stochastic_sweep,unseen,Unseen delay,"(0,0-20)",20.0,0,0,0,20,0,7,83,-39.23072616197169,0.4789501553603325,0.17404557764530182,0.011053597554564476,0.0,1.0
stochastic_sweep,unseen,Unseen delay,"(0,0-20)",20.0,0,0,0,20,0,8,83,-32.74297007638961,0.3973856076082013,0.08001178503036499,0.00825395155698061,0.0,1.0
stochastic_sweep,unseen,Unseen delay,"(0,0-20)",20.0,0,0,0,20,0,9,81,-30.43555404478684,0.37582464040153557,0.006241827737540007,0.006241827737540007,1.0,1.0
stochastic_sweep,unseen,Unseen delay,"(0,0-20)",20.0,0,0,0,20,1,0,87,-36.83147266507149,0.4299293662282242,0.08176888525485992,0.06667892634868622,0.0,0.0
stochastic_sweep,unseen,Unseen delay,"(0,0-20)",20.0,0,0,0,20,1,1,83,-30.813921501860023,0.3785805695701435,0.20275525748729706,0.02451922930777073,0.0,1.0
stochastic_sweep,unseen,Unseen delay,"(0,0-20)",20.0,0,0,0,20,1,2,87,-50.67695676907897,0.6095180713154119,0.33587363362312317,0.027897771447896957,0.0,0.0
stochastic_sweep,unseen,Unseen delay,"(0,0-20)",20.0,0,0,0,20,1,3,83,-30.30506621848326,0.3699535674300516,0.13369329273700714,0.0006373835494741797,0.0,1.0
stochastic_sweep,unseen,Unseen delay,"(0,0-20)",20.0,0,0,0,20,1,4,84,-22.234311744221486,0.26739704768156763,0.056760065257549286,0.0013857331359758973,1.0,1.0
stochastic_sweep,unseen,Unseen delay,"(0,0-20)",20.0,0,0,0,20,1,5,83,-21.172939236625098,0.25614640499740077,0.029070792719721794,0.0012348535237833858,1.0,1.0
stochastic_sweep,unseen,Unseen delay,"(0,0-20)",20.0,0,0,0,20,1,6,84,-23.889267350779846,0.2846916007194003,0.006206777412444353,0.00225511915050447,1.0,1.0
stochastic_sweep,unseen,Unseen delay,"(0,0-20)",20.0,0,0,0,20,1,7,91,-38.55328696873039,0.44020457122638657,0.1368480920791626,0.008342447690665722,0.0,0.0
stochastic_sweep,unseen,Unseen delay,"(0,0-20)",20.0,0,0,0,20,1,8,85,-34.3136308407411,0.4058739028761492,0.03713018074631691,0.015268349088728428,1.0,1.0
stochastic_sweep,unseen,Unseen delay,"(0,0-20)",20.0,0,0,0,20,1,9,82,-41.38973681628704,0.509843651659605,0.2087213099002838,0.13547173142433167,0.0,0.0
stochastic_sweep,unseen,Unseen delay,"(0,0-20)",20.0,0,0,0,20,2,0,85,-25.850887563079596,0.31219143161878865,0.13707682490348816,0.009153284132480621,0.0,1.0
stochastic_sweep,unseen,Unseen delay,"(0,0-20)",20.0,0,0,0,20,2,1,81,-30.760298408567905,0.3805696505271358,0.06584328413009644,0.009455517865717411,0.0,1.0
stochastic_sweep,unseen,Unseen delay,"(0,0-20)",20.0,0,0,0,20,2,2,81,-33.72654553805478,0.4168416471766699,0.03762788325548172,0.002543653594329953,1.0,1.0
stochastic_sweep,unseen,Unseen delay,"(0,0-20)",20.0,0,0,0,20,2,3,83,-24.823514737421647,0.29956743593821417,0.013527481816709042,0.0034491748083382845,1.0,1.0
stochastic_sweep,unseen,Unseen delay,"(0,0-20)",20.0,0,0,0,20,2,4,86,-28.41887275315821,0.33597386569910964,0.0791466161608696,0.020361652597784996,0.0,1.0
stochastic_sweep,unseen,Unseen delay,"(0,0-20)",20.0,0,0,0,20,2,5,83,-32.331015571486205,0.39006505792691226,0.014794745482504368,0.004011091310530901,1.0,1.0
stochastic_sweep,unseen,Unseen delay,"(0,0-20)",20.0,0,0,0,20,2,6,80,-26.34894344257191,0.32936179303214885,0.022074991837143898,0.004419303964823484,1.0,1.0
stochastic_sweep,unseen,Unseen delay,"(0,0-20)",20.0,0,0,0,20,2,7,86,-37.285040725022554,0.4696111026285,0.5169190168380737,0.045010045170784,0.0,0.0
stochastic_sweep,unseen,Unseen delay,"(0,0-20)",20.0,0,0,0,20,2,8,87,-32.896743539720774,0.3813283334261385,0.03983163833618164,0.01730278879404068,1.0,1.0
stochastic_sweep,unseen,Unseen delay,"(0,0-20)",20.0,0,0,0,20,2,9,80,-41.26435036212206,0.5158043795265257,0.03350343182682991,0.03350343182682991,1.0,1.0
stochastic_sweep,unseen,Unseen delay,"(0,0-20)",20.0,0,0,0,20,3,0,81,-31.19587104767561,0.3883929244346089,0.26395583152770996,0.020657848566770554,0.0,1.0
stochastic_sweep,unseen,Unseen delay,"(0,0-20)",20.0,0,0,0,20,3,1,82,-29.06178689049557,0.35844214588244694,0.1652345359325409,0.005843300838023424,0.0,1.0
stochastic_sweep,unseen,Unseen delay,"(0,0-20)",20.0,0,0,0,20,3,2,83,-40.60105280391872,0.4955798809203398,0.17735910415649414,0.02853674627840519,0.0,1.0
stochastic_sweep,unseen,Unseen delay,"(0,0-20)",20.0,0,0,0,20,3,3,83,-35.39027628302574,0.4419881837913789,0.4315809905529022,0.08739984035491943,0.0,0.0
stochastic_sweep,unseen,Unseen delay,"(0,0-20)",20.0,0,0,0,20,3,4,85,-29.413104800507426,0.3468713101109161,0.014191311784088612,0.004617730155587196,1.0,1.0
stochastic_sweep,unseen,Unseen delay,"(0,0-20)",20.0,0,0,0,20,3,5,85,-27.835267418064177,0.3303164774990257,0.048326633870601654,0.0054331496357917786,1.0,1.0
stochastic_sweep,unseen,Unseen delay,"(0,0-20)",20.0,0,0,0,20,3,6,81,-31.6257212087512,0.39271642092937303,0.18430888652801514,0.03177566081285477,0.0,0.0
stochastic_sweep,unseen,Unseen delay,"(0,0-20)",20.0,0,0,0,20,3,7,86,-39.637168725952506,0.4780902757504305,0.24643249809741974,0.026120752096176147,0.0,1.0
stochastic_sweep,unseen,Unseen delay,"(0,0-20)",20.0,0,0,0,20,3,8,84,-51.235797841101885,0.6243554065003991,0.30251407623291016,0.03356032073497772,0.0,1.0
stochastic_sweep,unseen,Unseen delay,"(0,0-20)",20.0,0,0,0,20,3,9,85,-30.91473804647103,0.3649431131615796,0.021085314452648163,0.004582068417221308,1.0,1.0
stochastic_sweep,unseen,Unseen delay,"(0,0-20)",20.0,0,0,0,20,4,0,86,-26.229804784059525,0.3061617831591257,0.0166847612708807,0.004126410000026226,1.0,1.0
stochastic_sweep,unseen,Unseen delay,"(0,0-20)",20.0,0,0,0,20,4,1,87,-26.36678820196539,0.30636335610701093,0.040974825620651245,0.010196100920438766,1.0,1.0
stochastic_sweep,unseen,Unseen delay,"(0,0-20)",20.0,0,0,0,20,4,2,84,-35.9824448749423,0.4424646737142688,0.2961469292640686,0.046191804111003876,0.0,0.0
stochastic_sweep,unseen,Unseen delay,"(0,0-20)",20.0,0,0,0,20,4,3,86,-28.023672725073993,0.33173313783481717,0.08422952145338058,0.007912537083029747,0.0,1.0
stochastic_sweep,unseen,Unseen delay,"(0,0-20)",20.0,0,0,0,20,4,4,84,-38.92739060148597,0.47921460756056367,0.33165910840034485,0.022566724568605423,0.0,1.0
stochastic_sweep,unseen,Unseen delay,"(0,0-20)",20.0,0,0,0,20,4,5,87,-35.984658282250166,0.4353341242277074,0.26991578936576843,0.0197178702801466,0.0,0.0
stochastic_sweep,unseen,Unseen delay,"(0,0-20)",20.0,0,0,0,20,4,6,82,-42.69003461301327,0.5260009952798123,0.22102349996566772,0.11875501275062561,0.0,0.0
stochastic_sweep,unseen,Unseen delay,"(0,0-20)",20.0,0,0,0,20,4,7,84,-54.74276006221771,0.6614883776221957,0.2055659145116806,0.021151117980480194,0.0,1.0
stochastic_sweep,unseen,Unseen delay,"(0,0-20)",20.0,0,0,0,20,4,8,82,-46.389114489778876,0.5684407583051702,0.11151384562253952,0.013436911627650261,0.0,0.0
stochastic_sweep,unseen,Unseen delay,"(0,0-20)",20.0,0,0,0,20,4,9,85,-30.367492258548737,0.3589271808590959,0.028263622894883156,0.01658293604850769,1.0,1.0
stochastic_sweep,augmented_action,Augmented (+action buffer),"(0,0-20)",20.0,0,0,0,20,0,0,85,-24.456432957202196,0.28921751263825335,0.025411123409867287,0.00270064827054739,1.0,1.0
stochastic_sweep,augmented_action,Augmented (+action buffer),"(0,0-20)",20.0,0,0,0,20,0,1,84,-24.788045971654356,0.29666777202371686,0.03301171958446503,0.007927010767161846,1.0,1.0
stochastic_sweep,augmented_action,Augmented (+action buffer),"(0,0-20)",20.0,0,0,0,20,0,2,84,-28.951704303268343,0.34714589794055517,0.05213778093457222,0.005229098256677389,1.0,1.0
stochastic_sweep,augmented_action,Augmented (+action buffer),"(0,0-20)",20.0,0,0,0,20,0,3,85,-30.15473367087543,0.3550032564493663,0.004108625464141369,0.004108625464141369,1.0,1.0
stochastic_sweep,augmented_action,Augmented (+action buffer),"(0,0-20)",20.0,0,0,0,20,0,4,83,-24.651344891870394,0.29742231106957845,0.011568975634872913,0.0025351298972964287,1.0,1.0
stochastic_sweep,augmented_action,Augmented (+action buffer),"(0,0-20)",20.0,0,0,0,20,0,5,91,-22.326177651179023,0.24721430426407195,0.015484003350138664,0.0016934812301769853,1.0,1.0
stochastic_sweep,augmented_action,Augmented (+action buffer),"(0,0-20)",20.0,0,0,0,20,0,6,86,-21.427013260894455,0.25029630159423144,0.016411446034908295,0.001259734039194882,1.0,1.0
stochastic_sweep,augmented_action,Augmented (+action buffer),"(0,0-20)",20.0,0,0,0,20,0,7,83,-26.173550400417298,0.31599692330998647,0.018064744770526886,0.003465264569967985,1.0,1.0
stochastic_sweep,augmented_action,Augmented (+action buffer),"(0,0-20)",20.0,0,0,0,20,0,8,83,-20.78455068101175,0.25120615170629,0.021853303536772728,0.003671233309432864,1.0,1.0
stochastic_sweep,augmented_action,Augmented (+action buffer),"(0,0-20)",20.0,0,0,0,20,0,9,81,-23.522952889092267,0.29060984355753955,0.016444439068436623,0.0021588162053376436,1.0,1.0
stochastic_sweep,augmented_action,Augmented (+action buffer),"(0,0-20)",20.0,0,0,0,20,1,0,87,-21.917946341563947,0.25471649711935557,0.03462698683142662,0.001754302647896111,1.0,1.0
stochastic_sweep,augmented_action,Augmented (+action buffer),"(0,0-20)",20.0,0,0,0,20,1,1,83,-24.91981620155275,0.30138847077018527,0.03180895745754242,0.009056681767106056,1.0,1.0
stochastic_sweep,augmented_action,Augmented (+action buffer),"(0,0-20)",20.0,0,0,0,20,1,2,87,-30.245274435263127,0.34833414110237326,0.008542262949049473,0.007459565531462431,1.0,1.0
stochastic_sweep,augmented_action,Augmented (+action buffer),"(0,0-20)",20.0,0,0,0,20,1,3,83,-25.720008309697732,0.3103160698118294,0.012075161561369896,0.0028788757044821978,1.0,1.0
stochastic_sweep,augmented_action,Augmented (+action buffer),"(0,0-20)",20.0,0,0,0,20,1,4,84,-20.9975940186996,0.25061334622192327,0.013481765985488892,0.001120309461839497,1.0,1.0
stochastic_sweep,augmented_action,Augmented (+action buffer),"(0,0-20)",20.0,0,0,0,20,1,5,83,-22.313020425615832,0.2704330265651042,0.0443069264292717,0.0032859023194760084,1.0,1.0
stochastic_sweep,augmented_action,Augmented (+action buffer),"(0,0-20)",20.0,0,0,0,20,1,6,84,-21.48896601679735,0.25648573598369867,0.013958951458334923,0.002646042499691248,1.0,1.0
stochastic_sweep,augmented_action,Augmented (+action buffer),"(0,0-20)",20.0,0,0,0,20,1,7,91,-20.050255711190403,0.22341968466087683,0.025539599359035492,0.00145413214340806,1.0,1.0
stochastic_sweep,augmented_action,Augmented (+action buffer),"(0,0-20)",20.0,0,0,0,20,1,8,85,-23.46707864711061,0.27726390574894405,0.020070668309926987,0.006550919730216265,1.0,1.0
stochastic_sweep,augmented_action,Augmented (+action buffer),"(0,0-20)",20.0,0,0,0,20,1,9,82,-26.155844813212752,0.31942396835855597,0.018460296094417572,0.011162705719470978,1.0,1.0
stochastic_sweep,augmented_action,Augmented (+action buffer),"(0,0-20)",20.0,0,0,0,20,2,0,85,-22.22901958692819,0.26333632273051666,0.030913569033145905,0.003005560487508774,1.0,1.0
stochastic_sweep,augmented_action,Augmented (+action buffer),"(0,0-20)",20.0,0,0,0,20,2,1,81,-28.130092659033835,0.34746022560392265,0.014185614883899689,0.007653999142348766,1.0,1.0
stochastic_sweep,augmented_action,Augmented (+action buffer),"(0,0-20)",20.0,0,0,0,20,2,2,81,-24.210696776979603,0.29908814347481333,0.015442844480276108,0.0014264472993090749,1.0,1.0
stochastic_sweep,augmented_action,Augmented (+action buffer),"(0,0-20)",20.0,0,0,0,20,2,3,83,-20.65730332583189,0.24955436605286885,0.018569685518741608,0.0037379288114607334,1.0,1.0
stochastic_sweep,augmented_action,Augmented (+action buffer),"(0,0-20)",20.0,0,0,0,20,2,4,86,-21.930305950227194,0.2563568030925316,0.019396519288420677,0.0009107746882364154,1.0,1.0
stochastic_sweep,augmented_action,Augmented (+action buffer),"(0,0-20)",20.0,0,0,0,20,2,5,83,-22.45515209529549,0.27134895550244187,0.022270403802394867,0.011318212375044823,1.0,1.0
stochastic_sweep,augmented_action,Augmented (+action buffer),"(0,0-20)",20.0,0,0,0,20,2,6,80,-20.57369698479306,0.25717121230991324,0.027394307777285576,0.0014668757794424891,1.0,1.0
stochastic_sweep,augmented_action,Augmented (+action buffer),"(0,0-20)",20.0,0,0,0,20,2,7,86,-24.938508809544146,0.2906722678196465,0.009884370490908623,0.008419607765972614,1.0,1.0
stochastic_sweep,augmented_action,Augmented (+action buffer),"(0,0-20)",20.0,0,0,0,20,2,8,87,-24.480978548061103,0.2820193421834245,0.007814888842403889,0.0028766877949237823,1.0,1.0
stochastic_sweep,augmented_action,Augmented (+action buffer),"(0,0-20)",20.0,0,0,0,20,2,9,80,-28.271877389168367,0.35339846736460456,0.014758603647351265,0.0033438412938266993,1.0,1.0
stochastic_sweep,augmented_action,Augmented (+action buffer),"(0,0-20)",20.0,0,0,0,20,3,0,81,-27.14977916679345,0.33548194687112154,0.024258529767394066,0.0015028247144073248,1.0,1.0
stochastic_sweep,augmented_action,Augmented (+action buffer),"(0,0-20)",20.0,0,0,0,20,3,1,82,-24.857905006967485,0.30341832179621586,0.01119869016110897,0.004904016386717558,1.0,1.0
stochastic_sweep,augmented_action,Augmented (+action buffer),"(0,0-20)",20.0,0,0,0,20,3,2,83,-21.451589606702328,0.25882839369980326,0.010389023460447788,0.0010643275454640388,1.0,1.0
stochastic_sweep,augmented_action,Augmented (+action buffer),"(0,0-20)",20.0,0,0,0,20,3,3,83,-23.223301880410872,0.28061228093315277,0.022505812346935272,0.0019394845003262162,1.0,1.0
stochastic_sweep,augmented_action,Augmented (+action buffer),"(0,0-20)",20.0,0,0,0,20,3,4,85,-22.45815197203774,0.2653302139671081,0.01898324303328991,0.001802068785764277,1.0,1.0
stochastic_sweep,augmented_action,Augmented (+action buffer),"(0,0-20)",20.0,0,0,0,20,3,5,85,-21.033086888026446,0.24866091908667895,0.020618246868252754,0.0064086224883794785,1.0,1.0
stochastic_sweep,augmented_action,Augmented (+action buffer),"(0,0-20)",20.0,0,0,0,20,3,6,81,-21.849807004327886,0.269960975238513,0.017031989991664886,0.0014593949308618903,1.0,1.0
stochastic_sweep,augmented_action,Augmented (+action buffer),"(0,0-20)",20.0,0,0,0,20,3,7,86,-25.165819545742124,0.29370835258322225,0.015516462735831738,0.002290160860866308,1.0,1.0
stochastic_sweep,augmented_action,Augmented (+action buffer),"(0,0-20)",20.0,0,0,0,20,3,8,84,-30.97992236772552,0.36950201619349954,0.014561748132109642,0.003965227864682674,1.0,1.0
stochastic_sweep,augmented_action,Augmented (+action buffer),"(0,0-20)",20.0,0,0,0,20,3,9,85,-26.176278623286635,0.30861473576001386,0.011194783262908459,0.005665712058544159,1.0,1.0
stochastic_sweep,augmented_action,Augmented (+action buffer),"(0,0-20)",20.0,0,0,0,20,4,0,86,-23.790051825810224,0.27783777275079385,0.01733277179300785,0.003142919624224305,1.0,1.0
stochastic_sweep,augmented_action,Augmented (+action buffer),"(0,0-20)",20.0,0,0,0,20,4,1,87,-23.500967611325905,0.2718174918367388,0.021022025495767593,0.002675433410331607,1.0,1.0
stochastic_sweep,augmented_action,Augmented (+action buffer),"(0,0-20)",20.0,0,0,0,20,4,2,84,-21.644386849133298,0.25822884827530723,0.011709101498126984,0.0018661022186279297,1.0,1.0
stochastic_sweep,augmented_action,Augmented (+action buffer),"(0,0-20)",20.0,0,0,0,20,4,3,86,-22.493993300944567,0.262602933444256,0.014976495876908302,0.0074529824778437614,1.0,1.0
stochastic_sweep,augmented_action,Augmented (+action buffer),"(0,0-20)",20.0,0,0,0,20,4,4,84,-22.49516651313752,0.2692252090976884,0.029937762767076492,0.002844667062163353,1.0,1.0
stochastic_sweep,augmented_action,Augmented (+action buffer),"(0,0-20)",20.0,0,0,0,20,4,5,87,-22.429104036884382,0.2593405911211866,0.019075341522693634,0.0037115130107849836,1.0,1.0
stochastic_sweep,augmented_action,Augmented (+action buffer),"(0,0-20)",20.0,0,0,0,20,4,6,82,-24.072141285054386,0.29416394373402,0.024651050567626953,0.014002433978021145,1.0,1.0
stochastic_sweep,augmented_action,Augmented (+action buffer),"(0,0-20)",20.0,0,0,0,20,4,7,84,-30.14989803219214,0.3606428210678998,0.03602473437786102,0.0046856943517923355,1.0,1.0
stochastic_sweep,augmented_action,Augmented (+action buffer),"(0,0-20)",20.0,0,0,0,20,4,8,82,-29.460359157063067,0.35972939859848563,0.018725764006376266,0.009078366681933403,1.0,1.0
stochastic_sweep,augmented_action,Augmented (+action buffer),"(0,0-20)",20.0,0,0,0,20,4,9,85,-24.840864630416036,0.2926876879461548,0.007517769001424313,0.0012688867282122374,1.0,1.0
stochastic_sweep,augmented_action_delay,Augmented (+action buffer + delay values),"(0,0-20)",20.0,0,0,0,20,0,0,85,-23.88704145117663,0.28242981047917376,0.02389848791062832,0.002121648518368602,1.0,1.0
stochastic_sweep,augmented_action_delay,Augmented (+action buffer + delay values),"(0,0-20)",20.0,0,0,0,20,0,1,84,-20.78752605174668,0.24861480130736405,0.024029314517974854,0.0021911589428782463,1.0,1.0
stochastic_sweep,augmented_action_delay,Augmented (+action buffer + delay values),"(0,0-20)",20.0,0,0,0,20,0,2,84,-22.09544833889231,0.2642561563767404,0.02551719918847084,0.003582112491130829,1.0,1.0
stochastic_sweep,augmented_action_delay,Augmented (+action buffer + delay values),"(0,0-20)",20.0,0,0,0,20,0,3,85,-25.974873533006757,0.3060911527396563,0.008574889972805977,0.003240050282329321,1.0,1.0
stochastic_sweep,augmented_action_delay,Augmented (+action buffer + delay values),"(0,0-20)",20.0,0,0,0,20,0,4,83,-23.959342756541446,0.2890618118227471,0.010929208248853683,0.0018588267266750336,1.0,1.0
stochastic_sweep,augmented_action_delay,Augmented (+action buffer + delay values),"(0,0-20)",20.0,0,0,0,20,0,5,91,-20.976516481721774,0.23214865490476919,0.013546464964747429,0.0013783213216811419,1.0,1.0
stochastic_sweep,augmented_action_delay,Augmented (+action buffer + delay values),"(0,0-20)",20.0,0,0,0,20,0,6,86,-20.736613649176434,0.2423085472790178,0.016986902803182602,0.0018102095928043127,1.0,1.0
stochastic_sweep,augmented_action_delay,Augmented (+action buffer + delay values),"(0,0-20)",20.0,0,0,0,20,0,7,83,-20.761912321206182,0.2507669390852462,0.017247874289751053,0.003768817987293005,1.0,1.0
stochastic_sweep,augmented_action_delay,Augmented (+action buffer + delay values),"(0,0-20)",20.0,0,0,0,20,0,8,83,-20.220302757341415,0.24440455639241151,0.02175847440958023,0.0034360340796411037,1.0,1.0
stochastic_sweep,augmented_action_delay,Augmented (+action buffer + delay values),"(0,0-20)",20.0,0,0,0,20,0,9,81,-21.88562382152304,0.2703900801673256,0.015972672030329704,0.0039407541044056416,1.0,1.0
stochastic_sweep,augmented_action_delay,Augmented (+action buffer + delay values),"(0,0-20)",20.0,0,0,0,20,1,0,87,-20.86544703238178,0.24189362262948363,0.025614019483327866,0.0017570520285516977,1.0,1.0
stochastic_sweep,augmented_action_delay,Augmented (+action buffer + delay values),"(0,0-20)",20.0,0,0,0,20,1,1,83,-21.709754389245063,0.262209075721856,0.01786629855632782,0.0032748058438301086,1.0,1.0
stochastic_sweep,augmented_action_delay,Augmented (+action buffer + delay values),"(0,0-20)",20.0,0,0,0,20,1,2,87,-26.603068467695266,0.3062991312672866,0.0064222789369523525,0.00428561307489872,1.0,1.0
stochastic_sweep,augmented_action_delay,Augmented (+action buffer + delay values),"(0,0-20)",20.0,0,0,0,20,1,3,83,-23.58787215896882,0.2846637270946325,0.013072396628558636,0.0019568107090890408,1.0,1.0
stochastic_sweep,augmented_action_delay,Augmented (+action buffer + delay values),"(0,0-20)",20.0,0,0,0,20,1,4,84,-20.696567965729628,0.2470074805792787,0.013015100732445717,0.0008363375090993941,1.0,1.0
stochastic_sweep,augmented_action_delay,Augmented (+action buffer + delay values),"(0,0-20)",20.0,0,0,0,20,1,5,83,-20.57596754131373,0.24877022409177643,0.023987019434571266,0.001289999927394092,1.0,1.0
stochastic_sweep,augmented_action_delay,Augmented (+action buffer + delay values),"(0,0-20)",20.0,0,0,0,20,1,6,84,-19.85034936608281,0.23712212157053209,0.016977211460471153,0.0010297349654138088,1.0,1.0
stochastic_sweep,augmented_action_delay,Augmented (+action buffer + delay values),"(0,0-20)",20.0,0,0,0,20,1,7,91,-19.85473289928632,0.2210976286198954,0.024104664102196693,0.0007525099790655077,1.0,1.0
stochastic_sweep,augmented_action_delay,Augmented (+action buffer + delay values),"(0,0-20)",20.0,0,0,0,20,1,8,85,-22.066686002537608,0.2607084802844945,0.01870696432888508,0.00717048579826951,1.0,1.0
stochastic_sweep,augmented_action_delay,Augmented (+action buffer + delay values),"(0,0-20)",20.0,0,0,0,20,1,9,82,-23.17973229684867,0.28315610584246403,0.019534191116690636,0.0022269561886787415,1.0,1.0
stochastic_sweep,augmented_action_delay,Augmented (+action buffer + delay values),"(0,0-20)",20.0,0,0,0,20,2,0,85,-21.294312202837318,0.25226958003442956,0.029720420017838478,0.002110266126692295,1.0,1.0
stochastic_sweep,augmented_action_delay,Augmented (+action buffer + delay values),"(0,0-20)",20.0,0,0,0,20,2,1,81,-26.200042065931484,0.3236235096493023,0.013462215662002563,0.0029509635642170906,1.0,1.0
stochastic_sweep,augmented_action_delay,Augmented (+action buffer + delay values),"(0,0-20)",20.0,0,0,0,20,2,2,81,-23.678045103442855,0.2923767083039921,0.004468269180506468,0.0018334077904000878,1.0,1.0
stochastic_sweep,augmented_action_delay,Augmented (+action buffer + delay values),"(0,0-20)",20.0,0,0,0,20,2,3,83,-21.0771130786743,0.2544206377225423,0.013266617432236671,0.002376912161707878,1.0,1.0
stochastic_sweep,augmented_action_delay,Augmented (+action buffer + delay values),"(0,0-20)",20.0,0,0,0,20,2,4,86,-20.638567954767495,0.24132218528647237,0.019189996644854546,0.005139389541000128,1.0,1.0
stochastic_sweep,augmented_action_delay,Augmented (+action buffer + delay values),"(0,0-20)",20.0,0,0,0,20,2,5,83,-20.51470210426487,0.24777565715015384,0.016892479732632637,0.002574233803898096,1.0,1.0
stochastic_sweep,augmented_action_delay,Augmented (+action buffer + delay values),"(0,0-20)",20.0,0,0,0,20,2,6,80,-19.928123967023566,0.24910154958779457,0.028861386701464653,0.00035530258901417255,1.0,1.0
stochastic_sweep,augmented_action_delay,Augmented (+action buffer + delay values),"(0,0-20)",20.0,0,0,0,20,2,7,86,-22.09371793619357,0.2576662867064696,0.010930453427135944,0.0030087565537542105,1.0,1.0
stochastic_sweep,augmented_action_delay,Augmented (+action buffer + delay values),"(0,0-20)",20.0,0,0,0,20,2,8,87,-22.682106953230686,0.26183837976697405,0.013976012356579304,0.00181348726619035,1.0,1.0
stochastic_sweep,augmented_action_delay,Augmented (+action buffer + delay values),"(0,0-20)",20.0,0,0,0,20,2,9,80,-25.761787646915764,0.32202234558644705,0.018049325793981552,0.002579975640401244,1.0,1.0
stochastic_sweep,augmented_action_delay,Augmented (+action buffer + delay values),"(0,0-20)",20.0,0,0,0,20,3,0,81,-25.802189871203154,0.3187481913612121,0.016413629055023193,0.006495349574834108,1.0,1.0
stochastic_sweep,augmented_action_delay,Augmented (+action buffer + delay values),"(0,0-20)",20.0,0,0,0,20,3,1,82,-23.590172390453517,0.28790388450526244,0.008973069489002228,0.0037936647422611713,1.0,1.0
stochastic_sweep,augmented_action_delay,Augmented (+action buffer + delay values),"(0,0-20)",20.0,0,0,0,20,3,2,83,-21.269551730249077,0.25657489725826194,0.008721580728888512,0.00169503060169518,1.0,1.0
stochastic_sweep,augmented_action_delay,Augmented (+action buffer + delay values),"(0,0-20)",20.0,0,0,0,20,3,3,83,-20.81492527248338,0.2513386452828635,0.015394095331430435,0.0033849808387458324,1.0,1.0
stochastic_sweep,augmented_action_delay,Augmented (+action buffer + delay values),"(0,0-20)",20.0,0,0,0,20,3,4,85,-19.976178823504597,0.2360439845799085,0.017511973157525063,0.0038748751394450665,1.0,1.0
stochastic_sweep,augmented_action_delay,Augmented (+action buffer + delay values),"(0,0-20)",20.0,0,0,0,20,3,5,85,-20.148529443191364,0.2386275477844345,0.02696242369711399,0.0034108066465705633,1.0,1.0
stochastic_sweep,augmented_action_delay,Augmented (+action buffer + delay values),"(0,0-20)",20.0,0,0,0,20,3,6,81,-21.76368048833683,0.26889830402868947,0.01708213798701763,0.004013478755950928,1.0,1.0
stochastic_sweep,augmented_action_delay,Augmented (+action buffer + delay values),"(0,0-20)",20.0,0,0,0,20,3,7,86,-22.9053968321532,0.26790526494123906,0.02240932546555996,0.0034544714726507664,1.0,1.0
stochastic_sweep,augmented_action_delay,Augmented (+action buffer + delay values),"(0,0-20)",20.0,0,0,0,20,3,8,84,-26.06772578129312,0.31138568721819737,0.022167986258864403,0.0002881467225961387,1.0,1.0
stochastic_sweep,augmented_action_delay,Augmented (+action buffer + delay values),"(0,0-20)",20.0,0,0,0,20,3,9,85,-23.856796954991296,0.2816217566593824,0.016210472211241722,0.0030338966753333807,1.0,1.0
stochastic_sweep,augmented_action_delay,Augmented (+action buffer + delay values),"(0,0-20)",20.0,0,0,0,20,4,0,86,-23.457160069956444,0.2737752193690624,0.01458479929715395,0.001718181069009006,1.0,1.0
stochastic_sweep,augmented_action_delay,Augmented (+action buffer + delay values),"(0,0-20)",20.0,0,0,0,20,4,1,87,-20.89082513633184,0.24110561812392853,0.012194805778563023,0.001294072950258851,1.0,1.0
stochastic_sweep,augmented_action_delay,Augmented (+action buffer + delay values),"(0,0-20)",20.0,0,0,0,20,4,2,84,-20.491751156863756,0.2445245265442368,0.012077268213033676,0.0011846661800518632,1.0,1.0
stochastic_sweep,augmented_action_delay,Augmented (+action buffer + delay values),"(0,0-20)",20.0,0,0,0,20,4,3,86,-20.233766118995845,0.23653866379889985,0.018093161284923553,0.002510668244212866,1.0,1.0
stochastic_sweep,augmented_action_delay,Augmented (+action buffer + delay values),"(0,0-20)",20.0,0,0,0,20,4,4,84,-20.176118673174642,0.24151809967450044,0.027850424870848656,0.0014037139480933547,1.0,1.0
stochastic_sweep,augmented_action_delay,Augmented (+action buffer + delay values),"(0,0-20)",20.0,0,0,0,20,4,5,87,-21.957141850842163,0.25354637253504975,0.014484651386737823,0.0010581796523183584,1.0,1.0
stochastic_sweep,augmented_action_delay,Augmented (+action buffer + delay values),"(0,0-20)",20.0,0,0,0,20,4,6,82,-23.384519952815026,0.28558943170213663,0.016906723380088806,0.0030789305455982685,1.0,1.0
stochastic_sweep,augmented_action_delay,Augmented (+action buffer + delay values),"(0,0-20)",20.0,0,0,0,20,4,7,84,-25.805158529197797,0.3083210460193056,0.023452334105968475,0.002199009759351611,1.0,1.0
stochastic_sweep,augmented_action_delay,Augmented (+action buffer + delay values),"(0,0-20)",20.0,0,0,0,20,4,8,82,-24.180333549622446,0.2953771860509111,0.020297853276133537,0.0034420141018927097,1.0,1.0
stochastic_sweep,augmented_action_delay,Augmented (+action buffer + delay values),"(0,0-20)",20.0,0,0,0,20,4,9,85,-20.572282495559193,0.24226727737250792,0.004087216220796108,0.001240532728843391,1.0,1.0
state_constant,unseen,Unseen delay,"(15,15)",15.0,15,15,15,15,0,0,95,-149.39966237545013,1.8933145912070024,2.031014919281006,0.03308935463428497,0.0,1.0
state_constant,unseen,Unseen delay,"(15,15)",15.0,15,15,15,15,0,1,95,-145.41744230687618,1.8215446847049814,1.8419535160064697,0.181050106883049,0.0,0.0
state_constant,unseen,Unseen delay,"(15,15)",15.0,15,15,15,15,0,2,95,-146.56691974401474,1.8432776244063127,1.902963638305664,0.09401121735572815,0.0,0.0
state_constant,unseen,Unseen delay,"(15,15)",15.0,15,15,15,15,0,3,95,-150.59990069270134,1.928421863442973,2.1733450889587402,0.10869351029396057,0.0,0.0
state_constant,unseen,Unseen delay,"(15,15)",15.0,15,15,15,15,0,4,95,-148.99712667614222,1.8973941788077355,2.0836880207061768,0.01838529109954834,0.0,1.0
state_constant,unseen,Unseen delay,"(15,15)",15.0,15,15,15,15,0,5,95,-144.96528664976358,1.8272277534792298,1.9080899953842163,0.062233589589595795,0.0,0.0
state_constant,unseen,Unseen delay,"(15,15)",15.0,15,15,15,15,0,6,95,-144.4113496541977,1.8060942047520687,1.8111733198165894,0.15158472955226898,0.0,0.0
state_constant,unseen,Unseen delay,"(15,15)",15.0,15,15,15,15,0,7,95,-144.76530347019434,1.8141996770312911,1.8389110565185547,0.10725785046815872,0.0,0.0
state_constant,unseen,Unseen delay,"(15,15)",15.0,15,15,15,15,0,8,95,-145.76771073043346,1.8260226994752884,1.8469630479812622,0.11702430248260498,0.0,0.0
state_constant,unseen,Unseen delay,"(15,15)",15.0,15,15,15,15,0,9,95,-148.23707760870457,1.8753978015560853,1.9950475692749023,0.19575950503349304,0.0,0.0
state_constant,unseen,Unseen delay,"(15,15)",15.0,15,15,15,15,1,0,95,-145.41744230687618,1.8215446847049814,1.8419535160064697,0.181050106883049,0.0,0.0
state_constant,unseen,Unseen delay,"(15,15)",15.0,15,15,15,15,1,1,95,-146.56691974401474,1.8432776244063127,1.902963638305664,0.09401121735572815,0.0,0.0
state_constant,unseen,Unseen delay,"(15,15)",15.0,15,15,15,15,1,2,95,-150.59990069270134,1.928421863442973,2.1733450889587402,0.10869351029396057,0.0,0.0
state_constant,unseen,Unseen delay,"(15,15)",15.0,15,15,15,15,1,3,95,-148.99712667614222,1.8973941788077355,2.0836880207061768,0.01838529109954834,0.0,1.0
state_constant,unseen,Unseen delay,"(15,15)",15.0,15,15,15,15,1,4,95,-144.96528664976358,1.8272277534792298,1.9080899953842163,0.062233589589595795,0.0,0.0
state_constant,unseen,Unseen delay,"(15,15)",15.0,15,15,15,15,1,5,95,-144.4113496541977,1.8060942047520687,1.8111733198165894,0.15158472955226898,0.0,0.0
state_constant,unseen,Unseen delay,"(15,15)",15.0,15,15,15,15,1,6,95,-144.76530347019434,1.8141996770312911,1.8389110565185547,0.10725785046815872,0.0,0.0
state_constant,unseen,Unseen delay,"(15,15)",15.0,15,15,15,15,1,7,95,-145.76771073043346,1.8260226994752884,1.8469630479812622,0.11702430248260498,0.0,0.0
state_constant,unseen,Unseen delay,"(15,15)",15.0,15,15,15,15,1,8,95,-148.23707760870457,1.8753978015560853,1.9950475692749023,0.19575950503349304,0.0,0.0
state_constant,unseen,Unseen delay,"(15,15)",15.0,15,15,15,15,1,9,95,-147.52664455771446,1.865524035692215,1.979875922203064,0.23322159051895142,0.0,0.0
state_constant,unseen,Unseen delay,"(15,15)",15.0,15,15,15,15,2,0,95,-146.56691974401474,1.8432776244063127,1.902963638305664,0.09401121735572815,0.0,0.0
state_constant,unseen,Unseen delay,"(15,15)",15.0,15,15,15,15,2,1,95,-150.59990069270134,1.928421863442973,2.1733450889587402,0.10869351029396057,0.0,0.0
state_constant,unseen,Unseen delay,"(15,15)",15.0,15,15,15,15,2,2,95,-148.99712667614222,1.8973941788077355,2.0836880207061768,0.01838529109954834,0.0,1.0
state_constant,unseen,Unseen delay,"(15,15)",15.0,15,15,15,15,2,3,95,-144.96528664976358,1.8272277534792298,1.9080899953842163,0.062233589589595795,0.0,0.0
state_constant,unseen,Unseen delay,"(15,15)",15.0,15,15,15,15,2,4,95,-144.4113496541977,1.8060942047520687,1.8111733198165894,0.15158472955226898,0.0,0.0
state_constant,unseen,Unseen delay,"(15,15)",15.0,15,15,15,15,2,5,95,-144.76530347019434,1.8141996770312911,1.8389110565185547,0.10725785046815872,0.0,0.0
state_constant,unseen,Unseen delay,"(15,15)",15.0,15,15,15,15,2,6,95,-145.76771073043346,1.8260226994752884,1.8469630479812622,0.11702430248260498,0.0,0.0
state_constant,unseen,Unseen delay,"(15,15)",15.0,15,15,15,15,2,7,95,-148.23707760870457,1.8753978015560853,1.9950475692749023,0.19575950503349304,0.0,0.0
state_constant,unseen,Unseen delay,"(15,15)",15.0,15,15,15,15,2,8,95,-147.52664455771446,1.865524035692215,1.979875922203064,0.23322159051895142,0.0,0.0
state_constant,unseen,Unseen delay,"(15,15)",15.0,15,15,15,15,2,9,95,-151.42401944100857,1.938105759965746,2.1797351837158203,0.14338204264640808,0.0,0.0
state_constant,unseen,Unseen delay,"(15,15)",15.0,15,15,15,15,3,0,95,-150.59990069270134,1.928421863442973,2.1733450889587402,0.10869351029396057,0.0,0.0
state_constant,unseen,Unseen delay,"(15,15)",15.0,15,15,15,15,3,1,95,-148.99712667614222,1.8973941788077355,2.0836880207061768,0.01838529109954834,0.0,1.0
state_constant,unseen,Unseen delay,"(15,15)",15.0,15,15,15,15,3,2,95,-144.96528664976358,1.8272277534792298,1.9080899953842163,0.062233589589595795,0.0,0.0
state_constant,unseen,Unseen delay,"(15,15)",15.0,15,15,15,15,3,3,95,-144.4113496541977,1.8060942047520687,1.8111733198165894,0.15158472955226898,0.0,0.0
state_constant,unseen,Unseen delay,"(15,15)",15.0,15,15,15,15,3,4,95,-144.76530347019434,1.8141996770312911,1.8389110565185547,0.10725785046815872,0.0,0.0
state_constant,unseen,Unseen delay,"(15,15)",15.0,15,15,15,15,3,5,95,-145.76771073043346,1.8260226994752884,1.8469630479812622,0.11702430248260498,0.0,0.0
state_constant,unseen,Unseen delay,"(15,15)",15.0,15,15,15,15,3,6,95,-148.23707760870457,1.8753978015560853,1.9950475692749023,0.19575950503349304,0.0,0.0
state_constant,unseen,Unseen delay,"(15,15)",15.0,15,15,15,15,3,7,95,-147.52664455771446,1.865524035692215,1.979875922203064,0.23322159051895142,0.0,0.0
state_constant,unseen,Unseen delay,"(15,15)",15.0,15,15,15,15,3,8,95,-151.42401944100857,1.938105759965746,2.1797351837158203,0.14338204264640808,0.0,0.0
state_constant,unseen,Unseen delay,"(15,15)",15.0,15,15,15,15,3,9,95,-149.02059169113636,1.889027015315859,2.0291316509246826,0.1369815468788147,0.0,0.0
state_constant,unseen,Unseen delay,"(15,15)",15.0,15,15,15,15,4,0,95,-148.99712667614222,1.8973941788077355,2.0836880207061768,0.01838529109954834,0.0,1.0
state_constant,unseen,Unseen delay,"(15,15)",15.0,15,15,15,15,4,1,95,-144.96528664976358,1.8272277534792298,1.9080899953842163,0.062233589589595795,0.0,0.0
state_constant,unseen,Unseen delay,"(15,15)",15.0,15,15,15,15,4,2,95,-144.4113496541977,1.8060942047520687,1.8111733198165894,0.15158472955226898,0.0,0.0
state_constant,unseen,Unseen delay,"(15,15)",15.0,15,15,15,15,4,3,95,-144.76530347019434,1.8141996770312911,1.8389110565185547,0.10725785046815872,0.0,0.0
state_constant,unseen,Unseen delay,"(15,15)",15.0,15,15,15,15,4,4,95,-145.76771073043346,1.8260226994752884,1.8469630479812622,0.11702430248260498,0.0,0.0
state_constant,unseen,Unseen delay,"(15,15)",15.0,15,15,15,15,4,5,95,-148.23707760870457,1.8753978015560853,1.9950475692749023,0.19575950503349304,0.0,0.0
state_constant,unseen,Unseen delay,"(15,15)",15.0,15,15,15,15,4,6,95,-147.52664455771446,1.865524035692215,1.979875922203064,0.23322159051895142,0.0,0.0
state_constant,unseen,Unseen delay,"(15,15)",15.0,15,15,15,15,4,7,95,-151.42401944100857,1.938105759965746,2.1797351837158203,0.14338204264640808,0.0,0.0
state_constant,unseen,Unseen delay,"(15,15)",15.0,15,15,15,15,4,8,95,-149.02059169113636,1.889027015315859,2.0291316509246826,0.1369815468788147,0.0,0.0
state_constant,unseen,Unseen delay,"(15,15)",15.0,15,15,15,15,4,9,95,-145.66094376891851,1.8297278670103927,1.8775469064712524,0.07664092630147934,0.0,0.0
state_constant,augmented_action,Augmented (+action buffer),"(15,15)",15.0,15,15,15,15,0,0,95,-56.48701363289729,0.6001507821296783,0.03515404462814331,0.005922663025557995,1.0,1.0
state_constant,augmented_action,Augmented (+action buffer),"(15,15)",15.0,15,15,15,15,0,1,95,-49.74215023126453,0.5300239844051631,0.040675219148397446,0.0141738411039114,1.0,1.0
state_constant,augmented_action,Augmented (+action buffer),"(15,15)",15.0,15,15,15,15,0,2,95,-51.27549664117396,0.5417202000849342,0.01252815779298544,0.0010275810491293669,1.0,1.0
state_constant,augmented_action,Augmented (+action buffer),"(15,15)",15.0,15,15,15,15,0,3,95,-58.95249797985889,0.6233613081300925,0.017788419499993324,0.003307651961222291,1.0,1.0
state_constant,augmented_action,Augmented (+action buffer),"(15,15)",15.0,15,15,15,15,0,4,95,-56.335577899590135,0.6003487038573152,0.04650326445698738,0.023897625505924225,1.0,1.0
state_constant,augmented_action,Augmented (+action buffer),"(15,15)",15.0,15,15,15,15,0,5,95,-51.56196413259022,0.547132066566203,0.02770547941327095,0.002321659354493022,1.0,1.0
state_constant,augmented_action,Augmented (+action buffer),"(15,15)",15.0,15,15,15,15,0,6,95,-50.56147803738713,0.5382020827578871,0.037847988307476044,0.009710995480418205,1.0,1.0
state_constant,augmented_action,Augmented (+action buffer),"(15,15)",15.0,15,15,15,15,0,7,95,-49.77196341799572,0.5316162717626676,0.04877215996384621,0.0022834825795143843,1.0,1.0
state_constant,augmented_action,Augmented (+action buffer),"(15,15)",15.0,15,15,15,15,0,8,95,-49.66563095804304,0.5259035971309793,0.019680717960000038,0.010682232677936554,1.0,1.0
state_constant,augmented_action,Augmented (+action buffer),"(15,15)",15.0,15,15,15,15,0,9,95,-52.84607557952404,0.5623881440805761,0.03871987387537956,0.030463043600320816,1.0,1.0
state_constant,augmented_action,Augmented (+action buffer),"(15,15)",15.0,15,15,15,15,1,0,95,-49.74215023126453,0.5300239844051631,0.040675219148397446,0.0141738411039114,1.0,1.0
state_constant,augmented_action,Augmented (+action buffer),"(15,15)",15.0,15,15,15,15,1,1,95,-51.27549664117396,0.5417202000849342,0.01252815779298544,0.0010275810491293669,1.0,1.0
state_constant,augmented_action,Augmented (+action buffer),"(15,15)",15.0,15,15,15,15,1,2,95,-58.95249797985889,0.6233613081300925,0.017788419499993324,0.003307651961222291,1.0,1.0
state_constant,augmented_action,Augmented (+action buffer),"(15,15)",15.0,15,15,15,15,1,3,95,-56.335577899590135,0.6003487038573152,0.04650326445698738,0.023897625505924225,1.0,1.0
state_constant,augmented_action,Augmented (+action buffer),"(15,15)",15.0,15,15,15,15,1,4,95,-51.56196413259022,0.547132066566203,0.02770547941327095,0.002321659354493022,1.0,1.0
state_constant,augmented_action,Augmented (+action buffer),"(15,15)",15.0,15,15,15,15,1,5,95,-50.56147803738713,0.5382020827578871,0.037847988307476044,0.009710995480418205,1.0,1.0
state_constant,augmented_action,Augmented (+action buffer),"(15,15)",15.0,15,15,15,15,1,6,95,-49.77196341799572,0.5316162717626676,0.04877215996384621,0.0022834825795143843,1.0,1.0
state_constant,augmented_action,Augmented (+action buffer),"(15,15)",15.0,15,15,15,15,1,7,95,-49.66563095804304,0.5259035971309793,0.019680717960000038,0.010682232677936554,1.0,1.0
state_constant,augmented_action,Augmented (+action buffer),"(15,15)",15.0,15,15,15,15,1,8,95,-52.84607557952404,0.5623881440805761,0.03871987387537956,0.030463043600320816,1.0,1.0
state_constant,augmented_action,Augmented (+action buffer),"(15,15)",15.0,15,15,15,15,1,9,95,-54.31357701681554,0.578062464277211,0.04015713930130005,0.011026655323803425,1.0,1.0
state_constant,augmented_action,Augmented (+action buffer),"(15,15)",15.0,15,15,15,15,2,0,95,-51.27549664117396,0.5417202000849342,0.01252815779298544,0.0010275810491293669,1.0,1.0
state_constant,augmented_action,Augmented (+action buffer),"(15,15)",15.0,15,15,15,15,2,1,95,-58.95249797985889,0.6233613081300925,0.017788419499993324,0.003307651961222291,1.0,1.0
state_constant,augmented_action,Augmented (+action buffer),"(15,15)",15.0,15,15,15,15,2,2,95,-56.335577899590135,0.6003487038573152,0.04650326445698738,0.023897625505924225,1.0,1.0
state_constant,augmented_action,Augmented (+action buffer),"(15,15)",15.0,15,15,15,15,2,3,95,-51.56196413259022,0.547132066566203,0.02770547941327095,0.002321659354493022,1.0,1.0
state_constant,augmented_action,Augmented (+action buffer),"(15,15)",15.0,15,15,15,15,2,4,95,-50.56147803738713,0.5382020827578871,0.037847988307476044,0.009710995480418205,1.0,1.0
state_constant,augmented_action,Augmented (+action buffer),"(15,15)",15.0,15,15,15,15,2,5,95,-49.77196341799572,0.5316162717626676,0.04877215996384621,0.0022834825795143843,1.0,1.0
state_constant,augmented_action,Augmented (+action buffer),"(15,15)",15.0,15,15,15,15,2,6,95,-49.66563095804304,0.5259035971309793,0.019680717960000038,0.010682232677936554,1.0,1.0
state_constant,augmented_action,Augmented (+action buffer),"(15,15)",15.0,15,15,15,15,2,7,95,-52.84607557952404,0.5623881440805761,0.03871987387537956,0.030463043600320816,1.0,1.0
state_constant,augmented_action,Augmented (+action buffer),"(15,15)",15.0,15,15,15,15,2,8,95,-54.31357701681554,0.578062464277211,0.04015713930130005,0.011026655323803425,1.0,1.0
state_constant,augmented_action,Augmented (+action buffer),"(15,15)",15.0,15,15,15,15,2,9,95,-58.92888660985045,0.6242867488095439,0.025223635137081146,0.001869412837550044,1.0,1.0
state_constant,augmented_action,Augmented (+action buffer),"(15,15)",15.0,15,15,15,15,3,0,95,-58.95249797985889,0.6233613081300925,0.017788419499993324,0.003307651961222291,1.0,1.0
state_constant,augmented_action,Augmented (+action buffer),"(15,15)",15.0,15,15,15,15,3,1,95,-56.335577899590135,0.6003487038573152,0.04650326445698738,0.023897625505924225,1.0,1.0
state_constant,augmented_action,Augmented (+action buffer),"(15,15)",15.0,15,15,15,15,3,2,95,-51.56196413259022,0.547132066566203,0.02770547941327095,0.002321659354493022,1.0,1.0
state_constant,augmented_action,Augmented (+action buffer),"(15,15)",15.0,15,15,15,15,3,3,95,-50.56147803738713,0.5382020827578871,0.037847988307476044,0.009710995480418205,1.0,1.0
state_constant,augmented_action,Augmented (+action buffer),"(15,15)",15.0,15,15,15,15,3,4,95,-49.77196341799572,0.5316162717626676,0.04877215996384621,0.0022834825795143843,1.0,1.0
state_constant,augmented_action,Augmented (+action buffer),"(15,15)",15.0,15,15,15,15,3,5,95,-49.66563095804304,0.5259035971309793,0.019680717960000038,0.010682232677936554,1.0,1.0
state_constant,augmented_action,Augmented (+action buffer),"(15,15)",15.0,15,15,15,15,3,6,95,-52.84607557952404,0.5623881440805761,0.03871987387537956,0.030463043600320816,1.0,1.0
state_constant,augmented_action,Augmented (+action buffer),"(15,15)",15.0,15,15,15,15,3,7,95,-54.31357701681554,0.578062464277211,0.04015713930130005,0.011026655323803425,1.0,1.0
state_constant,augmented_action,Augmented (+action buffer),"(15,15)",15.0,15,15,15,15,3,8,95,-58.92888660985045,0.6242867488095439,0.025223635137081146,0.001869412837550044,1.0,1.0
state_constant,augmented_action,Augmented (+action buffer),"(15,15)",15.0,15,15,15,15,3,9,95,-55.72536696959287,0.5907289750776008,0.0262590441852808,0.007124780211597681,1.0,1.0
state_constant,augmented_action,Augmented (+action buffer),"(15,15)",15.0,15,15,15,15,4,0,95,-56.335577899590135,0.6003487038573152,0.04650326445698738,0.023897625505924225,1.0,1.0
state_constant,augmented_action,Augmented (+action buffer),"(15,15)",15.0,15,15,15,15,4,1,95,-51.56196413259022,0.547132066566203,0.02770547941327095,0.002321659354493022,1.0,1.0
state_constant,augmented_action,Augmented (+action buffer),"(15,15)",15.0,15,15,15,15,4,2,95,-50.56147803738713,0.5382020827578871,0.037847988307476044,0.009710995480418205,1.0,1.0
state_constant,augmented_action,Augmented (+action buffer),"(15,15)",15.0,15,15,15,15,4,3,95,-49.77196341799572,0.5316162717626676,0.04877215996384621,0.0022834825795143843,1.0,1.0
state_constant,augmented_action,Augmented (+action buffer),"(15,15)",15.0,15,15,15,15,4,4,95,-49.66563095804304,0.5259035971309793,0.019680717960000038,0.010682232677936554,1.0,1.0
state_constant,augmented_action,Augmented (+action buffer),"(15,15)",15.0,15,15,15,15,4,5,95,-52.84607557952404,0.5623881440805761,0.03871987387537956,0.030463043600320816,1.0,1.0
state_constant,augmented_action,Augmented (+action buffer),"(15,15)",15.0,15,15,15,15,4,6,95,-54.31357701681554,0.578062464277211,0.04015713930130005,0.011026655323803425,1.0,1.0
state_constant,augmented_action,Augmented (+action buffer),"(15,15)",15.0,15,15,15,15,4,7,95,-58.92888660985045,0.6242867488095439,0.025223635137081146,0.001869412837550044,1.0,1.0
state_constant,augmented_action,Augmented (+action buffer),"(15,15)",15.0,15,15,15,15,4,8,95,-55.72536696959287,0.5907289750776008,0.0262590441852808,0.007124780211597681,1.0,1.0
state_constant,augmented_action,Augmented (+action buffer),"(15,15)",15.0,15,15,15,15,4,9,95,-49.936154790222645,0.5309384699322676,0.03353332355618477,0.002134928945451975,1.0,1.0
state_constant,augmented_action_delay,Augmented (+action buffer + delay values),"(15,15)",15.0,15,15,15,15,0,0,95,-56.48701363289729,0.6001507821296783,0.03515404462814331,0.005922663025557995,1.0,1.0
state_constant,augmented_action_delay,Augmented (+action buffer + delay values),"(15,15)",15.0,15,15,15,15,0,1,95,-49.74215023126453,0.5300239844051631,0.040675219148397446,0.0141738411039114,1.0,1.0
state_constant,augmented_action_delay,Augmented (+action buffer + delay values),"(15,15)",15.0,15,15,15,15,0,2,95,-51.27549664117396,0.5417202000849342,0.01252815779298544,0.0010275810491293669,1.0,1.0
state_constant,augmented_action_delay,Augmented (+action buffer + delay values),"(15,15)",15.0,15,15,15,15,0,3,95,-58.95249797985889,0.6233613081300925,0.017788419499993324,0.003307651961222291,1.0,1.0
state_constant,augmented_action_delay,Augmented (+action buffer + delay values),"(15,15)",15.0,15,15,15,15,0,4,95,-56.335577899590135,0.6003487038573152,0.04650326445698738,0.023897625505924225,1.0,1.0
state_constant,augmented_action_delay,Augmented (+action buffer + delay values),"(15,15)",15.0,15,15,15,15,0,5,95,-51.56196413259022,0.547132066566203,0.02770547941327095,0.002321659354493022,1.0,1.0
state_constant,augmented_action_delay,Augmented (+action buffer + delay values),"(15,15)",15.0,15,15,15,15,0,6,95,-50.56147803738713,0.5382020827578871,0.037847988307476044,0.009710995480418205,1.0,1.0
state_constant,augmented_action_delay,Augmented (+action buffer + delay values),"(15,15)",15.0,15,15,15,15,0,7,95,-49.77196341799572,0.5316162717626676,0.04877215996384621,0.0022834825795143843,1.0,1.0
state_constant,augmented_action_delay,Augmented (+action buffer + delay values),"(15,15)",15.0,15,15,15,15,0,8,95,-49.66563095804304,0.5259035971309793,0.019680717960000038,0.010682232677936554,1.0,1.0
state_constant,augmented_action_delay,Augmented (+action buffer + delay values),"(15,15)",15.0,15,15,15,15,0,9,95,-52.84607557952404,0.5623881440805761,0.03871987387537956,0.030463043600320816,1.0,1.0
state_constant,augmented_action_delay,Augmented (+action buffer + delay values),"(15,15)",15.0,15,15,15,15,1,0,95,-49.74215023126453,0.5300239844051631,0.040675219148397446,0.0141738411039114,1.0,1.0
state_constant,augmented_action_delay,Augmented (+action buffer + delay values),"(15,15)",15.0,15,15,15,15,1,1,95,-51.27549664117396,0.5417202000849342,0.01252815779298544,0.0010275810491293669,1.0,1.0
state_constant,augmented_action_delay,Augmented (+action buffer + delay values),"(15,15)",15.0,15,15,15,15,1,2,95,-58.95249797985889,0.6233613081300925,0.017788419499993324,0.003307651961222291,1.0,1.0
state_constant,augmented_action_delay,Augmented (+action buffer + delay values),"(15,15)",15.0,15,15,15,15,1,3,95,-56.335577899590135,0.6003487038573152,0.04650326445698738,0.023897625505924225,1.0,1.0
state_constant,augmented_action_delay,Augmented (+action buffer + delay values),"(15,15)",15.0,15,15,15,15,1,4,95,-51.56196413259022,0.547132066566203,0.02770547941327095,0.002321659354493022,1.0,1.0
state_constant,augmented_action_delay,Augmented (+action buffer + delay values),"(15,15)",15.0,15,15,15,15,1,5,95,-50.56147803738713,0.5382020827578871,0.037847988307476044,0.009710995480418205,1.0,1.0
state_constant,augmented_action_delay,Augmented (+action buffer + delay values),"(15,15)",15.0,15,15,15,15,1,6,95,-49.77196341799572,0.5316162717626676,0.04877215996384621,0.0022834825795143843,1.0,1.0
state_constant,augmented_action_delay,Augmented (+action buffer + delay values),"(15,15)",15.0,15,15,15,15,1,7,95,-49.66563095804304,0.5259035971309793,0.019680717960000038,0.010682232677936554,1.0,1.0
state_constant,augmented_action_delay,Augmented (+action buffer + delay values),"(15,15)",15.0,15,15,15,15,1,8,95,-52.84607557952404,0.5623881440805761,0.03871987387537956,0.030463043600320816,1.0,1.0
state_constant,augmented_action_delay,Augmented (+action buffer + delay values),"(15,15)",15.0,15,15,15,15,1,9,95,-54.31357701681554,0.578062464277211,0.04015713930130005,0.011026655323803425,1.0,1.0
state_constant,augmented_action_delay,Augmented (+action buffer + delay values),"(15,15)",15.0,15,15,15,15,2,0,95,-51.27549664117396,0.5417202000849342,0.01252815779298544,0.0010275810491293669,1.0,1.0
state_constant,augmented_action_delay,Augmented (+action buffer + delay values),"(15,15)",15.0,15,15,15,15,2,1,95,-58.95249797985889,0.6233613081300925,0.017788419499993324,0.003307651961222291,1.0,1.0
state_constant,augmented_action_delay,Augmented (+action buffer + delay values),"(15,15)",15.0,15,15,15,15,2,2,95,-56.335577899590135,0.6003487038573152,0.04650326445698738,0.023897625505924225,1.0,1.0
state_constant,augmented_action_delay,Augmented (+action buffer + delay values),"(15,15)",15.0,15,15,15,15,2,3,95,-51.56196413259022,0.547132066566203,0.02770547941327095,0.002321659354493022,1.0,1.0
state_constant,augmented_action_delay,Augmented (+action buffer + delay values),"(15,15)",15.0,15,15,15,15,2,4,95,-50.56147803738713,0.5382020827578871,0.037847988307476044,0.009710995480418205,1.0,1.0
state_constant,augmented_action_delay,Augmented (+action buffer + delay values),"(15,15)",15.0,15,15,15,15,2,5,95,-49.77196341799572,0.5316162717626676,0.04877215996384621,0.0022834825795143843,1.0,1.0
state_constant,augmented_action_delay,Augmented (+action buffer + delay values),"(15,15)",15.0,15,15,15,15,2,6,95,-49.66563095804304,0.5259035971309793,0.019680717960000038,0.010682232677936554,1.0,1.0
state_constant,augmented_action_delay,Augmented (+action buffer + delay values),"(15,15)",15.0,15,15,15,15,2,7,95,-52.84607557952404,0.5623881440805761,0.03871987387537956,0.030463043600320816,1.0,1.0
state_constant,augmented_action_delay,Augmented (+action buffer + delay values),"(15,15)",15.0,15,15,15,15,2,8,95,-54.31357701681554,0.578062464277211,0.04015713930130005,0.011026655323803425,1.0,1.0
state_constant,augmented_action_delay,Augmented (+action buffer + delay values),"(15,15)",15.0,15,15,15,15,2,9,95,-58.92888660985045,0.6242867488095439,0.025223635137081146,0.001869412837550044,1.0,1.0
state_constant,augmented_action_delay,Augmented (+action buffer + delay values),"(15,15)",15.0,15,15,15,15,3,0,95,-58.95249797985889,0.6233613081300925,0.017788419499993324,0.003307651961222291,1.0,1.0
state_constant,augmented_action_delay,Augmented (+action buffer + delay values),"(15,15)",15.0,15,15,15,15,3,1,95,-56.335577899590135,0.6003487038573152,0.04650326445698738,0.023897625505924225,1.0,1.0
state_constant,augmented_action_delay,Augmented (+action buffer + delay values),"(15,15)",15.0,15,15,15,15,3,2,95,-51.56196413259022,0.547132066566203,0.02770547941327095,0.002321659354493022,1.0,1.0
state_constant,augmented_action_delay,Augmented (+action buffer + delay values),"(15,15)",15.0,15,15,15,15,3,3,95,-50.56147803738713,0.5382020827578871,0.037847988307476044,0.009710995480418205,1.0,1.0
state_constant,augmented_action_delay,Augmented (+action buffer + delay values),"(15,15)",15.0,15,15,15,15,3,4,95,-49.77196341799572,0.5316162717626676,0.04877215996384621,0.0022834825795143843,1.0,1.0
state_constant,augmented_action_delay,Augmented (+action buffer + delay values),"(15,15)",15.0,15,15,15,15,3,5,95,-49.66563095804304,0.5259035971309793,0.019680717960000038,0.010682232677936554,1.0,1.0
state_constant,augmented_action_delay,Augmented (+action buffer + delay values),"(15,15)",15.0,15,15,15,15,3,6,95,-52.84607557952404,0.5623881440805761,0.03871987387537956,0.030463043600320816,1.0,1.0
state_constant,augmented_action_delay,Augmented (+action buffer + delay values),"(15,15)",15.0,15,15,15,15,3,7,95,-54.31357701681554,0.578062464277211,0.04015713930130005,0.011026655323803425,1.0,1.0
state_constant,augmented_action_delay,Augmented (+action buffer + delay values),"(15,15)",15.0,15,15,15,15,3,8,95,-58.92888660985045,0.6242867488095439,0.025223635137081146,0.001869412837550044,1.0,1.0
state_constant,augmented_action_delay,Augmented (+action buffer + delay values),"(15,15)",15.0,15,15,15,15,3,9,95,-55.72536696959287,0.5907289750776008,0.0262590441852808,0.007124780211597681,1.0,1.0
state_constant,augmented_action_delay,Augmented (+action buffer + delay values),"(15,15)",15.0,15,15,15,15,4,0,95,-56.335577899590135,0.6003487038573152,0.04650326445698738,0.023897625505924225,1.0,1.0
state_constant,augmented_action_delay,Augmented (+action buffer + delay values),"(15,15)",15.0,15,15,15,15,4,1,95,-51.56196413259022,0.547132066566203,0.02770547941327095,0.002321659354493022,1.0,1.0
state_constant,augmented_action_delay,Augmented (+action buffer + delay values),"(15,15)",15.0,15,15,15,15,4,2,95,-50.56147803738713,0.5382020827578871,0.037847988307476044,0.009710995480418205,1.0,1.0
state_constant,augmented_action_delay,Augmented (+action buffer + delay values),"(15,15)",15.0,15,15,15,15,4,3,95,-49.77196341799572,0.5316162717626676,0.04877215996384621,0.0022834825795143843,1.0,1.0
state_constant,augmented_action_delay,Augmented (+action buffer + delay values),"(15,15)",15.0,15,15,15,15,4,4,95,-49.66563095804304,0.5259035971309793,0.019680717960000038,0.010682232677936554,1.0,1.0
state_constant,augmented_action_delay,Augmented (+action buffer + delay values),"(15,15)",15.0,15,15,15,15,4,5,95,-52.84607557952404,0.5623881440805761,0.03871987387537956,0.030463043600320816,1.0,1.0
state_constant,augmented_action_delay,Augmented (+action buffer + delay values),"(15,15)",15.0,15,15,15,15,4,6,95,-54.31357701681554,0.578062464277211,0.04015713930130005,0.011026655323803425,1.0,1.0
state_constant,augmented_action_delay,Augmented (+action buffer + delay values),"(15,15)",15.0,15,15,15,15,4,7,95,-58.92888660985045,0.6242867488095439,0.025223635137081146,0.001869412837550044,1.0,1.0
state_constant,augmented_action_delay,Augmented (+action buffer + delay values),"(15,15)",15.0,15,15,15,15,4,8,95,-55.72536696959287,0.5907289750776008,0.0262590441852808,0.007124780211597681,1.0,1.0
state_constant,augmented_action_delay,Augmented (+action buffer + delay values),"(15,15)",15.0,15,15,15,15,4,9,95,-49.936154790222645,0.5309384699322676,0.03353332355618477,0.002134928945451975,1.0,1.0
state_stochastic,unseen,Unseen delay,"(0,0-20)",20.0,0,0,0,20,0,0,85,-30.694722602609545,0.3673432131297886,0.10589010268449783,0.0045839655213057995,0.0,1.0
state_stochastic,unseen,Unseen delay,"(0,0-20)",20.0,0,0,0,20,0,1,84,-38.95261662825942,0.4738550994633919,0.2128029316663742,0.023568298667669296,0.0,0.0
state_stochastic,unseen,Unseen delay,"(0,0-20)",20.0,0,0,0,20,0,2,84,-44.87597414012998,0.545251259036983,0.23128290474414825,0.013155472464859486,0.0,1.0
state_stochastic,unseen,Unseen delay,"(0,0-20)",20.0,0,0,0,20,0,3,85,-37.38339579291642,0.44200294646708405,0.03737093135714531,0.026527201756834984,1.0,1.0
state_stochastic,unseen,Unseen delay,"(0,0-20)",20.0,0,0,0,20,0,4,83,-31.549252117052674,0.3867640589779041,0.1840549260377884,0.009768432006239891,0.0,1.0
state_stochastic,unseen,Unseen delay,"(0,0-20)",20.0,0,0,0,20,0,5,91,-29.345799799077213,0.32995109037997633,0.06179540231823921,0.011501139029860497,0.0,1.0
state_stochastic,unseen,Unseen delay,"(0,0-20)",20.0,0,0,0,20,0,6,86,-31.900767471641302,0.3774569806924393,0.09342214465141296,0.03267984837293625,0.0,1.0
state_stochastic,unseen,Unseen delay,"(0,0-20)",20.0,0,0,0,20,0,7,83,-39.23072616197169,0.4789501553603325,0.17404557764530182,0.011053597554564476,0.0,1.0
state_stochastic,unseen,Unseen delay,"(0,0-20)",20.0,0,0,0,20,0,8,83,-32.74297007638961,0.3973856076082013,0.08001178503036499,0.00825395155698061,0.0,1.0
state_stochastic,unseen,Unseen delay,"(0,0-20)",20.0,0,0,0,20,0,9,81,-30.43555404478684,0.37582464040153557,0.006241827737540007,0.006241827737540007,1.0,1.0
state_stochastic,unseen,Unseen delay,"(0,0-20)",20.0,0,0,0,20,1,0,87,-36.83147266507149,0.4299293662282242,0.08176888525485992,0.06667892634868622,0.0,0.0
state_stochastic,unseen,Unseen delay,"(0,0-20)",20.0,0,0,0,20,1,1,83,-30.813921501860023,0.3785805695701435,0.20275525748729706,0.02451922930777073,0.0,1.0
state_stochastic,unseen,Unseen delay,"(0,0-20)",20.0,0,0,0,20,1,2,87,-50.67695676907897,0.6095180713154119,0.33587363362312317,0.027897771447896957,0.0,0.0
state_stochastic,unseen,Unseen delay,"(0,0-20)",20.0,0,0,0,20,1,3,83,-30.30506621848326,0.3699535674300516,0.13369329273700714,0.0006373835494741797,0.0,1.0
state_stochastic,unseen,Unseen delay,"(0,0-20)",20.0,0,0,0,20,1,4,84,-22.234311744221486,0.26739704768156763,0.056760065257549286,0.0013857331359758973,1.0,1.0
state_stochastic,unseen,Unseen delay,"(0,0-20)",20.0,0,0,0,20,1,5,83,-21.172939236625098,0.25614640499740077,0.029070792719721794,0.0012348535237833858,1.0,1.0
state_stochastic,unseen,Unseen delay,"(0,0-20)",20.0,0,0,0,20,1,6,84,-23.889267350779846,0.2846916007194003,0.006206777412444353,0.00225511915050447,1.0,1.0
state_stochastic,unseen,Unseen delay,"(0,0-20)",20.0,0,0,0,20,1,7,91,-38.55328696873039,0.44020457122638657,0.1368480920791626,0.008342447690665722,0.0,0.0
state_stochastic,unseen,Unseen delay,"(0,0-20)",20.0,0,0,0,20,1,8,85,-34.3136308407411,0.4058739028761492,0.03713018074631691,0.015268349088728428,1.0,1.0
state_stochastic,unseen,Unseen delay,"(0,0-20)",20.0,0,0,0,20,1,9,82,-41.38973681628704,0.509843651659605,0.2087213099002838,0.13547173142433167,0.0,0.0
state_stochastic,unseen,Unseen delay,"(0,0-20)",20.0,0,0,0,20,2,0,85,-25.850887563079596,0.31219143161878865,0.13707682490348816,0.009153284132480621,0.0,1.0
state_stochastic,unseen,Unseen delay,"(0,0-20)",20.0,0,0,0,20,2,1,81,-30.760298408567905,0.3805696505271358,0.06584328413009644,0.009455517865717411,0.0,1.0
state_stochastic,unseen,Unseen delay,"(0,0-20)",20.0,0,0,0,20,2,2,81,-33.72654553805478,0.4168416471766699,0.03762788325548172,0.002543653594329953,1.0,1.0
state_stochastic,unseen,Unseen delay,"(0,0-20)",20.0,0,0,0,20,2,3,83,-24.823514737421647,0.29956743593821417,0.013527481816709042,0.0034491748083382845,1.0,1.0
state_stochastic,unseen,Unseen delay,"(0,0-20)",20.0,0,0,0,20,2,4,86,-28.41887275315821,0.33597386569910964,0.0791466161608696,0.020361652597784996,0.0,1.0
state_stochastic,unseen,Unseen delay,"(0,0-20)",20.0,0,0,0,20,2,5,83,-32.331015571486205,0.39006505792691226,0.014794745482504368,0.004011091310530901,1.0,1.0
state_stochastic,unseen,Unseen delay,"(0,0-20)",20.0,0,0,0,20,2,6,80,-26.34894344257191,0.32936179303214885,0.022074991837143898,0.004419303964823484,1.0,1.0
state_stochastic,unseen,Unseen delay,"(0,0-20)",20.0,0,0,0,20,2,7,86,-37.285040725022554,0.4696111026285,0.5169190168380737,0.045010045170784,0.0,0.0
state_stochastic,unseen,Unseen delay,"(0,0-20)",20.0,0,0,0,20,2,8,87,-32.896743539720774,0.3813283334261385,0.03983163833618164,0.01730278879404068,1.0,1.0
state_stochastic,unseen,Unseen delay,"(0,0-20)",20.0,0,0,0,20,2,9,80,-41.26435036212206,0.5158043795265257,0.03350343182682991,0.03350343182682991,1.0,1.0
state_stochastic,unseen,Unseen delay,"(0,0-20)",20.0,0,0,0,20,3,0,81,-31.19587104767561,0.3883929244346089,0.26395583152770996,0.020657848566770554,0.0,1.0
state_stochastic,unseen,Unseen delay,"(0,0-20)",20.0,0,0,0,20,3,1,82,-29.06178689049557,0.35844214588244694,0.1652345359325409,0.005843300838023424,0.0,1.0
state_stochastic,unseen,Unseen delay,"(0,0-20)",20.0,0,0,0,20,3,2,83,-40.60105280391872,0.4955798809203398,0.17735910415649414,0.02853674627840519,0.0,1.0
state_stochastic,unseen,Unseen delay,"(0,0-20)",20.0,0,0,0,20,3,3,83,-35.39027628302574,0.4419881837913789,0.4315809905529022,0.08739984035491943,0.0,0.0
state_stochastic,unseen,Unseen delay,"(0,0-20)",20.0,0,0,0,20,3,4,85,-29.413104800507426,0.3468713101109161,0.014191311784088612,0.004617730155587196,1.0,1.0
state_stochastic,unseen,Unseen delay,"(0,0-20)",20.0,0,0,0,20,3,5,85,-27.835267418064177,0.3303164774990257,0.048326633870601654,0.0054331496357917786,1.0,1.0
state_stochastic,unseen,Unseen delay,"(0,0-20)",20.0,0,0,0,20,3,6,81,-31.6257212087512,0.39271642092937303,0.18430888652801514,0.03177566081285477,0.0,0.0
state_stochastic,unseen,Unseen delay,"(0,0-20)",20.0,0,0,0,20,3,7,86,-39.637168725952506,0.4780902757504305,0.24643249809741974,0.026120752096176147,0.0,1.0
state_stochastic,unseen,Unseen delay,"(0,0-20)",20.0,0,0,0,20,3,8,84,-51.235797841101885,0.6243554065003991,0.30251407623291016,0.03356032073497772,0.0,1.0
state_stochastic,unseen,Unseen delay,"(0,0-20)",20.0,0,0,0,20,3,9,85,-30.91473804647103,0.3649431131615796,0.021085314452648163,0.004582068417221308,1.0,1.0
state_stochastic,unseen,Unseen delay,"(0,0-20)",20.0,0,0,0,20,4,0,86,-26.229804784059525,0.3061617831591257,0.0166847612708807,0.004126410000026226,1.0,1.0
state_stochastic,unseen,Unseen delay,"(0,0-20)",20.0,0,0,0,20,4,1,87,-26.36678820196539,0.30636335610701093,0.040974825620651245,0.010196100920438766,1.0,1.0
state_stochastic,unseen,Unseen delay,"(0,0-20)",20.0,0,0,0,20,4,2,84,-35.9824448749423,0.4424646737142688,0.2961469292640686,0.046191804111003876,0.0,0.0
state_stochastic,unseen,Unseen delay,"(0,0-20)",20.0,0,0,0,20,4,3,86,-28.023672725073993,0.33173313783481717,0.08422952145338058,0.007912537083029747,0.0,1.0
state_stochastic,unseen,Unseen delay,"(0,0-20)",20.0,0,0,0,20,4,4,84,-38.92739060148597,0.47921460756056367,0.33165910840034485,0.022566724568605423,0.0,1.0
state_stochastic,unseen,Unseen delay,"(0,0-20)",20.0,0,0,0,20,4,5,87,-35.984658282250166,0.4353341242277074,0.26991578936576843,0.0197178702801466,0.0,0.0
state_stochastic,unseen,Unseen delay,"(0,0-20)",20.0,0,0,0,20,4,6,82,-42.69003461301327,0.5260009952798123,0.22102349996566772,0.11875501275062561,0.0,0.0
state_stochastic,unseen,Unseen delay,"(0,0-20)",20.0,0,0,0,20,4,7,84,-54.74276006221771,0.6614883776221957,0.2055659145116806,0.021151117980480194,0.0,1.0
state_stochastic,unseen,Unseen delay,"(0,0-20)",20.0,0,0,0,20,4,8,82,-46.389114489778876,0.5684407583051702,0.11151384562253952,0.013436911627650261,0.0,0.0
state_stochastic,unseen,Unseen delay,"(0,0-20)",20.0,0,0,0,20,4,9,85,-30.367492258548737,0.3589271808590959,0.028263622894883156,0.01658293604850769,1.0,1.0
state_stochastic,augmented_action,Augmented (+action buffer),"(0,0-20)",20.0,0,0,0,20,0,0,85,-24.456432957202196,0.28921751263825335,0.025411123409867287,0.00270064827054739,1.0,1.0
state_stochastic,augmented_action,Augmented (+action buffer),"(0,0-20)",20.0,0,0,0,20,0,1,84,-24.788045971654356,0.29666777202371686,0.03301171958446503,0.007927010767161846,1.0,1.0
state_stochastic,augmented_action,Augmented (+action buffer),"(0,0-20)",20.0,0,0,0,20,0,2,84,-28.951704303268343,0.34714589794055517,0.05213778093457222,0.005229098256677389,1.0,1.0
state_stochastic,augmented_action,Augmented (+action buffer),"(0,0-20)",20.0,0,0,0,20,0,3,85,-30.15473367087543,0.3550032564493663,0.004108625464141369,0.004108625464141369,1.0,1.0
state_stochastic,augmented_action,Augmented (+action buffer),"(0,0-20)",20.0,0,0,0,20,0,4,83,-24.651344891870394,0.29742231106957845,0.011568975634872913,0.0025351298972964287,1.0,1.0
state_stochastic,augmented_action,Augmented (+action buffer),"(0,0-20)",20.0,0,0,0,20,0,5,91,-22.326177651179023,0.24721430426407195,0.015484003350138664,0.0016934812301769853,1.0,1.0
state_stochastic,augmented_action,Augmented (+action buffer),"(0,0-20)",20.0,0,0,0,20,0,6,86,-21.427013260894455,0.25029630159423144,0.016411446034908295,0.001259734039194882,1.0,1.0
state_stochastic,augmented_action,Augmented (+action buffer),"(0,0-20)",20.0,0,0,0,20,0,7,83,-26.173550400417298,0.31599692330998647,0.018064744770526886,0.003465264569967985,1.0,1.0
state_stochastic,augmented_action,Augmented (+action buffer),"(0,0-20)",20.0,0,0,0,20,0,8,83,-20.78455068101175,0.25120615170629,0.021853303536772728,0.003671233309432864,1.0,1.0
state_stochastic,augmented_action,Augmented (+action buffer),"(0,0-20)",20.0,0,0,0,20,0,9,81,-23.522952889092267,0.29060984355753955,0.016444439068436623,0.0021588162053376436,1.0,1.0
state_stochastic,augmented_action,Augmented (+action buffer),"(0,0-20)",20.0,0,0,0,20,1,0,87,-21.917946341563947,0.25471649711935557,0.03462698683142662,0.001754302647896111,1.0,1.0
state_stochastic,augmented_action,Augmented (+action buffer),"(0,0-20)",20.0,0,0,0,20,1,1,83,-24.91981620155275,0.30138847077018527,0.03180895745754242,0.009056681767106056,1.0,1.0
state_stochastic,augmented_action,Augmented (+action buffer),"(0,0-20)",20.0,0,0,0,20,1,2,87,-30.245274435263127,0.34833414110237326,0.008542262949049473,0.007459565531462431,1.0,1.0
state_stochastic,augmented_action,Augmented (+action buffer),"(0,0-20)",20.0,0,0,0,20,1,3,83,-25.720008309697732,0.3103160698118294,0.012075161561369896,0.0028788757044821978,1.0,1.0
state_stochastic,augmented_action,Augmented (+action buffer),"(0,0-20)",20.0,0,0,0,20,1,4,84,-20.9975940186996,0.25061334622192327,0.013481765985488892,0.001120309461839497,1.0,1.0
state_stochastic,augmented_action,Augmented (+action buffer),"(0,0-20)",20.0,0,0,0,20,1,5,83,-22.313020425615832,0.2704330265651042,0.0443069264292717,0.0032859023194760084,1.0,1.0
state_stochastic,augmented_action,Augmented (+action buffer),"(0,0-20)",20.0,0,0,0,20,1,6,84,-21.48896601679735,0.25648573598369867,0.013958951458334923,0.002646042499691248,1.0,1.0
state_stochastic,augmented_action,Augmented (+action buffer),"(0,0-20)",20.0,0,0,0,20,1,7,91,-20.050255711190403,0.22341968466087683,0.025539599359035492,0.00145413214340806,1.0,1.0
state_stochastic,augmented_action,Augmented (+action buffer),"(0,0-20)",20.0,0,0,0,20,1,8,85,-23.46707864711061,0.27726390574894405,0.020070668309926987,0.006550919730216265,1.0,1.0
state_stochastic,augmented_action,Augmented (+action buffer),"(0,0-20)",20.0,0,0,0,20,1,9,82,-26.155844813212752,0.31942396835855597,0.018460296094417572,0.011162705719470978,1.0,1.0
state_stochastic,augmented_action,Augmented (+action buffer),"(0,0-20)",20.0,0,0,0,20,2,0,85,-22.22901958692819,0.26333632273051666,0.030913569033145905,0.003005560487508774,1.0,1.0
state_stochastic,augmented_action,Augmented (+action buffer),"(0,0-20)",20.0,0,0,0,20,2,1,81,-28.130092659033835,0.34746022560392265,0.014185614883899689,0.007653999142348766,1.0,1.0
state_stochastic,augmented_action,Augmented (+action buffer),"(0,0-20)",20.0,0,0,0,20,2,2,81,-24.210696776979603,0.29908814347481333,0.015442844480276108,0.0014264472993090749,1.0,1.0
state_stochastic,augmented_action,Augmented (+action buffer),"(0,0-20)",20.0,0,0,0,20,2,3,83,-20.65730332583189,0.24955436605286885,0.018569685518741608,0.0037379288114607334,1.0,1.0
state_stochastic,augmented_action,Augmented (+action buffer),"(0,0-20)",20.0,0,0,0,20,2,4,86,-21.930305950227194,0.2563568030925316,0.019396519288420677,0.0009107746882364154,1.0,1.0
state_stochastic,augmented_action,Augmented (+action buffer),"(0,0-20)",20.0,0,0,0,20,2,5,83,-22.45515209529549,0.27134895550244187,0.022270403802394867,0.011318212375044823,1.0,1.0
state_stochastic,augmented_action,Augmented (+action buffer),"(0,0-20)",20.0,0,0,0,20,2,6,80,-20.57369698479306,0.25717121230991324,0.027394307777285576,0.0014668757794424891,1.0,1.0
state_stochastic,augmented_action,Augmented (+action buffer),"(0,0-20)",20.0,0,0,0,20,2,7,86,-24.938508809544146,0.2906722678196465,0.009884370490908623,0.008419607765972614,1.0,1.0
state_stochastic,augmented_action,Augmented (+action buffer),"(0,0-20)",20.0,0,0,0,20,2,8,87,-24.480978548061103,0.2820193421834245,0.007814888842403889,0.0028766877949237823,1.0,1.0
state_stochastic,augmented_action,Augmented (+action buffer),"(0,0-20)",20.0,0,0,0,20,2,9,80,-28.271877389168367,0.35339846736460456,0.014758603647351265,0.0033438412938266993,1.0,1.0
state_stochastic,augmented_action,Augmented (+action buffer),"(0,0-20)",20.0,0,0,0,20,3,0,81,-27.14977916679345,0.33548194687112154,0.024258529767394066,0.0015028247144073248,1.0,1.0
state_stochastic,augmented_action,Augmented (+action buffer),"(0,0-20)",20.0,0,0,0,20,3,1,82,-24.857905006967485,0.30341832179621586,0.01119869016110897,0.004904016386717558,1.0,1.0
state_stochastic,augmented_action,Augmented (+action buffer),"(0,0-20)",20.0,0,0,0,20,3,2,83,-21.451589606702328,0.25882839369980326,0.010389023460447788,0.0010643275454640388,1.0,1.0
state_stochastic,augmented_action,Augmented (+action buffer),"(0,0-20)",20.0,0,0,0,20,3,3,83,-23.223301880410872,0.28061228093315277,0.022505812346935272,0.0019394845003262162,1.0,1.0
state_stochastic,augmented_action,Augmented (+action buffer),"(0,0-20)",20.0,0,0,0,20,3,4,85,-22.45815197203774,0.2653302139671081,0.01898324303328991,0.001802068785764277,1.0,1.0
state_stochastic,augmented_action,Augmented (+action buffer),"(0,0-20)",20.0,0,0,0,20,3,5,85,-21.033086888026446,0.24866091908667895,0.020618246868252754,0.0064086224883794785,1.0,1.0
state_stochastic,augmented_action,Augmented (+action buffer),"(0,0-20)",20.0,0,0,0,20,3,6,81,-21.849807004327886,0.269960975238513,0.017031989991664886,0.0014593949308618903,1.0,1.0
state_stochastic,augmented_action,Augmented (+action buffer),"(0,0-20)",20.0,0,0,0,20,3,7,86,-25.165819545742124,0.29370835258322225,0.015516462735831738,0.002290160860866308,1.0,1.0
state_stochastic,augmented_action,Augmented (+action buffer),"(0,0-20)",20.0,0,0,0,20,3,8,84,-30.97992236772552,0.36950201619349954,0.014561748132109642,0.003965227864682674,1.0,1.0
state_stochastic,augmented_action,Augmented (+action buffer),"(0,0-20)",20.0,0,0,0,20,3,9,85,-26.176278623286635,0.30861473576001386,0.011194783262908459,0.005665712058544159,1.0,1.0
state_stochastic,augmented_action,Augmented (+action buffer),"(0,0-20)",20.0,0,0,0,20,4,0,86,-23.790051825810224,0.27783777275079385,0.01733277179300785,0.003142919624224305,1.0,1.0
state_stochastic,augmented_action,Augmented (+action buffer),"(0,0-20)",20.0,0,0,0,20,4,1,87,-23.500967611325905,0.2718174918367388,0.021022025495767593,0.002675433410331607,1.0,1.0
state_stochastic,augmented_action,Augmented (+action buffer),"(0,0-20)",20.0,0,0,0,20,4,2,84,-21.644386849133298,0.25822884827530723,0.011709101498126984,0.0018661022186279297,1.0,1.0
state_stochastic,augmented_action,Augmented (+action buffer),"(0,0-20)",20.0,0,0,0,20,4,3,86,-22.493993300944567,0.262602933444256,0.014976495876908302,0.0074529824778437614,1.0,1.0
state_stochastic,augmented_action,Augmented (+action buffer),"(0,0-20)",20.0,0,0,0,20,4,4,84,-22.49516651313752,0.2692252090976884,0.029937762767076492,0.002844667062163353,1.0,1.0
state_stochastic,augmented_action,Augmented (+action buffer),"(0,0-20)",20.0,0,0,0,20,4,5,87,-22.429104036884382,0.2593405911211866,0.019075341522693634,0.0037115130107849836,1.0,1.0
state_stochastic,augmented_action,Augmented (+action buffer),"(0,0-20)",20.0,0,0,0,20,4,6,82,-24.072141285054386,0.29416394373402,0.024651050567626953,0.014002433978021145,1.0,1.0
state_stochastic,augmented_action,Augmented (+action buffer),"(0,0-20)",20.0,0,0,0,20,4,7,84,-30.14989803219214,0.3606428210678998,0.03602473437786102,0.0046856943517923355,1.0,1.0
state_stochastic,augmented_action,Augmented (+action buffer),"(0,0-20)",20.0,0,0,0,20,4,8,82,-29.460359157063067,0.35972939859848563,0.018725764006376266,0.009078366681933403,1.0,1.0
state_stochastic,augmented_action,Augmented (+action buffer),"(0,0-20)",20.0,0,0,0,20,4,9,85,-24.840864630416036,0.2926876879461548,0.007517769001424313,0.0012688867282122374,1.0,1.0
state_stochastic,augmented_action_delay,Augmented (+action buffer + delay values),"(0,0-20)",20.0,0,0,0,20,0,0,85,-23.88704145117663,0.28242981047917376,0.02389848791062832,0.002121648518368602,1.0,1.0
state_stochastic,augmented_action_delay,Augmented (+action buffer + delay values),"(0,0-20)",20.0,0,0,0,20,0,1,84,-20.78752605174668,0.24861480130736405,0.024029314517974854,0.0021911589428782463,1.0,1.0
state_stochastic,augmented_action_delay,Augmented (+action buffer + delay values),"(0,0-20)",20.0,0,0,0,20,0,2,84,-22.09544833889231,0.2642561563767404,0.02551719918847084,0.003582112491130829,1.0,1.0
state_stochastic,augmented_action_delay,Augmented (+action buffer + delay values),"(0,0-20)",20.0,0,0,0,20,0,3,85,-25.974873533006757,0.3060911527396563,0.008574889972805977,0.003240050282329321,1.0,1.0
state_stochastic,augmented_action_delay,Augmented (+action buffer + delay values),"(0,0-20)",20.0,0,0,0,20,0,4,83,-23.959342756541446,0.2890618118227471,0.010929208248853683,0.0018588267266750336,1.0,1.0
state_stochastic,augmented_action_delay,Augmented (+action buffer + delay values),"(0,0-20)",20.0,0,0,0,20,0,5,91,-20.976516481721774,0.23214865490476919,0.013546464964747429,0.0013783213216811419,1.0,1.0
state_stochastic,augmented_action_delay,Augmented (+action buffer + delay values),"(0,0-20)",20.0,0,0,0,20,0,6,86,-20.736613649176434,0.2423085472790178,0.016986902803182602,0.0018102095928043127,1.0,1.0
state_stochastic,augmented_action_delay,Augmented (+action buffer + delay values),"(0,0-20)",20.0,0,0,0,20,0,7,83,-20.761912321206182,0.2507669390852462,0.017247874289751053,0.003768817987293005,1.0,1.0
state_stochastic,augmented_action_delay,Augmented (+action buffer + delay values),"(0,0-20)",20.0,0,0,0,20,0,8,83,-20.220302757341415,0.24440455639241151,0.02175847440958023,0.0034360340796411037,1.0,1.0
state_stochastic,augmented_action_delay,Augmented (+action buffer + delay values),"(0,0-20)",20.0,0,0,0,20,0,9,81,-21.88562382152304,0.2703900801673256,0.015972672030329704,0.0039407541044056416,1.0,1.0
state_stochastic,augmented_action_delay,Augmented (+action buffer + delay values),"(0,0-20)",20.0,0,0,0,20,1,0,87,-20.86544703238178,0.24189362262948363,0.025614019483327866,0.0017570520285516977,1.0,1.0
state_stochastic,augmented_action_delay,Augmented (+action buffer + delay values),"(0,0-20)",20.0,0,0,0,20,1,1,83,-21.709754389245063,0.262209075721856,0.01786629855632782,0.0032748058438301086,1.0,1.0
state_stochastic,augmented_action_delay,Augmented (+action buffer + delay values),"(0,0-20)",20.0,0,0,0,20,1,2,87,-26.603068467695266,0.3062991312672866,0.0064222789369523525,0.00428561307489872,1.0,1.0
state_stochastic,augmented_action_delay,Augmented (+action buffer + delay values),"(0,0-20)",20.0,0,0,0,20,1,3,83,-23.58787215896882,0.2846637270946325,0.013072396628558636,0.0019568107090890408,1.0,1.0
state_stochastic,augmented_action_delay,Augmented (+action buffer + delay values),"(0,0-20)",20.0,0,0,0,20,1,4,84,-20.696567965729628,0.2470074805792787,0.013015100732445717,0.0008363375090993941,1.0,1.0
state_stochastic,augmented_action_delay,Augmented (+action buffer + delay values),"(0,0-20)",20.0,0,0,0,20,1,5,83,-20.57596754131373,0.24877022409177643,0.023987019434571266,0.001289999927394092,1.0,1.0
state_stochastic,augmented_action_delay,Augmented (+action buffer + delay values),"(0,0-20)",20.0,0,0,0,20,1,6,84,-19.85034936608281,0.23712212157053209,0.016977211460471153,0.0010297349654138088,1.0,1.0
state_stochastic,augmented_action_delay,Augmented (+action buffer + delay values),"(0,0-20)",20.0,0,0,0,20,1,7,91,-19.85473289928632,0.2210976286198954,0.024104664102196693,0.0007525099790655077,1.0,1.0
state_stochastic,augmented_action_delay,Augmented (+action buffer + delay values),"(0,0-20)",20.0,0,0,0,20,1,8,85,-22.066686002537608,0.2607084802844945,0.01870696432888508,0.00717048579826951,1.0,1.0
state_stochastic,augmented_action_delay,Augmented (+action buffer + delay values),"(0,0-20)",20.0,0,0,0,20,1,9,82,-23.17973229684867,0.28315610584246403,0.019534191116690636,0.0022269561886787415,1.0,1.0
state_stochastic,augmented_action_delay,Augmented (+action buffer + delay values),"(0,0-20)",20.0,0,0,0,20,2,0,85,-21.294312202837318,0.25226958003442956,0.029720420017838478,0.002110266126692295,1.0,1.0
state_stochastic,augmented_action_delay,Augmented (+action buffer + delay values),"(0,0-20)",20.0,0,0,0,20,2,1,81,-26.200042065931484,0.3236235096493023,0.013462215662002563,0.0029509635642170906,1.0,1.0
state_stochastic,augmented_action_delay,Augmented (+action buffer + delay values),"(0,0-20)",20.0,0,0,0,20,2,2,81,-23.678045103442855,0.2923767083039921,0.004468269180506468,0.0018334077904000878,1.0,1.0
state_stochastic,augmented_action_delay,Augmented (+action buffer + delay values),"(0,0-20)",20.0,0,0,0,20,2,3,83,-21.0771130786743,0.2544206377225423,0.013266617432236671,0.002376912161707878,1.0,1.0
state_stochastic,augmented_action_delay,Augmented (+action buffer + delay values),"(0,0-20)",20.0,0,0,0,20,2,4,86,-20.638567954767495,0.24132218528647237,0.019189996644854546,0.005139389541000128,1.0,1.0
state_stochastic,augmented_action_delay,Augmented (+action buffer + delay values),"(0,0-20)",20.0,0,0,0,20,2,5,83,-20.51470210426487,0.24777565715015384,0.016892479732632637,0.002574233803898096,1.0,1.0
state_stochastic,augmented_action_delay,Augmented (+action buffer + delay values),"(0,0-20)",20.0,0,0,0,20,2,6,80,-19.928123967023566,0.24910154958779457,0.028861386701464653,0.00035530258901417255,1.0,1.0
state_stochastic,augmented_action_delay,Augmented (+action buffer + delay values),"(0,0-20)",20.0,0,0,0,20,2,7,86,-22.09371793619357,0.2576662867064696,0.010930453427135944,0.0030087565537542105,1.0,1.0
state_stochastic,augmented_action_delay,Augmented (+action buffer + delay values),"(0,0-20)",20.0,0,0,0,20,2,8,87,-22.682106953230686,0.26183837976697405,0.013976012356579304,0.00181348726619035,1.0,1.0
state_stochastic,augmented_action_delay,Augmented (+action buffer + delay values),"(0,0-20)",20.0,0,0,0,20,2,9,80,-25.761787646915764,0.32202234558644705,0.018049325793981552,0.002579975640401244,1.0,1.0
state_stochastic,augmented_action_delay,Augmented (+action buffer + delay values),"(0,0-20)",20.0,0,0,0,20,3,0,81,-25.802189871203154,0.3187481913612121,0.016413629055023193,0.006495349574834108,1.0,1.0
state_stochastic,augmented_action_delay,Augmented (+action buffer + delay values),"(0,0-20)",20.0,0,0,0,20,3,1,82,-23.590172390453517,0.28790388450526244,0.008973069489002228,0.0037936647422611713,1.0,1.0
state_stochastic,augmented_action_delay,Augmented (+action buffer + delay values),"(0,0-20)",20.0,0,0,0,20,3,2,83,-21.269551730249077,0.25657489725826194,0.008721580728888512,0.00169503060169518,1.0,1.0
state_stochastic,augmented_action_delay,Augmented (+action buffer + delay values),"(0,0-20)",20.0,0,0,0,20,3,3,83,-20.81492527248338,0.2513386452828635,0.015394095331430435,0.0033849808387458324,1.0,1.0
state_stochastic,augmented_action_delay,Augmented (+action buffer + delay values),"(0,0-20)",20.0,0,0,0,20,3,4,85,-19.976178823504597,0.2360439845799085,0.017511973157525063,0.0038748751394450665,1.0,1.0
state_stochastic,augmented_action_delay,Augmented (+action buffer + delay values),"(0,0-20)",20.0,0,0,0,20,3,5,85,-20.148529443191364,0.2386275477844345,0.02696242369711399,0.0034108066465705633,1.0,1.0
state_stochastic,augmented_action_delay,Augmented (+action buffer + delay values),"(0,0-20)",20.0,0,0,0,20,3,6,81,-21.76368048833683,0.26889830402868947,0.01708213798701763,0.004013478755950928,1.0,1.0
state_stochastic,augmented_action_delay,Augmented (+action buffer + delay values),"(0,0-20)",20.0,0,0,0,20,3,7,86,-22.9053968321532,0.26790526494123906,0.02240932546555996,0.0034544714726507664,1.0,1.0
state_stochastic,augmented_action_delay,Augmented (+action buffer + delay values),"(0,0-20)",20.0,0,0,0,20,3,8,84,-26.06772578129312,0.31138568721819737,0.022167986258864403,0.0002881467225961387,1.0,1.0
state_stochastic,augmented_action_delay,Augmented (+action buffer + delay values),"(0,0-20)",20.0,0,0,0,20,3,9,85,-23.856796954991296,0.2816217566593824,0.016210472211241722,0.0030338966753333807,1.0,1.0
state_stochastic,augmented_action_delay,Augmented (+action buffer + delay values),"(0,0-20)",20.0,0,0,0,20,4,0,86,-23.457160069956444,0.2737752193690624,0.01458479929715395,0.001718181069009006,1.0,1.0
state_stochastic,augmented_action_delay,Augmented (+action buffer + delay values),"(0,0-20)",20.0,0,0,0,20,4,1,87,-20.89082513633184,0.24110561812392853,0.012194805778563023,0.001294072950258851,1.0,1.0
state_stochastic,augmented_action_delay,Augmented (+action buffer + delay values),"(0,0-20)",20.0,0,0,0,20,4,2,84,-20.491751156863756,0.2445245265442368,0.012077268213033676,0.0011846661800518632,1.0,1.0
state_stochastic,augmented_action_delay,Augmented (+action buffer + delay values),"(0,0-20)",20.0,0,0,0,20,4,3,86,-20.233766118995845,0.23653866379889985,0.018093161284923553,0.002510668244212866,1.0,1.0
state_stochastic,augmented_action_delay,Augmented (+action buffer + delay values),"(0,0-20)",20.0,0,0,0,20,4,4,84,-20.176118673174642,0.24151809967450044,0.027850424870848656,0.0014037139480933547,1.0,1.0
state_stochastic,augmented_action_delay,Augmented (+action buffer + delay values),"(0,0-20)",20.0,0,0,0,20,4,5,87,-21.957141850842163,0.25354637253504975,0.014484651386737823,0.0010581796523183584,1.0,1.0
state_stochastic,augmented_action_delay,Augmented (+action buffer + delay values),"(0,0-20)",20.0,0,0,0,20,4,6,82,-23.384519952815026,0.28558943170213663,0.016906723380088806,0.0030789305455982685,1.0,1.0
state_stochastic,augmented_action_delay,Augmented (+action buffer + delay values),"(0,0-20)",20.0,0,0,0,20,4,7,84,-25.805158529197797,0.3083210460193056,0.023452334105968475,0.002199009759351611,1.0,1.0
state_stochastic,augmented_action_delay,Augmented (+action buffer + delay values),"(0,0-20)",20.0,0,0,0,20,4,8,82,-24.180333549622446,0.2953771860509111,0.020297853276133537,0.0034420141018927097,1.0,1.0
state_stochastic,augmented_action_delay,Augmented (+action buffer + delay values),"(0,0-20)",20.0,0,0,0,20,4,9,85,-20.572282495559193,0.24226727737250792,0.004087216220796108,0.001240532728843391,1.0,1.0
