experiment,variant,variant_label,delay_label,x_value,act_min,act_max,obs_min,obs_max,seed,episode,episode_steps,episode_return,mean_distance,final_distance,min_distance,success,ever_success
constant_sweep,unseen,Unseen delay,"(0,0)",0.0,0,0,0,0,0,0,80,-23.16090564476326,0.28951132055954076,0.014200827106833458,0.0013454458676278591,1.0,1.0
constant_sweep,unseen,Unseen delay,"(0,0)",0.0,0,0,0,0,0,1,80,-19.27095152239781,0.2408868940299726,0.009890259243547916,0.0014725070213899016,1.0,1.0
constant_sweep,unseen,Unseen delay,"(0,0)",0.0,0,0,0,0,0,2,80,-20.401934865047224,0.2550241858130903,0.014887120574712753,0.001403933740220964,1.0,1.0
constant_sweep,unseen,Unseen delay,"(0,0)",0.0,0,0,0,0,0,3,80,-24.643380064400844,0.3080422508050106,0.0017815183382481337,0.0008348667761310935,1.0,1.0
constant_sweep,unseen,Unseen delay,"(0,0)",0.0,0,0,0,0,0,4,80,-22.61843111901544,0.282730388987693,0.004910480231046677,0.001269541447982192,1.0,1.0
constant_sweep,unseen,Unseen delay,"(0,0)",0.0,0,0,0,0,0,5,80,-19.667912787248497,0.2458489098406062,0.006108379922807217,0.00021492871746886522,1.0,1.0
constant_sweep,unseen,Unseen delay,"(0,0)",0.0,0,0,0,0,0,6,80,-19.48135449970141,0.24351693124626764,0.01674327254295349,0.002281782915815711,1.0,1.0
constant_sweep,unseen,Unseen delay,"(0,0)",0.0,0,0,0,0,0,7,80,-19.050674572587013,0.23813343215733768,0.010873651131987572,0.002897180849686265,1.0,1.0
constant_sweep,unseen,Unseen delay,"(0,0)",0.0,0,0,0,0,0,8,80,-18.911931247916073,0.2363991405989509,0.018023846670985222,0.00259710056707263,1.0,1.0
constant_sweep,unseen,Unseen delay,"(0,0)",0.0,0,0,0,0,0,9,80,-20.718461647978984,0.2589807705997373,0.007616514340043068,0.0014284393982961774,1.0,1.0
constant_sweep,unseen,Unseen delay,"(0,0)",0.0,0,0,0,0,1,0,80,-19.27095152239781,0.2408868940299726,0.009890259243547916,0.0014725070213899016,1.0,1.0
constant_sweep,unseen,Unseen delay,"(0,0)",0.0,0,0,0,0,1,1,80,-20.401934865047224,0.2550241858130903,0.014887120574712753,0.001403933740220964,1.0,1.0
constant_sweep,unseen,Unseen delay,"(0,0)",0.0,0,0,0,0,1,2,80,-24.643380064400844,0.3080422508050106,0.0017815183382481337,0.0008348667761310935,1.0,1.0
constant_sweep,unseen,Unseen delay,"(0,0)",0.0,0,0,0,0,1,3,80,-22.61843111901544,0.282730388987693,0.004910480231046677,0.001269541447982192,1.0,1.0
constant_sweep,unseen,Unseen delay,"(0,0)",0.0,0,0,0,0,1,4,80,-19.667912787248497,0.2458489098406062,0.006108379922807217,0.00021492871746886522,1.0,1.0
constant_sweep,unseen,Unseen delay,"(0,0)",0.0,0,0,0,0,1,5,80,-19.48135449970141,0.24351693124626764,0.01674327254295349,0.002281782915815711,1.0,1.0
constant_sweep,unseen,Unseen delay,"(0,0)",0.0,0,0,0,0,1,6,80,-19.050674572587013,0.23813343215733768,0.010873651131987572,0.002897180849686265,1.0,1.0
constant_sweep,unseen,Unseen delay,"(0,0)",0.0,0,0,0,0,1,7,80,-18.911931247916073,0.2363991405989509,0.018023846670985222,0.00259710056707263,1.0,1.0
constant_sweep,unseen,Unseen delay,"(0,0)",0.0,0,0,0,0,1,8,80,-20.718461647978984,0.2589807705997373,0.007616514340043068,0.0014284393982961774,1.0,1.0
constant_sweep,unseen,Unseen delay,"(0,0)",0.0,0,0,0,0,1,9,80,-21.627953108400106,0.27034941385500133,0.013611036352813244,0.0004286800976842642,1.0,1.0
constant_sweep,unseen,Unseen delay,"(0,0)",0.0,0,0,0,0,2,0,80,-20.401934865047224,0.2550241858130903,0.014887120574712753,0.001403933740220964,1.0,1.0
constant_sweep,unseen,Unseen delay,"(0,0)",0.0,0,0,0,0,2,1,80,-24.643380064400844,0.3080422508050106,0.0017815183382481337,0.0008348667761310935,1.0,1.0
constant_sweep,unseen,Unseen delay,"(0,0)",0.0,0,0,0,0,2,2,80,-22.61843111901544,0.282730388987693,0.004910480231046677,0.001269541447982192,1.0,1.0
constant_sweep,unseen,Unseen delay,"(0,0)",0.0,0,0,0,0,2,3,80,-19.667912787248497,0.2458489098406062,0.006108379922807217,0.00021492871746886522,1.0,1.0
constant_sweep,unseen,Unseen delay,"(0,0)",0.0,0,0,0,0,2,4,80,-19.48135449970141,0.24351693124626764,0.01674327254295349,0.002281782915815711,1.0,1.0
constant_sweep,unseen,Unseen delay,"(0,0)",0.0,0,0,0,0,2,5,80,-19.050674572587013,0.23813343215733768,0.010873651131987572,0.002897180849686265,1.0,1.0
constant_sweep,unseen,Unseen delay,"(0,0)",0.0,0,0,0,0,2,6,80,-18.911931247916073,0.2363991405989509,0.018023846670985222,0.00259710056707263,1.0,1.0
constant_sweep,unseen,Unseen delay,"(0,0)",0.0,0,0,0,0,2,7,80,-20.718461647978984,0.2589807705997373,0.007616514340043068,0.0014284393982961774,1.0,1.0
constant_sweep,unseen,Unseen delay,"(0,0)",0.0,0,0,0,0,2,8,80,-21.627953108400106,0.27034941385500133,0.013611036352813244,0.0004286800976842642,1.0,1.0
constant_sweep,unseen,Unseen delay,"(0,0)",0.0,0,0,0,0,2,9,80,-24.59678291657474,0.30745978645718425,0.015834709629416466,0.0017110261833295226,1.0,1.0
constant_sweep,unseen,Unseen delay,"(0,0)",0.0,0,0,0,0,3,0,80,-24.643380064400844,0.3080422508050106,0.0017815183382481337,0.0008348667761310935,1.0,1.0
constant_sweep,unseen,Unseen delay,"(0,0)",0.0,0,0,0,0,3,1,80,-22.61843111901544,0.282730388987693,0.004910480231046677,0.001269541447982192,1.0,1.0
constant_sweep,unseen,Unseen delay,"(0,0)",0.0,0,0,0,0,3,2,80,-19.667912787248497,0.2458489098406062,0.006108379922807217,0.00021492871746886522,1.0,1.0
constant_sweep,unseen,Unseen delay,"(0,0)",0.0,0,0,0,0,3,3,80,-19.48135449970141,0.24351693124626764,0.01674327254295349,0.002281782915815711,1.0,1.0
constant_sweep,unseen,Unseen delay,"(0,0)",0.0,0,0,0,0,3,4,80,-19.050674572587013,0.23813343215733768,0.010873651131987572,0.002897180849686265,1.0,1.0
constant_sweep,unseen,Unseen delay,"(0,0)",0.0,0,0,0,0,3,5,80,-18.911931247916073,0.2363991405989509,0.018023846670985222,0.00259710056707263,1.0,1.0
constant_sweep,unseen,Unseen delay,"(0,0)",0.0,0,0,0,0,3,6,80,-20.718461647978984,0.2589807705997373,0.007616514340043068,0.0014284393982961774,1.0,1.0
constant_sweep,unseen,Unseen delay,"(0,0)",0.0,0,0,0,0,3,7,80,-21.627953108400106,0.27034941385500133,0.013611036352813244,0.0004286800976842642,1.0,1.0
constant_sweep,unseen,Unseen delay,"(0,0)",0.0,0,0,0,0,3,8,80,-24.59678291657474,0.30745978645718425,0.015834709629416466,0.0017110261833295226,1.0,1.0
constant_sweep,unseen,Unseen delay,"(0,0)",0.0,0,0,0,0,3,9,80,-22.881379126221873,0.28601723907777343,0.010881064459681511,0.0011702042538672686,1.0,1.0
constant_sweep,unseen,Unseen delay,"(0,0)",0.0,0,0,0,0,4,0,80,-22.61843111901544,0.282730388987693,0.004910480231046677,0.001269541447982192,1.0,1.0
constant_sweep,unseen,Unseen delay,"(0,0)",0.0,0,0,0,0,4,1,80,-19.667912787248497,0.2458489098406062,0.006108379922807217,0.00021492871746886522,1.0,1.0
constant_sweep,unseen,Unseen delay,"(0,0)",0.0,0,0,0,0,4,2,80,-19.48135449970141,0.24351693124626764,0.01674327254295349,0.002281782915815711,1.0,1.0
constant_sweep,unseen,Unseen delay,"(0,0)",0.0,0,0,0,0,4,3,80,-19.050674572587013,0.23813343215733768,0.010873651131987572,0.002897180849686265,1.0,1.0
constant_sweep,unseen,Unseen delay,"(0,0)",0.0,0,0,0,0,4,4,80,-18.911931247916073,0.2363991405989509,0.018023846670985222,0.00259710056707263,1.0,1.0
constant_sweep,unseen,Unseen delay,"(0,0)",0.0,0,0,0,0,4,5,80,-20.718461647978984,0.2589807705997373,0.007616514340043068,0.0014284393982961774,1.0,1.0
constant_sweep,unseen,Unseen delay,"(0,0)",0.0,0,0,0,0,4,6,80,-21.627953108400106,0.27034941385500133,0.013611036352813244,0.0004286800976842642,1.0,1.0
constant_sweep,unseen,Unseen delay,"(0,0)",0.0,0,0,0,0,4,7,80,-24.59678291657474,0.30745978645718425,0.015834709629416466,0.0017110261833295226,1.0,1.0
constant_sweep,unseen,Unseen delay,"(0,0)",0.0,0,0,0,0,4,8,80,-22.881379126221873,0.28601723907777343,0.010881064459681511,0.0011702042538672686,1.0,1.0
constant_sweep,unseen,Unseen delay,"(0,0)",0.0,0,0,0,0,4,9,80,-19.467613415035885,0.24334516768794856,0.01089484989643097,0.0005523126455955207,1.0,1.0
constant_sweep,augmented_action,Augmented (+action buffer),"(0,0)",0.0,0,0,0,0,0,0,80,-23.16090564476326,0.28951132055954076,0.014200827106833458,0.0013454458676278591,1.0,1.0
constant_sweep,augmented_action,Augmented (+action buffer),"(0,0)",0.0,0,0,0,0,0,1,80,-19.27095152239781,0.2408868940299726,0.009890259243547916,0.0014725070213899016,1.0,1.0
constant_sweep,augmented_action,Augmented (+action buffer),"(0,0)",0.0,0,0,0,0,0,2,80,-20.401934865047224,0.2550241858130903,0.014887120574712753,0.001403933740220964,1.0,1.0
constant_sweep,augmented_action,Augmented (+action buffer),"(0,0)",0.0,0,0,0,0,0,3,80,-24.643380064400844,0.3080422508050106,0.0017815183382481337,0.0008348667761310935,1.0,1.0
constant_sweep,augmented_action,Augmented (+action buffer),"(0,0)",0.0,0,0,0,0,0,4,80,-22.61843111901544,0.282730388987693,0.004910480231046677,0.001269541447982192,1.0,1.0
constant_sweep,augmented_action,Augmented (+action buffer),"(0,0)",0.0,0,0,0,0,0,5,80,-19.667912787248497,0.2458489098406062,0.006108379922807217,0.00021492871746886522,1.0,1.0
constant_sweep,augmented_action,Augmented (+action buffer),"(0,0)",0.0,0,0,0,0,0,6,80,-19.48135449970141,0.24351693124626764,0.01674327254295349,0.002281782915815711,1.0,1.0
constant_sweep,augmented_action,Augmented (+action buffer),"(0,0)",0.0,0,0,0,0,0,7,80,-19.050674572587013,0.23813343215733768,0.010873651131987572,0.002897180849686265,1.0,1.0
constant_sweep,augmented_action,Augmented (+action buffer),"(0,0)",0.0,0,0,0,0,0,8,80,-18.911931247916073,0.2363991405989509,0.018023846670985222,0.00259710056707263,1.0,1.0
constant_sweep,augmented_action,Augmented (+action buffer),"(0,0)",0.0,0,0,0,0,0,9,80,-20.718461647978984,0.2589807705997373,0.007616514340043068,0.0014284393982961774,1.0,1.0
constant_sweep,augmented_action,Augmented (+action buffer),"(0,0)",0.0,0,0,0,0,1,0,80,-19.27095152239781,0.2408868940299726,0.009890259243547916,0.0014725070213899016,1.0,1.0
constant_sweep,augmented_action,Augmented (+action buffer),"(0,0)",0.0,0,0,0,0,1,1,80,-20.401934865047224,0.2550241858130903,0.014887120574712753,0.001403933740220964,1.0,1.0
constant_sweep,augmented_action,Augmented (+action buffer),"(0,0)",0.0,0,0,0,0,1,2,80,-24.643380064400844,0.3080422508050106,0.0017815183382481337,0.0008348667761310935,1.0,1.0
constant_sweep,augmented_action,Augmented (+action buffer),"(0,0)",0.0,0,0,0,0,1,3,80,-22.61843111901544,0.282730388987693,0.004910480231046677,0.001269541447982192,1.0,1.0
constant_sweep,augmented_action,Augmented (+action buffer),"(0,0)",0.0,0,0,0,0,1,4,80,-19.667912787248497,0.2458489098406062,0.006108379922807217,0.00021492871746886522,1.0,1.0
constant_sweep,augmented_action,Augmented (+action buffer),"(0,0)",0.0,0,0,0,0,1,5,80,-19.48135449970141,0.24351693124626764,0.01674327254295349,0.002281782915815711,1.0,1.0
constant_sweep,augmented_action,Augmented (+action buffer),"(0,0)",0.0,0,0,0,0,1,6,80,-19.050674572587013,0.23813343215733768,0.010873651131987572,0.002897180849686265,1.0,1.0
constant_sweep,augmented_action,Augmented (+action buffer),"(0,0)",0.0,0,0,0,0,1,7,80,-18.911931247916073,0.2363991405989509,0.018023846670985222,0.00259710056707263,1.0,1.0
constant_sweep,augmented_action,Augmented (+action buffer),"(0,0)",0.0,0,0,0,0,1,8,80,-20.718461647978984,0.2589807705997373,0.007616514340043068,0.0014284393982961774,1.0,1.0
constant_sweep,augmented_action,Augmented (+action buffer),"(0,0)",0.0,0,0,0,0,1,9,80,-21.627953108400106,0.27034941385500133,0.013611036352813244,0.0004286800976842642,1.0,1.0
constant_sweep,augmented_action,Augmented (+action buffer),"(0,0)",0.0,0,0,0,0,2,0,80,-20.401934865047224,0.2550241858130903,0.014887120574712753,0.001403933740220964,1.0,1.0
constant_sweep,augmented_action,Augmented (+action buffer),"(0,0)",0.0,0,0,0,0,2,1,80,-24.643380064400844,0.3080422508050106,0.0017815183382481337,0.0008348667761310935,1.0,1.0
constant_sweep,augmented_action,Augmented (+action buffer),"(0,0)",0.0,0,0,0,0,2,2,80,-22.61843111901544,0.282730388987693,0.004910480231046677,0.001269541447982192,1.0,1.0
constant_sweep,augmented_action,Augmented (+action buffer),"(0,0)",0.0,0,0,0,0,2,3,80,-19.667912787248497,0.2458489098406062,0.006108379922807217,0.00021492871746886522,1.0,1.0
constant_sweep,augmented_action,Augmented (+action buffer),"(0,0)",0.0,0,0,0,0,2,4,80,-19.48135449970141,0.24351693124626764,0.01674327254295349,0.002281782915815711,1.0,1.0
constant_sweep,augmented_action,Augmented (+action buffer),"(0,0)",0.0,0,0,0,0,2,5,80,-19.050674572587013,0.23813343215733768,0.010873651131987572,0.002897180849686265,1.0,1.0
constant_sweep,augmented_action,Augmented (+action buffer),"(0,0)",0.0,0,0,0,0,2,6,80,-18.911931247916073,0.2363991405989509,0.018023846670985222,0.00259710056707263,1.0,1.0
constant_sweep,augmented_action,Augmented (+action buffer),"(0,0)",0.0,0,0,0,0,2,7,80,-20.718461647978984,0.2589807705997373,0.007616514340043068,0.0014284393982961774,1.0,1.0
constant_sweep,augmented_action,Augmented (+action buffer),"(0,0)",0.0,0,0,0,0,2,8,80,-21.627953108400106,0.27034941385500133,0.013611036352813244,0.0004286800976842642,1.0,1.0
constant_sweep,augmented_action,Augmented (+action buffer),"(0,0)",0.0,0,0,0,0,2,9,80,-24.59678291657474,0.30745978645718425,0.015834709629416466,0.0017110261833295226,1.0,1.0
constant_sweep,augmented_action,Augmented (+action buffer),"(0,0)",0.0,0,0,0,0,3,0,80,-24.643380064400844,0.3080422508050106,0.0017815183382481337,0.0008348667761310935,1.0,1.0
constant_sweep,augmented_action,Augmented (+action buffer),"(0,0)",0.0,0,0,0,0,3,1,80,-22.61843111901544,0.282730388987693,0.004910480231046677,0.001269541447982192,1.0,1.0
constant_sweep,augmented_action,Augmented (+action buffer),"(0,0)",0.0,0,0,0,0,3,2,80,-19.667912787248497,0.2458489098406062,0.006108379922807217,0.00021492871746886522,1.0,1.0
constant_sweep,augmented_action,Augmented (+action buffer),"(0,0)",0.0,0,0,0,0,3,3,80,-19.48135449970141,0.24351693124626764,0.01674327254295349,0.002281782915815711,1.0,1.0
constant_sweep,augmented_action,Augmented (+action buffer),"(0,0)",0.0,0,0,0,0,3,4,80,-19.050674572587013,0.23813343215733768,0.010873651131987572,0.002897180849686265,1.0,1.0
constant_sweep,augmented_action,Augmented (+action buffer),"(0,0)",0.0,0,0,0,0,3,5,80,-18.911931247916073,0.2363991405989509,0.018023846670985222,0.00259710056707263,1.0,1.0
constant_sweep,augmented_action,Augmented (+action buffer),"(0,0)",0.0,0,0,0,0,3,6,80,-20.718461647978984,0.2589807705997373,0.007616514340043068,0.0014284393982961774,1.0,1.0
constant_sweep,augmented_action,Augmented (+action buffer),"(0,0)",0.0,0,0,0,0,3,7,80,-21.627953108400106,0.27034941385500133,0.013611036352813244,0.0004286800976842642,1.0,1.0
constant_sweep,augmented_action,Augmented (+action buffer),"(0,0)",0.0,0,0,0,0,3,8,80,-24.59678291657474,0.30745978645718425,0.015834709629416466,0.0017110261833295226,1.0,1.0
constant_sweep,augmented_action,Augmented (+action buffer),"(0,0)",0.0,0,0,0,0,3,9,80,-22.881379126221873,0.28601723907777343,0.010881064459681511,0.0011702042538672686,1.0,1.0
constant_sweep,augmented_action,Augmented (+action buffer),"(0,0)",0.0,0,0,0,0,4,0,80,-22.61843111901544,0.282730388987693,0.004910480231046677,0.001269541447982192,1.0,1.0
constant_sweep,augmented_action,Augmented (+action buffer),"(0,0)",0.0,0,0,0,0,4,1,80,-19.667912787248497,0.2458489098406062,0.006108379922807217,0.00021492871746886522,1.0,1.0
constant_sweep,augmented_action,Augmented (+action buffer),"(0,0)",0.0,0,0,0,0,4,2,80,-19.48135449970141,0.24351693124626764,0.01674327254295349,0.002281782915815711,1.0,1.0
constant_sweep,augmented_action,Augmented (+action buffer),"(0,0)",0.0,0,0,0,0,4,3,80,-19.050674572587013,0.23813343215733768,0.010873651131987572,0.002897180849686265,1.0,1.0
constant_sweep,augmented_action,Augmented (+action buffer),"(0,0)",0.0,0,0,0,0,4,4,80,-18.911931247916073,0.2363991405989509,0.018023846670985222,0.00259710056707263,1.0,1.0
constant_sweep,augmented_action,Augmented (+action buffer),"(0,0)",0.0,0,0,0,0,4,5,80,-20.718461647978984,0.2589807705997373,0.007616514340043068,0.0014284393982961774,1.0,1.0
constant_sweep,augmented_action,Augmented (+action buffer),"(0,0)",0.0,0,0,0,0,4,6,80,-21.627953108400106,0.27034941385500133,0.013611036352813244,0.0004286800976842642,1.0,1.0
constant_sweep,augmented_action,Augmented (+action buffer),"(0,0)",0.0,0,0,0,0,4,7,80,-24.59678291657474,0.30745978645718425,0.015834709629416466,0.0017110261833295226,1.0,1.0
constant_sweep,augmented_action,Augmented (+action buffer),"(0,0)",0.0,0,0,0,0,4,8,80,-22.881379126221873,0.28601723907777343,0.010881064459681511,0.0011702042538672686,1.0,1.0
constant_sweep,augmented_action,Augmented (+action buffer),"(0,0)",0.0,0,0,0,0,4,9,80,-19.467613415035885,0.24334516768794856,0.01089484989643097,0.0005523126455955207,1.0,1.0
constant_sweep,augmented_action_delay,Augmented (+action buffer + delay values),"(0,0)",0.0,0,0,0,0,0,0,80,-23.16090564476326,0.28951132055954076,0.014200827106833458,0.0013454458676278591,1.0,1.0
constant_sweep,augmented_action_delay,Augmented (+action buffer + delay values),"(0,0)",0.0,0,0,0,0,0,1,80,-19.27095152239781,0.2408868940299726,0.009890259243547916,0.0014725070213899016,1.0,1.0
constant_sweep,augmented_action_delay,Augmented (+action buffer + delay values),"(0,0)",0.0,0,0,0,0,0,2,80,-20.401934865047224,0.2550241858130903,0.014887120574712753,0.001403933740220964,1.0,1.0
constant_sweep,augmented_action_delay,Augmented (+action buffer + delay values),"(0,0)",0.0,0,0,0,0,0,3,80,-24.643380064400844,0.3080422508050106,0.0017815183382481337,0.0008348667761310935,1.0,1.0
constant_sweep,augmented_action_delay,Augmented (+action buffer + delay values),"(0,0)",0.0,0,0,0,0,0,4,80,-22.61843111901544,0.282730388987693,0.004910480231046677,0.001269541447982192,1.0,1.0
constant_sweep,augmented_action_delay,Augmented (+action buffer + delay values),"(0,0)",0.0,0,0,0,0,0,5,80,-19.667912787248497,0.2458489098406062,0.006108379922807217,0.00021492871746886522,1.0,1.0
constant_sweep,augmented_action_delay,Augmented (+action buffer + delay values),"(0,0)",0.0,0,0,0,0,0,6,80,-19.48135449970141,0.24351693124626764,0.01674327254295349,0.002281782915815711,1.0,1.0
constant_sweep,augmented_action_delay,Augmented (+action buffer + delay values),"(0,0)",0.0,0,0,0,0,0,7,80,-19.050674572587013,0.23813343215733768,0.010873651131987572,0.002897180849686265,1.0,1.0
constant_sweep,augmented_action_delay,Augmented (+action buffer + delay values),"(0,0)",0.0,0,0,0,0,0,8,80,-18.911931247916073,0.2363991405989509,0.018023846670985222,0.00259710056707263,1.0,1.0
constant_sweep,augmented_action_delay,Augmented (+action buffer + delay values),"(0,0)",0.0,0,0,0,0,0,9,80,-20.718461647978984,0.2589807705997373,0.007616514340043068,0.0014284393982961774,1.0,1.0
constant_sweep,augmented_action_delay,Augmented (+action buffer + delay values),"(0,0)",0.0,0,0,0,0,1,0,80,-19.27095152239781,0.2408868940299726,0.009890259243547916,0.0014725070213899016,1.0,1.0
constant_sweep,augmented_action_delay,Augmented (+action buffer + delay values),"(0,0)",0.0,0,0,0,0,1,1,80,-20.401934865047224,0.2550241858130903,0.014887120574712753,0.001403933740220964,1.0,1.0
constant_sweep,augmented_action_delay,Augmented (+action buffer + delay values),"(0,0)",0.0,0,0,0,0,1,2,80,-24.643380064400844,0.3080422508050106,0.0017815183382481337,0.0008348667761310935,1.0,1.0
constant_sweep,augmented_action_delay,Augmented (+action buffer + delay values),"(0,0)",0.0,0,0,0,0,1,3,80,-22.61843111901544,0.282730388987693,0.004910480231046677,0.001269541447982192,1.0,1.0
constant_sweep,augmented_action_delay,Augmented (+action buffer + delay values),"(0,0)",0.0,0,0,0,0,1,4,80,-19.667912787248497,0.2458489098406062,0.006108379922807217,0.00021492871746886522,1.0,1.0
constant_sweep,augmented_action_delay,Augmented (+action buffer + delay values),"(0,0)",0.0,0,0,0,0,1,5,80,-19.48135449970141,0.24351693124626764,0.01674327254295349,0.002281782915815711,1.0,1.0
constant_sweep,augmented_action_delay,Augmented (+action buffer + delay values),"(0,0)",0.0,0,0,0,0,1,6,80,-19.050674572587013,0.23813343215733768,0.010873651131987572,0.002897180849686265,1.0,1.0
constant_sweep,augmented_action_delay,Augmented (+action buffer + delay values),"(0,0)",0.0,0,0,0,0,1,7,80,-18.911931247916073,0.2363991405989509,0.018023846670985222,0.00259710056707263,1.0,1.0
constant_sweep,augmented_action_delay,Augmented (+action buffer + delay values),"(0,0)",0.0,0,0,0,0,1,8,80,-20.718461647978984,0.2589807705997373,0.007616514340043068,0.0014284393982961774,1.0,1.0
constant_sweep,augmented_action_delay,Augmented (+action buffer + delay values),"(0,0)",0.0,0,0,0,0,1,9,80,-21.627953108400106,0.27034941385500133,0.013611036352813244,0.0004286800976842642,1.0,1.0
constant_sweep,augmented_action_delay,Augmented (+action buffer + delay values),"(0,0)",0.0,0,0,0,0,2,0,80,-20.401934865047224,0.2550241858130903,0.014887120574712753,0.001403933740220964,1.0,1.0
constant_sweep,augmented_action_delay,Augmented (+action buffer + delay values),"(0,0)",0.0,0,0,0,0,2,1,80,-24.643380064400844,0.3080422508050106,0.0017815183382481337,0.0008348667761310935,1.0,1.0
constant_sweep,augmented_action_delay,Augmented (+action buffer + delay values),"(0,0)",0.0,0,0,0,0,2,2,80,-22.61843111901544,0.282730388987693,0.004910480231046677,0.001269541447982192,1.0,1.0
constant_sweep,augmented_action_delay,Augmented (+action buffer + delay values),"(0,0)",0.0,0,0,0,0,2,3,80,-19.667912787248497,0.2458489098406062,0.006108379922807217,0.00021492871746886522,1.0,1.0
constant_sweep,augmented_action_delay,Augmented (+action buffer + delay values),"(0,0)",0.0,0,0,0,0,2,4,80,-19.48135449970141,0.24351693124626764,0.01674327254295349,0.002281782915815711,1.0,1.0
constant_sweep,augmented_action_delay,Augmented (+action buffer + delay values),"(0,0)",0.0,0,0,0,0,2,5,80,-19.050674572587013,0.23813343215733768,0.010873651131987572,0.002897180849686265,1.0,1.0
constant_sweep,augmented_action_delay,Augmented (+action buffer + delay values),"(0,0)",0.0,0,0,0,0,2,6,80,-18.911931247916073,0.2363991405989509,0.018023846670985222,0.00259710056707263,1.0,1.0
constant_sweep,augmented_action_delay,Augmented (+action buffer + delay values),"(0,0)",0.0,0,0,0,0,2,7,80,-20.718461647978984,0.2589807705997373,0.007616514340043068,0.0014284393982961774,1.0,1.0
constant_sweep,augmented_action_delay,Augmented (+action buffer + delay values),"(0,0)",0.0,0,0,0,0,2,8,80,-21.627953108400106,0.27034941385500133,0.013611036352813244,0.0004286800976842642,1.0,1.0
constant_sweep,augmented_action_delay,Augmented (+action buffer + delay values),"(0,0)",0.0,0,0,0,0,2,9,80,-24.59678291657474,0.30745978645718425,0.015834709629416466,0.0017110261833295226,1.0,1.0
constant_sweep,augmented_action_delay,Augmented (+action buffer + delay values),"(0,0)",0.0,0,0,0,0,3,0,80,-24.643380064400844,0.3080422508050106,0.0017815183382481337,0.0008348667761310935,1.0,1.0
constant_sweep,augmented_action_delay,Augmented (+action buffer + delay values),"(0,0)",0.0,0,0,0,0,3,1,80,-22.61843111901544,0.282730388987693,0.004910480231046677,0.001269541447982192,1.0,1.0
constant_sweep,augmented_action_delay,Augmented (+action buffer + delay values),"(0,0)",0.0,0,0,0,0,3,2,80,-19.667912787248497,0.2458489098406062,0.006108379922807217,0.00021492871746886522,1.0,1.0
constant_sweep,augmented_action_delay,Augmented (+action buffer + delay values),"(0,0)",0.0,0,0,0,0,3,3,80,-19.48135449970141,0.24351693124626764,0.01674327254295349,0.002281782915815711,1.0,1.0
constant_sweep,augmented_action_delay,Augmented (+action buffer + delay values),"(0,0)",0.0,0,0,0,0,3,4,80,-19.050674572587013,0.23813343215733768,0.010873651131987572,0.002897180849686265,1.0,1.0
constant_sweep,augmented_action_delay,Augmented (+action buffer + delay values),"(0,0)",0.0,0,0,0,0,3,5,80,-18.911931247916073,0.2363991405989509,0.018023846670985222,0.00259710056707263,1.0,1.0
constant_sweep,augmented_action_delay,Augmented (+action buffer + delay values),"(0,0)",0.0,0,0,0,0,3,6,80,-20.718461647978984,0.2589807705997373,0.007616514340043068,0.0014284393982961774,1.0,1.0
constant_sweep,augmented_action_delay,Augmented (+action buffer + delay values),"(0,0)",0.0,0,0,0,0,3,7,80,-21.627953108400106,0.27034941385500133,0.013611036352813244,0.0004286800976842642,1.0,1.0
constant_sweep,augmented_action_delay,Augmented (+action buffer + delay values),"(0,0)",0.0,0,0,0,0,3,8,80,-24.59678291657474,0.30745978645718425,0.015834709629416466,0.0017110261833295226,1.0,1.0
constant_sweep,augmented_action_delay,Augmented (+action buffer + delay values),"(0,0)",0.0,0,0,0,0,3,9,80,-22.881379126221873,0.28601723907777343,0.010881064459681511,0.0011702042538672686,1.0,1.0
constant_sweep,augmented_action_delay,Augmented (+action buffer + delay values),"(0,0)",0.0,0,0,0,0,4,0,80,-22.61843111901544,0.282730388987693,0.004910480231046677,0.001269541447982192,1.0,1.0
constant_sweep,augmented_action_delay,Augmented (+action buffer + delay values),"(0,0)",0.0,0,0,0,0,4,1,80,-19.667912787248497,0.2458489098406062,0.006108379922807217,0.00021492871746886522,1.0,1.0
constant_sweep,augmented_action_delay,Augmented (+action buffer + delay values),"(0,0)",0.0,0,0,0,0,4,2,80,-19.48135449970141,0.24351693124626764,0.01674327254295349,0.002281782915815711,1.0,1.0
constant_sweep,augmented_action_delay,Augmented (+action buffer + delay values),"(0,0)",0.0,0,0,0,0,4,3,80,-19.050674572587013,0.23813343215733768,0.010873651131987572,0.002897180849686265,1.0,1.0
constant_sweep,augmented_action_delay,Augmented (+action buffer + delay values),"(0,0)",0.0,0,0,0,0,4,4,80,-18.911931247916073,0.2363991405989509,0.018023846670985222,0.00259710056707263,1.0,1.0
constant_sweep,augmented_action_delay,Augmented (+action buffer + delay values),"(0,0)",0.0,0,0,0,0,4,5,80,-20.718461647978984,0.2589807705997373,0.007616514340043068,0.0014284393982961774,1.0,1.0
constant_sweep,augmented_action_delay,Augmented (+action buffer + delay values),"(0,0)",0.0,0,0,0,0,4,6,80,-21.627953108400106,0.27034941385500133,0.013611036352813244,0.0004286800976842642,1.0,1.0
constant_sweep,augmented_action_delay,Augmented (+action buffer + delay values),"(0,0)",0.0,0,0,0,0,4,7,80,-24.59678291657474,0.30745978645718425,0.015834709629416466,0.0017110261833295226,1.0,1.0
constant_sweep,augmented_action_delay,Augmented (+action buffer + delay values),"(0,0)",0.0,0,0,0,0,4,8,80,-22.881379126221873,0.28601723907777343,0.010881064459681511,0.0011702042538672686,1.0,1.0
constant_sweep,augmented_action_delay,Augmented (+action buffer + delay values),"(0,0)",0.0,0,0,0,0,4,9,80,-19.467613415035885,0.24334516768794856,0.01089484989643097,0.0005523126455955207,1.0,1.0
constant_sweep,unseen,Unseen delay,"(5,5)",5.0,5,5,5,5,0,0,85,-67.21759092621505,0.8469215294674916,0.9541478157043457,0.01886589825153351,0.0,1.0
constant_sweep,unseen,Unseen delay,"(5,5)",5.0,5,5,5,5,0,1,85,-65.66818779706955,0.8326027330230265,1.020608901977539,0.19291840493679047,0.0,0.0
constant_sweep,unseen,Unseen delay,"(5,5)",5.0,5,5,5,5,0,2,85,-65.98243793845177,0.8372600173248964,1.0369327068328857,0.11188878864049911,0.0,0.0
constant_sweep,unseen,Unseen delay,"(5,5)",5.0,5,5,5,5,0,3,85,-68.79803075641394,0.8643207812133957,0.9338471293449402,0.11286137253046036,0.0,0.0
constant_sweep,unseen,Unseen delay,"(5,5)",5.0,5,5,5,5,0,4,85,-66.61519919708371,0.8430430158534471,1.008691430091858,0.03495914861559868,0.0,1.0
constant_sweep,unseen,Unseen delay,"(5,5)",5.0,5,5,5,5,0,5,85,-64.65395268332213,0.8239275353248505,1.0759775638580322,0.008321340195834637,0.0,1.0
constant_sweep,unseen,Unseen delay,"(5,5)",5.0,5,5,5,5,0,6,85,-66.74625597894192,0.8456128371112487,1.0261670351028442,0.17080996930599213,0.0,0.0
constant_sweep,unseen,Unseen delay,"(5,5)",5.0,5,5,5,5,0,7,85,-64.75693909078836,0.8226325965102981,1.033366322517395,0.11953979730606079,0.0,0.0
constant_sweep,unseen,Unseen delay,"(5,5)",5.0,5,5,5,5,0,8,85,-65.31508481502533,0.8298905358595007,1.0451221466064453,0.13761219382286072,0.0,0.0
constant_sweep,unseen,Unseen delay,"(5,5)",5.0,5,5,5,5,0,9,85,-67.24282881617546,0.8495440367390128,0.993682861328125,0.20347677171230316,0.0,0.0
constant_sweep,unseen,Unseen delay,"(5,5)",5.0,5,5,5,5,1,0,85,-65.66818779706955,0.8326027330230265,1.020608901977539,0.19291840493679047,0.0,0.0
constant_sweep,unseen,Unseen delay,"(5,5)",5.0,5,5,5,5,1,1,85,-65.98243793845177,0.8372600173248964,1.0369327068328857,0.11188878864049911,0.0,0.0
constant_sweep,unseen,Unseen delay,"(5,5)",5.0,5,5,5,5,1,2,85,-68.79803075641394,0.8643207812133957,0.9338471293449402,0.11286137253046036,0.0,0.0
constant_sweep,unseen,Unseen delay,"(5,5)",5.0,5,5,5,5,1,3,85,-66.61519919708371,0.8430430158534471,1.008691430091858,0.03495914861559868,0.0,1.0
constant_sweep,unseen,Unseen delay,"(5,5)",5.0,5,5,5,5,1,4,85,-64.65395268332213,0.8239275353248505,1.0759775638580322,0.008321340195834637,0.0,1.0
constant_sweep,unseen,Unseen delay,"(5,5)",5.0,5,5,5,5,1,5,85,-66.74625597894192,0.8456128371112487,1.0261670351028442,0.17080996930599213,0.0,0.0
constant_sweep,unseen,Unseen delay,"(5,5)",5.0,5,5,5,5,1,6,85,-64.75693909078836,0.8226325965102981,1.033366322517395,0.11953979730606079,0.0,0.0
constant_sweep,unseen,Unseen delay,"(5,5)",5.0,5,5,5,5,1,7,85,-65.31508481502533,0.8298905358595007,1.0451221466064453,0.13761219382286072,0.0,0.0
constant_sweep,unseen,Unseen delay,"(5,5)",5.0,5,5,5,5,1,8,85,-67.24282881617546,0.8495440367390128,0.993682861328125,0.20347677171230316,0.0,0.0
constant_sweep,unseen,Unseen delay,"(5,5)",5.0,5,5,5,5,1,9,85,-67.28549440205097,0.848076131939888,0.9601953625679016,0.22853536903858185,0.0,0.0
constant_sweep,unseen,Unseen delay,"(5,5)",5.0,5,5,5,5,2,0,85,-65.98243793845177,0.8372600173248964,1.0369327068328857,0.11188878864049911,0.0,0.0
constant_sweep,unseen,Unseen delay,"(5,5)",5.0,5,5,5,5,2,1,85,-68.79803075641394,0.8643207812133957,0.9338471293449402,0.11286137253046036,0.0,0.0
constant_sweep,unseen,Unseen delay,"(5,5)",5.0,5,5,5,5,2,2,85,-66.61519919708371,0.8430430158534471,1.008691430091858,0.03495914861559868,0.0,1.0
constant_sweep,unseen,Unseen delay,"(5,5)",5.0,5,5,5,5,2,3,85,-64.65395268332213,0.8239275353248505,1.0759775638580322,0.008321340195834637,0.0,1.0
constant_sweep,unseen,Unseen delay,"(5,5)",5.0,5,5,5,5,2,4,85,-66.74625597894192,0.8456128371112487,1.0261670351028442,0.17080996930599213,0.0,0.0
constant_sweep,unseen,Unseen delay,"(5,5)",5.0,5,5,5,5,2,5,85,-64.75693909078836,0.8226325965102981,1.033366322517395,0.11953979730606079,0.0,0.0
constant_sweep,unseen,Unseen delay,"(5,5)",5.0,5,5,5,5,2,6,85,-65.31508481502533,0.8298905358595007,1.0451221466064453,0.13761219382286072,0.0,0.0
constant_sweep,unseen,Unseen delay,"(5,5)",5.0,5,5,5,5,2,7,85,-67.24282881617546,0.8495440367390128,0.993682861328125,0.20347677171230316,0.0,0.0
constant_sweep,unseen,Unseen delay,"(5,5)",5.0,5,5,5,5,2,8,85,-67.28549440205097,0.848076131939888,0.9601953625679016,0.22853536903858185,0.0,0.0
constant_sweep,unseen,Unseen delay,"(5,5)",5.0,5,5,5,5,2,9,85,-69.29302328824997,0.8688744895598468,0.9122616648674011,0.11995069682598114,0.0,0.0
constant_sweep,unseen,Unseen delay,"(5,5)",5.0,5,5,5,5,3,0,85,-68.79803075641394,0.8643207812133957,0.9338471293449402,0.11286137253046036,0.0,0.0
constant_sweep,unseen,Unseen delay,"(5,5)",5.0,5,5,5,5,3,1,85,-66.61519919708371,0.8430430158534471,1.008691430091858,0.03495914861559868,0.0,1.0
constant_sweep,unseen,Unseen delay,"(5,5)",5.0,5,5,5,5,3,2,85,-64.65395268332213,0.8239275353248505,1.0759775638580322,0.008321340195834637,0.0,1.0
constant_sweep,unseen,Unseen delay,"(5,5)",5.0,5,5,5,5,3,3,85,-66.74625597894192,0.8456128371112487,1.0261670351028442,0.17080996930599213,0.0,0.0
constant_sweep,unseen,Unseen delay,"(5,5)",5.0,5,5,5,5,3,4,85,-64.75693909078836,0.8226325965102981,1.033366322517395,0.11953979730606079,0.0,0.0
constant_sweep,unseen,Unseen delay,"(5,5)",5.0,5,5,5,5,3,5,85,-65.31508481502533,0.8298905358595007,1.0451221466064453,0.13761219382286072,0.0,0.0
constant_sweep,unseen,Unseen delay,"(5,5)",5.0,5,5,5,5,3,6,85,-67.24282881617546,0.8495440367390128,0.993682861328125,0.20347677171230316,0.0,0.0
constant_sweep,unseen,Unseen delay,"(5,5)",5.0,5,5,5,5,3,7,85,-67.28549440205097,0.848076131939888,0.9601953625679016,0.22853536903858185,0.0,0.0
constant_sweep,unseen,Unseen delay,"(5,5)",5.0,5,5,5,5,3,8,85,-69.29302328824997,0.8688744895598468,0.9122616648674011,0.11995069682598114,0.0,0.0
constant_sweep,unseen,Unseen delay,"(5,5)",5.0,5,5,5,5,3,9,85,-68.24546198546886,0.8592358874924043,0.9579176902770996,0.13404521346092224,0.0,0.0
constant_sweep,unseen,Unseen delay,"(5,5)",5.0,5,5,5,5,4,0,85,-66.61519919708371,0.8430430158534471,1.008691430091858,0.03495914861559868,0.0,1.0
constant_sweep,unseen,Unseen delay,"(5,5)",5.0,5,5,5,5,4,1,85,-64.65395268332213,0.8239275353248505,1.0759775638580322,0.008321340195834637,0.0,1.0
constant_sweep,unseen,Unseen delay,"(5,5)",5.0,5,5,5,5,4,2,85,-66.74625597894192,0.8456128371112487,1.0261670351028442,0.17080996930599213,0.0,0.0
constant_sweep,unseen,Unseen delay,"(5,5)",5.0,5,5,5,5,4,3,85,-64.75693909078836,0.8226325965102981,1.033366322517395,0.11953979730606079,0.0,0.0
constant_sweep,unseen,Unseen delay,"(5,5)",5.0,5,5,5,5,4,4,85,-65.31508481502533,0.8298905358595007,1.0451221466064453,0.13761219382286072,0.0,0.0
constant_sweep,unseen,Unseen delay,"(5,5)",5.0,5,5,5,5,4,5,85,-67.24282881617546,0.8495440367390128,0.993682861328125,0.20347677171230316,0.0,0.0
constant_sweep,unseen,Unseen delay,"(5,5)",5.0,5,5,5,5,4,6,85,-67.28549440205097,0.848076131939888,0.9601953625679016,0.22853536903858185,0.0,0.0
constant_sweep,unseen,Unseen delay,"(5,5)",5.0,5,5,5,5,4,7,85,-69.29302328824997,0.8688744895598468,0.9122616648674011,0.11995069682598114,0.0,0.0
constant_sweep,unseen,Unseen delay,"(5,5)",5.0,5,5,5,5,4,8,85,-68.24546198546886,0.8592358874924043,0.9579176902770996,0.13404521346092224,0.0,0.0
constant_sweep,unseen,Unseen delay,"(5,5)",5.0,5,5,5,5,4,9,85,-64.77341128885746,0.826621414808666,1.09788179397583,0.05137552320957184,0.0,1.0
constant_sweep,augmented_action,Augmented (+action buffer),"(5,5)",5.0,5,5,5,5,0,0,85,-34.50018282583915,0.4073980999097009,0.025731133297085762,0.003366533201187849,1.0,1.0
constant_sweep,augmented_action,Augmented (+action buffer),"(5,5)",5.0,5,5,5,5,0,1,85,-29.48232381726848,0.348195745350163,0.022862907499074936,0.0008691778057254851,1.0,1.0
constant_sweep,augmented_action,Augmented (+action buffer),"(5,5)",5.0,5,5,5,5,0,2,85,-30.939130248269066,0.36556056093369776,0.0267034862190485,0.0015947839710861444,1.0,1.0
constant_sweep,augmented_action,Augmented (+action buffer),"(5,5)",5.0,5,5,5,5,0,3,85,-36.595665922854096,0.4313591710291803,0.013972722925245762,0.0024640285409986973,1.0,1.0
constant_sweep,augmented_action,Augmented (+action buffer),"(5,5)",5.0,5,5,5,5,0,4,85,-34.14620219729841,0.4020338504410842,0.005335018038749695,0.005335018038749695,1.0,1.0
constant_sweep,augmented_action,Augmented (+action buffer),"(5,5)",5.0,5,5,5,5,0,5,85,-30.745422842912376,0.3628115598441047,0.01871194876730442,0.005997535772621632,1.0,1.0
constant_sweep,augmented_action,Augmented (+action buffer),"(5,5)",5.0,5,5,5,5,0,6,85,-30.357571743195876,0.3581649132483803,0.0172891765832901,0.002414277521893382,1.0,1.0
constant_sweep,augmented_action,Augmented (+action buffer),"(5,5)",5.0,5,5,5,5,0,7,85,-29.45611781696789,0.34854001390528594,0.03395667299628258,0.003724531503394246,1.0,1.0
constant_sweep,augmented_action,Augmented (+action buffer),"(5,5)",5.0,5,5,5,5,0,8,85,-29.469776196987368,0.3484802632496747,0.030209235846996307,0.0013115947367623448,1.0,1.0
constant_sweep,augmented_action,Augmented (+action buffer),"(5,5)",5.0,5,5,5,5,0,9,85,-31.63261995278299,0.373290182869224,0.019409118220210075,0.009382618591189384,1.0,1.0
constant_sweep,augmented_action,Augmented (+action buffer),"(5,5)",5.0,5,5,5,5,1,0,85,-29.48232381726848,0.348195745350163,0.022862907499074936,0.0008691778057254851,1.0,1.0
constant_sweep,augmented_action,Augmented (+action buffer),"(5,5)",5.0,5,5,5,5,1,1,85,-30.939130248269066,0.36556056093369776,0.0267034862190485,0.0015947839710861444,1.0,1.0
constant_sweep,augmented_action,Augmented (+action buffer),"(5,5)",5.0,5,5,5,5,1,2,85,-36.595665922854096,0.4313591710291803,0.013972722925245762,0.0024640285409986973,1.0,1.0
constant_sweep,augmented_action,Augmented (+action buffer),"(5,5)",5.0,5,5,5,5,1,3,85,-34.14620219729841,0.4020338504410842,0.005335018038749695,0.005335018038749695,1.0,1.0
constant_sweep,augmented_action,Augmented (+action buffer),"(5,5)",5.0,5,5,5,5,1,4,85,-30.745422842912376,0.3628115598441047,0.01871194876730442,0.005997535772621632,1.0,1.0
constant_sweep,augmented_action,Augmented (+action buffer),"(5,5)",5.0,5,5,5,5,1,5,85,-30.357571743195876,0.3581649132483803,0.0172891765832901,0.002414277521893382,1.0,1.0
constant_sweep,augmented_action,Augmented (+action buffer),"(5,5)",5.0,5,5,5,5,1,6,85,-29.45611781696789,0.34854001390528594,0.03395667299628258,0.003724531503394246,1.0,1.0
constant_sweep,augmented_action,Augmented (+action buffer),"(5,5)",5.0,5,5,5,5,1,7,85,-29.469776196987368,0.3484802632496747,0.030209235846996307,0.0013115947367623448,1.0,1.0
constant_sweep,augmented_action,Augmented (+action buffer),"(5,5)",5.0,5,5,5,5,1,8,85,-31.63261995278299,0.373290182869224,0.019409118220210075,0.009382618591189384,1.0,1.0
constant_sweep,augmented_action,Augmented (+action buffer),"(5,5)",5.0,5,5,5,5,1,9,85,-32.92200371623039,0.38892107007696347,0.027257448062300682,0.0022179323714226484,1.0,1.0
constant_sweep,augmented_action,Augmented (+action buffer),"(5,5)",5.0,5,5,5,5,2,0,85,-30.939130248269066,0.36556056093369776,0.0267034862190485,0.0015947839710861444,1.0,1.0
constant_sweep,augmented_action,Augmented (+action buffer),"(5,5)",5.0,5,5,5,5,2,1,85,-36.595665922854096,0.4313591710291803,0.013972722925245762,0.0024640285409986973,1.0,1.0
constant_sweep,augmented_action,Augmented (+action buffer),"(5,5)",5.0,5,5,5,5,2,2,85,-34.14620219729841,0.4020338504410842,0.005335018038749695,0.005335018038749695,1.0,1.0
constant_sweep,augmented_action,Augmented (+action buffer),"(5,5)",5.0,5,5,5,5,2,3,85,-30.745422842912376,0.3628115598441047,0.01871194876730442,0.005997535772621632,1.0,1.0
constant_sweep,augmented_action,Augmented (+action buffer),"(5,5)",5.0,5,5,5,5,2,4,85,-30.357571743195876,0.3581649132483803,0.0172891765832901,0.002414277521893382,1.0,1.0
constant_sweep,augmented_action,Augmented (+action buffer),"(5,5)",5.0,5,5,5,5,2,5,85,-29.45611781696789,0.34854001390528594,0.03395667299628258,0.003724531503394246,1.0,1.0
constant_sweep,augmented_action,Augmented (+action buffer),"(5,5)",5.0,5,5,5,5,2,6,85,-29.469776196987368,0.3484802632496747,0.030209235846996307,0.0013115947367623448,1.0,1.0
constant_sweep,augmented_action,Augmented (+action buffer),"(5,5)",5.0,5,5,5,5,2,7,85,-31.63261995278299,0.373290182869224,0.019409118220210075,0.009382618591189384,1.0,1.0
constant_sweep,augmented_action,Augmented (+action buffer),"(5,5)",5.0,5,5,5,5,2,8,85,-32.92200371623039,0.38892107007696347,0.027257448062300682,0.0022179323714226484,1.0,1.0
constant_sweep,augmented_action,Augmented (+action buffer),"(5,5)",5.0,5,5,5,5,2,9,85,-36.06541040306911,0.4252004513243104,0.015325591899454594,0.004351989831775427,1.0,1.0
constant_sweep,augmented_action,Augmented (+action buffer),"(5,5)",5.0,5,5,5,5,3,0,85,-36.595665922854096,0.4313591710291803,0.013972722925245762,0.0024640285409986973,1.0,1.0
constant_sweep,augmented_action,Augmented (+action buffer),"(5,5)",5.0,5,5,5,5,3,1,85,-34.14620219729841,0.4020338504410842,0.005335018038749695,0.005335018038749695,1.0,1.0
constant_sweep,augmented_action,Augmented (+action buffer),"(5,5)",5.0,5,5,5,5,3,2,85,-30.745422842912376,0.3628115598441047,0.01871194876730442,0.005997535772621632,1.0,1.0
constant_sweep,augmented_action,Augmented (+action buffer),"(5,5)",5.0,5,5,5,5,3,3,85,-30.357571743195876,0.3581649132483803,0.0172891765832901,0.002414277521893382,1.0,1.0
constant_sweep,augmented_action,Augmented (+action buffer),"(5,5)",5.0,5,5,5,5,3,4,85,-29.45611781696789,0.34854001390528594,0.03395667299628258,0.003724531503394246,1.0,1.0
constant_sweep,augmented_action,Augmented (+action buffer),"(5,5)",5.0,5,5,5,5,3,5,85,-29.469776196987368,0.3484802632496747,0.030209235846996307,0.0013115947367623448,1.0,1.0
constant_sweep,augmented_action,Augmented (+action buffer),"(5,5)",5.0,5,5,5,5,3,6,85,-31.63261995278299,0.373290182869224,0.019409118220210075,0.009382618591189384,1.0,1.0
constant_sweep,augmented_action,Augmented (+action buffer),"(5,5)",5.0,5,5,5,5,3,7,85,-32.92200371623039,0.38892107007696347,0.027257448062300682,0.0022179323714226484,1.0,1.0
constant_sweep,augmented_action,Augmented (+action buffer),"(5,5)",5.0,5,5,5,5,3,8,85,-36.06541040306911,0.4252004513243104,0.015325591899454594,0.004351989831775427,1.0,1.0
constant_sweep,augmented_action,Augmented (+action buffer),"(5,5)",5.0,5,5,5,5,3,9,85,-34.05226592719555,0.4019741226206808,0.023106899112462997,0.00469882832840085,1.0,1.0
constant_sweep,augmented_action,Augmented (+action buffer),"(5,5)",5.0,5,5,5,5,4,0,85,-34.14620219729841,0.4020338504410842,0.005335018038749695,0.005335018038749695,1.0,1.0
constant_sweep,augmented_action,Augmented (+action buffer),"(5,5)",5.0,5,5,5,5,4,1,85,-30.745422842912376,0.3628115598441047,0.01871194876730442,0.005997535772621632,1.0,1.0
constant_sweep,augmented_action,Augmented (+action buffer),"(5,5)",5.0,5,5,5,5,4,2,85,-30.357571743195876,0.3581649132483803,0.0172891765832901,0.002414277521893382,1.0,1.0
constant_sweep,augmented_action,Augmented (+action buffer),"(5,5)",5.0,5,5,5,5,4,3,85,-29.45611781696789,0.34854001390528594,0.03395667299628258,0.003724531503394246,1.0,1.0
constant_sweep,augmented_action,Augmented (+action buffer),"(5,5)",5.0,5,5,5,5,4,4,85,-29.469776196987368,0.3484802632496747,0.030209235846996307,0.0013115947367623448,1.0,1.0
constant_sweep,augmented_action,Augmented (+action buffer),"(5,5)",5.0,5,5,5,5,4,5,85,-31.63261995278299,0.373290182869224,0.019409118220210075,0.009382618591189384,1.0,1.0
constant_sweep,augmented_action,Augmented (+action buffer),"(5,5)",5.0,5,5,5,5,4,6,85,-32.92200371623039,0.38892107007696347,0.027257448062300682,0.0022179323714226484,1.0,1.0
constant_sweep,augmented_action,Augmented (+action buffer),"(5,5)",5.0,5,5,5,5,4,7,85,-36.06541040306911,0.4252004513243104,0.015325591899454594,0.004351989831775427,1.0,1.0
constant_sweep,augmented_action,Augmented (+action buffer),"(5,5)",5.0,5,5,5,5,4,8,85,-34.05226592719555,0.4019741226206808,0.023106899112462997,0.00469882832840085,1.0,1.0
constant_sweep,augmented_action,Augmented (+action buffer),"(5,5)",5.0,5,5,5,5,4,9,85,-29.964726799633354,0.3533146592788398,0.013403847813606262,0.0011663432233035564,1.0,1.0
constant_sweep,augmented_action_delay,Augmented (+action buffer + delay values),"(5,5)",5.0,5,5,5,5,0,0,85,-34.50018282583915,0.4073980999097009,0.025731133297085762,0.003366533201187849,1.0,1.0
constant_sweep,augmented_action_delay,Augmented (+action buffer + delay values),"(5,5)",5.0,5,5,5,5,0,1,85,-29.48232381726848,0.348195745350163,0.022862907499074936,0.0008691778057254851,1.0,1.0
constant_sweep,augmented_action_delay,Augmented (+action buffer + delay values),"(5,5)",5.0,5,5,5,5,0,2,85,-30.939130248269066,0.36556056093369776,0.0267034862190485,0.0015947839710861444,1.0,1.0
constant_sweep,augmented_action_delay,Augmented (+action buffer + delay values),"(5,5)",5.0,5,5,5,5,0,3,85,-36.595665922854096,0.4313591710291803,0.013972722925245762,0.0024640285409986973,1.0,1.0
constant_sweep,augmented_action_delay,Augmented (+action buffer + delay values),"(5,5)",5.0,5,5,5,5,0,4,85,-34.14620219729841,0.4020338504410842,0.005335018038749695,0.005335018038749695,1.0,1.0
constant_sweep,augmented_action_delay,Augmented (+action buffer + delay values),"(5,5)",5.0,5,5,5,5,0,5,85,-30.745422842912376,0.3628115598441047,0.01871194876730442,0.005997535772621632,1.0,1.0
constant_sweep,augmented_action_delay,Augmented (+action buffer + delay values),"(5,5)",5.0,5,5,5,5,0,6,85,-30.357571743195876,0.3581649132483803,0.0172891765832901,0.002414277521893382,1.0,1.0
constant_sweep,augmented_action_delay,Augmented (+action buffer + delay values),"(5,5)",5.0,5,5,5,5,0,7,85,-29.45611781696789,0.34854001390528594,0.03395667299628258,0.003724531503394246,1.0,1.0
constant_sweep,augmented_action_delay,Augmented (+action buffer + delay values),"(5,5)",5.0,5,5,5,5,0,8,85,-29.469776196987368,0.3484802632496747,0.030209235846996307,0.0013115947367623448,1.0,1.0
constant_sweep,augmented_action_delay,Augmented (+action buffer + delay values),"(5,5)",5.0,5,5,5,5,0,9,85,-31.63261995278299,0.373290182869224,0.019409118220210075,0.009382618591189384,1.0,1.0
constant_sweep,augmented_action_delay,Augmented (+action buffer + delay values),"(5,5)",5.0,5,5,5,5,1,0,85,-29.48232381726848,0.348195745350163,0.022862907499074936,0.0008691778057254851,1.0,1.0
constant_sweep,augmented_action_delay,Augmented (+action buffer + delay values),"(5,5)",5.0,5,5,5,5,1,1,85,-30.939130248269066,0.36556056093369776,0.0267034862190485,0.0015947839710861444,1.0,1.0
constant_sweep,augmented_action_delay,Augmented (+action buffer + delay values),"(5,5)",5.0,5,5,5,5,1,2,85,-36.595665922854096,0.4313591710291803,0.013972722925245762,0.0024640285409986973,1.0,1.0
constant_sweep,augmented_action_delay,Augmented (+action buffer + delay values),"(5,5)",5.0,5,5,5,5,1,3,85,-34.14620219729841,0.4020338504410842,0.005335018038749695,0.005335018038749695,1.0,1.0
constant_sweep,augmented_action_delay,Augmented (+action buffer + delay values),"(5,5)",5.0,5,5,5,5,1,4,85,-30.745422842912376,0.3628115598441047,0.01871194876730442,0.005997535772621632,1.0,1.0
constant_sweep,augmented_action_delay,Augmented (+action buffer + delay values),"(5,5)",5.0,5,5,5,5,1,5,85,-30.357571743195876,0.3581649132483803,0.0172891765832901,0.002414277521893382,1.0,1.0
constant_sweep,augmented_action_delay,Augmented (+action buffer + delay values),"(5,5)",5.0,5,5,5,5,1,6,85,-29.45611781696789,0.34854001390528594,0.03395667299628258,0.003724531503394246,1.0,1.0
constant_sweep,augmented_action_delay,Augmented (+action buffer + delay values),"(5,5)",5.0,5,5,5,5,1,7,85,-29.469776196987368,0.3484802632496747,0.030209235846996307,0.0013115947367623448,1.0,1.0
constant_sweep,augmented_action_delay,Augmented (+action buffer + delay values),"(5,5)",5.0,5,5,5,5,1,8,85,-31.63261995278299,0.373290182869224,0.019409118220210075,0.009382618591189384,1.0,1.0
constant_sweep,augmented_action_delay,Augmented (+action buffer + delay values),"(5,5)",5.0,5,5,5,5,1,9,85,-32.92200371623039,0.38892107007696347,0.027257448062300682,0.0022179323714226484,1.0,1.0
constant_sweep,augmented_action_delay,Augmented (+action buffer + delay values),"(5,5)",5.0,5,5,5,5,2,0,85,-30.939130248269066,0.36556056093369776,0.0267034862190485,0.0015947839710861444,1.0,1.0
constant_sweep,augmented_action_delay,Augmented (+action buffer + delay values),"(5,5)",5.0,5,5,5,5,2,1,85,-36.595665922854096,0.4313591710291803,0.013972722925245762,0.0024640285409986973,1.0,1.0
constant_sweep,augmented_action_delay,Augmented (+action buffer + delay values),"(5,5)",5.0,5,5,5,5,2,2,85,-34.14620219729841,0.4020338504410842,0.005335018038749695,0.005335018038749695,1.0,1.0
constant_sweep,augmented_action_delay,Augmented (+action buffer + delay values),"(5,5)",5.0,5,5,5,5,2,3,85,-30.745422842912376,0.3628115598441047,0.01871194876730442,0.005997535772621632,1.0,1.0
constant_sweep,augmented_action_delay,Augmented (+action buffer + delay values),"(5,5)",5.0,5,5,5,5,2,4,85,-30.357571743195876,0.3581649132483803,0.0172891765832901,0.002414277521893382,1.0,1.0
constant_sweep,augmented_action_delay,Augmented (+action buffer + delay values),"(5,5)",5.0,5,5,5,5,2,5,85,-29.45611781696789,0.34854001390528594,0.03395667299628258,0.003724531503394246,1.0,1.0
constant_sweep,augmented_action_delay,Augmented (+action buffer + delay values),"(5,5)",5.0,5,5,5,5,2,6,85,-29.469776196987368,0.3484802632496747,0.030209235846996307,0.0013115947367623448,1.0,1.0
constant_sweep,augmented_action_delay,Augmented (+action buffer + delay values),"(5,5)",5.0,5,5,5,5,2,7,85,-31.63261995278299,0.373290182869224,0.019409118220210075,0.009382618591189384,1.0,1.0
constant_sweep,augmented_action_delay,Augmented (+action buffer + delay values),"(5,5)",5.0,5,5,5,5,2,8,85,-32.92200371623039,0.38892107007696347,0.027257448062300682,0.0022179323714226484,1.0,1.0
constant_sweep,augmented_action_delay,Augmented (+action buffer + delay values),"(5,5)",5.0,5,5,5,5,2,9,85,-36.06541040306911,0.4252004513243104,0.015325591899454594,0.004351989831775427,1.0,1.0
constant_sweep,augmented_action_delay,Augmented (+action buffer + delay values),"(5,5)",5.0,5,5,5,5,3,0,85,-36.595665922854096,0.4313591710291803,0.013972722925245762,0.0024640285409986973,1.0,1.0
constant_sweep,augmented_action_delay,Augmented (+action buffer + delay values),"(5,5)",5.0,5,5,5,5,3,1,85,-34.14620219729841,0.4020338504410842,0.005335018038749695,0.005335018038749695,1.0,1.0
constant_sweep,augmented_action_delay,Augmented (+action buffer + delay values),"(5,5)",5.0,5,5,5,5,3,2,85,-30.745422842912376,0.3628115598441047,0.01871194876730442,0.005997535772621632,1.0,1.0
constant_sweep,augmented_action_delay,Augmented (+action buffer + delay values),"(5,5)",5.0,5,5,5,5,3,3,85,-30.357571743195876,0.3581649132483803,0.0172891765832901,0.002414277521893382,1.0,1.0
constant_sweep,augmented_action_delay,Augmented (+action buffer + delay values),"(5,5)",5.0,5,5,5,5,3,4,85,-29.45611781696789,0.34854001390528594,0.03395667299628258,0.003724531503394246,1.0,1.0
constant_sweep,augmented_action_delay,Augmented (+action buffer + delay values),"(5,5)",5.0,5,5,5,5,3,5,85,-29.469776196987368,0.3484802632496747,0.030209235846996307,0.0013115947367623448,1.0,1.0
constant_sweep,augmented_action_delay,Augmented (+action buffer + delay values),"(5,5)",5.0,5,5,5,5,3,6,85,-31.63261995278299,0.373290182869224,0.019409118220210075,0.009382618591189384,1.0,1.0
constant_sweep,augmented_action_delay,Augmented (+action buffer + delay values),"(5,5)",5.0,5,5,5,5,3,7,85,-32.92200371623039,0.38892107007696347,0.027257448062300682,0.0022179323714226484,1.0,1.0
constant_sweep,augmented_action_delay,Augmented (+action buffer + delay values),"(5,5)",5.0,5,5,5,5,3,8,85,-36.06541040306911,0.4252004513243104,0.015325591899454594,0.004351989831775427,1.0,1.0
constant_sweep,augmented_action_delay,Augmented (+action buffer + delay values),"(5,5)",5.0,5,5,5,5,3,9,85,-34.05226592719555,0.4019741226206808,0.023106899112462997,0.00469882832840085,1.0,1.0
constant_sweep,augmented_action_delay,Augmented (+action buffer + delay values),"(5,5)",5.0,5,5,5,5,4,0,85,-34.14620219729841,0.4020338504410842,0.005335018038749695,0.005335018038749695,1.0,1.0
constant_sweep,augmented_action_delay,Augmented (+action buffer + delay values),"(5,5)",5.0,5,5,5,5,4,1,85,-30.745422842912376,0.3628115598441047,0.01871194876730442,0.005997535772621632,1.0,1.0
constant_sweep,augmented_action_delay,Augmented (+action buffer + delay values),"(5,5)",5.0,5,5,5,5,4,2,85,-30.357571743195876,0.3581649132483803,0.0172891765832901,0.002414277521893382,1.0,1.0
constant_sweep,augmented_action_delay,Augmented (+action buffer + delay values),"(5,5)",5.0,5,5,5,5,4,3,85,-29.45611781696789,0.34854001390528594,0.03395667299628258,0.003724531503394246,1.0,1.0
constant_sweep,augmented_action_delay,Augmented (+action buffer + delay values),"(5,5)",5.0,5,5,5,5,4,4,85,-29.469776196987368,0.3484802632496747,0.030209235846996307,0.0013115947367623448,1.0,1.0
constant_sweep,augmented_action_delay,Augmented (+action buffer + delay values),"(5,5)",5.0,5,5,5,5,4,5,85,-31.63261995278299,0.373290182869224,0.019409118220210075,0.009382618591189384,1.0,1.0
constant_sweep,augmented_action_delay,Augmented (+action buffer + delay values),"(5,5)",5.0,5,5,5,5,4,6,85,-32.92200371623039,0.38892107007696347,0.027257448062300682,0.0022179323714226484,1.0,1.0
constant_sweep,augmented_action_delay,Augmented (+action buffer + delay values),"(5,5)",5.0,5,5,5,5,4,7,85,-36.06541040306911,0.4252004513243104,0.015325591899454594,0.004351989831775427,1.0,1.0
constant_sweep,augmented_action_delay,Augmented (+action buffer + delay values),"(5,5)",5.0,5,5,5,5,4,8,85,-34.05226592719555,0.4019741226206808,0.023106899112462997,0.00469882832840085,1.0,1.0
constant_sweep,augmented_action_delay,Augmented (+action buffer + delay values),"(5,5)",5.0,5,5,5,5,4,9,85,-29.964726799633354,0.3533146592788398,0.013403847813606262,0.0011663432233035564,1.0,1.0
constant_sweep,unseen,Unseen delay,"(10,10)",10.0,10,10,10,10,0,0,90,-99.51431215368211,1.1929027836148938,0.7846938371658325,0.025486206635832787,0.0,1.0
constant_sweep,unseen,Unseen delay,"(10,10)",10.0,10,10,10,10,0,1,90,-95.71024411916733,1.176759308576584,1.019809365272522,0.17210030555725098,0.0,0.0
constant_sweep,unseen,Unseen delay,"(10,10)",10.0,10,10,10,10,0,2,90,-96.49683284759521,1.178251900937822,0.9545838236808777,0.11290310323238373,0.0,0.0
constant_sweep,unseen,Unseen delay,"(10,10)",10.0,10,10,10,10,0,3,90,-101.48232891410589,1.202929816229476,0.6781354546546936,0.11870289593935013,0.0,0.0
constant_sweep,unseen,Unseen delay,"(10,10)",10.0,10,10,10,10,0,4,90,-98.64120541140437,1.1780078740169604,0.737950325012207,0.020662039518356323,0.0,1.0
constant_sweep,unseen,Unseen delay,"(10,10)",10.0,10,10,10,10,0,5,90,-94.71647453308105,1.1537704679701064,0.9122867584228516,0.027294151484966278,0.0,1.0
constant_sweep,unseen,Unseen delay,"(10,10)",10.0,10,10,10,10,0,6,90,-95.21418942511082,1.174001112414731,1.0445910692214966,0.1644648015499115,0.0,0.0
constant_sweep,unseen,Unseen delay,"(10,10)",10.0,10,10,10,10,0,7,90,-94.97894243896008,1.1675721623831326,1.010255217552185,0.1120481789112091,0.0,0.0
constant_sweep,unseen,Unseen delay,"(10,10)",10.0,10,10,10,10,0,8,90,-96.07506331801414,1.1757062604029973,0.9738500118255615,0.13495343923568726,0.0,0.0
constant_sweep,unseen,Unseen delay,"(10,10)",10.0,10,10,10,10,0,9,90,-98.04903315007687,1.1881646101673444,0.8885781764984131,0.2128811925649643,0.0,0.0
constant_sweep,unseen,Unseen delay,"(10,10)",10.0,10,10,10,10,1,0,90,-95.71024411916733,1.176759308576584,1.019809365272522,0.17210030555725098,0.0,0.0
constant_sweep,unseen,Unseen delay,"(10,10)",10.0,10,10,10,10,1,1,90,-96.49683284759521,1.178251900937822,0.9545838236808777,0.11290310323238373,0.0,0.0
constant_sweep,unseen,Unseen delay,"(10,10)",10.0,10,10,10,10,1,2,90,-101.48232891410589,1.202929816229476,0.6781354546546936,0.11870289593935013,0.0,0.0
constant_sweep,unseen,Unseen delay,"(10,10)",10.0,10,10,10,10,1,3,90,-98.64120541140437,1.1780078740169604,0.737950325012207,0.020662039518356323,0.0,1.0
constant_sweep,unseen,Unseen delay,"(10,10)",10.0,10,10,10,10,1,4,90,-94.71647453308105,1.1537704679701064,0.9122867584228516,0.027294151484966278,0.0,1.0
constant_sweep,unseen,Unseen delay,"(10,10)",10.0,10,10,10,10,1,5,90,-95.21418942511082,1.174001112414731,1.0445910692214966,0.1644648015499115,0.0,0.0
constant_sweep,unseen,Unseen delay,"(10,10)",10.0,10,10,10,10,1,6,90,-94.97894243896008,1.1675721623831326,1.010255217552185,0.1120481789112091,0.0,0.0
constant_sweep,unseen,Unseen delay,"(10,10)",10.0,10,10,10,10,1,7,90,-96.07506331801414,1.1757062604029973,0.9738500118255615,0.13495343923568726,0.0,0.0
constant_sweep,unseen,Unseen delay,"(10,10)",10.0,10,10,10,10,1,8,90,-98.04903315007687,1.1881646101673444,0.8885781764984131,0.2128811925649643,0.0,0.0
constant_sweep,unseen,Unseen delay,"(10,10)",10.0,10,10,10,10,1,9,90,-98.79456822574139,1.201445904539691,0.933556318283081,0.23695476353168488,0.0,0.0
constant_sweep,unseen,Unseen delay,"(10,10)",10.0,10,10,10,10,2,0,90,-96.49683284759521,1.178251900937822,0.9545838236808777,0.11290310323238373,0.0,0.0
constant_sweep,unseen,Unseen delay,"(10,10)",10.0,10,10,10,10,2,1,90,-101.48232891410589,1.202929816229476,0.6781354546546936,0.11870289593935013,0.0,0.0
constant_sweep,unseen,Unseen delay,"(10,10)",10.0,10,10,10,10,2,2,90,-98.64120541140437,1.1780078740169604,0.737950325012207,0.020662039518356323,0.0,1.0
constant_sweep,unseen,Unseen delay,"(10,10)",10.0,10,10,10,10,2,3,90,-94.71647453308105,1.1537704679701064,0.9122867584228516,0.027294151484966278,0.0,1.0
constant_sweep,unseen,Unseen delay,"(10,10)",10.0,10,10,10,10,2,4,90,-95.21418942511082,1.174001112414731,1.0445910692214966,0.1644648015499115,0.0,0.0
constant_sweep,unseen,Unseen delay,"(10,10)",10.0,10,10,10,10,2,5,90,-94.97894243896008,1.1675721623831326,1.010255217552185,0.1120481789112091,0.0,0.0
constant_sweep,unseen,Unseen delay,"(10,10)",10.0,10,10,10,10,2,6,90,-96.07506331801414,1.1757062604029973,0.9738500118255615,0.13495343923568726,0.0,0.0
constant_sweep,unseen,Unseen delay,"(10,10)",10.0,10,10,10,10,2,7,90,-98.04903315007687,1.1881646101673444,0.8885781764984131,0.2128811925649643,0.0,0.0
constant_sweep,unseen,Unseen delay,"(10,10)",10.0,10,10,10,10,2,8,90,-98.79456822574139,1.201445904539691,0.933556318283081,0.23695476353168488,0.0,0.0
constant_sweep,unseen,Unseen delay,"(10,10)",10.0,10,10,10,10,2,9,90,-102.23285041749477,1.2088306504819128,0.656190812587738,0.14493682980537415,0.0,0.0
constant_sweep,unseen,Unseen delay,"(10,10)",10.0,10,10,10,10,3,0,90,-101.48232891410589,1.202929816229476,0.6781354546546936,0.11870289593935013,0.0,0.0
constant_sweep,unseen,Unseen delay,"(10,10)",10.0,10,10,10,10,3,1,90,-98.64120541140437,1.1780078740169604,0.737950325012207,0.020662039518356323,0.0,1.0
constant_sweep,unseen,Unseen delay,"(10,10)",10.0,10,10,10,10,3,2,90,-94.71647453308105,1.1537704679701064,0.9122867584228516,0.027294151484966278,0.0,1.0
constant_sweep,unseen,Unseen delay,"(10,10)",10.0,10,10,10,10,3,3,90,-95.21418942511082,1.174001112414731,1.0445910692214966,0.1644648015499115,0.0,0.0
constant_sweep,unseen,Unseen delay,"(10,10)",10.0,10,10,10,10,3,4,90,-94.97894243896008,1.1675721623831326,1.010255217552185,0.1120481789112091,0.0,0.0
constant_sweep,unseen,Unseen delay,"(10,10)",10.0,10,10,10,10,3,5,90,-96.07506331801414,1.1757062604029973,0.9738500118255615,0.13495343923568726,0.0,0.0
constant_sweep,unseen,Unseen delay,"(10,10)",10.0,10,10,10,10,3,6,90,-98.04903315007687,1.1881646101673444,0.8885781764984131,0.2128811925649643,0.0,0.0
constant_sweep,unseen,Unseen delay,"(10,10)",10.0,10,10,10,10,3,7,90,-98.79456822574139,1.201445904539691,0.933556318283081,0.23695476353168488,0.0,0.0
constant_sweep,unseen,Unseen delay,"(10,10)",10.0,10,10,10,10,3,8,90,-102.23285041749477,1.2088306504819128,0.656190812587738,0.14493682980537415,0.0,0.0
constant_sweep,unseen,Unseen delay,"(10,10)",10.0,10,10,10,10,3,9,90,-99.42471994459629,1.1970695735679733,0.8311541676521301,0.13249006867408752,0.0,0.0
constant_sweep,unseen,Unseen delay,"(10,10)",10.0,10,10,10,10,4,0,90,-98.64120541140437,1.1780078740169604,0.737950325012207,0.020662039518356323,0.0,1.0
constant_sweep,unseen,Unseen delay,"(10,10)",10.0,10,10,10,10,4,1,90,-94.71647453308105,1.1537704679701064,0.9122867584228516,0.027294151484966278,0.0,1.0
constant_sweep,unseen,Unseen delay,"(10,10)",10.0,10,10,10,10,4,2,90,-95.21418942511082,1.174001112414731,1.0445910692214966,0.1644648015499115,0.0,0.0
constant_sweep,unseen,Unseen delay,"(10,10)",10.0,10,10,10,10,4,3,90,-94.97894243896008,1.1675721623831326,1.010255217552185,0.1120481789112091,0.0,0.0
constant_sweep,unseen,Unseen delay,"(10,10)",10.0,10,10,10,10,4,4,90,-96.07506331801414,1.1757062604029973,0.9738500118255615,0.13495343923568726,0.0,0.0
constant_sweep,unseen,Unseen delay,"(10,10)",10.0,10,10,10,10,4,5,90,-98.04903315007687,1.1881646101673444,0.8885781764984131,0.2128811925649643,0.0,0.0
constant_sweep,unseen,Unseen delay,"(10,10)",10.0,10,10,10,10,4,6,90,-98.79456822574139,1.201445904539691,0.933556318283081,0.23695476353168488,0.0,0.0
constant_sweep,unseen,Unseen delay,"(10,10)",10.0,10,10,10,10,4,7,90,-102.23285041749477,1.2088306504819128,0.656190812587738,0.14493682980537415,0.0,0.0
constant_sweep,unseen,Unseen delay,"(10,10)",10.0,10,10,10,10,4,8,90,-99.42471994459629,1.1970695735679733,0.8311541676521301,0.13249006867408752,0.0,0.0
constant_sweep,unseen,Unseen delay,"(10,10)",10.0,10,10,10,10,4,9,90,-94.81967022269964,1.1615830781559149,0.9722806811332703,0.0812162235379219,0.0,0.0
constant_sweep,augmented_action,Augmented (+action buffer),"(10,10)",10.0,10,10,10,10,0,0,90,-45.42458071326837,0.5076854407942544,0.02671089582145214,0.007516804616898298,1.0,1.0
constant_sweep,augmented_action,Augmented (+action buffer),"(10,10)",10.0,10,10,10,10,0,1,90,-39.59975372022018,0.4441716268399937,0.03756926953792572,0.003923628944903612,1.0,1.0
constant_sweep,augmented_action,Augmented (+action buffer),"(10,10)",10.0,10,10,10,10,0,2,90,-41.13206865126267,0.4593125324955003,0.02060592733323574,0.0020903325639665127,1.0,1.0
constant_sweep,augmented_action,Augmented (+action buffer),"(10,10)",10.0,10,10,10,10,0,3,90,-47.806704595685005,0.5350506991975837,0.034785833209753036,0.0068953754380345345,1.0,1.0
constant_sweep,augmented_action,Augmented (+action buffer),"(10,10)",10.0,10,10,10,10,0,4,90,-45.458090699627064,0.509219567636804,0.03716703876852989,0.0018824817379936576,1.0,1.0
constant_sweep,augmented_action,Augmented (+action buffer),"(10,10)",10.0,10,10,10,10,0,5,90,-41.2300830045715,0.46155341413492956,0.030972426757216454,0.0018425360321998596,1.0,1.0
constant_sweep,augmented_action,Augmented (+action buffer),"(10,10)",10.0,10,10,10,10,0,6,90,-40.643763397820294,0.455529788767712,0.035391759127378464,0.006228664889931679,1.0,1.0
constant_sweep,augmented_action,Augmented (+action buffer),"(10,10)",10.0,10,10,10,10,0,7,90,-39.733867421746254,0.4459231214390861,0.0399213507771492,0.0056344885379076,1.0,1.0
constant_sweep,augmented_action,Augmented (+action buffer),"(10,10)",10.0,10,10,10,10,0,8,90,-39.68141465820372,0.44437503291087016,0.031233830377459526,0.007410385645925999,1.0,1.0
constant_sweep,augmented_action,Augmented (+action buffer),"(10,10)",10.0,10,10,10,10,0,9,90,-42.34212797321379,0.4726752465176913,0.01986442133784294,0.017491357401013374,1.0,1.0
constant_sweep,augmented_action,Augmented (+action buffer),"(10,10)",10.0,10,10,10,10,1,0,90,-39.59975372022018,0.4441716268399937,0.03756926953792572,0.003923628944903612,1.0,1.0
constant_sweep,augmented_action,Augmented (+action buffer),"(10,10)",10.0,10,10,10,10,1,1,90,-41.13206865126267,0.4593125324955003,0.02060592733323574,0.0020903325639665127,1.0,1.0
constant_sweep,augmented_action,Augmented (+action buffer),"(10,10)",10.0,10,10,10,10,1,2,90,-47.806704595685005,0.5350506991975837,0.034785833209753036,0.0068953754380345345,1.0,1.0
constant_sweep,augmented_action,Augmented (+action buffer),"(10,10)",10.0,10,10,10,10,1,3,90,-45.458090699627064,0.509219567636804,0.03716703876852989,0.0018824817379936576,1.0,1.0
constant_sweep,augmented_action,Augmented (+action buffer),"(10,10)",10.0,10,10,10,10,1,4,90,-41.2300830045715,0.46155341413492956,0.030972426757216454,0.0018425360321998596,1.0,1.0
constant_sweep,augmented_action,Augmented (+action buffer),"(10,10)",10.0,10,10,10,10,1,5,90,-40.643763397820294,0.455529788767712,0.035391759127378464,0.006228664889931679,1.0,1.0
constant_sweep,augmented_action,Augmented (+action buffer),"(10,10)",10.0,10,10,10,10,1,6,90,-39.733867421746254,0.4459231214390861,0.0399213507771492,0.0056344885379076,1.0,1.0
constant_sweep,augmented_action,Augmented (+action buffer),"(10,10)",10.0,10,10,10,10,1,7,90,-39.68141465820372,0.44437503291087016,0.031233830377459526,0.007410385645925999,1.0,1.0
constant_sweep,augmented_action,Augmented (+action buffer),"(10,10)",10.0,10,10,10,10,1,8,90,-42.34212797321379,0.4726752465176913,0.01986442133784294,0.017491357401013374,1.0,1.0
constant_sweep,augmented_action,Augmented (+action buffer),"(10,10)",10.0,10,10,10,10,1,9,90,-43.582843044772744,0.49003575313836334,0.052037473767995834,0.0037642866373062134,1.0,1.0
constant_sweep,augmented_action,Augmented (+action buffer),"(10,10)",10.0,10,10,10,10,2,0,90,-41.13206865126267,0.4593125324955003,0.02060592733323574,0.0020903325639665127,1.0,1.0
constant_sweep,augmented_action,Augmented (+action buffer),"(10,10)",10.0,10,10,10,10,2,1,90,-47.806704595685005,0.5350506991975837,0.034785833209753036,0.0068953754380345345,1.0,1.0
constant_sweep,augmented_action,Augmented (+action buffer),"(10,10)",10.0,10,10,10,10,2,2,90,-45.458090699627064,0.509219567636804,0.03716703876852989,0.0018824817379936576,1.0,1.0
constant_sweep,augmented_action,Augmented (+action buffer),"(10,10)",10.0,10,10,10,10,2,3,90,-41.2300830045715,0.46155341413492956,0.030972426757216454,0.0018425360321998596,1.0,1.0
constant_sweep,augmented_action,Augmented (+action buffer),"(10,10)",10.0,10,10,10,10,2,4,90,-40.643763397820294,0.455529788767712,0.035391759127378464,0.006228664889931679,1.0,1.0
constant_sweep,augmented_action,Augmented (+action buffer),"(10,10)",10.0,10,10,10,10,2,5,90,-39.733867421746254,0.4459231214390861,0.0399213507771492,0.0056344885379076,1.0,1.0
constant_sweep,augmented_action,Augmented (+action buffer),"(10,10)",10.0,10,10,10,10,2,6,90,-39.68141465820372,0.44437503291087016,0.031233830377459526,0.007410385645925999,1.0,1.0
constant_sweep,augmented_action,Augmented (+action buffer),"(10,10)",10.0,10,10,10,10,2,7,90,-42.34212797321379,0.4726752465176913,0.01986442133784294,0.017491357401013374,1.0,1.0
constant_sweep,augmented_action,Augmented (+action buffer),"(10,10)",10.0,10,10,10,10,2,8,90,-43.582843044772744,0.49003575313836334,0.052037473767995834,0.0037642866373062134,1.0,1.0
constant_sweep,augmented_action,Augmented (+action buffer),"(10,10)",10.0,10,10,10,10,2,9,90,-47.58148615574464,0.5307262326021576,0.018387477844953537,0.007646216545253992,1.0,1.0
constant_sweep,augmented_action,Augmented (+action buffer),"(10,10)",10.0,10,10,10,10,3,0,90,-47.806704595685005,0.5350506991975837,0.034785833209753036,0.0068953754380345345,1.0,1.0
constant_sweep,augmented_action,Augmented (+action buffer),"(10,10)",10.0,10,10,10,10,3,1,90,-45.458090699627064,0.509219567636804,0.03716703876852989,0.0018824817379936576,1.0,1.0
constant_sweep,augmented_action,Augmented (+action buffer),"(10,10)",10.0,10,10,10,10,3,2,90,-41.2300830045715,0.46155341413492956,0.030972426757216454,0.0018425360321998596,1.0,1.0
constant_sweep,augmented_action,Augmented (+action buffer),"(10,10)",10.0,10,10,10,10,3,3,90,-40.643763397820294,0.455529788767712,0.035391759127378464,0.006228664889931679,1.0,1.0
constant_sweep,augmented_action,Augmented (+action buffer),"(10,10)",10.0,10,10,10,10,3,4,90,-39.733867421746254,0.4459231214390861,0.0399213507771492,0.0056344885379076,1.0,1.0
constant_sweep,augmented_action,Augmented (+action buffer),"(10,10)",10.0,10,10,10,10,3,5,90,-39.68141465820372,0.44437503291087016,0.031233830377459526,0.007410385645925999,1.0,1.0
constant_sweep,augmented_action,Augmented (+action buffer),"(10,10)",10.0,10,10,10,10,3,6,90,-42.34212797321379,0.4726752465176913,0.01986442133784294,0.017491357401013374,1.0,1.0
constant_sweep,augmented_action,Augmented (+action buffer),"(10,10)",10.0,10,10,10,10,3,7,90,-43.582843044772744,0.49003575313836334,0.052037473767995834,0.0037642866373062134,1.0,1.0
constant_sweep,augmented_action,Augmented (+action buffer),"(10,10)",10.0,10,10,10,10,3,8,90,-47.58148615574464,0.5307262326021576,0.018387477844953537,0.007646216545253992,1.0,1.0
constant_sweep,augmented_action,Augmented (+action buffer),"(10,10)",10.0,10,10,10,10,3,9,90,-44.72330331127159,0.49892631124239417,0.018006470054388046,0.0026920016389340162,1.0,1.0
constant_sweep,augmented_action,Augmented (+action buffer),"(10,10)",10.0,10,10,10,10,4,0,90,-45.458090699627064,0.509219567636804,0.03716703876852989,0.0018824817379936576,1.0,1.0
constant_sweep,augmented_action,Augmented (+action buffer),"(10,10)",10.0,10,10,10,10,4,1,90,-41.2300830045715,0.46155341413492956,0.030972426757216454,0.0018425360321998596,1.0,1.0
constant_sweep,augmented_action,Augmented (+action buffer),"(10,10)",10.0,10,10,10,10,4,2,90,-40.643763397820294,0.455529788767712,0.035391759127378464,0.006228664889931679,1.0,1.0
constant_sweep,augmented_action,Augmented (+action buffer),"(10,10)",10.0,10,10,10,10,4,3,90,-39.733867421746254,0.4459231214390861,0.0399213507771492,0.0056344885379076,1.0,1.0
constant_sweep,augmented_action,Augmented (+action buffer),"(10,10)",10.0,10,10,10,10,4,4,90,-39.68141465820372,0.44437503291087016,0.031233830377459526,0.007410385645925999,1.0,1.0
constant_sweep,augmented_action,Augmented (+action buffer),"(10,10)",10.0,10,10,10,10,4,5,90,-42.34212797321379,0.4726752465176913,0.01986442133784294,0.017491357401013374,1.0,1.0
constant_sweep,augmented_action,Augmented (+action buffer),"(10,10)",10.0,10,10,10,10,4,6,90,-43.582843044772744,0.49003575313836334,0.052037473767995834,0.0037642866373062134,1.0,1.0
constant_sweep,augmented_action,Augmented (+action buffer),"(10,10)",10.0,10,10,10,10,4,7,90,-47.58148615574464,0.5307262326021576,0.018387477844953537,0.007646216545253992,1.0,1.0
constant_sweep,augmented_action,Augmented (+action buffer),"(10,10)",10.0,10,10,10,10,4,8,90,-44.72330331127159,0.49892631124239417,0.018006470054388046,0.0026920016389340162,1.0,1.0
constant_sweep,augmented_action,Augmented (+action buffer),"(10,10)",10.0,10,10,10,10,4,9,90,-40.06012724270113,0.4473939421612562,0.020532755181193352,0.002640174003317952,1.0,1.0
constant_sweep,augmented_action_delay,Augmented (+action buffer + delay values),"(10,10)",10.0,10,10,10,10,0,0,90,-45.42458071326837,0.5076854407942544,0.02671089582145214,0.007516804616898298,1.0,1.0
constant_sweep,augmented_action_delay,Augmented (+action buffer + delay values),"(10,10)",10.0,10,10,10,10,0,1,90,-39.59975372022018,0.4441716268399937,0.03756926953792572,0.003923628944903612,1.0,1.0
constant_sweep,augmented_action_delay,Augmented (+action buffer + delay values),"(10,10)",10.0,10,10,10,10,0,2,90,-41.13206865126267,0.4593125324955003,0.02060592733323574,0.0020903325639665127,1.0,1.0
constant_sweep,augmented_action_delay,Augmented (+action buffer + delay values),"(10,10)",10.0,10,10,10,10,0,3,90,-47.806704595685005,0.5350506991975837,0.034785833209753036,0.0068953754380345345,1.0,1.0
constant_sweep,augmented_action_delay,Augmented (+action buffer + delay values),"(10,10)",10.0,10,10,10,10,0,4,90,-45.458090699627064,0.509219567636804,0.03716703876852989,0.0018824817379936576,1.0,1.0
constant_sweep,augmented_action_delay,Augmented (+action buffer + delay values),"(10,10)",10.0,10,10,10,10,0,5,90,-41.2300830045715,0.46155341413492956,0.030972426757216454,0.0018425360321998596,1.0,1.0
constant_sweep,augmented_action_delay,Augmented (+action buffer + delay values),"(10,10)",10.0,10,10,10,10,0,6,90,-40.643763397820294,0.455529788767712,0.035391759127378464,0.006228664889931679,1.0,1.0
constant_sweep,augmented_action_delay,Augmented (+action buffer + delay values),"(10,10)",10.0,10,10,10,10,0,7,90,-39.733867421746254,0.4459231214390861,0.0399213507771492,0.0056344885379076,1.0,1.0
constant_sweep,augmented_action_delay,Augmented (+action buffer + delay values),"(10,10)",10.0,10,10,10,10,0,8,90,-39.68141465820372,0.44437503291087016,0.031233830377459526,0.007410385645925999,1.0,1.0
constant_sweep,augmented_action_delay,Augmented (+action buffer + delay values),"(10,10)",10.0,10,10,10,10,0,9,90,-42.34212797321379,0.4726752465176913,0.01986442133784294,0.017491357401013374,1.0,1.0
constant_sweep,augmented_action_delay,Augmented (+action buffer + delay values),"(10,10)",10.0,10,10,10,10,1,0,90,-39.59975372022018,0.4441716268399937,0.03756926953792572,0.003923628944903612,1.0,1.0
constant_sweep,augmented_action_delay,Augmented (+action buffer + delay values),"(10,10)",10.0,10,10,10,10,1,1,90,-41.13206865126267,0.4593125324955003,0.02060592733323574,0.0020903325639665127,1.0,1.0
constant_sweep,augmented_action_delay,Augmented (+action buffer + delay values),"(10,10)",10.0,10,10,10,10,1,2,90,-47.806704595685005,0.5350506991975837,0.034785833209753036,0.0068953754380345345,1.0,1.0
constant_sweep,augmented_action_delay,Augmented (+action buffer + delay values),"(10,10)",10.0,10,10,10,10,1,3,90,-45.458090699627064,0.509219567636804,0.03716703876852989,0.0018824817379936576,1.0,1.0
constant_sweep,augmented_action_delay,Augmented (+action buffer + delay values),"(10,10)",10.0,10,10,10,10,1,4,90,-41.2300830045715,0.46155341413492956,0.030972426757216454,0.0018425360321998596,1.0,1.0
constant_sweep,augmented_action_delay,Augmented (+action buffer + delay values),"(10,10)",10.0,10,10,10,10,1,5,90,-40.643763397820294,0.455529788767712,0.035391759127378464,0.006228664889931679,1.0,1.0
constant_sweep,augmented_action_delay,Augmented (+action buffer + delay values),"(10,10)",10.0,10,10,10,10,1,6,90,-39.733867421746254,0.4459231214390861,0.0399213507771492,0.0056344885379076,1.0,1.0
constant_sweep,augmented_action_delay,Augmented (+action buffer + delay values),"(10,10)",10.0,10,10,10,10,1,7,90,-39.68141465820372,0.44437503291087016,0.031233830377459526,0.007410385645925999,1.0,1.0
constant_sweep,augmented_action_delay,Augmented (+action buffer + delay values),"(10,10)",10.0,10,10,10,10,1,8,90,-42.34212797321379,0.4726752465176913,0.01986442133784294,0.017491357401013374,1.0,1.0
constant_sweep,augmented_action_delay,Augmented (+action buffer + delay values),"(10,10)",10.0,10,10,10,10,1,9,90,-43.582843044772744,0.49003575313836334,0.052037473767995834,0.0037642866373062134,1.0,1.0
constant_sweep,augmented_action_delay,Augmented (+action buffer + delay values),"(10,10)",10.0,10,10,10,10,2,0,90,-41.13206865126267,0.4593125324955003,0.02060592733323574,0.0020903325639665127,1.0,1.0
constant_sweep,augmented_action_delay,Augmented (+action buffer + delay values),"(10,10)",10.0,10,10,10,10,2,1,90,-47.806704595685005,0.5350506991975837,0.034785833209753036,0.0068953754380345345,1.0,1.0
constant_sweep,augmented_action_delay,Augmented (+action buffer + delay values),"(10,10)",10.0,10,10,10,10,2,2,90,-45.458090699627064,0.509219567636804,0.03716703876852989,0.0018824817379936576,1.0,1.0
constant_sweep,augmented_action_delay,Augmented (+action buffer + delay values),"(10,10)",10.0,10,10,10,10,2,3,90,-41.2300830045715,0.46155341413492956,0.030972426757216454,0.0018425360321998596,1.0,1.0
constant_sweep,augmented_action_delay,Augmented (+action buffer + delay values),"(10,10)",10.0,10,10,10,10,2,4,90,-40.643763397820294,0.455529788767712,0.035391759127378464,0.006228664889931679,1.0,1.0
constant_sweep,augmented_action_delay,Augmented (+action buffer + delay values),"(10,10)",10.0,10,10,10,10,2,5,90,-39.733867421746254,0.4459231214390861,0.0399213507771492,0.0056344885379076,1.0,1.0
constant_sweep,augmented_action_delay,Augmented (+action buffer + delay values),"(10,10)",10.0,10,10,10,10,2,6,90,-39.68141465820372,0.44437503291087016,0.031233830377459526,0.007410385645925999,1.0,1.0
constant_sweep,augmented_action_delay,Augmented (+action buffer + delay values),"(10,10)",10.0,10,10,10,10,2,7,90,-42.34212797321379,0.4726752465176913,0.01986442133784294,0.017491357401013374,1.0,1.0
constant_sweep,augmented_action_delay,Augmented (+action buffer + delay values),"(10,10)",10.0,10,10,10,10,2,8,90,-43.582843044772744,0.49003575313836334,0.052037473767995834,0.0037642866373062134,1.0,1.0
constant_sweep,augmented_action_delay,Augmented (+action buffer + delay values),"(10,10)",10.0,10,10,10,10,2,9,90,-47.58148615574464,0.5307262326021576,0.018387477844953537,0.007646216545253992,1.0,1.0
constant_sweep,augmented_action_delay,Augmented (+action buffer + delay values),"(10,10)",10.0,10,10,10,10,3,0,90,-47.806704595685005,0.5350506991975837,0.034785833209753036,0.0068953754380345345,1.0,1.0
constant_sweep,augmented_action_delay,Augmented (+action buffer + delay values),"(10,10)",10.0,10,10,10,10,3,1,90,-45.458090699627064,0.509219567636804,0.03716703876852989,0.0018824817379936576,1.0,1.0
constant_sweep,augmented_action_delay,Augmented (+action buffer + delay values),"(10,10)",10.0,10,10,10,10,3,2,90,-41.2300830045715,0.46155341413492956,0.030972426757216454,0.0018425360321998596,1.0,1.0
constant_sweep,augmented_action_delay,Augmented (+action buffer + delay values),"(10,10)",10.0,10,10,10,10,3,3,90,-40.643763397820294,0.455529788767712,0.035391759127378464,0.006228664889931679,1.0,1.0
constant_sweep,augmented_action_delay,Augmented (+action buffer + delay values),"(10,10)",10.0,10,10,10,10,3,4,90,-39.733867421746254,0.4459231214390861,0.0399213507771492,0.0056344885379076,1.0,1.0
constant_sweep,augmented_action_delay,Augmented (+action buffer + delay values),"(10,10)",10.0,10,10,10,10,3,5,90,-39.68141465820372,0.44437503291087016,0.031233830377459526,0.007410385645925999,1.0,1.0
constant_sweep,augmented_action_delay,Augmented (+action buffer + delay values),"(10,10)",10.0,10,10,10,10,3,6,90,-42.34212797321379,0.4726752465176913,0.01986442133784294,0.017491357401013374,1.0,1.0
constant_sweep,augmented_action_delay,Augmented (+action buffer + delay values),"(10,10)",10.0,10,10,10,10,3,7,90,-43.582843044772744,0.49003575313836334,0.052037473767995834,0.0037642866373062134,1.0,1.0
constant_sweep,augmented_action_delay,Augmented (+action buffer + delay values),"(10,10)",10.0,10,10,10,10,3,8,90,-47.58148615574464,0.5307262326021576,0.018387477844953537,0.007646216545253992,1.0,1.0
constant_sweep,augmented_action_delay,Augmented (+action buffer + delay values),"(10,10)",10.0,10,10,10,10,3,9,90,-44.72330331127159,0.49892631124239417,0.018006470054388046,0.0026920016389340162,1.0,1.0
constant_sweep,augmented_action_delay,Augmented (+action buffer + delay values),"(10,10)",10.0,10,10,10,10,4,0,90,-45.458090699627064,0.509219567636804,0.03716703876852989,0.0018824817379936576,1.0,1.0
constant_sweep,augmented_action_delay,Augmented (+action buffer + delay values),"(10,10)",10.0,10,10,10,10,4,1,90,-41.2300830045715,0.46155341413492956,0.030972426757216454,0.0018425360321998596,1.0,1.0
constant_sweep,augmented_action_delay,Augmented (+action buffer + delay values),"(10,10)",10.0,10,10,10,10,4,2,90,-40.643763397820294,0.455529788767712,0.035391759127378464,0.006228664889931679,1.0,1.0
constant_sweep,augmented_action_delay,Augmented (+action buffer + delay values),"(10,10)",10.0,10,10,10,10,4,3,90,-39.733867421746254,0.4459231214390861,0.0399213507771492,0.0056344885379076,1.0,1.0
constant_sweep,augmented_action_delay,Augmented (+action buffer + delay values),"(10,10)",10.0,10,10,10,10,4,4,90,-39.68141465820372,0.44437503291087016,0.031233830377459526,0.007410385645925999,1.0,1.0
constant_sweep,augmented_action_delay,Augmented (+action buffer + delay values),"(10,10)",10.0,10,10,10,10,4,5,90,-42.34212797321379,0.4726752465176913,0.01986442133784294,0.017491357401013374,1.0,1.0
constant_sweep,augmented_action_delay,Augmented (+action buffer + delay values),"(10,10)",10.0,10,10,10,10,4,6,90,-43.582843044772744,0.49003575313836334,0.052037473767995834,0.0037642866373062134,1.0,1.0
constant_sweep,augmented_action_delay,Augmented (+action buffer + delay values),"(10,10)",10.0,10,10,10,10,4,7,90,-47.58148615574464,0.5307262326021576,0.018387477844953537,0.007646216545253992,1.0,1.0
constant_sweep,augmented_action_delay,Augmented (+action buffer + delay values),"(10,10)",10.0,10,10,10,10,4,8,90,-44.72330331127159,0.49892631124239417,0.018006470054388046,0.0026920016389340162,1.0,1.0
constant_sweep,augmented_action_delay,Augmented (+action buffer + delay values),"(10,10)",10.0,10,10,10,10,4,9,90,-40.06012724270113,0.4473939421612562,0.020532755181193352,0.002640174003317952,1.0,1.0
constant_sweep,unseen,Unseen delay,"(15,15)",15.0,15,15,15,15,0,0,95,-149.39966237545013,1.8933145912070024,2.031014919281006,0.03308935463428497,0.0,1.0
constant_sweep,unseen,Unseen delay,"(15,15)",15.0,15,15,15,15,0,1,95,-145.41744230687618,1.8215446847049814,1.8419535160064697,0.181050106883049,0.0,0.0
constant_sweep,unseen,Unseen delay,"(15,15)",15.0,15,15,15,15,0,2,95,-146.56691974401474,1.8432776244063127,1.902963638305664,0.09401121735572815,0.0,0.0
constant_sweep,unseen,Unseen delay,"(15,15)",15.0,15,15,15,15,0,3,95,-150.59990069270134,1.928421863442973,2.1733450889587402,0.10869351029396057,0.0,0.0
constant_sweep,unseen,Unseen delay,"(15,15)",15.0,15,15,15,15,0,4,95,-148.99712667614222,1.8973941788077355,2.0836880207061768,0.01838529109954834,0.0,1.0
constant_sweep,unseen,Unseen delay,"(15,15)",15.0,15,15,15,15,0,5,95,-144.96528664976358,1.8272277534792298,1.9080899953842163,0.062233589589595795,0.0,0.0
constant_sweep,unseen,Unseen delay,"(15,15)",15.0,15,15,15,15,0,6,95,-144.4113496541977,1.8060942047520687,1.8111733198165894,0.15158472955226898,0.0,0.0
constant_sweep,unseen,Unseen delay,"(15,15)",15.0,15,15,15,15,0,7,95,-144.76530347019434,1.8141996770312911,1.8389110565185547,0.10725785046815872,0.0,0.0
constant_sweep,unseen,Unseen delay,"(15,15)",15.0,15,15,15,15,0,8,95,-145.76771073043346,1.8260226994752884,1.8469630479812622,0.11702430248260498,0.0,0.0
constant_sweep,unseen,Unseen delay,"(15,15)",15.0,15,15,15,15,0,9,95,-148.23707760870457,1.8753978015560853,1.9950475692749023,0.19575950503349304,0.0,0.0
constant_sweep,unseen,Unseen delay,"(15,15)",15.0,15,15,15,15,1,0,95,-145.41744230687618,1.8215446847049814,1.8419535160064697,0.181050106883049,0.0,0.0
constant_sweep,unseen,Unseen delay,"(15,15)",15.0,15,15,15,15,1,1,95,-146.56691974401474,1.8432776244063127,1.902963638305664,0.09401121735572815,0.0,0.0
constant_sweep,unseen,Unseen delay,"(15,15)",15.0,15,15,15,15,1,2,95,-150.59990069270134,1.928421863442973,2.1733450889587402,0.10869351029396057,0.0,0.0
constant_sweep,unseen,Unseen delay,"(15,15)",15.0,15,15,15,15,1,3,95,-148.99712667614222,1.8973941788077355,2.0836880207061768,0.01838529109954834,0.0,1.0
constant_sweep,unseen,Unseen delay,"(15,15)",15.0,15,15,15,15,1,4,95,-144.96528664976358,1.8272277534792298,1.9080899953842163,0.062233589589595795,0.0,0.0
constant_sweep,unseen,Unseen delay,"(15,15)",15.0,15,15,15,15,1,5,95,-144.4113496541977,1.8060942047520687,1.8111733198165894,0.15158472955226898,0.0,0.0
constant_sweep,unseen,Unseen delay,"(15,15)",15.0,15,15,15,15,1,6,95,-144.76530347019434,1.8141996770312911,1.8389110565185547,0.10725785046815872,0.0,0.0
constant_sweep,unseen,Unseen delay,"(15,15)",15.0,15,15,15,15,1,7,95,-145.76771073043346,1.8260226994752884,1.8469630479812622,0.11702430248260498,0.0,0.0
constant_sweep,unseen,Unseen delay,"(15,15)",15.0,15,15,15,15,1,8,95,-148.23707760870457,1.8753978015560853,1.9950475692749023,0.19575950503349304,0.0,0.0
constant_sweep,unseen,Unseen delay,"(15,15)",15.0,15,15,15,15,1,9,95,-147.52664455771446,1.865524035692215,1.979875922203064,0.23322159051895142,0.0,0.0
constant_sweep,unseen,Unseen delay,"(15,15)",15.0,15,15,15,15,2,0,95,-146.56691974401474,1.8432776244063127,1.902963638305664,0.09401121735572815,0.0,0.0
constant_sweep,unseen,Unseen delay,"(15,15)",15.0,15,15,15,15,2,1,95,-150.59990069270134,1.928421863442973,2.1733450889587402,0.10869351029396057,0.0,0.0
constant_sweep,unseen,Unseen delay,"(15,15)",15.0,15,15,15,15,2,2,95,-148.99712667614222,1.8973941788077355,2.0836880207061768,0.01838529109954834,0.0,1.0
constant_sweep,unseen,Unseen delay,"(15,15)",15.0,15,15,15,15,2,3,95,-144.96528664976358,1.8272277534792298,1.9080899953842163,0.062233589589595795,0.0,0.0
constant_sweep,unseen,Unseen delay,"(15,15)",15.0,15,15,15,15,2,4,95,-144.4113496541977,1.8060942047520687,1.8111733198165894,0.15158472955226898,0.0,0.0
constant_sweep,unseen,Unseen delay,"(15,15)",15.0,15,15,15,15,2,5,95,-144.76530347019434,1.8141996770312911,1.8389110565185547,0.10725785046815872,0.0,0.0
constant_sweep,unseen,Unseen delay,"(15,15)",15.0,15,15,15,15,2,6,95,-145.76771073043346,1.8260226994752884,1.8469630479812622,0.11702430248260498,0.0,0.0
constant_sweep,unseen,Unseen delay,"(15,15)",15.0,15,15,15,15,2,7,95,-148.23707760870457,1.8753978015560853,1.9950475692749023,0.19575950503349304,0.0,0.0
constant_sweep,unseen,Unseen delay,"(15,15)",15.0,15,15,15,15,2,8,95,-147.52664455771446,1.865524035692215,1.979875922203064,0.23322159051895142,0.0,0.0
constant_sweep,unseen,Unseen delay,"(15,15)",15.0,15,15,15,15,2,9,95,-151.42401944100857,1.938105759965746,2.1797351837158203,0.14338204264640808,0.0,0.0
constant_sweep,unseen,Unseen delay,"(15,15)",15.0,15,15,15,15,3,0,95,-150.59990069270134,1.928421863442973,2.1733450889587402,0.10869351029396057,0.0,0.0
constant_sweep,unseen,Unseen delay,"(15,15)",15.0,15,15,15,15,3,1,95,-148.99712667614222,1.8973941788077355,2.0836880207061768,0.01838529109954834,0.0,1.0
constant_sweep,unseen,Unseen delay,"(15,15)",15.0,15,15,15,15,3,2,95,-144.96528664976358,1.8272277534792298,1.9080899953842163,0.062233589589595795,0.0,0.0
constant_sweep,unseen,Unseen delay,"(15,15)",15.0,15,15,15,15,3,3,95,-144.4113496541977,1.8060942047520687,1.8111733198165894,0.15158472955226898,0.0,0.0
constant_sweep,unseen,Unseen delay,"(15,15)",15.0,15,15,15,15,3,4,95,-144.76530347019434,1.8141996770312911,1.8389110565185547,0.10725785046815872,0.0,0.0
constant_sweep,unseen,Unseen delay,"(15,15)",15.0,15,15,15,15,3,5,95,-145.76771073043346,1.8260226994752884,1.8469630479812622,0.11702430248260498,0.0,0.0
constant_sweep,unseen,Unseen delay,"(15,15)",15.0,15,15,15,15,3,6,95,-148.23707760870457,1.8753978015560853,1.9950475692749023,0.19575950503349304,0.0,0.0
constant_sweep,unseen,Unseen delay,"(15,15)",15.0,15,15,15,15,3,7,95,-147.52664455771446,1.865524035692215,1.979875922203064,0.23322159051895142,0.0,0.0
constant_sweep,unseen,Unseen delay,"(15,15)",15.0,15,15,15,15,3,8,95,-151.42401944100857,1.938105759965746,2.1797351837158203,0.14338204264640808,0.0,0.0
constant_sweep,unseen,Unseen delay,"(15,15)",15.0,15,15,15,15,3,9,95,-149.02059169113636,1.889027015315859,2.0291316509246826,0.1369815468788147,0.0,0.0
constant_sweep,unseen,Unseen delay,"(15,15)",15.0,15,15,15,15,4,0,95,-148.99712667614222,1.8973941788077355,2.0836880207061768,0.01838529109954834,0.0,1.0
constant_sweep,unseen,Unseen delay,"(15,15)",15.0,15,15,15,15,4,1,95,-144.96528664976358,1.8272277534792298,1.9080899953842163,0.062233589589595795,0.0,0.0
constant_sweep,unseen,Unseen delay,"(15,15)",15.0,15,15,15,15,4,2,95,-144.4113496541977,1.8060942047520687,1.8111733198165894,0.15158472955226898,0.0,0.0
constant_sweep,unseen,Unseen delay,"(15,15)",15.0,15,15,15,15,4,3,95,-144.76530347019434,1.8141996770312911,1.8389110565185547,0.10725785046815872,0.0,0.0
constant_sweep,unseen,Unseen delay,"(15,15)",15.0,15,15,15,15,4,4,95,-145.76771073043346,1.8260226994752884,1.8469630479812622,0.11702430248260498,0.0,0.0
constant_sweep,unseen,Unseen delay,"(15,15)",15.0,15,15,15,15,4,5,95,-148.23707760870457,1.8753978015560853,1.9950475692749023,0.19575950503349304,0.0,0.0
constant_sweep,unseen,Unseen delay,"(15,15)",15.0,15,15,15,15,4,6,95,-147.52664455771446,1.865524035692215,1.979875922203064,0.23322159051895142,0.0,0.0
constant_sweep,unseen,Unseen delay,"(15,15)",15.0,15,15,15,15,4,7,95,-151.42401944100857,1.938105759965746,2.1797351837158203,0.14338204264640808,0.0,0.0
constant_sweep,unseen,Unseen delay,"(15,15)",15.0,15,15,15,15,4,8,95,-149.02059169113636,1.889027015315859,2.0291316509246826,0.1369815468788147,0.0,0.0
constant_sweep,unseen,Unseen delay,"(15,15)",15.0,15,15,15,15,4,9,95,-145.66094376891851,1.8297278670103927,1.8775469064712524,0.07664092630147934,0.0,0.0
constant_sweep,augmented_action,Augmented (+action buffer),"(15,15)",15.0,15,15,15,15,0,0,95,-56.48701363289729,0.6001507821296783,0.03515404462814331,0.005922663025557995,1.0,1.0
constant_sweep,augmented_action,Augmented (+action buffer),"(15,15)",15.0,15,15,15,15,0,1,95,-49.74215023126453,0.5300239844051631,0.040675219148397446,0.0141738411039114,1.0,1.0
constant_sweep,augmented_action,Augmented (+action buffer),"(15,15)",15.0,15,15,15,15,0,2,95,-51.27549664117396,0.5417202000849342,0.01252815779298544,0.0010275810491293669,1.0,1.0
constant_sweep,augmented_action,Augmented (+action buffer),"(15,15)",15.0,15,15,15,15,0,3,95,-58.95249797985889,0.6233613081300925,0.017788419499993324,0.003307651961222291,1.0,1.0
constant_sweep,augmented_action,Augmented (+action buffer),"(15,15)",15.0,15,15,15,15,0,4,95,-56.335577899590135,0.6003487038573152,0.04650326445698738,0.023897625505924225,1.0,1.0
constant_sweep,augmented_action,Augmented (+action buffer),"(15,15)",15.0,15,15,15,15,0,5,95,-51.56196413259022,0.547132066566203,0.02770547941327095,0.002321659354493022,1.0,1.0
constant_sweep,augmented_action,Augmented (+action buffer),"(15,15)",15.0,15,15,15,15,0,6,95,-50.56147803738713,0.5382020827578871,0.037847988307476044,0.009710995480418205,1.0,1.0
constant_sweep,augmented_action,Augmented (+action buffer),"(15,15)",15.0,15,15,15,15,0,7,95,-49.77196341799572,0.5316162717626676,0.04877215996384621,0.0022834825795143843,1.0,1.0
constant_sweep,augmented_action,Augmented (+action buffer),"(15,15)",15.0,15,15,15,15,0,8,95,-49.66563095804304,0.5259035971309793,0.019680717960000038,0.010682232677936554,1.0,1.0
constant_sweep,augmented_action,Augmented (+action buffer),"(15,15)",15.0,15,15,15,15,0,9,95,-52.84607557952404,0.5623881440805761,0.03871987387537956,0.030463043600320816,1.0,1.0
constant_sweep,augmented_action,Augmented (+action buffer),"(15,15)",15.0,15,15,15,15,1,0,95,-49.74215023126453,0.5300239844051631,0.040675219148397446,0.0141738411039114,1.0,1.0
constant_sweep,augmented_action,Augmented (+action buffer),"(15,15)",15.0,15,15,15,15,1,1,95,-51.27549664117396,0.5417202000849342,0.01252815779298544,0.0010275810491293669,1.0,1.0
constant_sweep,augmented_action,Augmented (+action buffer),"(15,15)",15.0,15,15,15,15,1,2,95,-58.95249797985889,0.6233613081300925,0.017788419499993324,0.003307651961222291,1.0,1.0
constant_sweep,augmented_action,Augmented (+action buffer),"(15,15)",15.0,15,15,15,15,1,3,95,-56.335577899590135,0.6003487038573152,0.04650326445698738,0.023897625505924225,1.0,1.0
constant_sweep,augmented_action,Augmented (+action buffer),"(15,15)",15.0,15,15,15,15,1,4,95,-51.56196413259022,0.547132066566203,0.02770547941327095,0.002321659354493022,1.0,1.0
constant_sweep,augmented_action,Augmented (+action buffer),"(15,15)",15.0,15,15,15,15,1,5,95,-50.56147803738713,0.5382020827578871,0.037847988307476044,0.009710995480418205,1.0,1.0
constant_sweep,augmented_action,Augmented (+action buffer),"(15,15)",15.0,15,15,15,15,1,6,95,-49.77196341799572,0.5316162717626676,0.04877215996384621,0.0022834825795143843,1.0,1.0
constant_sweep,augmented_action,Augmented (+action buffer),"(15,15)",15.0,15,15,15,15,1,7,95,-49.66563095804304,0.5259035971309793,0.019680717960000038,0.010682232677936554,1.0,1.0
constant_sweep,augmented_action,Augmented (+action buffer),"(15,15)",15.0,15,15,15,15,1,8,95,-52.84607557952404,0.5623881440805761,0.03871987387537956,0.030463043600320816,1.0,1.0
constant_sweep,augmented_action,Augmented (+action buffer),"(15,15)",15.0,15,15,15,15,1,9,95,-54.31357701681554,0.578062464277211,0.04015713930130005,0.011026655323803425,1.0,1.0
constant_sweep,augmented_action,Augmented (+action buffer),"(15,15)",15.0,15,15,15,15,2,0,95,-51.27549664117396,0.5417202000849342,0.01252815779298544,0.0010275810491293669,1.0,1.0
constant_sweep,augmented_action,Augmented (+action buffer),"(15,15)",15.0,15,15,15,15,2,1,95,-58.95249797985889,0.6233613081300925,0.017788419499993324,0.003307651961222291,1.0,1.0
constant_sweep,augmented_action,Augmented (+action buffer),"(15,15)",15.0,15,15,15,15,2,2,95,-56.335577899590135,0.6003487038573152,0.04650326445698738,0.023897625505924225,1.0,1.0
constant_sweep,augmented_action,Augmented (+action buffer),"(15,15)",15.0,15,15,15,15,2,3,95,-51.56196413259022,0.547132066566203,0.02770547941327095,0.002321659354493022,1.0,1.0
constant_sweep,augmented_action,Augmented (+action buffer),"(15,15)",15.0,15,15,15,15,2,4,95,-50.56147803738713,0.5382020827578871,0.037847988307476044,0.009710995480418205,1.0,1.0
constant_sweep,augmented_action,Augmented (+action buffer),"(15,15)",15.0,15,15,15,15,2,5,95,-49.77196341799572,0.5316162717626676,0.04877215996384621,0.0022834825795143843,1.0,1.0
constant_sweep,augmented_action,Augmented (+action buffer),"(15,15)",15.0,15,15,15,15,2,6,95,-49.66563095804304,0.5259035971309793,0.019680717960000038,0.010682232677936554,1.0,1.0
constant_sweep,augmented_action,Augmented (+action buffer),"(15,15)",15.0,15,15,15,15,2,7,95,-52.84607557952404,0.5623881440805761,0.03871987387537956,0.030463043600320816,1.0,1.0
constant_sweep,augmented_action,Augmented (+action buffer),"(15,15)",15.0,15,15,15,15,2,8,95,-54.31357701681554,0.578062464277211,0.04015713930130005,0.011026655323803425,1.0,1.0
constant_sweep,augmented_action,Augmented (+action buffer),"(15,15)",15.0,15,15,15,15,2,9,95,-58.92888660985045,0.6242867488095439,0.025223635137081146,0.001869412837550044,1.0,1.0
constant_sweep,augmented_action,Augmented (+action buffer),"(15,15)",15.0,15,15,15,15,3,0,95,-58.95249797985889,0.6233613081300925,0.017788419499993324,0.003307651961222291,1.0,1.0
constant_sweep,augmented_action,Augmented (+action buffer),"(15,15)",15.0,15,15,15,15,3,1,95,-56.335577899590135,0.6003487038573152,0.04650326445698738,0.023897625505924225,1.0,1.0
constant_sweep,augmented_action,Augmented (+action buffer),"(15,15)",15.0,15,15,15,15,3,2,95,-51.56196413259022,0.547132066566203,0.02770547941327095,0.002321659354493022,1.0,1.0
constant_sweep,augmented_action,Augmented (+action buffer),"(15,15)",15.0,15,15,15,15,3,3,95,-50.56147803738713,0.5382020827578871,0.037847988307476044,0.009710995480418205,1.0,1.0
constant_sweep,augmented_action,Augmented (+action buffer),"(15,15)",15.0,15,15,15,15,3,4,95,-49.77196341799572,0.5316162717626676,0.04877215996384621,0.0022834825795143843,1.0,1.0
constant_sweep,augmented_action,Augmented (+action buffer),"(15,15)",15.0,15,15,15,15,3,5,95,-49.66563095804304,0.5259035971309793,0.019680717960000038,0.010682232677936554,1.0,1.0
constant_sweep,augmented_action,Augmented (+action buffer),"(15,15)",15.0,15,15,15,15,3,6,95,-52.84607557952404,0.5623881440805761,0.03871987387537956,0.030463043600320816,1.0,1.0
constant_sweep,augmented_action,Augmented (+action buffer),"(15,15)",15.0,15,15,15,15,3,7,95,-54.31357701681554,0.578062464277211,0.04015713930130005,0.011026655323803425,1.0,1.0
constant_sweep,augmented_action,Augmented (+action buffer),"(15,15)",15.0,15,15,15,15,3,8,95,-58.92888660985045,0.6242867488095439,0.025223635137081146,0.001869412837550044,1.0,1.0
constant_sweep,augmented_action,Augmented (+action buffer),"(15,15)",15.0,15,15,15,15,3,9,95,-55.72536696959287,0.5907289750776008,0.0262590441852808,0.007124780211597681,1.0,1.0
constant_sweep,augmented_action,Augmented (+action buffer),"(15,15)",15.0,15,15,15,15,4,0,95,-56.335577899590135,0.6003487038573152,0.04650326445698738,0.023897625505924225,1.0,1.0
constant_sweep,augmented_action,Augmented (+action buffer),"(15,15)",15.0,15,15,15,15,4,1,95,-51.56196413259022,0.547132066566203,0.02770547941327095,0.002321659354493022,1.0,1.0
constant_sweep,augmented_action,Augmented (+action buffer),"(15,15)",15.0,15,15,15,15,4,2,95,-50.56147803738713,0.5382020827578871,0.037847988307476044,0.009710995480418205,1.0,1.0
constant_sweep,augmented_action,Augmented (+action buffer),"(15,15)",15.0,15,15,15,15,4,3,95,-49.77196341799572,0.5316162717626676,0.04877215996384621,0.0022834825795143843,1.0,1.0
constant_sweep,augmented_action,Augmented (+action buffer),"(15,15)",15.0,15,15,15,15,4,4,95,-49.66563095804304,0.5259035971309793,0.019680717960000038,0.010682232677936554,1.0,1.0
constant_sweep,augmented_action,Augmented (+action buffer),"(15,15)",15.0,15,15,15,15,4,5,95,-52.84607557952404,0.5623881440805761,0.03871987387537956,0.030463043600320816,1.0,1.0
constant_sweep,augmented_action,Augmented (+action buffer),"(15,15)",15.0,15,15,15,15,4,6,95,-54.31357701681554,0.578062464277211,0.04015713930130005,0.011026655323803425,1.0,1.0
constant_sweep,augmented_action,Augmented (+action buffer),"(15,15)",15.0,15,15,15,15,4,7,95,-58.92888660985045,0.6242867488095439,0.025223635137081146,0.001869412837550044,1.0,1.0
constant_sweep,augmented_action,Augmented (+action buffer),"(15,15)",15.0,15,15,15,15,4,8,95,-55.72536696959287,0.5907289750776008,0.0262590441852808,0.007124780211597681,1.0,1.0
constant_sweep,augmented_action,Augmented (+action buffer),"(15,15)",15.0,15,15,15,15,4,9,95,-49.936154790222645,0.5309384699322676,0.03353332355618477,0.002134928945451975,1.0,1.0
constant_sweep,augmented_action_delay,Augmented (+action buffer + delay values),"(15,15)",15.0,15,15,15,15,0,0,95,-56.48701363289729,0.6001507821296783,0.03515404462814331,0.005922663025557995,1.0,1.0
constant_sweep,augmented_action_delay,Augmented (+action buffer + delay values),"(15,15)",15.0,15,15,15,15,0,1,95,-49.74215023126453,0.5300239844051631,0.040675219148397446,0.0141738411039114,1.0,1.0
constant_sweep,augmented_action_delay,Augmented (+action buffer + delay values),"(15,15)",15.0,15,15,15,15,0,2,95,-51.27549664117396,0.5417202000849342,0.01252815779298544,0.0010275810491293669,1.0,1.0
constant_sweep,augmented_action_delay,Augmented (+action buffer + delay values),"(15,15)",15.0,15,15,15,15,0,3,95,-58.95249797985889,0.6233613081300925,0.017788419499993324,0.003307651961222291,1.0,1.0
constant_sweep,augmented_action_delay,Augmented (+action buffer + delay values),"(15,15)",15.0,15,15,15,15,0,4,95,-56.335577899590135,0.6003487038573152,0.04650326445698738,0.023897625505924225,1.0,1.0
constant_sweep,augmented_action_delay,Augmented (+action buffer + delay values),"(15,15)",15.0,15,15,15,15,0,5,95,-51.56196413259022,0.547132066566203,0.02770547941327095,0.002321659354493022,1.0,1.0
constant_sweep,augmented_action_delay,Augmented (+action buffer + delay values),"(15,15)",15.0,15,15,15,15,0,6,95,-50.56147803738713,0.5382020827578871,0.037847988307476044,0.009710995480418205,1.0,1.0
constant_sweep,augmented_action_delay,Augmented (+action buffer + delay values),"(15,15)",15.0,15,15,15,15,0,7,95,-49.77196341799572,0.5316162717626676,0.04877215996384621,0.0022834825795143843,1.0,1.0
constant_sweep,augmented_action_delay,Augmented (+action buffer + delay values),"(15,15)",15.0,15,15,15,15,0,8,95,-49.66563095804304,0.5259035971309793,0.019680717960000038,0.010682232677936554,1.0,1.0
constant_sweep,augmented_action_delay,Augmented (+action buffer + delay values),"(15,15)",15.0,15,15,15,15,0,9,95,-52.84607557952404,0.5623881440805761,0.03871987387537956,0.030463043600320816,1.0,1.0
constant_sweep,augmented_action_delay,Augmented (+action buffer + delay values),"(15,15)",15.0,15,15,15,15,1,0,95,-49.74215023126453,0.5300239844051631,0.040675219148397446,0.0141738411039114,1.0,1.0
constant_sweep,augmented_action_delay,Augmented (+action buffer + delay values),"(15,15)",15.0,15,15,15,15,1,1,95,-51.27549664117396,0.5417202000849342,0.01252815779298544,0.0010275810491293669,1.0,1.0
constant_sweep,augmented_action_delay,Augmented (+action buffer + delay values),"(15,15)",15.0,15,15,15,15,1,2,95,-58.95249797985889,0.6233613081300925,0.017788419499993324,0.003307651961222291,1.0,1.0
constant_sweep,augmented_action_delay,Augmented (+action buffer + delay values),"(15,15)",15.0,15,15,15,15,1,3,95,-56.335577899590135,0.6003487038573152,0.04650326445698738,0.023897625505924225,1.0,1.0
constant_sweep,augmented_action_delay,Augmented (+action buffer + delay values),"(15,15)",15.0,15,15,15,15,1,4,95,-51.56196413259022,0.547132066566203,0.02770547941327095,0.002321659354493022,1.0,1.0
constant_sweep,augmented_action_delay,Augmented (+action buffer + delay values),"(15,15)",15.0,15,15,15,15,1,5,95,-50.56147803738713,0.5382020827578871,0.037847988307476044,0.009710995480418205,1.0,1.0
constant_sweep,augmented_action_delay,Augmented (+action buffer + delay values),"(15,15)",15.0,15,15,15,15,1,6,95,-49.77196341799572,0.5316162717626676,0.04877215996384621,0.0022834825795143843,1.0,1.0
constant_sweep,augmented_action_delay,Augmented (+action buffer + delay values),"(15,15)",15.0,15,15,15,15,1,7,95,-49.66563095804304,0.5259035971309793,0.019680717960000038,0.010682232677936554,1.0,1.0
constant_sweep,augmented_action_delay,Augmented (+action buffer + delay values),"(15,15)",15.0,15,15,15,15,1,8,95,-52.84607557952404,0.5623881440805761,0.03871987387537956,0.030463043600320816,1.0,1.0
constant_sweep,augmented_action_delay,Augmented (+action buffer + delay values),"(15,15)",15.0,15,15,15,15,1,9,95,-54.31357701681554,0.578062464277211,0.04015713930130005,0.011026655323803425,1.0,1.0
constant_sweep,augmented_action_delay,Augmented (+action buffer + delay values),"(15,15)",15.0,15,15,15,15,2,0,95,-51.27549664117396,0.5417202000849342,0.01252815779298544,0.0010275810491293669,1.0,1.0
constant_sweep,augmented_action_delay,Augmented (+action buffer + delay values),"(15,15)",15.0,15,15,15,15,2,1,95,-58.95249797985889,0.6233613081300925,0.017788419499993324,0.003307651961222291,1.0,1.0
constant_sweep,augmented_action_delay,Augmented (+action buffer + delay values),"(15,15)",15.0,15,15,15,15,2,2,95,-56.335577899590135,0.6003487038573152,0.04650326445698738,0.023897625505924225,1.0,1.0
constant_sweep,augmented_action_delay,Augmented (+action buffer + delay values),"(15,15)",15.0,15,15,15,15,2,3,95,-51.56196413259022,0.547132066566203,0.02770547941327095,0.002321659354493022,1.0,1.0
constant_sweep,augmented_action_delay,Augmented (+action buffer + delay values),"(15,15)",15.0,15,15,15,15,2,4,95,-50.56147803738713,0.5382020827578871,0.037847988307476044,0.009710995480418205,1.0,1.0
constant_sweep,augmented_action_delay,Augmented (+action buffer + delay values),"(15,15)",15.0,15,15,15,15,2,5,95,-49.77196341799572,0.5316162717626676,0.04877215996384621,0.0022834825795143843,1.0,1.0
constant_sweep,augmented_action_delay,Augmented (+action buffer + delay values),"(15,15)",15.0,15,15,15,15,2,6,95,-49.66563095804304,0.5259035971309793,0.019680717960000038,0.010682232677936554,1.0,1.0
constant_sweep,augmented_action_delay,Augmented (+action buffer + delay values),"(15,15)",15.0,15,15,15,15,2,7,95,-52.84607557952404,0.5623881440805761,0.03871987387537956,0.030463043600320816,1.0,1.0
constant_sweep,augmented_action_delay,Augmented (+action buffer + delay values),"(15,15)",15.0,15,15,15,15,2,8,95,-54.31357701681554,0.578062464277211,0.04015713930130005,0.011026655323803425,1.0,1.0
constant_sweep,augmented_action_delay,Augmented (+action buffer + delay values),"(15,15)",15.0,15,15,15,15,2,9,95,-58.92888660985045,0.6242867488095439,0.025223635137081146,0.001869412837550044,1.0,1.0
constant_sweep,augmented_action_delay,Augmented (+action buffer + delay values),"(15,15)",15.0,15,15,15,15,3,0,95,-58.95249797985889,0.6233613081300925,0.017788419499993324,0.003307651961222291,1.0,1.0
constant_sweep,augmented_action_delay,Augmented (+action buffer + delay values),"(15,15)",15.0,15,15,15,15,3,1,95,-56.335577899590135,0.6003487038573152,0.04650326445698738,0.023897625505924225,1.0,1.0
constant_sweep,augmented_action_delay,Augmented (+action buffer + delay values),"(15,15)",15.0,15,15,15,15,3,2,95,-51.56196413259022,0.547132066566203,0.02770547941327095,0.002321659354493022,1.0,1.0
constant_sweep,augmented_action_delay,Augmented (+action buffer + delay values),"(15,15)",15.0,15,15,15,15,3,3,95,-50.56147803738713,0.5382020827578871,0.037847988307476044,0.009710995480418205,1.0,1.0
constant_sweep,augmented_action_delay,Augmented (+action buffer + delay values),"(15,15)",15.0,15,15,15,15,3,4,95,-49.77196341799572,0.5316162717626676,0.04877215996384621,0.0022834825795143843,1.0,1.0
constant_sweep,augmented_action_delay,Augmented (+action buffer + delay values),"(15,15)",15.0,15,15,15,15,3,5,95,-49.66563095804304,0.5259035971309793,0.019680717960000038,0.010682232677936554,1.0,1.0
constant_sweep,augmented_action_delay,Augmented (+action buffer + delay values),"(15,15)",15.0,15,15,15,15,3,6,95,-52.84607557952404,0.5623881440805761,0.03871987387537956,0.030463043600320816,1.0,1.0
constant_sweep,augmented_action_delay,Augmented (+action buffer + delay values),"(15,15)",15.0,15,15,15,15,3,7,95,-54.31357701681554,0.578062464277211,0.04015713930130005,0.011026655323803425,1.0,1.0
constant_sweep,augmented_action_delay,Augmented (+action buffer + delay values),"(15,15)",15.0,15,15,15,15,3,8,95,-58.92888660985045,0.6242867488095439,0.025223635137081146,0.001869412837550044,1.0,1.0
constant_sweep,augmented_action_delay,Augmented (+action buffer + delay values),"(15,15)",15.0,15,15,15,15,3,9,95,-55.72536696959287,0.5907289750776008,0.0262590441852808,0.007124780211597681,1.0,1.0
constant_sweep,augmented_action_delay,Augmented (+action buffer + delay values),"(15,15)",15.0,15,15,15,15,4,0,95,-56.335577899590135,0.6003487038573152,0.04650326445698738,0.023897625505924225,1.0,1.0
constant_sweep,augmented_action_delay,Augmented (+action buffer + delay values),"(15,15)",15.0,15,15,15,15,4,1,95,-51.56196413259022,0.547132066566203,0.02770547941327095,0.002321659354493022,1.0,1.0
constant_sweep,augmented_action_delay,Augmented (+action buffer + delay values),"(15,15)",15.0,15,15,15,15,4,2,95,-50.56147803738713,0.5382020827578871,0.037847988307476044,0.009710995480418205,1.0,1.0
constant_sweep,augmented_action_delay,Augmented (+action buffer + delay values),"(15,15)",15.0,15,15,15,15,4,3,95,-49.77196341799572,0.5316162717626676,0.04877215996384621,0.0022834825795143843,1.0,1.0
constant_sweep,augmented_action_delay,Augmented (+action buffer + delay values),"(15,15)",15.0,15,15,15,15,4,4,95,-49.66563095804304,0.5259035971309793,0.019680717960000038,0.010682232677936554,1.0,1.0
constant_sweep,augmented_action_delay,Augmented (+action buffer + delay values),"(15,15)",15.0,15,15,15,15,4,5,95,-52.84607557952404,0.5623881440805761,0.03871987387537956,0.030463043600320816,1.0,1.0
constant_sweep,augmented_action_delay,Augmented (+action buffer + delay values),"(15,15)",15.0,15,15,15,15,4,6,95,-54.31357701681554,0.578062464277211,0.04015713930130005,0.011026655323803425,1.0,1.0
constant_sweep,augmented_action_delay,Augmented (+action buffer + delay values),"(15,15)",15.0,15,15,15,15,4,7,95,-58.92888660985045,0.6242867488095439,0.025223635137081146,0.001869412837550044,1.0,1.0
constant_sweep,augmented_action_delay,Augmented (+action buffer + delay values),"(15,15)",15.0,15,15,15,15,4,8,95,-55.72536696959287,0.5907289750776008,0.0262590441852808,0.007124780211597681,1.0,1.0
constant_sweep,augmented_action_delay,Augmented (+action buffer + delay values),"(15,15)",15.0,15,15,15,15,4,9,95,-49.936154790222645,0.5309384699322676,0.03353332355618477,0.002134928945451975,1.0,1.0
constant_sweep,unseen,Unseen delay,"(20,20)",20.0,20,20,20,20,0,0,100,-158.14448398724198,2.4681199115887282,4.433375358581543,0.03588158264756203,0.0,1.0
constant_sweep,unseen,Unseen delay,"(20,20)",20.0,20,20,20,20,0,1,100,-157.4506313353777,2.4577537842094896,4.4162373542785645,0.1812397837638855,0.0,0.0
constant_sweep,unseen,Unseen delay,"(20,20)",20.0,20,20,20,20,0,2,100,-157.67425864189863,2.468661913201213,4.459596633911133,0.10212904959917068,0.0,0.0
constant_sweep,unseen,Unseen delay,"(20,20)",20.0,20,20,20,20,0,3,100,-157.62389820814133,2.4540268582105638,4.388939380645752,0.09239080548286438,0.0,0.0
constant_sweep,unseen,Unseen delay,"(20,20)",20.0,20,20,20,20,0,4,100,-157.6958467103541,2.4725505844131113,4.477960586547852,0.03237086907029152,0.0,1.0
constant_sweep,unseen,Unseen delay,"(20,20)",20.0,20,20,20,20,0,5,100,-156.04931873083115,2.4550820392370225,4.472944259643555,0.0797567367553711,0.0,0.0
constant_sweep,unseen,Unseen delay,"(20,20)",20.0,20,20,20,20,0,6,100,-156.89537425339222,2.456499900370836,4.43773078918457,0.13583028316497803,0.0,0.0
constant_sweep,unseen,Unseen delay,"(20,20)",20.0,20,20,20,20,0,7,100,-156.59091126173735,2.4533887039870024,4.4373979568481445,0.11429085582494736,0.0,0.0
constant_sweep,unseen,Unseen delay,"(20,20)",20.0,20,20,20,20,0,8,100,-158.21039699018002,2.4772462390363215,4.475711345672607,0.1079450249671936,0.0,0.0
constant_sweep,unseen,Unseen delay,"(20,20)",20.0,20,20,20,20,0,9,100,-159.30916276574135,2.4931175675988198,4.500129699707031,0.20018146932125092,0.0,0.0
constant_sweep,unseen,Unseen delay,"(20,20)",20.0,20,20,20,20,1,0,100,-157.4506313353777,2.4577537842094896,4.4162373542785645,0.1812397837638855,0.0,0.0
constant_sweep,unseen,Unseen delay,"(20,20)",20.0,20,20,20,20,1,1,100,-157.67425864189863,2.468661913201213,4.459596633911133,0.10212904959917068,0.0,0.0
constant_sweep,unseen,Unseen delay,"(20,20)",20.0,20,20,20,20,1,2,100,-157.62389820814133,2.4540268582105638,4.388939380645752,0.09239080548286438,0.0,0.0
constant_sweep,unseen,Unseen delay,"(20,20)",20.0,20,20,20,20,1,3,100,-157.6958467103541,2.4725505844131113,4.477960586547852,0.03237086907029152,0.0,1.0
constant_sweep,unseen,Unseen delay,"(20,20)",20.0,20,20,20,20,1,4,100,-156.04931873083115,2.4550820392370225,4.472944259643555,0.0797567367553711,0.0,0.0
constant_sweep,unseen,Unseen delay,"(20,20)",20.0,20,20,20,20,1,5,100,-156.89537425339222,2.456499900370836,4.43773078918457,0.13583028316497803,0.0,0.0
constant_sweep,unseen,Unseen delay,"(20,20)",20.0,20,20,20,20,1,6,100,-156.59091126173735,2.4533887039870024,4.4373979568481445,0.11429085582494736,0.0,0.0
constant_sweep,unseen,Unseen delay,"(20,20)",20.0,20,20,20,20,1,7,100,-158.21039699018002,2.4772462390363215,4.475711345672607,0.1079450249671936,0.0,0.0
constant_sweep,unseen,Unseen delay,"(20,20)",20.0,20,20,20,20,1,8,100,-159.30916276574135,2.4931175675988198,4.500129699707031,0.20018146932125092,0.0,0.0
constant_sweep,unseen,Unseen delay,"(20,20)",20.0,20,20,20,20,1,9,100,-157.35283403098583,2.4455084352195264,4.35990047454834,0.24035592377185822,0.0,0.0
constant_sweep,unseen,Unseen delay,"(20,20)",20.0,20,20,20,20,2,0,100,-157.67425864189863,2.468661913201213,4.459596633911133,0.10212904959917068,0.0,0.0
constant_sweep,unseen,Unseen delay,"(20,20)",20.0,20,20,20,20,2,1,100,-157.62389820814133,2.4540268582105638,4.388939380645752,0.09239080548286438,0.0,0.0
constant_sweep,unseen,Unseen delay,"(20,20)",20.0,20,20,20,20,2,2,100,-157.6958467103541,2.4725505844131113,4.477960586547852,0.03237086907029152,0.0,1.0
constant_sweep,unseen,Unseen delay,"(20,20)",20.0,20,20,20,20,2,3,100,-156.04931873083115,2.4550820392370225,4.472944259643555,0.0797567367553711,0.0,0.0
constant_sweep,unseen,Unseen delay,"(20,20)",20.0,20,20,20,20,2,4,100,-156.89537425339222,2.456499900370836,4.43773078918457,0.13583028316497803,0.0,0.0
constant_sweep,unseen,Unseen delay,"(20,20)",20.0,20,20,20,20,2,5,100,-156.59091126173735,2.4533887039870024,4.4373979568481445,0.11429085582494736,0.0,0.0
constant_sweep,unseen,Unseen delay,"(20,20)",20.0,20,20,20,20,2,6,100,-158.21039699018002,2.4772462390363215,4.475711345672607,0.1079450249671936,0.0,0.0
constant_sweep,unseen,Unseen delay,"(20,20)",20.0,20,20,20,20,2,7,100,-159.30916276574135,2.4931175675988198,4.500129699707031,0.20018146932125092,0.0,0.0
constant_sweep,unseen,Unseen delay,"(20,20)",20.0,20,20,20,20,2,8,100,-157.35283403098583,2.4455084352195264,4.35990047454834,0.24035592377185822,0.0,0.0
constant_sweep,unseen,Unseen delay,"(20,20)",20.0,20,20,20,20,2,9,100,-158.79727366566658,2.4700908663868906,4.410590648651123,0.15374323725700378,0.0,0.0
constant_sweep,unseen,Unseen delay,"(20,20)",20.0,20,20,20,20,3,0,100,-157.62389820814133,2.4540268582105638,4.388939380645752,0.09239080548286438,0.0,0.0
constant_sweep,unseen,Unseen delay,"(20,20)",20.0,20,20,20,20,3,1,100,-157.6958467103541,2.4725505844131113,4.477960586547852,0.03237086907029152,0.0,1.0
constant_sweep,unseen,Unseen delay,"(20,20)",20.0,20,20,20,20,3,2,100,-156.04931873083115,2.4550820392370225,4.472944259643555,0.0797567367553711,0.0,0.0
constant_sweep,unseen,Unseen delay,"(20,20)",20.0,20,20,20,20,3,3,100,-156.89537425339222,2.456499900370836,4.43773078918457,0.13583028316497803,0.0,0.0
constant_sweep,unseen,Unseen delay,"(20,20)",20.0,20,20,20,20,3,4,100,-156.59091126173735,2.4533887039870024,4.4373979568481445,0.11429085582494736,0.0,0.0
constant_sweep,unseen,Unseen delay,"(20,20)",20.0,20,20,20,20,3,5,100,-158.21039699018002,2.4772462390363215,4.475711345672607,0.1079450249671936,0.0,0.0
constant_sweep,unseen,Unseen delay,"(20,20)",20.0,20,20,20,20,3,6,100,-159.30916276574135,2.4931175675988198,4.500129699707031,0.20018146932125092,0.0,0.0
constant_sweep,unseen,Unseen delay,"(20,20)",20.0,20,20,20,20,3,7,100,-157.35283403098583,2.4455084352195264,4.35990047454834,0.24035592377185822,0.0,0.0
constant_sweep,unseen,Unseen delay,"(20,20)",20.0,20,20,20,20,3,8,100,-158.79727366566658,2.4700908663868906,4.410590648651123,0.15374323725700378,0.0,0.0
constant_sweep,unseen,Unseen delay,"(20,20)",20.0,20,20,20,20,3,9,100,-157.96462365984917,2.4632079431414606,4.417808532714844,0.13303692638874054,0.0,0.0
constant_sweep,unseen,Unseen delay,"(20,20)",20.0,20,20,20,20,4,0,100,-157.6958467103541,2.4725505844131113,4.477960586547852,0.03237086907029152,0.0,1.0
constant_sweep,unseen,Unseen delay,"(20,20)",20.0,20,20,20,20,4,1,100,-156.04931873083115,2.4550820392370225,4.472944259643555,0.0797567367553711,0.0,0.0
constant_sweep,unseen,Unseen delay,"(20,20)",20.0,20,20,20,20,4,2,100,-156.89537425339222,2.456499900370836,4.43773078918457,0.13583028316497803,0.0,0.0
constant_sweep,unseen,Unseen delay,"(20,20)",20.0,20,20,20,20,4,3,100,-156.59091126173735,2.4533887039870024,4.4373979568481445,0.11429085582494736,0.0,0.0
constant_sweep,unseen,Unseen delay,"(20,20)",20.0,20,20,20,20,4,4,100,-158.21039699018002,2.4772462390363215,4.475711345672607,0.1079450249671936,0.0,0.0
constant_sweep,unseen,Unseen delay,"(20,20)",20.0,20,20,20,20,4,5,100,-159.30916276574135,2.4931175675988198,4.500129699707031,0.20018146932125092,0.0,0.0
constant_sweep,unseen,Unseen delay,"(20,20)",20.0,20,20,20,20,4,6,100,-157.35283403098583,2.4455084352195264,4.35990047454834,0.24035592377185822,0.0,0.0
constant_sweep,unseen,Unseen delay,"(20,20)",20.0,20,20,20,20,4,7,100,-158.79727366566658,2.4700908663868906,4.410590648651123,0.15374323725700378,0.0,0.0
constant_sweep,unseen,Unseen delay,"(20,20)",20.0,20,20,20,20,4,8,100,-157.96462365984917,2.4632079431414606,4.417808532714844,0.13303692638874054,0.0,0.0
constant_sweep,unseen,Unseen delay,"(20,20)",20.0,20,20,20,20,4,9,100,-157.73909540474415,2.4776085825264453,4.5010881423950195,0.06915908306837082,0.0,0.0
constant_sweep,augmented_action,Augmented (+action buffer),"(20,20)",20.0,20,20,20,20,0,0,100,-67.29193259775639,0.6827233497798443,0.04902011901140213,0.017611918970942497,1.0,1.0
constant_sweep,augmented_action,Augmented (+action buffer),"(20,20)",20.0,20,20,20,20,0,1,100,-59.79976670257747,0.6060994216613471,0.04050877317786217,0.021688466891646385,1.0,1.0
constant_sweep,augmented_action,Augmented (+action buffer),"(20,20)",20.0,20,20,20,20,0,2,100,-61.544684167951345,0.620233677662909,0.023934179916977882,0.00512026296928525,1.0,1.0
constant_sweep,augmented_action,Augmented (+action buffer),"(20,20)",20.0,20,20,20,20,0,3,100,-70.20204086252488,0.7076706923940219,0.028251418843865395,0.0022751556243747473,1.0,1.0
constant_sweep,augmented_action,Augmented (+action buffer),"(20,20)",20.0,20,20,20,20,0,4,100,-67.2854097802192,0.6784060245938599,0.02775963395833969,0.02265429124236107,1.0,1.0
constant_sweep,augmented_action,Augmented (+action buffer),"(20,20)",20.0,20,20,20,20,0,5,100,-62.13960906676948,0.6258604781888425,0.02232193760573864,0.016749117523431778,1.0,1.0
constant_sweep,augmented_action,Augmented (+action buffer),"(20,20)",20.0,20,20,20,20,0,6,100,-60.513250978663564,0.6117407441325485,0.03304117172956467,0.02634168043732643,1.0,1.0
constant_sweep,augmented_action,Augmented (+action buffer),"(20,20)",20.0,20,20,20,20,0,7,100,-59.95974306855351,0.6086979535315186,0.045502614229917526,0.011607212945818901,1.0,1.0
constant_sweep,augmented_action,Augmented (+action buffer),"(20,20)",20.0,20,20,20,20,0,8,100,-59.21810294222087,0.5943206463661045,0.010698084719479084,0.010698084719479084,1.0,1.0
constant_sweep,augmented_action,Augmented (+action buffer),"(20,20)",20.0,20,20,20,20,0,9,100,-63.14925268664956,0.6440130681172014,0.0626027062535286,0.032440803945064545,0.0,1.0
constant_sweep,augmented_action,Augmented (+action buffer),"(20,20)",20.0,20,20,20,20,1,0,100,-59.79976670257747,0.6060994216613471,0.04050877317786217,0.021688466891646385,1.0,1.0
constant_sweep,augmented_action,Augmented (+action buffer),"(20,20)",20.0,20,20,20,20,1,1,100,-61.544684167951345,0.620233677662909,0.023934179916977882,0.00512026296928525,1.0,1.0
constant_sweep,augmented_action,Augmented (+action buffer),"(20,20)",20.0,20,20,20,20,1,2,100,-70.20204086252488,0.7076706923940219,0.028251418843865395,0.0022751556243747473,1.0,1.0
constant_sweep,augmented_action,Augmented (+action buffer),"(20,20)",20.0,20,20,20,20,1,3,100,-67.2854097802192,0.6784060245938599,0.02775963395833969,0.02265429124236107,1.0,1.0
constant_sweep,augmented_action,Augmented (+action buffer),"(20,20)",20.0,20,20,20,20,1,4,100,-62.13960906676948,0.6258604781888425,0.02232193760573864,0.016749117523431778,1.0,1.0
constant_sweep,augmented_action,Augmented (+action buffer),"(20,20)",20.0,20,20,20,20,1,5,100,-60.513250978663564,0.6117407441325485,0.03304117172956467,0.02634168043732643,1.0,1.0
constant_sweep,augmented_action,Augmented (+action buffer),"(20,20)",20.0,20,20,20,20,1,6,100,-59.95974306855351,0.6086979535315186,0.045502614229917526,0.011607212945818901,1.0,1.0
constant_sweep,augmented_action,Augmented (+action buffer),"(20,20)",20.0,20,20,20,20,1,7,100,-59.21810294222087,0.5943206463661045,0.010698084719479084,0.010698084719479084,1.0,1.0
constant_sweep,augmented_action,Augmented (+action buffer),"(20,20)",20.0,20,20,20,20,1,8,100,-63.14925268664956,0.6440130681172014,0.0626027062535286,0.032440803945064545,0.0,1.0
constant_sweep,augmented_action,Augmented (+action buffer),"(20,20)",20.0,20,20,20,20,1,9,100,-65.33291399478912,0.6619787976145745,0.043248288333415985,0.02596176415681839,1.0,1.0
constant_sweep,augmented_action,Augmented (+action buffer),"(20,20)",20.0,20,20,20,20,2,0,100,-61.544684167951345,0.620233677662909,0.023934179916977882,0.00512026296928525,1.0,1.0
constant_sweep,augmented_action,Augmented (+action buffer),"(20,20)",20.0,20,20,20,20,2,1,100,-70.20204086252488,0.7076706923940219,0.028251418843865395,0.0022751556243747473,1.0,1.0
constant_sweep,augmented_action,Augmented (+action buffer),"(20,20)",20.0,20,20,20,20,2,2,100,-67.2854097802192,0.6784060245938599,0.02775963395833969,0.02265429124236107,1.0,1.0
constant_sweep,augmented_action,Augmented (+action buffer),"(20,20)",20.0,20,20,20,20,2,3,100,-62.13960906676948,0.6258604781888425,0.02232193760573864,0.016749117523431778,1.0,1.0
constant_sweep,augmented_action,Augmented (+action buffer),"(20,20)",20.0,20,20,20,20,2,4,100,-60.513250978663564,0.6117407441325485,0.03304117172956467,0.02634168043732643,1.0,1.0
constant_sweep,augmented_action,Augmented (+action buffer),"(20,20)",20.0,20,20,20,20,2,5,100,-59.95974306855351,0.6086979535315186,0.045502614229917526,0.011607212945818901,1.0,1.0
constant_sweep,augmented_action,Augmented (+action buffer),"(20,20)",20.0,20,20,20,20,2,6,100,-59.21810294222087,0.5943206463661045,0.010698084719479084,0.010698084719479084,1.0,1.0
constant_sweep,augmented_action,Augmented (+action buffer),"(20,20)",20.0,20,20,20,20,2,7,100,-63.14925268664956,0.6440130681172014,0.0626027062535286,0.032440803945064545,0.0,1.0
constant_sweep,augmented_action,Augmented (+action buffer),"(20,20)",20.0,20,20,20,20,2,8,100,-65.33291399478912,0.6619787976145745,0.043248288333415985,0.02596176415681839,1.0,1.0
constant_sweep,augmented_action,Augmented (+action buffer),"(20,20)",20.0,20,20,20,20,2,9,100,-70.25936040654778,0.7089438642933965,0.031751301139593124,0.007425290532410145,1.0,1.0
constant_sweep,augmented_action,Augmented (+action buffer),"(20,20)",20.0,20,20,20,20,3,0,100,-70.20204086252488,0.7076706923940219,0.028251418843865395,0.0022751556243747473,1.0,1.0
constant_sweep,augmented_action,Augmented (+action buffer),"(20,20)",20.0,20,20,20,20,3,1,100,-67.2854097802192,0.6784060245938599,0.02775963395833969,0.02265429124236107,1.0,1.0
constant_sweep,augmented_action,Augmented (+action buffer),"(20,20)",20.0,20,20,20,20,3,2,100,-62.13960906676948,0.6258604781888425,0.02232193760573864,0.016749117523431778,1.0,1.0
constant_sweep,augmented_action,Augmented (+action buffer),"(20,20)",20.0,20,20,20,20,3,3,100,-60.513250978663564,0.6117407441325485,0.03304117172956467,0.02634168043732643,1.0,1.0
constant_sweep,augmented_action,Augmented (+action buffer),"(20,20)",20.0,20,20,20,20,3,4,100,-59.95974306855351,0.6086979535315186,0.045502614229917526,0.011607212945818901,1.0,1.0
constant_sweep,augmented_action,Augmented (+action buffer),"(20,20)",20.0,20,20,20,20,3,5,100,-59.21810294222087,0.5943206463661045,0.010698084719479084,0.010698084719479084,1.0,1.0
constant_sweep,augmented_action,Augmented (+action buffer),"(20,20)",20.0,20,20,20,20,3,6,100,-63.14925268664956,0.6440130681172014,0.0626027062535286,0.032440803945064545,0.0,1.0
constant_sweep,augmented_action,Augmented (+action buffer),"(20,20)",20.0,20,20,20,20,3,7,100,-65.33291399478912,0.6619787976145745,0.043248288333415985,0.02596176415681839,1.0,1.0
constant_sweep,augmented_action,Augmented (+action buffer),"(20,20)",20.0,20,20,20,20,3,8,100,-70.25936040654778,0.7089438642933965,0.031751301139593124,0.007425290532410145,1.0,1.0
constant_sweep,augmented_action,Augmented (+action buffer),"(20,20)",20.0,20,20,20,20,3,9,100,-66.56746941804886,0.6690581902116537,0.016917480155825615,0.012451681308448315,1.0,1.0
constant_sweep,augmented_action,Augmented (+action buffer),"(20,20)",20.0,20,20,20,20,4,0,100,-67.2854097802192,0.6784060245938599,0.02775963395833969,0.02265429124236107,1.0,1.0
constant_sweep,augmented_action,Augmented (+action buffer),"(20,20)",20.0,20,20,20,20,4,1,100,-62.13960906676948,0.6258604781888425,0.02232193760573864,0.016749117523431778,1.0,1.0
constant_sweep,augmented_action,Augmented (+action buffer),"(20,20)",20.0,20,20,20,20,4,2,100,-60.513250978663564,0.6117407441325485,0.03304117172956467,0.02634168043732643,1.0,1.0
constant_sweep,augmented_action,Augmented (+action buffer),"(20,20)",20.0,20,20,20,20,4,3,100,-59.95974306855351,0.6086979535315186,0.045502614229917526,0.011607212945818901,1.0,1.0
constant_sweep,augmented_action,Augmented (+action buffer),"(20,20)",20.0,20,20,20,20,4,4,100,-59.21810294222087,0.5943206463661045,0.010698084719479084,0.010698084719479084,1.0,1.0
constant_sweep,augmented_action,Augmented (+action buffer),"(20,20)",20.0,20,20,20,20,4,5,100,-63.14925268664956,0.6440130681172014,0.0626027062535286,0.032440803945064545,0.0,1.0
constant_sweep,augmented_action,Augmented (+action buffer),"(20,20)",20.0,20,20,20,20,4,6,100,-65.33291399478912,0.6619787976145745,0.043248288333415985,0.02596176415681839,1.0,1.0
constant_sweep,augmented_action,Augmented (+action buffer),"(20,20)",20.0,20,20,20,20,4,7,100,-70.25936040654778,0.7089438642933965,0.031751301139593124,0.007425290532410145,1.0,1.0
constant_sweep,augmented_action,Augmented (+action buffer),"(20,20)",20.0,20,20,20,20,4,8,100,-66.56746941804886,0.6690581902116537,0.016917480155825615,0.012451681308448315,1.0,1.0
constant_sweep,augmented_action,Augmented (+action buffer),"(20,20)",20.0,20,20,20,20,4,9,100,-59.59129639202729,0.6019815691048279,0.03034302592277527,0.0044974032789468765,1.0,1.0
constant_sweep,augmented_action_delay,Augmented (+action buffer + delay values),"(20,20)",20.0,20,20,20,20,0,0,100,-67.29193259775639,0.6827233497798443,0.04902011901140213,0.017611918970942497,1.0,1.0
constant_sweep,augmented_action_delay,Augmented (+action buffer + delay values),"(20,20)",20.0,20,20,20,20,0,1,100,-59.79976670257747,0.6060994216613471,0.04050877317786217,0.021688466891646385,1.0,1.0
constant_sweep,augmented_action_delay,Augmented (+action buffer + delay values),"(20,20)",20.0,20,20,20,20,0,2,100,-61.544684167951345,0.620233677662909,0.023934179916977882,0.00512026296928525,1.0,1.0
constant_sweep,augmented_action_delay,Augmented (+action buffer + delay values),"(20,20)",20.0,20,20,20,20,0,3,100,-70.20204086252488,0.7076706923940219,0.028251418843865395,0.0022751556243747473,1.0,1.0
constant_sweep,augmented_action_delay,Augmented (+action buffer + delay values),"(20,20)",20.0,20,20,20,20,0,4,100,-67.2854097802192,0.6784060245938599,0.02775963395833969,0.02265429124236107,1.0,1.0
constant_sweep,augmented_action_delay,Augmented (+action buffer + delay values),"(20,20)",20.0,20,20,20,20,0,5,100,-62.13960906676948,0.6258604781888425,0.02232193760573864,0.016749117523431778,1.0,1.0
constant_sweep,augmented_action_delay,Augmented (+action buffer + delay values),"(20,20)",20.0,20,20,20,20,0,6,100,-60.513250978663564,0.6117407441325485,0.03304117172956467,0.02634168043732643,1.0,1.0
constant_sweep,augmented_action_delay,Augmented (+action buffer + delay values),"(20,20)",20.0,20,20,20,20,0,7,100,-59.95974306855351,0.6086979535315186,0.045502614229917526,0.011607212945818901,1.0,1.0
constant_sweep,augmented_action_delay,Augmented (+action buffer + delay values),"(20,20)",20.0,20,20,20,20,0,8,100,-59.21810294222087,0.5943206463661045,0.010698084719479084,0.010698084719479084,1.0,1.0
constant_sweep,augmented_action_delay,Augmented (+action buffer + delay values),"(20,20)",20.0,20,20,20,20,0,9,100,-63.14925268664956,0.6440130681172014,0.0626027062535286,0.032440803945064545,0.0,1.0
constant_sweep,augmented_action_delay,Augmented (+action buffer + delay values),"(20,20)",20.0,20,20,20,20,1,0,100,-59.79976670257747,0.6060994216613471,0.04050877317786217,0.021688466891646385,1.0,1.0
constant_sweep,augmented_action_delay,Augmented (+action buffer + delay values),"(20,20)",20.0,20,20,20,20,1,1,100,-61.544684167951345,0.620233677662909,0.023934179916977882,0.00512026296928525,1.0,1.0
constant_sweep,augmented_action_delay,Augmented (+action buffer + delay values),"(20,20)",20.0,20,20,20,20,1,2,100,-70.20204086252488,0.7076706923940219,0.028251418843865395,0.0022751556243747473,1.0,1.0
constant_sweep,augmented_action_delay,Augmented (+action buffer + delay values),"(20,20)",20.0,20,20,20,20,1,3,100,-67.2854097802192,0.6784060245938599,0.02775963395833969,0.02265429124236107,1.0,1.0
constant_sweep,augmented_action_delay,Augmented (+action buffer + delay values),"(20,20)",20.0,20,20,20,20,1,4,100,-62.13960906676948,0.6258604781888425,0.02232193760573864,0.016749117523431778,1.0,1.0
constant_sweep,augmented_action_delay,Augmented (+action buffer + delay values),"(20,20)",20.0,20,20,20,20,1,5,100,-60.513250978663564,0.6117407441325485,0.03304117172956467,0.02634168043732643,1.0,1.0
constant_sweep,augmented_action_delay,Augmented (+action buffer + delay values),"(20,20)",20.0,20,20,20,20,1,6,100,-59.95974306855351,0.6086979535315186,0.045502614229917526,0.011607212945818901,1.0,1.0
constant_sweep,augmented_action_delay,Augmented (+action buffer + delay values),"(20,20)",20.0,20,20,20,20,1,7,100,-59.21810294222087,0.5943206463661045,0.010698084719479084,0.010698084719479084,1.0,1.0
constant_sweep,augmented_action_delay,Augmented (+action buffer + delay values),"(20,20)",20.0,20,20,20,20,1,8,100,-63.14925268664956,0.6440130681172014,0.0626027062535286,0.032440803945064545,0.0,1.0
constant_sweep,augmented_action_delay,Augmented (+action buffer + delay values),"(20,20)",20.0,20,20,20,20,1,9,100,-65.33291399478912,0.6619787976145745,0.043248288333415985,0.02596176415681839,1.0,1.0
constant_sweep,augmented_action_delay,Augmented (+action buffer + delay values),"(20,20)",20.0,20,20,20,20,2,0,100,-61.544684167951345,0.620233677662909,0.023934179916977882,0.00512026296928525,1.0,1.0
constant_sweep,augmented_action_delay,Augmented (+action buffer + delay values),"(20,20)",20.0,20,20,20,20,2,1,100,-70.20204086252488,0.7076706923940219,0.028251418843865395,0.0022751556243747473,1.0,1.0
constant_sweep,augmented_action_delay,Augmented (+action buffer + delay values),"(20,20)",20.0,20,20,20,20,2,2,100,-67.2854097802192,0.6784060245938599,0.02775963395833969,0.02265429124236107,1.0,1.0
constant_sweep,augmented_action_delay,Augmented (+action buffer + delay values),"(20,20)",20.0,20,20,20,20,2,3,100,-62.13960906676948,0.6258604781888425,0.02232193760573864,0.016749117523431778,1.0,1.0
constant_sweep,augmented_action_delay,Augmented (+action buffer + delay values),"(20,20)",20.0,20,20,20,20,2,4,100,-60.513250978663564,0.6117407441325485,0.03304117172956467,0.02634168043732643,1.0,1.0
constant_sweep,augmented_action_delay,Augmented (+action buffer + delay values),"(20,20)",20.0,20,20,20,20,2,5,100,-59.95974306855351,0.6086979535315186,0.045502614229917526,0.011607212945818901,1.0,1.0
constant_sweep,augmented_action_delay,Augmented (+action buffer + delay values),"(20,20)",20.0,20,20,20,20,2,6,100,-59.21810294222087,0.5943206463661045,0.010698084719479084,0.010698084719479084,1.0,1.0
constant_sweep,augmented_action_delay,Augmented (+action buffer + delay values),"(20,20)",20.0,20,20,20,20,2,7,100,-63.14925268664956,0.6440130681172014,0.0626027062535286,0.032440803945064545,0.0,1.0
constant_sweep,augmented_action_delay,Augmented (+action buffer + delay values),"(20,20)",20.0,20,20,20,20,2,8,100,-65.33291399478912,0.6619787976145745,0.043248288333415985,0.02596176415681839,1.0,1.0
constant_sweep,augmented_action_delay,Augmented (+action buffer + delay values),"(20,20)",20.0,20,20,20,20,2,9,100,-70.25936040654778,0.7089438642933965,0.031751301139593124,0.007425290532410145,1.0,1.0
constant_sweep,augmented_action_delay,Augmented (+action buffer + delay values),"(20,20)",20.0,20,20,20,20,3,0,100,-70.20204086252488,0.7076706923940219,0.028251418843865395,0.0022751556243747473,1.0,1.0
constant_sweep,augmented_action_delay,Augmented (+action buffer + delay values),"(20,20)",20.0,20,20,20,20,3,1,100,-67.2854097802192,0.6784060245938599,0.02775963395833969,0.02265429124236107,1.0,1.0
constant_sweep,augmented_action_delay,Augmented (+action buffer + delay values),"(20,20)",20.0,20,20,20,20,3,2,100,-62.13960906676948,0.6258604781888425,0.02232193760573864,0.016749117523431778,1.0,1.0
constant_sweep,augmented_action_delay,Augmented (+action buffer + delay values),"(20,20)",20.0,20,20,20,20,3,3,100,-60.513250978663564,0.6117407441325485,0.03304117172956467,0.02634168043732643,1.0,1.0
constant_sweep,augmented_action_delay,Augmented (+action buffer + delay values),"(20,20)",20.0,20,20,20,20,3,4,100,-59.95974306855351,0.6086979535315186,0.045502614229917526,0.011607212945818901,1.0,1.0
constant_sweep,augmented_action_delay,Augmented (+action buffer + delay values),"(20,20)",20.0,20,20,20,20,3,5,100,-59.21810294222087,0.5943206463661045,0.010698084719479084,0.010698084719479084,1.0,1.0
constant_sweep,augmented_action_delay,Augmented (+action buffer + delay values),"(20,20)",20.0,20,20,20,20,3,6,100,-63.14925268664956,0.6440130681172014,0.0626027062535286,0.032440803945064545,0.0,1.0
constant_sweep,augmented_action_delay,Augmented (+action buffer + delay values),"(20,20)",20.0,20,20,20,20,3,7,100,-65.33291399478912,0.6619787976145745,0.043248288333415985,0.02596176415681839,1.0,1.0
constant_sweep,augmented_action_delay,Augmented (+action buffer + delay values),"(20,20)",20.0,20,20,20,20,3,8,100,-70.25936040654778,0.7089438642933965,0.031751301139593124,0.007425290532410145,1.0,1.0
constant_sweep,augmented_action_delay,Augmented (+action buffer + delay values),"(20,20)",20.0,20,20,20,20,3,9,100,-66.56746941804886,0.6690581902116537,0.016917480155825615,0.012451681308448315,1.0,1.0
constant_sweep,augmented_action_delay,Augmented (+action buffer + delay values),"(20,20)",20.0,20,20,20,20,4,0,100,-67.2854097802192,0.6784060245938599,0.02775963395833969,0.02265429124236107,1.0,1.0
constant_sweep,augmented_action_delay,Augmented (+action buffer + delay values),"(20,20)",20.0,20,20,20,20,4,1,100,-62.13960906676948,0.6258604781888425,0.02232193760573864,0.016749117523431778,1.0,1.0
constant_sweep,augmented_action_delay,Augmented (+action buffer + delay values),"(20,20)",20.0,20,20,20,20,4,2,100,-60.513250978663564,0.6117407441325485,0.03304117172956467,0.02634168043732643,1.0,1.0
constant_sweep,augmented_action_delay,Augmented (+action buffer + delay values),"(20,20)",20.0,20,20,20,20,4,3,100,-59.95974306855351,0.6086979535315186,0.045502614229917526,0.011607212945818901,1.0,1.0
constant_sweep,augmented_action_delay,Augmented (+action buffer + delay values),"(20,20)",20.0,20,20,20,20,4,4,100,-59.21810294222087,0.5943206463661045,0.010698084719479084,0.010698084719479084,1.0,1.0
constant_sweep,augmented_action_delay,Augmented (+action buffer + delay values),"(20,20)",20.0,20,20,20,20,4,5,100,-63.14925268664956,0.6440130681172014,0.0626027062535286,0.032440803945064545,0.0,1.0
constant_sweep,augmented_action_delay,Augmented (+action buffer + delay values),"(20,20)",20.0,20,20,20,20,4,6,100,-65.33291399478912,0.6619787976145745,0.043248288333415985,0.02596176415681839,1.0,1.0
constant_sweep,augmented_action_delay,Augmented (+action buffer + delay values),"(20,20)",20.0,20,20,20,20,4,7,100,-70.25936040654778,0.7089438642933965,0.031751301139593124,0.007425290532410145,1.0,1.0
constant_sweep,augmented_action_delay,Augmented (+action buffer + delay values),"(20,20)",20.0,20,20,20,20,4,8,100,-66.56746941804886,0.6690581902116537,0.016917480155825615,0.012451681308448315,1.0,1.0
constant_sweep,augmented_action_delay,Augmented (+action buffer + delay values),"(20,20)",20.0,20,20,20,20,4,9,100,-59.59129639202729,0.6019815691048279,0.03034302592277527,0.0044974032789468765,1.0,1.0
stochastic_sweep,unseen,Unseen delay,"(0,0)",0.0,0,0,0,0,0,0,80,-23.16090564476326,0.28951132055954076,0.014200827106833458,0.0013454458676278591,1.0,1.0
stochastic_sweep,unseen,Unseen delay,"(0,0)",0.0,0,0,0,0,0,1,80,-19.27095152239781,0.2408868940299726,0.009890259243547916,0.0014725070213899016,1.0,1.0
stochastic_sweep,unseen,Unseen delay,"(0,0)",0.0,0,0,0,0,0,2,80,-20.401934865047224,0.2550241858130903,0.014887120574712753,0.001403933740220964,1.0,1.0
stochastic_sweep,unseen,Unseen delay,"(0,0)",0.0,0,0,0,0,0,3,80,-24.643380064400844,0.3080422508050106,0.0017815183382481337,0.0008348667761310935,1.0,1.0
stochastic_sweep,unseen,Unseen delay,"(0,0)",0.0,0,0,0,0,0,4,80,-22.61843111901544,0.282730388987693,0.004910480231046677,0.001269541447982192,1.0,1.0
stochastic_sweep,unseen,Unseen delay,"(0,0)",0.0,0,0,0,0,0,5,80,-19.667912787248497,0.2458489098406062,0.006108379922807217,0.00021492871746886522,1.0,1.0
stochastic_sweep,unseen,Unseen delay,"(0,0)",0.0,0,0,0,0,0,6,80,-19.48135449970141,0.24351693124626764,0.01674327254295349,0.002281782915815711,1.0,1.0
stochastic_sweep,unseen,Unseen delay,"(0,0)",0.0,0,0,0,0,0,7,80,-19.050674572587013,0.23813343215733768,0.010873651131987572,0.002897180849686265,1.0,1.0
stochastic_sweep,unseen,Unseen delay,"(0,0)",0.0,0,0,0,0,0,8,80,-18.911931247916073,0.2363991405989509,0.018023846670985222,0.00259710056707263,1.0,1.0
stochastic_sweep,unseen,Unseen delay,"(0,0)",0.0,0,0,0,0,0,9,80,-20.718461647978984,0.2589807705997373,0.007616514340043068,0.0014284393982961774,1.0,1.0
stochastic_sweep,unseen,Unseen delay,"(0,0)",0.0,0,0,0,0,1,0,80,-19.27095152239781,0.2408868940299726,0.009890259243547916,0.0014725070213899016,1.0,1.0
stochastic_sweep,unseen,Unseen delay,"(0,0)",0.0,0,0,0,0,1,1,80,-20.401934865047224,0.2550241858130903,0.014887120574712753,0.001403933740220964,1.0,1.0
stochastic_sweep,unseen,Unseen delay,"(0,0)",0.0,0,0,0,0,1,2,80,-24.643380064400844,0.3080422508050106,0.0017815183382481337,0.0008348667761310935,1.0,1.0
stochastic_sweep,unseen,Unseen delay,"(0,0)",0.0,0,0,0,0,1,3,80,-22.61843111901544,0.282730388987693,0.004910480231046677,0.001269541447982192,1.0,1.0
stochastic_sweep,unseen,Unseen delay,"(0,0)",0.0,0,0,0,0,1,4,80,-19.667912787248497,0.2458489098406062,0.006108379922807217,0.00021492871746886522,1.0,1.0
stochastic_sweep,unseen,Unseen delay,"(0,0)",0.0,0,0,0,0,1,5,80,-19.48135449970141,0.24351693124626764,0.01674327254295349,0.002281782915815711,1.0,1.0
stochastic_sweep,unseen,Unseen delay,"(0,0)",0.0,0,0,0,0,1,6,80,-19.050674572587013,0.23813343215733768,0.010873651131987572,0.002897180849686265,1.0,1.0
stochastic_sweep,unseen,Unseen delay,"(0,0)",0.0,0,0,0,0,1,7,80,-18.911931247916073,0.2363991405989509,0.018023846670985222,0.00259710056707263,1.0,1.0
stochastic_sweep,unseen,Unseen delay,"(0,0)",0.0,0,0,0,0,1,8,80,-20.718461647978984,0.2589807705997373,0.007616514340043068,0.0014284393982961774,1.0,1.0
stochastic_sweep,unseen,Unseen delay,"(0,0)",0.0,0,0,0,0,1,9,80,-21.627953108400106,0.27034941385500133,0.013611036352813244,0.0004286800976842642,1.0,1.0
stochastic_sweep,unseen,Unseen delay,"(0,0)",0.0,0,0,0,0,2,0,80,-20.401934865047224,0.2550241858130903,0.014887120574712753,0.001403933740220964,1.0,1.0
stochastic_sweep,unseen,Unseen delay,"(0,0)",0.0,0,0,0,0,2,1,80,-24.643380064400844,0.3080422508050106,0.0017815183382481337,0.0008348667761310935,1.0,1.0
stochastic_sweep,unseen,Unseen delay,"(0,0)",0.0,0,0,0,0,2,2,80,-22.61843111901544,0.282730388987693,0.004910480231046677,0.001269541447982192,1.0,1.0
stochastic_sweep,unseen,Unseen delay,"(0,0)",0.0,0,0,0,0,2,3,80,-19.667912787248497,0.2458489098406062,0.006108379922807217,0.00021492871746886522,1.0,1.0
stochastic_sweep,unseen,Unseen delay,"(0,0)",0.0,0,0,0,0,2,4,80,-19.48135449970141,0.24351693124626764,0.01674327254295349,0.002281782915815711,1.0,1.0
stochastic_sweep,unseen,Unseen delay,"(0,0)",0.0,0,0,0,0,2,5,80,-19.050674572587013,0.23813343215733768,0.010873651131987572,0.002897180849686265,1.0,1.0
stochastic_sweep,unseen,Unseen delay,"(0,0)",0.0,0,0,0,0,2,6,80,-18.911931247916073,0.2363991405989509,0.018023846670985222,0.00259710056707263,1.0,1.0
stochastic_sweep,unseen,Unseen delay,"(0,0)",0.0,0,0,0,0,2,7,80,-20.718461647978984,0.2589807705997373,0.007616514340043068,0.0014284393982961774,1.0,1.0
stochastic_sweep,unseen,Unseen delay,"(0,0)",0.0,0,0,0,0,2,8,80,-21.627953108400106,0.27034941385500133,0.013611036352813244,0.0004286800976842642,1.0,1.0
stochastic_sweep,unseen,Unseen delay,"(0,0)",0.0,0,0,0,0,2,9,80,-24.59678291657474,0.30745978645718425,0.015834709629416466,0.0017110261833295226,1.0,1.0
stochastic_sweep,unseen,Unseen delay,"(0,0)",0.0,0,0,0,0,3,0,80,-24.643380064400844,0.3080422508050106,0.0017815183382481337,0.0008348667761310935,1.0,1.0
stochastic_sweep,unseen,Unseen delay,"(0,0)",0.0,0,0,0,0,3,1,80,-22.61843111901544,0.282730388987693,0.004910480231046677,0.001269541447982192,1.0,1.0
stochastic_sweep,unseen,Unseen delay,"(0,0)",0.0,0,0,0,0,3,2,80,-19.667912787248497,0.2458489098406062,0.006108379922807217,0.00021492871746886522,1.0,1.0
stochastic_sweep,unseen,Unseen delay,"(0,0)",0.0,0,0,0,0,3,3,80,-19.48135449970141,0.24351693124626764,0.01674327254295349,0.002281782915815711,1.0,1.0
stochastic_sweep,unseen,Unseen delay,"(0,0)",0.0,0,0,0,0,3,4,80,-19.050674572587013,0.23813343215733768,0.010873651131987572,0.002897180849686265,1.0,1.0
stochastic_sweep,unseen,Unseen delay,"(0,0)",0.0,0,0,0,0,3,5,80,-18.911931247916073,0.2363991405989509,0.018023846670985222,0.00259710056707263,1.0,1.0
stochastic_sweep,unseen,Unseen delay,"(0,0)",0.0,0,0,0,0,3,6,80,-20.718461647978984,0.2589807705997373,0.007616514340043068,0.0014284393982961774,1.0,1.0
stochastic_sweep,unseen,Unseen delay,"(0,0)",0.0,0,0,0,0,3,7,80,-21.627953108400106,0.27034941385500133,0.013611036352813244,0.0004286800976842642,1.0,1.0
stochastic_sweep,unseen,Unseen delay,"(0,0)",0.0,0,0,0,0,3,8,80,-24.59678291657474,0.30745978645718425,0.015834709629416466,0.0017110261833295226,1.0,1.0
stochastic_sweep,unseen,Unseen delay,"(0,0)",0.0,0,0,0,0,3,9,80,-22.881379126221873,0.28601723907777343,0.010881064459681511,0.0011702042538672686,1.0,1.0
stochastic_sweep,unseen,Unseen delay,"(0,0)",0.0,0,0,0,0,4,0,80,-22.61843111901544,0.282730388987693,0.004910480231046677,0.001269541447982192,1.0,1.0
stochastic_sweep,unseen,Unseen delay,"(0,0)",0.0,0,0,0,0,4,1,80,-19.667912787248497,0.2458489098406062,0.006108379922807217,0.00021492871746886522,1.0,1.0
stochastic_sweep,unseen,Unseen delay,"(0,0)",0.0,0,0,0,0,4,2,80,-19.48135449970141,0.24351693124626764,0.01674327254295349,0.002281782915815711,1.0,1.0
stochastic_sweep,unseen,Unseen delay,"(0,0)",0.0,0,0,0,0,4,3,80,-19.050674572587013,0.23813343215733768,0.010873651131987572,0.002897180849686265,1.0,1.0
stochastic_sweep,unseen,Unseen delay,"(0,0)",0.0,0,0,0,0,4,4,80,-18.911931247916073,0.2363991405989509,0.018023846670985222,0.00259710056707263,1.0,1.0
stochastic_sweep,unseen,Unseen delay,"(0,0)",0.0,0,0,0,0,4,5,80,-20.718461647978984,0.2589807705997373,0.007616514340043068,0.0014284393982961774,1.0,1.0
stochastic_sweep,unseen,Unseen delay,"(0,0)",0.0,0,0,0,0,4,6,80,-21.627953108400106,0.27034941385500133,0.013611036352813244,0.0004286800976842642,1.0,1.0
stochastic_sweep,unseen,Unseen delay,"(0,0)",0.0,0,0,0,0,4,7,80,-24.59678291657474,0.30745978645718425,0.015834709629416466,0.0017110261833295226,1.0,1.0
stochastic_sweep,unseen,Unseen delay,"(0,0)",0.0,0,0,0,0,4,8,80,-22.881379126221873,0.28601723907777343,0.010881064459681511,0.0011702042538672686,1.0,1.0
stochastic_sweep,unseen,Unseen delay,"(0,0)",0.0,0,0,0,0,4,9,80,-19.467613415035885,0.24334516768794856,0.01089484989643097,0.0005523126455955207,1.0,1.0
stochastic_sweep,augmented_action,Augmented (+action buffer),"(0,0)",0.0,0,0,0,0,0,0,80,-23.16090564476326,0.28951132055954076,0.014200827106833458,0.0013454458676278591,1.0,1.0
stochastic_sweep,augmented_action,Augmented (+action buffer),"(0,0)",0.0,0,0,0,0,0,1,80,-19.27095152239781,0.2408868940299726,0.009890259243547916,0.0014725070213899016,1.0,1.0
stochastic_sweep,augmented_action,Augmented (+action buffer),"(0,0)",0.0,0,0,0,0,0,2,80,-20.401934865047224,0.2550241858130903,0.014887120574712753,0.001403933740220964,1.0,1.0
stochastic_sweep,augmented_action,Augmented (+action buffer),"(0,0)",0.0,0,0,0,0,0,3,80,-24.643380064400844,0.3080422508050106,0.0017815183382481337,0.0008348667761310935,1.0,1.0
stochastic_sweep,augmented_action,Augmented (+action buffer),"(0,0)",0.0,0,0,0,0,0,4,80,-22.61843111901544,0.282730388987693,0.004910480231046677,0.001269541447982192,1.0,1.0
stochastic_sweep,augmented_action,Augmented (+action buffer),"(0,0)",0.0,0,0,0,0,0,5,80,-19.667912787248497,0.2458489098406062,0.006108379922807217,0.00021492871746886522,1.0,1.0
stochastic_sweep,augmented_action,Augmented (+action buffer),"(0,0)",0.0,0,0,0,0,0,6,80,-19.48135449970141,0.24351693124626764,0.01674327254295349,0.002281782915815711,1.0,1.0
stochastic_sweep,augmented_action,Augmented (+action buffer),"(0,0)",0.0,0,0,0,0,0,7,80,-19.050674572587013,0.23813343215733768,0.010873651131987572,0.002897180849686265,1.0,1.0
stochastic_sweep,augmented_action,Augmented (+action buffer),"(0,0)",0.0,0,0,0,0,0,8,80,-18.911931247916073,0.2363991405989509,0.018023846670985222,0.00259710056707263,1.0,1.0
stochastic_sweep,augmented_action,Augmented (+action buffer),"(0,0)",0.0,0,0,0,0,0,9,80,-20.718461647978984,0.2589807705997373,0.007616514340043068,0.0014284393982961774,1.0,1.0
stochastic_sweep,augmented_action,Augmented (+action buffer),"(0,0)",0.0,0,0,0,0,1,0,80,-19.27095152239781,0.2408868940299726,0.009890259243547916,0.0014725070213899016,1.0,1.0
stochastic_sweep,augmented_action,Augmented (+action buffer),"(0,0)",0.0,0,0,0,0,1,1,80,-20.401934865047224,0.2550241858130903,0.014887120574712753,0.001403933740220964,1.0,1.0
stochastic_sweep,augmented_action,Augmented (+action buffer),"(0,0)",0.0,0,0,0,0,1,2,80,-24.643380064400844,0.3080422508050106,0.0017815183382481337,0.0008348667761310935,1.0,1.0
stochastic_sweep,augmented_action,Augmented (+action buffer),"(0,0)",0.0,0,0,0,0,1,3,80,-22.61843111901544,0.282730388987693,0.004910480231046677,0.001269541447982192,1.0,1.0
stochastic_sweep,augmented_action,Augmented (+action buffer),"(0,0)",0.0,0,0,0,0,1,4,80,-19.667912787248497,0.2458489098406062,0.006108379922807217,0.00021492871746886522,1.0,1.0
stochastic_sweep,augmented_action,Augmented (+action buffer),"(0,0)",0.0,0,0,0,0,1,5,80,-19.48135449970141,0.24351693124626764,0.01674327254295349,0.002281782915815711,1.0,1.0
stochastic_sweep,augmented_action,Augmented (+action buffer),"(0,0)",0.0,0,0,0,0,1,6,80,-19.050674572587013,0.23813343215733768,0.010873651131987572,0.002897180849686265,1.0,1.0
stochastic_sweep,augmented_action,Augmented (+action buffer),"(0,0)",0.0,0,0,0,0,1,7,80,-18.911931247916073,0.2363991405989509,0.018023846670985222,0.00259710056707263,1.0,1.0
stochastic_sweep,augmented_action,Augmented (+action buffer),"(0,0)",0.0,0,0,0,0,1,8,80,-20.718461647978984,0.2589807705997373,0.007616514340043068,0.0014284393982961774,1.0,1.0
stochastic_sweep,augmented_action,Augmented (+action buffer),"(0,0)",0.0,0,0,0,0,1,9,80,-21.627953108400106,0.27034941385500133,0.013611036352813244,0.0004286800976842642,1.0,1.0
stochastic_sweep,augmented_action,Augmented (+action buffer),"(0,0)",0.0,0,0,0,0,2,0,80,-20.401934865047224,0.2550241858130903,0.014887120574712753,0.001403933740220964,1.0,1.0
stochastic_sweep,augmented_action,Augmented (+action buffer),"(0,0)",0.0,0,0,0,0,2,1,80,-24.643380064400844,0.3080422508050106,0.0017815183382481337,0.0008348667761310935,1.0,1.0
stochastic_sweep,augmented_action,Augmented (+action buffer),"(0,0)",0.0,0,0,0,0,2,2,80,-22.61843111901544,0.282730388987693,0.004910480231046677,0.001269541447982192,1.0,1.0
stochastic_sweep,augmented_action,Augmented (+action buffer),"(0,0)",0.0,0,0,0,0,2,3,80,-19.667912787248497,0.2458489098406062,0.006108379922807217,0.00021492871746886522,1.0,1.0
stochastic_sweep,augmented_action,Augmented (+action buffer),"(0,0)",0.0,0,0,0,0,2,4,80,-19.48135449970141,0.24351693124626764,0.01674327254295349,0.002281782915815711,1.0,1.0
stochastic_sweep,augmented_action,Augmented (+action buffer),"(0,0)",0.0,0,0,0,0,2,5,80,-19.050674572587013,0.23813343215733768,0.010873651131987572,0.002897180849686265,1.0,1.0
stochastic_sweep,augmented_action,Augmented (+action buffer),"(0,0)",0.0,0,0,0,0,2,6,80,-18.911931247916073,0.2363991405989509,0.018023846670985222,0.00259710056707263,1.0,1.0
stochastic_sweep,augmented_action,Augmented (+action buffer),"(0,0)",0.0,0,0,0,0,2,7,80,-20.718461647978984,0.2589807705997373,0.007616514340043068,0.0014284393982961774,1.0,1.0
stochastic_sweep,augmented_action,Augmented (+action buffer),"(0,0)",0.0,0,0,0,0,2,8,80,-21.627953108400106,0.27034941385500133,0.013611036352813244,0.0004286800976842642,1.0,1.0
stochastic_sweep,augmented_action,Augmented (+action buffer),"(0,0)",0.0,0,0,0,0,2,9,80,-24.59678291657474,0.30745978645718425,0.015834709629416466,0.0017110261833295226,1.0,1.0
stochastic_sweep,augmented_action,Augmented (+action buffer),"(0,0)",0.0,0,0,0,0,3,0,80,-24.643380064400844,0.3080422508050106,0.0017815183382481337,0.0008348667761310935,1.0,1.0
stochastic_sweep,augmented_action,Augmented (+action buffer),"(0,0)",0.0,0,0,0,0,3,1,80,-22.61843111901544,0.282730388987693,0.004910480231046677,0.001269541447982192,1.0,1.0
stochastic_sweep,augmented_action,Augmented (+action buffer),"(0,0)",0.0,0,0,0,0,3,2,80,-19.667912787248497,0.2458489098406062,0.006108379922807217,0.00021492871746886522,1.0,1.0
stochastic_sweep,augmented_action,Augmented (+action buffer),"(0,0)",0.0,0,0,0,0,3,3,80,-19.48135449970141,0.24351693124626764,0.01674327254295349,0.002281782915815711,1.0,1.0
stochastic_sweep,augmented_action,Augmented (+action buffer),"(0,0)",0.0,0,0,0,0,3,4,80,-19.050674572587013,0.23813343215733768,0.010873651131987572,0.002897180849686265,1.0,1.0
stochastic_sweep,augmented_action,Augmented (+action buffer),"(0,0)",0.0,0,0,0,0,3,5,80,-18.911931247916073,0.2363991405989509,0.018023846670985222,0.00259710056707263,1.0,1.0
stochastic_sweep,augmented_action,Augmented (+action buffer),"(0,0)",0.0,0,0,0,0,3,6,80,-20.718461647978984,0.2589807705997373,0.007616514340043068,0.0014284393982961774,1.0,1.0
stochastic_sweep,augmented_action,Augmented (+action buffer),"(0,0)",0.0,0,0,0,0,3,7,80,-21.627953108400106,0.27034941385500133,0.013611036352813244,0.0004286800976842642,1.0,1.0
stochastic_sweep,augmented_action,Augmented (+action buffer),"(0,0)",0.0,0,0,0,0,3,8,80,-24.59678291657474,0.30745978645718425,0.015834709629416466,0.0017110261833295226,1.0,1.0
stochastic_sweep,augmented_action,Augmented (+action buffer),"(0,0)",0.0,0,0,0,0,3,9,80,-22.881379126221873,0.28601723907777343,0.010881064459681511,0.0011702042538672686,1.0,1.0
stochastic_sweep,augmented_action,Augmented (+action buffer),"(0,0)",0.0,0,0,0,0,4,0,80,-22.61843111901544,0.282730388987693,0.004910480231046677,0.001269541447982192,1.0,1.0
stochastic_sweep,augmented_action,Augmented (+action buffer),"(0,0)",0.0,0,0,0,0,4,1,80,-19.667912787248497,0.2458489098406062,0.006108379922807217,0.00021492871746886522,1.0,1.0
stochastic_sweep,augmented_action,Augmented (+action buffer),"(0,0)",0.0,0,0,0,0,4,2,80,-19.48135449970141,0.24351693124626764,0.01674327254295349,0.002281782915815711,1.0,1.0
stochastic_sweep,augmented_action,Augmented (+action buffer),"(0,0)",0.0,0,0,0,0,4,3,80,-19.050674572587013,0.23813343215733768,0.010873651131987572,0.002897180849686265,1.0,1.0
stochastic_sweep,augmented_action,Augmented (+action buffer),"(0,0)",0.0,0,0,0,0,4,4,80,-18.911931247916073,0.2363991405989509,0.018023846670985222,0.00259710056707263,1.0,1.0
stochastic_sweep,augmented_action,Augmented (+action buffer),"(0,0)",0.0,0,0,0,0,4,5,80,-20.718461647978984,0.2589807705997373,0.007616514340043068,0.0014284393982961774,1.0,1.0
stochastic_sweep,augmented_action,Augmented (+action buffer),"(0,0)",0.0,0,0,0,0,4,6,80,-21.627953108400106,0.27034941385500133,0.013611036352813244,0.0004286800976842642,1.0,1.0
stochastic_sweep,augmented_action,Augmented (+action buffer),"(0,0)",0.0,0,0,0,0,4,7,80,-24.59678291657474,0.30745978645718425,0.015834709629416466,0.0017110261833295226,1.0,1.0
stochastic_sweep,augmented_action,Augmented (+action buffer),"(0,0)",0.0,0,0,0,0,4,8,80,-22.881379126221873,0.28601723907777343,0.010881064459681511,0.0011702042538672686,1.0,1.0
stochastic_sweep,augmented_action,Augmented (+action buffer),"(0,0)",0.0,0,0,0,0,4,9,80,-19.467613415035885,0.24334516768794856,0.01089484989643097,0.0005523126455955207,1.0,1.0
stochastic_sweep,augmented_action_delay,Augmented (+action buffer + delay values),"(0,0)",0.0,0,0,0,0,0,0,80,-23.16090564476326,0.28951132055954076,0.014200827106833458,0.0013454458676278591,1.0,1.0
stochastic_sweep,augmented_action_delay,Augmented (+action buffer + delay values),"(0,0)",0.0,0,0,0,0,0,1,80,-19.27095152239781,0.2408868940299726,0.009890259243547916,0.0014725070213899016,1.0,1.0
stochastic_sweep,augmented_action_delay,Augmented (+action buffer + delay values),"(0,0)",0.0,0,0,0,0,0,2,80,-20.401934865047224,0.2550241858130903,0.014887120574712753,0.001403933740220964,1.0,1.0
stochastic_sweep,augmented_action_delay,Augmented (+action buffer + delay values),"(0,0)",0.0,0,0,0,0,0,3,80,-24.643380064400844,0.3080422508050106,0.0017815183382481337,0.0008348667761310935,1.0,1.0
stochastic_sweep,augmented_action_delay,Augmented (+action buffer + delay values),"(0,0)",0.0,0,0,0,0,0,4,80,-22.61843111901544,0.282730388987693,0.004910480231046677,0.001269541447982192,1.0,1.0
stochastic_sweep,augmented_action_delay,Augmented (+action buffer + delay values),"(0,0)",0.0,0,0,0,0,0,5,80,-19.667912787248497,0.2458489098406062,0.006108379922807217,0.00021492871746886522,1.0,1.0
stochastic_sweep,augmented_action_delay,Augmented (+action buffer + delay values),"(0,0)",0.0,0,0,0,0,0,6,80,-19.48135449970141,0.24351693124626764,0.01674327254295349,0.002281782915815711,1.0,1.0
stochastic_sweep,augmented_action_delay,Augmented (+action buffer + delay values),"(0,0)",0.0,0,0,0,0,0,7,80,-19.050674572587013,0.23813343215733768,0.010873651131987572,0.002897180849686265,1.0,1.0
stochastic_sweep,augmented_action_delay,Augmented (+action buffer + delay values),"(0,0)",0.0,0,0,0,0,0,8,80,-18.911931247916073,0.2363991405989509,0.018023846670985222,0.00259710056707263,1.0,1.0
stochastic_sweep,augmented_action_delay,Augmented (+action buffer + delay values),"(0,0)",0.0,0,0,0,0,0,9,80,-20.718461647978984,0.2589807705997373,0.007616514340043068,0.0014284393982961774,1.0,1.0
stochastic_sweep,augmented_action_delay,Augmented (+action buffer + delay values),"(0,0)",0.0,0,0,0,0,1,0,80,-19.27095152239781,0.2408868940299726,0.009890259243547916,0.0014725070213899016,1.0,1.0
stochastic_sweep,augmented_action_delay,Augmented (+action buffer + delay values),"(0,0)",0.0,0,0,0,0,1,1,80,-20.401934865047224,0.2550241858130903,0.014887120574712753,0.001403933740220964,1.0,1.0
stochastic_sweep,augmented_action_delay,Augmented (+action buffer + delay values),"(0,0)",0.0,0,0,0,0,1,2,80,-24.643380064400844,0.3080422508050106,0.0017815183382481337,0.0008348667761310935,1.0,1.0
stochastic_sweep,augmented_action_delay,Augmented (+action buffer + delay values),"(0,0)",0.0,0,0,0,0,1,3,80,-22.61843111901544,0.282730388987693,0.004910480231046677,0.001269541447982192,1.0,1.0
stochastic_sweep,augmented_action_delay,Augmented (+action buffer + delay values),"(0,0)",0.0,0,0,0,0,1,4,80,-19.667912787248497,0.2458489098406062,0.006108379922807217,0.00021492871746886522,1.0,1.0
stochastic_sweep,augmented_action_delay,Augmented (+action buffer + delay values),"(0,0)",0.0,0,0,0,0,1,5,80,-19.48135449970141,0.24351693124626764,0.01674327254295349,0.002281782915815711,1.0,1.0
stochastic_sweep,augmented_action_delay,Augmented (+action buffer + delay values),"(0,0)",0.0,0,0,0,0,1,6,80,-19.050674572587013,0.23813343215733768,0.010873651131987572,0.002897180849686265,1.0,1.0
stochastic_sweep,augmented_action_delay,Augmented (+action buffer + delay values),"(0,0)",0.0,0,0,0,0,1,7,80,-18.911931247916073,0.2363991405989509,0.018023846670985222,0.00259710056707263,1.0,1.0
stochastic_sweep,augmented_action_delay,Augmented (+action buffer + delay values),"(0,0)",0.0,0,0,0,0,1,8,80,-20.718461647978984,0.2589807705997373,0.007616514340043068,0.0014284393982961774,1.0,1.0
stochastic_sweep,augmented_action_delay,Augmented (+action buffer + delay values),"(0,0)",0.0,0,0,0,0,1,9,80,-21.627953108400106,0.27034941385500133,0.013611036352813244,0.0004286800976842642,1.0,1.0
stochastic_sweep,augmented_action_delay,Augmented (+action buffer + delay values),"(0,0)",0.0,0,0,0,0,2,0,80,-20.401934865047224,0.2550241858130903,0.014887120574712753,0.001403933740220964,1.0,1.0
stochastic_sweep,augmented_action_delay,Augmented (+action buffer + delay values),"(0,0)",0.0,0,0,0,0,2,1,80,-24.643380064400844,0.3080422508050106,0.0017815183382481337,0.0008348667761310935,1.0,1.0
stochastic_sweep,augmented_action_delay,Augmented (+action buffer + delay values),"(0,0)",0.0,0,0,0,0,2,2,80,-22.61843111901544,0.282730388987693,0.004910480231046677,0.001269541447982192,1.0,1.0
stochastic_sweep,augmented_action_delay,Augmented (+action buffer + delay values),"(0,0)",0.0,0,0,0,0,2,3,80,-19.667912787248497,0.2458489098406062,0.006108379922807217,0.00021492871746886522,1.0,1.0
stochastic_sweep,augmented_action_delay,Augmented (+action buffer + delay values),"(0,0)",0.0,0,0,0,0,2,4,80,-19.48135449970141,0.24351693124626764,0.01674327254295349,0.002281782915815711,1.0,1.0
stochastic_sweep,augmented_action_delay,Augmented (+action buffer + delay values),"(0,0)",0.0,0,0,0,0,2,5,80,-19.050674572587013,0.23813343215733768,0.010873651131987572,0.002897180849686265,1.0,1.0
stochastic_sweep,augmented_action_delay,Augmented (+action buffer + delay values),"(0,0)",0.0,0,0,0,0,2,6,80,-18.911931247916073,0.2363991405989509,0.018023846670985222,0.00259710056707263,1.0,1.0
stochastic_sweep,augmented_action_delay,Augmented (+action buffer + delay values),"(0,0)",0.0,0,0,0,0,2,7,80,-20.718461647978984,0.2589807705997373,0.007616514340043068,0.0014284393982961774,1.0,1.0
stochastic_sweep,augmented_action_delay,Augmented (+action buffer + delay values),"(0,0)",0.0,0,0,0,0,2,8,80,-21.627953108400106,0.27034941385500133,0.013611036352813244,0.0004286800976842642,1.0,1.0
stochastic_sweep,augmented_action_delay,Augmented (+action buffer + delay values),"(0,0)",0.0,0,0,0,0,2,9,80,-24.59678291657474,0.30745978645718425,0.015834709629416466,0.0017110261833295226,1.0,1.0
stochastic_sweep,augmented_action_delay,Augmented (+action buffer + delay values),"(0,0)",0.0,0,0,0,0,3,0,80,-24.643380064400844,0.3080422508050106,0.0017815183382481337,0.0008348667761310935,1.0,1.0
stochastic_sweep,augmented_action_delay,Augmented (+action buffer + delay values),"(0,0)",0.0,0,0,0,0,3,1,80,-22.61843111901544,0.282730388987693,0.004910480231046677,0.001269541447982192,1.0,1.0
stochastic_sweep,augmented_action_delay,Augmented (+action buffer + delay values),"(0,0)",0.0,0,0,0,0,3,2,80,-19.667912787248497,0.2458489098406062,0.006108379922807217,0.00021492871746886522,1.0,1.0
stochastic_sweep,augmented_action_delay,Augmented (+action buffer + delay values),"(0,0)",0.0,0,0,0,0,3,3,80,-19.48135449970141,0.24351693124626764,0.01674327254295349,0.002281782915815711,1.0,1.0
stochastic_sweep,augmented_action_delay,Augmented (+action buffer + delay values),"(0,0)",0.0,0,0,0,0,3,4,80,-19.050674572587013,0.23813343215733768,0.010873651131987572,0.002897180849686265,1.0,1.0
stochastic_sweep,augmented_action_delay,Augmented (+action buffer + delay values),"(0,0)",0.0,0,0,0,0,3,5,80,-18.911931247916073,0.2363991405989509,0.018023846670985222,0.00259710056707263,1.0,1.0
stochastic_sweep,augmented_action_delay,Augmented (+action buffer + delay values),"(0,0)",0.0,0,0,0,0,3,6,80,-20.718461647978984,0.2589807705997373,0.007616514340043068,0.0014284393982961774,1.0,1.0
stochastic_sweep,augmented_action_delay,Augmented (+action buffer + delay values),"(0,0)",0.0,0,0,0,0,3,7,80,-21.627953108400106,0.27034941385500133,0.013611036352813244,0.0004286800976842642,1.0,1.0
stochastic_sweep,augmented_action_delay,Augmented (+action buffer + delay values),"(0,0)",0.0,0,0,0,0,3,8,80,-24.59678291657474,0.30745978645718425,0.015834709629416466,0.0017110261833295226,1.0,1.0
stochastic_sweep,augmented_action_delay,Augmented (+action buffer + delay values),"(0,0)",0.0,0,0,0,0,3,9,80,-22.881379126221873,0.28601723907777343,0.010881064459681511,0.0011702042538672686,1.0,1.0
stochastic_sweep,augmented_action_delay,Augmented (+action buffer + delay values),"(0,0)",0.0,0,0,0,0,4,0,80,-22.61843111901544,0.282730388987693,0.004910480231046677,0.001269541447982192,1.0,1.0
stochastic_sweep,augmented_action_delay,Augmented (+action buffer + delay values),"(0,0)",0.0,0,0,0,0,4,1,80,-19.667912787248497,0.2458489098406062,0.006108379922807217,0.00021492871746886522,1.0,1.0
stochastic_sweep,augmented_action_delay,Augmented (+action buffer + delay values),"(0,0)",0.0,0,0,0,0,4,2,80,-19.48135449970141,0.24351693124626764,0.01674327254295349,0.002281782915815711,1.0,1.0
stochastic_sweep,augmented_action_delay,Augmented (+action buffer + delay values),"(0,0)",0.0,0,0,0,0,4,3,80,-19.050674572587013,0.23813343215733768,0.010873651131987572,0.002897180849686265,1.0,1.0
stochastic_sweep,augmented_action_delay,Augmented (+action buffer + delay values),"(0,0)",0.0,0,0,0,0,4,4,80,-18.911931247916073,0.2363991405989509,0.018023846670985222,0.00259710056707263,1.0,1.0
stochastic_sweep,augmented_action_delay,Augmented (+action buffer + delay values),"(0,0)",0.0,0,0,0,0,4,5,80,-20.718461647978984,0.2589807705997373,0.007616514340043068,0.0014284393982961774,1.0,1.0
stochastic_sweep,augmented_action_delay,Augmented (+action buffer + delay values),"(0,0)",0.0,0,0,0,0,4,6,80,-21.627953108400106,0.27034941385500133,0.013611036352813244,0.0004286800976842642,1.0,1.0
stochastic_sweep,augmented_action_delay,Augmented (+action buffer + delay values),"(0,0)",0.0,0,0,0,0,4,7,80,-24.59678291657474,0.30745978645718425,0.015834709629416466,0.0017110261833295226,1.0,1.0
stochastic_sweep,augmented_action_delay,Augmented (+action buffer + delay values),"(0,0)",0.0,0,0,0,0,4,8,80,-22.881379126221873,0.28601723907777343,0.010881064459681511,0.0011702042538672686,1.0,1.0
stochastic_sweep,augmented_action_delay,Augmented (+action buffer + delay values),"(0,0)",0.0,0,0,0,0,4,9,80,-19.467613415035885,0.24334516768794856,0.01089484989643097,0.0005523126455955207,1.0,1.0
stochastic_sweep,unseen,Unseen delay,"(0,0-5)",5.0,0,0,0,5,0,0,82,-25.324747429345734,0.3095436206714977,0.028914732858538628,0.001536994124762714,1.0,1.0
stochastic_sweep,unseen,Unseen delay,"(0,0-5)",5.0,0,0,0,5,0,1,80,-21.328662114217877,0.26660827642772345,0.013484466820955276,0.0013960821088403463,1.0,1.0
stochastic_sweep,unseen,Unseen delay,"(0,0-5)",5.0,0,0,0,5,0,2,81,-24.10548106278293,0.297880004019258,0.022799262776970863,0.0037280155811458826,1.0,1.0
stochastic_sweep,unseen,Unseen delay,"(0,0-5)",5.0,0,0,0,5,0,3,83,-26.636015014955774,0.3211086215535515,0.005333524663001299,0.0031359796412289143,1.0,1.0
stochastic_sweep,unseen,Unseen delay,"(0,0-5)",5.0,0,0,0,5,0,4,80,-24.609944405732676,0.30762430507165844,0.00733985286206007,0.0024733685422688723,1.0,1.0
stochastic_sweep,unseen,Unseen delay,"(0,0-5)",5.0,0,0,0,5,0,5,81,-20.116836572997272,0.24854640070532943,0.015421884134411812,0.00200490839779377,1.0,1.0
stochastic_sweep,unseen,Unseen delay,"(0,0-5)",5.0,0,0,0,5,0,6,81,-21.387632238445804,0.26427381748713,0.018546978011727333,0.001273424131795764,1.0,1.0
stochastic_sweep,unseen,Unseen delay,"(0,0-5)",5.0,0,0,0,5,0,7,81,-21.442793437745422,0.26486867303488615,0.011569078080356121,0.002684133592993021,1.0,1.0
stochastic_sweep,unseen,Unseen delay,"(0,0-5)",5.0,0,0,0,5,0,8,84,-21.071275527356192,0.25197026872774586,0.02355676144361496,0.0024657819885760546,1.0,1.0
stochastic_sweep,unseen,Unseen delay,"(0,0-5)",5.0,0,0,0,5,0,9,82,-21.480919880210422,0.26216041484546687,0.00811706855893135,0.0014810842694714665,1.0,1.0
stochastic_sweep,unseen,Unseen delay,"(0,0-5)",5.0,0,0,0,5,1,0,83,-20.443802034831606,0.24665463747630592,0.009510958567261696,0.0018434632802382112,1.0,1.0
stochastic_sweep,unseen,Unseen delay,"(0,0-5)",5.0,0,0,0,5,1,1,81,-21.021800888469443,0.25999161856030517,0.037520214915275574,0.0013297908008098602,1.0,1.0
stochastic_sweep,unseen,Unseen delay,"(0,0-5)",5.0,0,0,0,5,1,2,83,-26.121489381417632,0.31495046431019186,0.006466385442763567,0.003207322908565402,1.0,1.0
stochastic_sweep,unseen,Unseen delay,"(0,0-5)",5.0,0,0,0,5,1,3,81,-23.065650209784508,0.2848990146461644,0.011169976554811,0.003892824985086918,1.0,1.0
stochastic_sweep,unseen,Unseen delay,"(0,0-5)",5.0,0,0,0,5,1,4,81,-19.93169586150907,0.24630100144084865,0.01868525519967079,0.0023148655891418457,1.0,1.0
stochastic_sweep,unseen,Unseen delay,"(0,0-5)",5.0,0,0,0,5,1,5,85,-21.042836745502427,0.24862444925888935,0.01804828830063343,0.0033383911941200495,1.0,1.0
stochastic_sweep,unseen,Unseen delay,"(0,0-5)",5.0,0,0,0,5,1,6,81,-20.580921595799737,0.2542663968073342,0.014656545594334602,0.0015118663432076573,1.0,1.0
stochastic_sweep,unseen,Unseen delay,"(0,0-5)",5.0,0,0,0,5,1,7,84,-19.782469627913088,0.23713859504953558,0.03429308906197548,0.004447488114237785,1.0,1.0
stochastic_sweep,unseen,Unseen delay,"(0,0-5)",5.0,0,0,0,5,1,8,82,-21.44729847437702,0.2617973030584569,0.01004018820822239,0.003084263065829873,1.0,1.0
stochastic_sweep,unseen,Unseen delay,"(0,0-5)",5.0,0,0,0,5,1,9,81,-24.09965715999715,0.2977851303495513,0.02093839831650257,0.0025989108253270388,1.0,1.0
stochastic_sweep,unseen,Unseen delay,"(0,0-5)",5.0,0,0,0,5,2,0,84,-21.709659475600347,0.2593586662579106,0.019117122516036034,0.0029479442164301872,1.0,1.0
stochastic_sweep,unseen,Unseen delay,"(0,0-5)",5.0,0,0,0,5,2,1,83,-25.532943212077953,0.30778789485058555,0.004484020173549652,0.0012585710501298308,1.0,1.0
stochastic_sweep,unseen,Unseen delay,"(0,0-5)",5.0,0,0,0,5,2,2,82,-23.55530498479493,0.28751686675667126,0.010539044626057148,0.0037532777059823275,1.0,1.0
stochastic_sweep,unseen,Unseen delay,"(0,0-5)",5.0,0,0,0,5,2,3,81,-20.410718644969165,0.25242990212813937,0.03610342741012573,0.0022261629346758127,1.0,1.0
stochastic_sweep,unseen,Unseen delay,"(0,0-5)",5.0,0,0,0,5,2,4,81,-19.896599660394713,0.2458393529695631,0.016387930139899254,0.0021270429715514183,1.0,1.0
stochastic_sweep,unseen,Unseen delay,"(0,0-5)",5.0,0,0,0,5,2,5,82,-20.05599559203256,0.24483989350775984,0.010437837801873684,0.0010058883344754577,1.0,1.0
stochastic_sweep,unseen,Unseen delay,"(0,0-5)",5.0,0,0,0,5,2,6,81,-19.964601256069727,0.24679880253654432,0.026101749390363693,0.001274876412935555,1.0,1.0
stochastic_sweep,unseen,Unseen delay,"(0,0-5)",5.0,0,0,0,5,2,7,82,-21.98540823115036,0.2684460677967475,0.013584664091467857,0.0013293956872075796,1.0,1.0
stochastic_sweep,unseen,Unseen delay,"(0,0-5)",5.0,0,0,0,5,2,8,82,-23.38312619761564,0.28568449282802916,0.02150110714137554,0.002630882663652301,1.0,1.0
stochastic_sweep,unseen,Unseen delay,"(0,0-5)",5.0,0,0,0,5,2,9,81,-25.714216235326603,0.3177442309808814,0.023066474124789238,0.0033879298716783524,1.0,1.0
stochastic_sweep,unseen,Unseen delay,"(0,0-5)",5.0,0,0,0,5,3,0,84,-26.121225986629725,0.3111815633961842,0.004506334662437439,0.003979191649705172,1.0,1.0
stochastic_sweep,unseen,Unseen delay,"(0,0-5)",5.0,0,0,0,5,3,1,83,-25.278366894926876,0.3048445693531399,0.007910787127912045,0.0039672767743468285,1.0,1.0
stochastic_sweep,unseen,Unseen delay,"(0,0-5)",5.0,0,0,0,5,3,2,82,-20.11541859328281,0.2455553799603566,0.010061281733214855,0.0009195493767037988,1.0,1.0
stochastic_sweep,unseen,Unseen delay,"(0,0-5)",5.0,0,0,0,5,3,3,80,-20.424596798839048,0.2553074599854881,0.01931348256766796,0.0022842620965093374,1.0,1.0
stochastic_sweep,unseen,Unseen delay,"(0,0-5)",5.0,0,0,0,5,3,4,80,-19.413676165044308,0.24267095206305384,0.00939349178224802,0.0021846024319529533,1.0,1.0
stochastic_sweep,unseen,Unseen delay,"(0,0-5)",5.0,0,0,0,5,3,5,82,-19.796935891732574,0.24197623885531977,0.022557847201824188,0.005060452036559582,1.0,1.0
stochastic_sweep,unseen,Unseen delay,"(0,0-5)",5.0,0,0,0,5,3,6,80,-21.423652741592377,0.26779565926990473,0.016177283599972725,0.00202874094247818,1.0,1.0
stochastic_sweep,unseen,Unseen delay,"(0,0-5)",5.0,0,0,0,5,3,7,80,-23.824615238700062,0.2978076904837508,0.028715752065181732,0.0043125273659825325,1.0,1.0
stochastic_sweep,unseen,Unseen delay,"(0,0-5)",5.0,0,0,0,5,3,8,82,-26.310694854473695,0.32136299465385426,0.02053535357117653,0.003041820367798209,1.0,1.0
stochastic_sweep,unseen,Unseen delay,"(0,0-5)",5.0,0,0,0,5,3,9,80,-24.369522324297577,0.30461902905371974,0.009753973223268986,0.004603314679116011,1.0,1.0
stochastic_sweep,unseen,Unseen delay,"(0,0-5)",5.0,0,0,0,5,4,0,83,-26.20625827042386,0.316104984309255,0.010151809081435204,0.003513492178171873,1.0,1.0
stochastic_sweep,unseen,Unseen delay,"(0,0-5)",5.0,0,0,0,5,4,1,81,-22.74827028089203,0.2810127397705973,0.013761640526354313,0.002353732706978917,1.0,1.0
stochastic_sweep,unseen,Unseen delay,"(0,0-5)",5.0,0,0,0,5,4,2,84,-21.536943710409105,0.2572270769160241,0.01753268763422966,0.0024250445421785116,1.0,1.0
stochastic_sweep,unseen,Unseen delay,"(0,0-5)",5.0,0,0,0,5,4,3,84,-20.23953597713262,0.2415444319291661,0.012549076229333878,0.002414937363937497,1.0,1.0
stochastic_sweep,unseen,Unseen delay,"(0,0-5)",5.0,0,0,0,5,4,4,82,-19.68181433225982,0.24048934514327655,0.01915598474442959,0.00195863819681108,1.0,1.0
stochastic_sweep,unseen,Unseen delay,"(0,0-5)",5.0,0,0,0,5,4,5,83,-21.956279370293487,0.2646756201557512,0.003932367544621229,0.0007915788446553051,1.0,1.0
stochastic_sweep,unseen,Unseen delay,"(0,0-5)",5.0,0,0,0,5,4,6,82,-22.879472748958506,0.2796199139301302,0.02468009665608406,0.0016443791100755334,1.0,1.0
stochastic_sweep,unseen,Unseen delay,"(0,0-5)",5.0,0,0,0,5,4,7,81,-27.234285740181804,0.33656222253669926,0.027254285290837288,0.003316634800285101,1.0,1.0
stochastic_sweep,unseen,Unseen delay,"(0,0-5)",5.0,0,0,0,5,4,8,82,-25.360284654656425,0.3094302321153852,0.006497189402580261,0.0037134962622076273,1.0,1.0
stochastic_sweep,unseen,Unseen delay,"(0,0-5)",5.0,0,0,0,5,4,9,81,-25.094357698690146,0.3099334812953056,0.010254286229610443,0.002272715326398611,1.0,1.0
stochastic_sweep,augmented_action,Augmented (+action buffer),"(0,0-5)",5.0,0,0,0,5,0,0,82,-23.812554066767916,0.2909717888929086,0.023566311225295067,0.0036022940184921026,1.0,1.0
stochastic_sweep,augmented_action,Augmented (+action buffer),"(0,0-5)",5.0,0,0,0,5,0,1,80,-19.575253736431478,0.24469067170539346,0.015911627560853958,0.0003950332466047257,1.0,1.0
stochastic_sweep,augmented_action,Augmented (+action buffer),"(0,0-5)",5.0,0,0,0,5,0,2,81,-21.037596769980155,0.2599425180915766,0.017747195437550545,0.0013620122335851192,1.0,1.0
stochastic_sweep,augmented_action,Augmented (+action buffer),"(0,0-5)",5.0,0,0,0,5,0,3,83,-25.33218798285816,0.30543030466441157,0.006175768095999956,0.001888289931230247,1.0,1.0
stochastic_sweep,augmented_action,Augmented (+action buffer),"(0,0-5)",5.0,0,0,0,5,0,4,80,-23.26857977313921,0.2908572471642401,0.0055564953945577145,0.00200609746389091,1.0,1.0
stochastic_sweep,augmented_action,Augmented (+action buffer),"(0,0-5)",5.0,0,0,0,5,0,5,81,-20.427093253761996,0.2523408518151242,0.012515743263065815,0.0008790776482783258,1.0,1.0
stochastic_sweep,augmented_action,Augmented (+action buffer),"(0,0-5)",5.0,0,0,0,5,0,6,81,-20.06687195878476,0.2479712620584501,0.018800267949700356,0.0005735899321734905,1.0,1.0
stochastic_sweep,augmented_action,Augmented (+action buffer),"(0,0-5)",5.0,0,0,0,5,0,7,81,-19.719154818623792,0.2436549466780249,0.01689586229622364,0.00031530362321063876,1.0,1.0
stochastic_sweep,augmented_action,Augmented (+action buffer),"(0,0-5)",5.0,0,0,0,5,0,8,84,-19.671741226920858,0.23531053182280934,0.023585861548781395,0.0026195684913545847,1.0,1.0
stochastic_sweep,augmented_action,Augmented (+action buffer),"(0,0-5)",5.0,0,0,0,5,0,9,82,-21.245079340878874,0.2593498640727797,0.010804756544530392,0.004100798163563013,1.0,1.0
stochastic_sweep,augmented_action,Augmented (+action buffer),"(0,0-5)",5.0,0,0,0,5,1,0,83,-19.574951357906684,0.23637222931495902,0.014647891744971275,0.001014817738905549,1.0,1.0
stochastic_sweep,augmented_action,Augmented (+action buffer),"(0,0-5)",5.0,0,0,0,5,1,1,81,-21.084417077479884,0.2606175008005704,0.025600487366318703,0.0019258405081927776,1.0,1.0
stochastic_sweep,augmented_action,Augmented (+action buffer),"(0,0-5)",5.0,0,0,0,5,1,2,83,-25.00001410092227,0.3014663756707212,0.007231693249195814,0.000993602443486452,1.0,1.0
stochastic_sweep,augmented_action,Augmented (+action buffer),"(0,0-5)",5.0,0,0,0,5,1,3,81,-23.268127027258743,0.2873357257174822,0.00606675585731864,0.0006196337635628879,1.0,1.0
stochastic_sweep,augmented_action,Augmented (+action buffer),"(0,0-5)",5.0,0,0,0,5,1,4,81,-20.272443828405812,0.2504166161762206,0.011302081868052483,0.0027196460869163275,1.0,1.0
stochastic_sweep,augmented_action,Augmented (+action buffer),"(0,0-5)",5.0,0,0,0,5,1,5,85,-19.96762355417013,0.2359707951107446,0.017978806048631668,0.0026084566488862038,1.0,1.0
stochastic_sweep,augmented_action,Augmented (+action buffer),"(0,0-5)",5.0,0,0,0,5,1,6,81,-19.868699423386715,0.24548859836068004,0.015877043828368187,0.0015371805056929588,1.0,1.0
stochastic_sweep,augmented_action,Augmented (+action buffer),"(0,0-5)",5.0,0,0,0,5,1,7,84,-19.30155533819925,0.2311664963725932,0.02910758927464485,0.0010464141378179193,1.0,1.0
stochastic_sweep,augmented_action,Augmented (+action buffer),"(0,0-5)",5.0,0,0,0,5,1,8,82,-21.48697880061809,0.2623017382561002,0.010881868191063404,0.0010476979659870267,1.0,1.0
stochastic_sweep,augmented_action,Augmented (+action buffer),"(0,0-5)",5.0,0,0,0,5,1,9,81,-22.26390069257468,0.2750316233615632,0.013660799711942673,0.003051192034035921,1.0,1.0
stochastic_sweep,augmented_action,Augmented (+action buffer),"(0,0-5)",5.0,0,0,0,5,2,0,84,-20.89458357344847,0.24944726229018888,0.01474661473184824,0.0017157349502667785,1.0,1.0
stochastic_sweep,augmented_action,Augmented (+action buffer),"(0,0-5)",5.0,0,0,0,5,2,1,83,-25.214399323100224,0.30396530406650557,0.004906971473246813,0.0009810416959226131,1.0,1.0
stochastic_sweep,augmented_action,Augmented (+action buffer),"(0,0-5)",5.0,0,0,0,5,2,2,82,-22.886668025981635,0.2792970582604317,0.007845375686883926,0.002483054995536804,1.0,1.0
stochastic_sweep,augmented_action,Augmented (+action buffer),"(0,0-5)",5.0,0,0,0,5,2,3,81,-20.304242787184194,0.2509558553042833,0.02318149246275425,0.0014892257750034332,1.0,1.0
stochastic_sweep,augmented_action,Augmented (+action buffer),"(0,0-5)",5.0,0,0,0,5,2,4,81,-20.198713721198146,0.24961400470630996,0.020020660012960434,0.00021193032443989068,1.0,1.0
stochastic_sweep,augmented_action,Augmented (+action buffer),"(0,0-5)",5.0,0,0,0,5,2,5,82,-19.407380665303208,0.23704903076045078,0.015319928526878357,0.0013740787981078029,1.0,1.0
stochastic_sweep,augmented_action,Augmented (+action buffer),"(0,0-5)",5.0,0,0,0,5,2,6,81,-19.27900114050135,0.23831333773624566,0.024379216134548187,0.0021045661997050047,1.0,1.0
stochastic_sweep,augmented_action,Augmented (+action buffer),"(0,0-5)",5.0,0,0,0,5,2,7,82,-21.001836176496,0.2564266483219931,0.012574492953717709,0.0011642787139862776,1.0,1.0
stochastic_sweep,augmented_action,Augmented (+action buffer),"(0,0-5)",5.0,0,0,0,5,2,8,82,-22.100107194157317,0.2698596518446987,0.01419212855398655,0.003880374366417527,1.0,1.0
stochastic_sweep,augmented_action,Augmented (+action buffer),"(0,0-5)",5.0,0,0,0,5,2,9,81,-25.092161196749657,0.3100106029679286,0.018697643652558327,0.0013781709130853415,1.0,1.0
stochastic_sweep,augmented_action,Augmented (+action buffer),"(0,0-5)",5.0,0,0,0,5,3,0,84,-25.18830722058192,0.3001222172585715,0.005489757284522057,0.0021678954362869263,1.0,1.0
stochastic_sweep,augmented_action,Augmented (+action buffer),"(0,0-5)",5.0,0,0,0,5,3,1,83,-23.380042034375947,0.2819356953589167,0.0068735601380467415,0.0009735918720252812,1.0,1.0
stochastic_sweep,augmented_action,Augmented (+action buffer),"(0,0-5)",5.0,0,0,0,5,3,2,82,-19.998795811319724,0.24414315586057833,0.010471484623849392,0.002659932943060994,1.0,1.0
stochastic_sweep,augmented_action,Augmented (+action buffer),"(0,0-5)",5.0,0,0,0,5,3,3,80,-19.973668326623738,0.2496708540827967,0.018173309043049812,0.0017355254385620356,1.0,1.0
stochastic_sweep,augmented_action,Augmented (+action buffer),"(0,0-5)",5.0,0,0,0,5,3,4,80,-19.879612468299456,0.2484951558537432,0.016557859256863594,0.0015925209736451507,1.0,1.0
stochastic_sweep,augmented_action,Augmented (+action buffer),"(0,0-5)",5.0,0,0,0,5,3,5,82,-19.349925861461088,0.23655316938657495,0.023717014119029045,0.0027172632981091738,1.0,1.0
stochastic_sweep,augmented_action,Augmented (+action buffer),"(0,0-5)",5.0,0,0,0,5,3,6,80,-21.314200702821836,0.26642750878527294,0.014961432665586472,0.0002175972331315279,1.0,1.0
stochastic_sweep,augmented_action,Augmented (+action buffer),"(0,0-5)",5.0,0,0,0,5,3,7,80,-22.26777462568134,0.2783471828210168,0.014718166552484035,0.0027246715035289526,1.0,1.0
stochastic_sweep,augmented_action,Augmented (+action buffer),"(0,0-5)",5.0,0,0,0,5,3,8,82,-24.758166366722435,0.30236818956597367,0.01801258884370327,0.002296381862834096,1.0,1.0
stochastic_sweep,augmented_action,Augmented (+action buffer),"(0,0-5)",5.0,0,0,0,5,3,9,80,-23.324598186649382,0.29155747733311727,0.015588733367621899,0.002123781945556402,1.0,1.0
stochastic_sweep,augmented_action,Augmented (+action buffer),"(0,0-5)",5.0,0,0,0,5,4,0,83,-23.67261088406667,0.28551692647455507,0.008431337773799896,0.001542445970699191,1.0,1.0
stochastic_sweep,augmented_action,Augmented (+action buffer),"(0,0-5)",5.0,0,0,0,5,4,1,81,-20.826992631540634,0.25727055532955506,0.011922350153326988,0.0010570244630798697,1.0,1.0
stochastic_sweep,augmented_action,Augmented (+action buffer),"(0,0-5)",5.0,0,0,0,5,4,2,84,-20.1384737463668,0.2404630316000077,0.015105227008461952,0.0027267050463706255,1.0,1.0
stochastic_sweep,augmented_action,Augmented (+action buffer),"(0,0-5)",5.0,0,0,0,5,4,3,84,-19.409846873546485,0.23156220201538721,0.010344523936510086,0.0008609796059317887,1.0,1.0
stochastic_sweep,augmented_action,Augmented (+action buffer),"(0,0-5)",5.0,0,0,0,5,4,4,82,-19.90948805247899,0.24327847779949946,0.019673563539981842,0.001761736930347979,1.0,1.0
stochastic_sweep,augmented_action,Augmented (+action buffer),"(0,0-5)",5.0,0,0,0,5,4,5,83,-21.3700999985449,0.2577498147645629,0.007711542304605246,0.004637421574443579,1.0,1.0
stochastic_sweep,augmented_action,Augmented (+action buffer),"(0,0-5)",5.0,0,0,0,5,4,6,82,-21.967877198476344,0.26828868624118224,0.015897536650300026,0.0028053224086761475,1.0,1.0
stochastic_sweep,augmented_action,Augmented (+action buffer),"(0,0-5)",5.0,0,0,0,5,4,7,81,-24.98271219851449,0.30869889524362887,0.021898316219449043,0.0025001680478453636,1.0,1.0
stochastic_sweep,augmented_action,Augmented (+action buffer),"(0,0-5)",5.0,0,0,0,5,4,8,82,-23.23091453802772,0.2834696192436329,0.006797119975090027,0.0012913565151393414,1.0,1.0
stochastic_sweep,augmented_action,Augmented (+action buffer),"(0,0-5)",5.0,0,0,0,5,4,9,81,-21.082342186011374,0.26035438180199744,0.006362739950418472,0.0013856606092303991,1.0,1.0
stochastic_sweep,augmented_action_delay,Augmented (+action buffer + delay values),"(0,0-5)",5.0,0,0,0,5,0,0,82,-23.812985070282593,0.29093065058596707,0.02166413888335228,0.0034911150578409433,1.0,1.0
stochastic_sweep,augmented_action_delay,Augmented (+action buffer + delay values),"(0,0-5)",5.0,0,0,0,5,0,1,80,-19.931163489003666,0.2491395436125458,0.01626945100724697,0.00038699567085132003,1.0,1.0
stochastic_sweep,augmented_action_delay,Augmented (+action buffer + delay values),"(0,0-5)",5.0,0,0,0,5,0,2,81,-21.143475016462617,0.26124054510692524,0.017009137198328972,0.0009017804404720664,1.0,1.0
stochastic_sweep,augmented_action_delay,Augmented (+action buffer + delay values),"(0,0-5)",5.0,0,0,0,5,0,3,83,-25.4059354190249,0.30632645392465035,0.006386752240359783,0.0008647700306028128,1.0,1.0
stochastic_sweep,augmented_action_delay,Augmented (+action buffer + delay values),"(0,0-5)",5.0,0,0,0,5,0,4,80,-23.447744062752463,0.2930968007844058,0.005733806639909744,0.0018980418099090457,1.0,1.0
stochastic_sweep,augmented_action_delay,Augmented (+action buffer + delay values),"(0,0-5)",5.0,0,0,0,5,0,5,81,-20.445885092951357,0.2525763316424908,0.012797770090401173,0.0006774354260414839,1.0,1.0
stochastic_sweep,augmented_action_delay,Augmented (+action buffer + delay values),"(0,0-5)",5.0,0,0,0,5,0,6,81,-20.295765926362947,0.25079976205346116,0.01901479996740818,0.0030484276358038187,1.0,1.0
stochastic_sweep,augmented_action_delay,Augmented (+action buffer + delay values),"(0,0-5)",5.0,0,0,0,5,0,7,81,-19.80622907821089,0.2447118324768028,0.015429352410137653,0.0015979243908077478,1.0,1.0
stochastic_sweep,augmented_action_delay,Augmented (+action buffer + delay values),"(0,0-5)",5.0,0,0,0,5,0,8,84,-19.78779212711379,0.2367043069818811,0.02384241484105587,0.0017614823300391436,1.0,1.0
stochastic_sweep,augmented_action_delay,Augmented (+action buffer + delay values),"(0,0-5)",5.0,0,0,0,5,0,9,82,-21.47542896680534,0.262145702727139,0.010259328410029411,0.002240799367427826,1.0,1.0
stochastic_sweep,augmented_action_delay,Augmented (+action buffer + delay values),"(0,0-5)",5.0,0,0,0,5,1,0,83,-19.914673633291386,0.24056156472645207,0.017312079668045044,0.0012897877022624016,1.0,1.0
stochastic_sweep,augmented_action_delay,Augmented (+action buffer + delay values),"(0,0-5)",5.0,0,0,0,5,1,1,81,-20.98930349899456,0.25934678106281306,0.01778576709330082,0.001994991209357977,1.0,1.0
stochastic_sweep,augmented_action_delay,Augmented (+action buffer + delay values),"(0,0-5)",5.0,0,0,0,5,1,2,83,-25.418137636908796,0.3065260260931149,0.007840842939913273,0.0007037594332359731,1.0,1.0
stochastic_sweep,augmented_action_delay,Augmented (+action buffer + delay values),"(0,0-5)",5.0,0,0,0,5,1,3,81,-23.252179862814955,0.2871408225482698,0.006226763594895601,0.0013842196203768253,1.0,1.0
stochastic_sweep,augmented_action_delay,Augmented (+action buffer + delay values),"(0,0-5)",5.0,0,0,0,5,1,4,81,-20.418516646139324,0.25221740473981624,0.01109313778579235,0.002117627300322056,1.0,1.0
stochastic_sweep,augmented_action_delay,Augmented (+action buffer + delay values),"(0,0-5)",5.0,0,0,0,5,1,5,85,-20.324435717309825,0.24005038739209447,0.015969442203640938,0.0015631226124241948,1.0,1.0
stochastic_sweep,augmented_action_delay,Augmented (+action buffer + delay values),"(0,0-5)",5.0,0,0,0,5,1,6,81,-19.82544720126316,0.24496663147353648,0.016849948093295097,0.0014702915214002132,1.0,1.0
stochastic_sweep,augmented_action_delay,Augmented (+action buffer + delay values),"(0,0-5)",5.0,0,0,0,5,1,7,84,-19.62810782447923,0.23501264961530632,0.028238685801625252,0.001020043739117682,1.0,1.0
stochastic_sweep,augmented_action_delay,Augmented (+action buffer + delay values),"(0,0-5)",5.0,0,0,0,5,1,8,82,-21.476034227758646,0.26216265173038333,0.010651607066392899,0.001521747326478362,1.0,1.0
stochastic_sweep,augmented_action_delay,Augmented (+action buffer + delay values),"(0,0-5)",5.0,0,0,0,5,1,9,81,-22.568938890006393,0.2787941633953632,0.013388345018029213,0.004207562189549208,1.0,1.0
stochastic_sweep,augmented_action_delay,Augmented (+action buffer + delay values),"(0,0-5)",5.0,0,0,0,5,2,0,84,-21.018059152760543,0.2509517217722965,0.01547136902809143,0.0010423408821225166,1.0,1.0
stochastic_sweep,augmented_action_delay,Augmented (+action buffer + delay values),"(0,0-5)",5.0,0,0,0,5,2,1,83,-25.36652408860391,0.30577674671286625,0.004315296187996864,0.0009278521756641567,1.0,1.0
stochastic_sweep,augmented_action_delay,Augmented (+action buffer + delay values),"(0,0-5)",5.0,0,0,0,5,2,2,82,-23.35484814841766,0.28500685055041686,0.007856798358261585,0.0011448693694546819,1.0,1.0
stochastic_sweep,augmented_action_delay,Augmented (+action buffer + delay values),"(0,0-5)",5.0,0,0,0,5,2,3,81,-20.500067539629526,0.25331493865060445,0.018442491069436073,0.0008660923922434449,1.0,1.0
stochastic_sweep,augmented_action_delay,Augmented (+action buffer + delay values),"(0,0-5)",5.0,0,0,0,5,2,4,81,-20.157103222911246,0.24912006570238987,0.021622098982334137,0.0010741284349933267,1.0,1.0
stochastic_sweep,augmented_action_delay,Augmented (+action buffer + delay values),"(0,0-5)",5.0,0,0,0,5,2,5,82,-19.554620501032332,0.23889257891065294,0.017285484820604324,0.00040348447510041296,1.0,1.0
stochastic_sweep,augmented_action_delay,Augmented (+action buffer + delay values),"(0,0-5)",5.0,0,0,0,5,2,6,81,-19.60696366522461,0.24236087049185126,0.024266844615340233,0.0011013827752321959,1.0,1.0
stochastic_sweep,augmented_action_delay,Augmented (+action buffer + delay values),"(0,0-5)",5.0,0,0,0,5,2,7,82,-21.478276428184472,0.2622307957669652,0.012324412353336811,0.0012780441902577877,1.0,1.0
stochastic_sweep,augmented_action_delay,Augmented (+action buffer + delay values),"(0,0-5)",5.0,0,0,0,5,2,8,82,-22.535317269619554,0.27514965118408746,0.013477063737809658,0.004639813210815191,1.0,1.0
stochastic_sweep,augmented_action_delay,Augmented (+action buffer + delay values),"(0,0-5)",5.0,0,0,0,5,2,9,81,-25.252629282302223,0.31198756845616216,0.01836376264691353,0.0011547247413545847,1.0,1.0
stochastic_sweep,augmented_action_delay,Augmented (+action buffer + delay values),"(0,0-5)",5.0,0,0,0,5,3,0,84,-25.41135678975843,0.30272724736382123,0.004432997200638056,0.0013877088204026222,1.0,1.0
stochastic_sweep,augmented_action_delay,Augmented (+action buffer + delay values),"(0,0-5)",5.0,0,0,0,5,3,1,83,-23.440416151308455,0.28265043016079905,0.006523184012621641,0.000951622030697763,1.0,1.0
stochastic_sweep,augmented_action_delay,Augmented (+action buffer + delay values),"(0,0-5)",5.0,0,0,0,5,3,2,82,-20.47770371986553,0.24999118538959542,0.01078674104064703,0.002279226668179035,1.0,1.0
stochastic_sweep,augmented_action_delay,Augmented (+action buffer + delay values),"(0,0-5)",5.0,0,0,0,5,3,3,80,-20.18498256872408,0.252312282109051,0.01850917562842369,0.002179910661652684,1.0,1.0
stochastic_sweep,augmented_action_delay,Augmented (+action buffer + delay values),"(0,0-5)",5.0,0,0,0,5,3,4,80,-19.616743952734396,0.24520929940917996,0.017297282814979553,0.0016604787670075893,1.0,1.0
stochastic_sweep,augmented_action_delay,Augmented (+action buffer + delay values),"(0,0-5)",5.0,0,0,0,5,3,5,82,-19.585760704008862,0.23943359625991434,0.023897094652056694,0.0025017359293997288,1.0,1.0
stochastic_sweep,augmented_action_delay,Augmented (+action buffer + delay values),"(0,0-5)",5.0,0,0,0,5,3,6,80,-21.46948193665594,0.26836852420819923,0.0134110813960433,0.005703233182430267,1.0,1.0
stochastic_sweep,augmented_action_delay,Augmented (+action buffer + delay values),"(0,0-5)",5.0,0,0,0,5,3,7,80,-22.524771529482678,0.28155964411853346,0.015745708718895912,0.003226857865229249,1.0,1.0
stochastic_sweep,augmented_action_delay,Augmented (+action buffer + delay values),"(0,0-5)",5.0,0,0,0,5,3,8,82,-25.172848079935648,0.3074356080444598,0.0184358898550272,0.0017396787879988551,1.0,1.0
stochastic_sweep,augmented_action_delay,Augmented (+action buffer + delay values),"(0,0-5)",5.0,0,0,0,5,3,9,80,-23.46338136238046,0.29329226702975575,0.01500228513032198,0.0012473318492993712,1.0,1.0
stochastic_sweep,augmented_action_delay,Augmented (+action buffer + delay values),"(0,0-5)",5.0,0,0,0,5,4,0,83,-23.555050584021956,0.28413714280531527,0.009444089606404305,0.002325291745364666,1.0,1.0
stochastic_sweep,augmented_action_delay,Augmented (+action buffer + delay values),"(0,0-5)",5.0,0,0,0,5,4,1,81,-20.53644742583856,0.2536804383379166,0.011668079532682896,0.0021270764991641045,1.0,1.0
stochastic_sweep,augmented_action_delay,Augmented (+action buffer + delay values),"(0,0-5)",5.0,0,0,0,5,4,2,84,-20.203477178001776,0.24124128456016825,0.01519768126308918,0.0020717945881187916,1.0,1.0
stochastic_sweep,augmented_action_delay,Augmented (+action buffer + delay values),"(0,0-5)",5.0,0,0,0,5,4,3,84,-19.760691893985495,0.23606726036883802,0.017239494249224663,0.002011635107919574,1.0,1.0
stochastic_sweep,augmented_action_delay,Augmented (+action buffer + delay values),"(0,0-5)",5.0,0,0,0,5,4,4,82,-19.721454191603698,0.24107207948052348,0.02322816289961338,0.0019027156522497535,1.0,1.0
stochastic_sweep,augmented_action_delay,Augmented (+action buffer + delay values),"(0,0-5)",5.0,0,0,0,5,4,5,83,-21.602115740068257,0.2605481027030801,0.007792261429131031,0.003833848051726818,1.0,1.0
stochastic_sweep,augmented_action_delay,Augmented (+action buffer + delay values),"(0,0-5)",5.0,0,0,0,5,4,6,82,-22.446448929607868,0.27410850230967854,0.015224129892885685,0.003982154652476311,1.0,1.0
stochastic_sweep,augmented_action_delay,Augmented (+action buffer + delay values),"(0,0-5)",5.0,0,0,0,5,4,7,81,-25.25130286673084,0.3120060898191123,0.021190408617258072,0.002682694233953953,1.0,1.0
stochastic_sweep,augmented_action_delay,Augmented (+action buffer + delay values),"(0,0-5)",5.0,0,0,0,5,4,8,82,-23.42377003247384,0.28592692099358297,0.011118744499981403,0.0014927132287994027,1.0,1.0
stochastic_sweep,augmented_action_delay,Augmented (+action buffer + delay values),"(0,0-5)",5.0,0,0,0,5,4,9,81,-20.123192153056152,0.24847282868677772,0.0031069705728441477,0.0017277022125199437,1.0,1.0
stochastic_sweep,unseen,Unseen delay,"(0,0-10)",10.0,0,0,0,10,0,0,81,-27.11612386070192,0.3350397067167509,0.022092383354902267,0.006515865214169025,1.0,1.0
stochastic_sweep,unseen,Unseen delay,"(0,0-10)",10.0,0,0,0,10,0,1,80,-21.610329440794885,0.27012911800993605,0.015167818404734135,0.0037379609420895576,1.0,1.0
stochastic_sweep,unseen,Unseen delay,"(0,0-10)",10.0,0,0,0,10,0,2,85,-27.6348292613402,0.32705551448332915,0.03297789394855499,0.004612096585333347,1.0,1.0
stochastic_sweep,unseen,Unseen delay,"(0,0-10)",10.0,0,0,0,10,0,3,82,-31.7973842297215,0.38821206220550597,0.018002435564994812,0.002795371925458312,1.0,1.0
stochastic_sweep,unseen,Unseen delay,"(0,0-10)",10.0,0,0,0,10,0,4,84,-26.226844243938103,0.31251479372925434,0.006099607329815626,0.0018970490200445056,1.0,1.0
stochastic_sweep,unseen,Unseen delay,"(0,0-10)",10.0,0,0,0,10,0,5,82,-20.40406693285331,0.24909466926985216,0.010847973637282848,0.0018115167040377855,1.0,1.0
stochastic_sweep,unseen,Unseen delay,"(0,0-10)",10.0,0,0,0,10,0,6,82,-23.047406861092895,0.2816917989573373,0.025660326704382896,0.0070112175308167934,1.0,1.0
stochastic_sweep,unseen,Unseen delay,"(0,0-10)",10.0,0,0,0,10,0,7,84,-28.854753004852682,0.34387917311618194,0.00777438422665,0.00777438422665,1.0,1.0
stochastic_sweep,unseen,Unseen delay,"(0,0-10)",10.0,0,0,0,10,0,8,82,-27.76384604535997,0.34132690043983666,0.11247989535331726,0.004656064324080944,0.0,1.0
stochastic_sweep,unseen,Unseen delay,"(0,0-10)",10.0,0,0,0,10,0,9,83,-25.524922458222136,0.30786594468819717,0.009316983632743359,0.0015531191602349281,1.0,1.0
stochastic_sweep,unseen,Unseen delay,"(0,0-10)",10.0,0,0,0,10,1,0,81,-23.446774161420763,0.2897346011121516,0.021728528663516045,0.004735108930617571,1.0,1.0
stochastic_sweep,unseen,Unseen delay,"(0,0-10)",10.0,0,0,0,10,1,1,87,-24.912906628102064,0.2871943129997315,0.010428371839225292,0.005884268321096897,1.0,1.0
stochastic_sweep,unseen,Unseen delay,"(0,0-10)",10.0,0,0,0,10,1,2,82,-29.41160833230242,0.35885690679069515,0.007329012267291546,0.005494381301105022,1.0,1.0
stochastic_sweep,unseen,Unseen delay,"(0,0-10)",10.0,0,0,0,10,1,3,84,-25.390685952734202,0.3027404293894679,0.009877528995275497,0.004346439614892006,1.0,1.0
stochastic_sweep,unseen,Unseen delay,"(0,0-10)",10.0,0,0,0,10,1,4,85,-21.441568190581165,0.2531537921263782,0.015300828032195568,0.0011631775414571166,1.0,1.0
stochastic_sweep,unseen,Unseen delay,"(0,0-10)",10.0,0,0,0,10,1,5,81,-22.49154575855937,0.2779996962801059,0.026429640129208565,0.0007802319014444947,1.0,1.0
stochastic_sweep,unseen,Unseen delay,"(0,0-10)",10.0,0,0,0,10,1,6,83,-26.393346821074374,0.31861886500061143,0.017339657992124557,0.0018982671899721026,1.0,1.0
stochastic_sweep,unseen,Unseen delay,"(0,0-10)",10.0,0,0,0,10,1,7,85,-21.15271949954331,0.2511701162904501,0.03934807702898979,0.0031879451125860214,1.0,1.0
stochastic_sweep,unseen,Unseen delay,"(0,0-10)",10.0,0,0,0,10,1,8,82,-26.51932665705681,0.3236406808264735,0.009604585357010365,0.0054929666221141815,1.0,1.0
stochastic_sweep,unseen,Unseen delay,"(0,0-10)",10.0,0,0,0,10,1,9,84,-35.762458972632885,0.42942204636832076,0.0772482305765152,0.0387461893260479,0.0,1.0
stochastic_sweep,unseen,Unseen delay,"(0,0-10)",10.0,0,0,0,10,2,0,83,-25.44309697812423,0.3070986729777272,0.01536429300904274,0.003646363038569689,1.0,1.0
stochastic_sweep,unseen,Unseen delay,"(0,0-10)",10.0,0,0,0,10,2,1,85,-26.4673086325638,0.3117318811333355,0.005980252753943205,0.004118690267205238,1.0,1.0
stochastic_sweep,unseen,Unseen delay,"(0,0-10)",10.0,0,0,0,10,2,2,83,-23.960543269990012,0.28930522102851375,0.01726335845887661,0.0012066077906638384,1.0,1.0
stochastic_sweep,unseen,Unseen delay,"(0,0-10)",10.0,0,0,0,10,2,3,82,-23.343230351340026,0.28495843685232103,0.011680735275149345,0.004855358973145485,1.0,1.0
stochastic_sweep,unseen,Unseen delay,"(0,0-10)",10.0,0,0,0,10,2,4,80,-20.712153386091813,0.25890191732614765,0.018236493691802025,0.003723234636709094,1.0,1.0
stochastic_sweep,unseen,Unseen delay,"(0,0-10)",10.0,0,0,0,10,2,5,85,-26.395881937351078,0.31149571342393756,0.016250740736722946,0.0029826173558831215,1.0,1.0
stochastic_sweep,unseen,Unseen delay,"(0,0-10)",10.0,0,0,0,10,2,6,82,-20.484219388570637,0.2507555458592478,0.038867685943841934,0.00573545228689909,1.0,1.0
stochastic_sweep,unseen,Unseen delay,"(0,0-10)",10.0,0,0,0,10,2,7,82,-22.936925501038786,0.28001053727206365,0.011969277635216713,0.0005554877570830286,1.0,1.0
stochastic_sweep,unseen,Unseen delay,"(0,0-10)",10.0,0,0,0,10,2,8,85,-23.608931919327006,0.2781663347117822,0.007041306234896183,0.0023745286744087934,1.0,1.0
stochastic_sweep,unseen,Unseen delay,"(0,0-10)",10.0,0,0,0,10,2,9,81,-26.763118323870003,0.3307372670919623,0.0266003105789423,0.005591152235865593,1.0,1.0
stochastic_sweep,unseen,Unseen delay,"(0,0-10)",10.0,0,0,0,10,3,0,82,-37.4360192604363,0.458024251706353,0.060984689742326736,0.003796190954744816,0.0,1.0
stochastic_sweep,unseen,Unseen delay,"(0,0-10)",10.0,0,0,0,10,3,1,84,-35.8099265974015,0.4283297425357714,0.04244294390082359,0.010563036426901817,1.0,1.0
stochastic_sweep,unseen,Unseen delay,"(0,0-10)",10.0,0,0,0,10,3,2,83,-21.044951331568882,0.25388158404223443,0.009073381312191486,0.0009846917819231749,1.0,1.0
stochastic_sweep,unseen,Unseen delay,"(0,0-10)",10.0,0,0,0,10,3,3,82,-22.713654818944633,0.27749996712976477,0.020671242848038673,0.008245004341006279,1.0,1.0
stochastic_sweep,unseen,Unseen delay,"(0,0-10)",10.0,0,0,0,10,3,4,83,-20.145083396462724,0.24312936337047583,0.01155125442892313,0.0036731273867189884,1.0,1.0
stochastic_sweep,unseen,Unseen delay,"(0,0-10)",10.0,0,0,0,10,3,5,81,-21.404055390506983,0.2648632238032641,0.049865737557411194,0.011201208457350731,1.0,1.0
stochastic_sweep,unseen,Unseen delay,"(0,0-10)",10.0,0,0,0,10,3,6,83,-23.439444759394974,0.2826099437100431,0.005726856179535389,0.0014172252267599106,1.0,1.0
stochastic_sweep,unseen,Unseen delay,"(0,0-10)",10.0,0,0,0,10,3,7,84,-25.99531664000824,0.310820013112832,0.028391115367412567,0.007511651609092951,1.0,1.0
stochastic_sweep,unseen,Unseen delay,"(0,0-10)",10.0,0,0,0,10,3,8,81,-32.75566034577787,0.4049060278698618,0.04172791168093681,0.021846327930688858,1.0,1.0
stochastic_sweep,unseen,Unseen delay,"(0,0-10)",10.0,0,0,0,10,3,9,84,-27.405804174486548,0.32716320874723825,0.01897634007036686,0.005561740603297949,1.0,1.0
stochastic_sweep,unseen,Unseen delay,"(0,0-10)",10.0,0,0,0,10,4,0,83,-25.281469947076403,0.3054890619206568,0.02470739744603634,0.0012329736491665244,1.0,1.0
stochastic_sweep,unseen,Unseen delay,"(0,0-10)",10.0,0,0,0,10,4,1,82,-24.64360914938152,0.30111761493381206,0.024017637595534325,0.004606650676578283,1.0,1.0
stochastic_sweep,unseen,Unseen delay,"(0,0-10)",10.0,0,0,0,10,4,2,84,-29.15159336756915,0.34861480155294494,0.03301249071955681,0.003406521398574114,1.0,1.0
stochastic_sweep,unseen,Unseen delay,"(0,0-10)",10.0,0,0,0,10,4,3,82,-21.237806719262153,0.25931888860196056,0.01317107304930687,0.003603042336180806,1.0,1.0
stochastic_sweep,unseen,Unseen delay,"(0,0-10)",10.0,0,0,0,10,4,4,82,-28.265382532030344,0.3466031455503004,0.07803770154714584,0.010369381867349148,0.0,1.0
stochastic_sweep,unseen,Unseen delay,"(0,0-10)",10.0,0,0,0,10,4,5,84,-24.798599645029753,0.29641323766693295,0.025028079748153687,0.006807280704379082,1.0,1.0
stochastic_sweep,unseen,Unseen delay,"(0,0-10)",10.0,0,0,0,10,4,6,81,-34.07094471901655,0.42171675159975336,0.08811216056346893,0.03068946674466133,0.0,1.0
stochastic_sweep,unseen,Unseen delay,"(0,0-10)",10.0,0,0,0,10,4,7,86,-30.64399096556008,0.35807773451385805,0.02511570043861866,0.010399757884442806,1.0,1.0
stochastic_sweep,unseen,Unseen delay,"(0,0-10)",10.0,0,0,0,10,4,8,83,-30.345659658312798,0.37238567277609586,0.18745039403438568,0.008344930596649647,0.0,1.0
stochastic_sweep,unseen,Unseen delay,"(0,0-10)",10.0,0,0,0,10,4,9,81,-28.626461694657337,0.35342363514908715,0.0008527524187229574,0.0008527524187229574,1.0,1.0
stochastic_sweep,augmented_action,Augmented (+action buffer),"(0,0-10)",10.0,0,0,0,10,0,0,81,-25.28485481487587,0.3123650836045451,0.016716957092285156,0.0029200236313045025,1.0,1.0
stochastic_sweep,augmented_action,Augmented (+action buffer),"(0,0-10)",10.0,0,0,0,10,0,1,80,-21.91509525454603,0.2739386906818254,0.02214282751083374,0.002553546568378806,1.0,1.0
stochastic_sweep,augmented_action,Augmented (+action buffer),"(0,0-10)",10.0,0,0,0,10,0,2,85,-21.965649708407,0.2591137182433158,0.01180326845496893,0.002976292045786977,1.0,1.0
stochastic_sweep,augmented_action,Augmented (+action buffer),"(0,0-10)",10.0,0,0,0,10,0,3,82,-27.389514720533043,0.3343238417206832,0.012520150281488895,0.00155167980119586,1.0,1.0
stochastic_sweep,augmented_action,Augmented (+action buffer),"(0,0-10)",10.0,0,0,0,10,0,4,84,-26.21257435285952,0.31282592464343734,0.016200829297304153,0.0012813520152121782,1.0,1.0
stochastic_sweep,augmented_action,Augmented (+action buffer),"(0,0-10)",10.0,0,0,0,10,0,5,82,-22.23376573761925,0.27154183289513173,0.01633227989077568,0.006226127501577139,1.0,1.0
stochastic_sweep,augmented_action,Augmented (+action buffer),"(0,0-10)",10.0,0,0,0,10,0,6,82,-21.83078020461835,0.2668684716478399,0.026217235252261162,0.0036816077772527933,1.0,1.0
stochastic_sweep,augmented_action,Augmented (+action buffer),"(0,0-10)",10.0,0,0,0,10,0,7,84,-21.268290347303264,0.2543073053391362,0.02338082529604435,0.001030133687891066,1.0,1.0
stochastic_sweep,augmented_action,Augmented (+action buffer),"(0,0-10)",10.0,0,0,0,10,0,8,82,-20.858155369292945,0.2550651654544309,0.02859409898519516,0.0018780652899295092,1.0,1.0
stochastic_sweep,augmented_action,Augmented (+action buffer),"(0,0-10)",10.0,0,0,0,10,0,9,83,-22.43863470153883,0.2708447865681745,0.01382752787321806,0.0024247593246400356,1.0,1.0
stochastic_sweep,augmented_action,Augmented (+action buffer),"(0,0-10)",10.0,0,0,0,10,1,0,81,-22.78979730885476,0.2816022008450495,0.019980959594249725,0.0014101596316322684,1.0,1.0
stochastic_sweep,augmented_action,Augmented (+action buffer),"(0,0-10)",10.0,0,0,0,10,1,1,87,-23.334509105072357,0.2698483952527181,0.02032875455915928,0.0016441821353510022,1.0,1.0
stochastic_sweep,augmented_action,Augmented (+action buffer),"(0,0-10)",10.0,0,0,0,10,1,2,82,-26.851326767820865,0.3275987590015752,0.0058857351541519165,0.001675903331488371,1.0,1.0
stochastic_sweep,augmented_action,Augmented (+action buffer),"(0,0-10)",10.0,0,0,0,10,1,3,84,-25.82248444738798,0.3076891869700159,0.0058518145233392715,0.0032028660643845797,1.0,1.0
stochastic_sweep,augmented_action,Augmented (+action buffer),"(0,0-10)",10.0,0,0,0,10,1,4,85,-23.460713761276565,0.2771092134623733,0.018713876605033875,0.0019368756329640746,1.0,1.0
stochastic_sweep,augmented_action,Augmented (+action buffer),"(0,0-10)",10.0,0,0,0,10,1,5,81,-22.859391236677766,0.28244268208926104,0.018466012552380562,0.007697241380810738,1.0,1.0
stochastic_sweep,augmented_action,Augmented (+action buffer),"(0,0-10)",10.0,0,0,0,10,1,6,83,-21.806274021975696,0.2636820538283651,0.026445481926202774,0.0027861883863806725,1.0,1.0
stochastic_sweep,augmented_action,Augmented (+action buffer),"(0,0-10)",10.0,0,0,0,10,1,7,85,-21.52726201020414,0.25456193732166227,0.022100532427430153,0.0008042337722145021,1.0,1.0
stochastic_sweep,augmented_action,Augmented (+action buffer),"(0,0-10)",10.0,0,0,0,10,1,8,82,-24.01085306738969,0.29318349770264607,0.015096872113645077,0.0017083793645724654,1.0,1.0
stochastic_sweep,augmented_action,Augmented (+action buffer),"(0,0-10)",10.0,0,0,0,10,1,9,84,-23.72552937688306,0.28312936855945736,0.01433439552783966,0.006192691158503294,1.0,1.0
stochastic_sweep,augmented_action,Augmented (+action buffer),"(0,0-10)",10.0,0,0,0,10,2,0,83,-22.58685489022173,0.27267069799589916,0.014937681145966053,0.0023328845854848623,1.0,1.0
stochastic_sweep,augmented_action,Augmented (+action buffer),"(0,0-10)",10.0,0,0,0,10,2,1,85,-27.707188633736223,0.326604240371243,0.01083435956388712,0.0011469065211713314,1.0,1.0
stochastic_sweep,augmented_action,Augmented (+action buffer),"(0,0-10)",10.0,0,0,0,10,2,2,83,-26.294972960837185,0.31741664007710046,0.01686938852071762,0.005877362564206123,1.0,1.0
stochastic_sweep,augmented_action,Augmented (+action buffer),"(0,0-10)",10.0,0,0,0,10,2,3,82,-22.471093166153878,0.2742588475244347,0.009066165424883366,0.002102232538163662,1.0,1.0
stochastic_sweep,augmented_action,Augmented (+action buffer),"(0,0-10)",10.0,0,0,0,10,2,4,80,-22.695544524118304,0.2836943065514788,0.023385483771562576,0.006460072472691536,1.0,1.0
stochastic_sweep,augmented_action,Augmented (+action buffer),"(0,0-10)",10.0,0,0,0,10,2,5,85,-20.630169704323635,0.24365545039832154,0.016108715906739235,0.0023075283970683813,1.0,1.0
stochastic_sweep,augmented_action,Augmented (+action buffer),"(0,0-10)",10.0,0,0,0,10,2,6,82,-21.857398719526827,0.2672816385151591,0.029847819358110428,0.004144041333347559,1.0,1.0
stochastic_sweep,augmented_action,Augmented (+action buffer),"(0,0-10)",10.0,0,0,0,10,2,7,82,-24.533009300590493,0.2996678761981723,0.019878273829817772,0.0019394709961488843,1.0,1.0
stochastic_sweep,augmented_action,Augmented (+action buffer),"(0,0-10)",10.0,0,0,0,10,2,8,85,-24.63543373020366,0.2905305291854722,0.01193225011229515,0.007732479367405176,1.0,1.0
stochastic_sweep,augmented_action,Augmented (+action buffer),"(0,0-10)",10.0,0,0,0,10,2,9,81,-26.709146657725796,0.3299105192655353,0.013605402782559395,0.002557314233854413,1.0,1.0
stochastic_sweep,augmented_action,Augmented (+action buffer),"(0,0-10)",10.0,0,0,0,10,3,0,82,-28.15861943271011,0.34353675617177676,0.0056972866877913475,0.0038556992076337337,1.0,1.0
stochastic_sweep,augmented_action,Augmented (+action buffer),"(0,0-10)",10.0,0,0,0,10,3,1,84,-25.40436641452834,0.3030368964176714,0.012683221139013767,0.0023580146953463554,1.0,1.0
stochastic_sweep,augmented_action,Augmented (+action buffer),"(0,0-10)",10.0,0,0,0,10,3,2,83,-22.02368289930746,0.2660843804646957,0.020440226420760155,0.0032276050187647343,1.0,1.0
stochastic_sweep,augmented_action,Augmented (+action buffer),"(0,0-10)",10.0,0,0,0,10,3,3,82,-22.449826824478805,0.2742959754655092,0.0212215818464756,0.005144392140209675,1.0,1.0
stochastic_sweep,augmented_action,Augmented (+action buffer),"(0,0-10)",10.0,0,0,0,10,3,4,83,-21.21073538879864,0.25635359701924926,0.022204387933015823,0.0015397120732814074,1.0,1.0
stochastic_sweep,augmented_action,Augmented (+action buffer),"(0,0-10)",10.0,0,0,0,10,3,5,81,-22.373795469058678,0.27653581735011146,0.025605736300349236,0.0009700511582195759,1.0,1.0
stochastic_sweep,augmented_action,Augmented (+action buffer),"(0,0-10)",10.0,0,0,0,10,3,6,83,-24.012770710512996,0.28953658557687717,0.00625529745593667,0.003713629674166441,1.0,1.0
stochastic_sweep,augmented_action,Augmented (+action buffer),"(0,0-10)",10.0,0,0,0,10,3,7,84,-24.344074903987348,0.290550706409184,0.015546108596026897,0.008233711123466492,1.0,1.0
stochastic_sweep,augmented_action,Augmented (+action buffer),"(0,0-10)",10.0,0,0,0,10,3,8,81,-27.25045983144082,0.3366811120980362,0.02071024850010872,0.003128188895061612,1.0,1.0
stochastic_sweep,augmented_action,Augmented (+action buffer),"(0,0-10)",10.0,0,0,0,10,3,9,84,-25.25356955244206,0.3009103170923135,0.005724270828068256,0.0018807335291057825,1.0,1.0
stochastic_sweep,augmented_action,Augmented (+action buffer),"(0,0-10)",10.0,0,0,0,10,4,0,83,-25.372738752746955,0.3062325703591692,0.014854862354695797,0.0027440355625003576,1.0,1.0
stochastic_sweep,augmented_action,Augmented (+action buffer),"(0,0-10)",10.0,0,0,0,10,4,1,82,-23.189574973657727,0.2831519825111439,0.014443796128034592,0.004203123040497303,1.0,1.0
stochastic_sweep,augmented_action,Augmented (+action buffer),"(0,0-10)",10.0,0,0,0,10,4,2,84,-20.473806410096586,0.2449419072585269,0.02532844990491867,0.008156120777130127,1.0,1.0
stochastic_sweep,augmented_action,Augmented (+action buffer),"(0,0-10)",10.0,0,0,0,10,4,3,82,-21.089282025117427,0.25756666694040886,0.015592331998050213,0.004300187807530165,1.0,1.0
stochastic_sweep,augmented_action,Augmented (+action buffer),"(0,0-10)",10.0,0,0,0,10,4,4,82,-20.79679088946432,0.2543287145360032,0.02908185124397278,0.0018033389933407307,1.0,1.0
stochastic_sweep,augmented_action,Augmented (+action buffer),"(0,0-10)",10.0,0,0,0,10,4,5,84,-23.79661719687283,0.2843386289841008,0.0219569094479084,0.005621973890811205,1.0,1.0
stochastic_sweep,augmented_action,Augmented (+action buffer),"(0,0-10)",10.0,0,0,0,10,4,6,81,-23.726959225255996,0.2931378586850141,0.017207328230142593,0.004855853505432606,1.0,1.0
stochastic_sweep,augmented_action,Augmented (+action buffer),"(0,0-10)",10.0,0,0,0,10,4,7,86,-26.26691684452817,0.3071982705868174,0.025355737656354904,0.006374354008585215,1.0,1.0
stochastic_sweep,augmented_action,Augmented (+action buffer),"(0,0-10)",10.0,0,0,0,10,4,8,83,-24.810717047192156,0.2998141190261546,0.024618277326226234,0.002966754836961627,1.0,1.0
stochastic_sweep,augmented_action,Augmented (+action buffer),"(0,0-10)",10.0,0,0,0,10,4,9,81,-21.790572041179985,0.269197487646001,0.014424458146095276,0.005663979798555374,1.0,1.0
stochastic_sweep,augmented_action_delay,Augmented (+action buffer + delay values),"(0,0-10)",10.0,0,0,0,10,0,0,81,-23.78405700280564,0.29384451056327554,0.017348352819681168,0.0004944627289660275,1.0,1.0
stochastic_sweep,augmented_action_delay,Augmented (+action buffer + delay values),"(0,0-10)",10.0,0,0,0,10,0,1,80,-20.13535647431854,0.25169195592898175,0.017386751249432564,0.0012895673280581832,1.0,1.0
stochastic_sweep,augmented_action_delay,Augmented (+action buffer + delay values),"(0,0-10)",10.0,0,0,0,10,0,2,85,-21.28292299178429,0.25131238825235735,0.01572600193321705,0.001148973940871656,1.0,1.0
stochastic_sweep,augmented_action_delay,Augmented (+action buffer + delay values),"(0,0-10)",10.0,0,0,0,10,0,3,82,-26.132352201733738,0.31883388922958655,0.006013357546180487,0.0026114932261407375,1.0,1.0
stochastic_sweep,augmented_action_delay,Augmented (+action buffer + delay values),"(0,0-10)",10.0,0,0,0,10,0,4,84,-23.4617066817882,0.2796185724953483,0.006563351955264807,0.0004413666028995067,1.0,1.0
stochastic_sweep,augmented_action_delay,Augmented (+action buffer + delay values),"(0,0-10)",10.0,0,0,0,10,0,5,82,-20.667139852186665,0.25237722181226696,0.01389616820961237,0.0009972418192774057,1.0,1.0
stochastic_sweep,augmented_action_delay,Augmented (+action buffer + delay values),"(0,0-10)",10.0,0,0,0,10,0,6,82,-20.388258336577564,0.24913162559202714,0.020267480984330177,0.006619939114898443,1.0,1.0
stochastic_sweep,augmented_action_delay,Augmented (+action buffer + delay values),"(0,0-10)",10.0,0,0,0,10,0,7,84,-20.245912824524567,0.2417795294091948,0.01589191146194935,0.0033352652098983526,1.0,1.0
stochastic_sweep,augmented_action_delay,Augmented (+action buffer + delay values),"(0,0-10)",10.0,0,0,0,10,0,8,82,-19.91389287414495,0.24359214907404173,0.030331674963235855,0.0011001996463164687,1.0,1.0
stochastic_sweep,augmented_action_delay,Augmented (+action buffer + delay values),"(0,0-10)",10.0,0,0,0,10,0,9,83,-21.64616128965281,0.2611744785989938,0.010440144687891006,0.0027864992152899504,1.0,1.0
stochastic_sweep,augmented_action_delay,Augmented (+action buffer + delay values),"(0,0-10)",10.0,0,0,0,10,1,0,81,-20.11516607494559,0.24853296365652142,0.016003981232643127,0.0015244735404849052,1.0,1.0
stochastic_sweep,augmented_action_delay,Augmented (+action buffer + delay values),"(0,0-10)",10.0,0,0,0,10,1,1,87,-21.20225535670761,0.24498603475446032,0.015932809561491013,0.00034417305141687393,1.0,1.0
stochastic_sweep,augmented_action_delay,Augmented (+action buffer + delay values),"(0,0-10)",10.0,0,0,0,10,1,2,82,-25.66378345526755,0.31312238520420177,0.006126065738499165,0.004626382142305374,1.0,1.0
stochastic_sweep,augmented_action_delay,Augmented (+action buffer + delay values),"(0,0-10)",10.0,0,0,0,10,1,3,84,-23.56558719999157,0.2808198421899717,0.005819885991513729,0.0024989547673612833,1.0,1.0
stochastic_sweep,augmented_action_delay,Augmented (+action buffer + delay values),"(0,0-10)",10.0,0,0,0,10,1,4,85,-20.727858353988267,0.24452389553874074,0.011334553360939026,0.0011657063150778413,1.0,1.0
stochastic_sweep,augmented_action_delay,Augmented (+action buffer + delay values),"(0,0-10)",10.0,0,0,0,10,1,5,81,-20.36102380347438,0.25160954521543544,0.0193493589758873,0.0012300285743549466,1.0,1.0
stochastic_sweep,augmented_action_delay,Augmented (+action buffer + delay values),"(0,0-10)",10.0,0,0,0,10,1,6,83,-20.206851302704308,0.24416999993579327,0.019752897322177887,0.0008144663297571242,1.0,1.0
stochastic_sweep,augmented_action_delay,Augmented (+action buffer + delay values),"(0,0-10)",10.0,0,0,0,10,1,7,85,-19.745250900508836,0.2336053634308936,0.022240998223423958,0.0023150343913584948,1.0,1.0
stochastic_sweep,augmented_action_delay,Augmented (+action buffer + delay values),"(0,0-10)",10.0,0,0,0,10,1,8,82,-21.500034890894312,0.2625136359505321,0.013041628524661064,0.0008204773184843361,1.0,1.0
stochastic_sweep,augmented_action_delay,Augmented (+action buffer + delay values),"(0,0-10)",10.0,0,0,0,10,1,9,84,-22.925599715672433,0.2735545724253392,0.013246092014014721,0.004411690402776003,1.0,1.0
stochastic_sweep,augmented_action_delay,Augmented (+action buffer + delay values),"(0,0-10)",10.0,0,0,0,10,2,0,83,-21.181227366090752,0.255799999692006,0.016724202781915665,0.0018283439567312598,1.0,1.0
stochastic_sweep,augmented_action_delay,Augmented (+action buffer + delay values),"(0,0-10)",10.0,0,0,0,10,2,1,85,-25.558323424193077,0.30133161071331843,0.010972697287797928,0.0014772306894883513,1.0,1.0
stochastic_sweep,augmented_action_delay,Augmented (+action buffer + delay values),"(0,0-10)",10.0,0,0,0,10,2,2,83,-23.465837472002022,0.2831666735491816,0.012332144193351269,0.0010904989903792739,1.0,1.0
stochastic_sweep,augmented_action_delay,Augmented (+action buffer + delay values),"(0,0-10)",10.0,0,0,0,10,2,3,82,-20.6962678139098,0.25257530375156645,0.007453546859323978,0.0005223102634772658,1.0,1.0
stochastic_sweep,augmented_action_delay,Augmented (+action buffer + delay values),"(0,0-10)",10.0,0,0,0,10,2,4,80,-20.309391024988145,0.2538673878123518,0.01644487865269184,0.004046119749546051,1.0,1.0
stochastic_sweep,augmented_action_delay,Augmented (+action buffer + delay values),"(0,0-10)",10.0,0,0,0,10,2,5,85,-19.82832913385937,0.23443505475913887,0.019730104133486748,0.0007041905191726983,1.0,1.0
stochastic_sweep,augmented_action_delay,Augmented (+action buffer + delay values),"(0,0-10)",10.0,0,0,0,10,2,6,82,-19.667436201823875,0.2405546737874563,0.02902352437376976,0.0021249924320727587,1.0,1.0
stochastic_sweep,augmented_action_delay,Augmented (+action buffer + delay values),"(0,0-10)",10.0,0,0,0,10,2,7,82,-21.5630700152833,0.26335021291530075,0.015823721885681152,0.0024228848051279783,1.0,1.0
stochastic_sweep,augmented_action_delay,Augmented (+action buffer + delay values),"(0,0-10)",10.0,0,0,0,10,2,8,85,-22.477686705067754,0.2654145398560692,0.01650983653962612,0.005987492855638266,1.0,1.0
stochastic_sweep,augmented_action_delay,Augmented (+action buffer + delay values),"(0,0-10)",10.0,0,0,0,10,2,9,81,-25.166982155526057,0.31094113445587823,0.01924973540008068,0.0014424952678382397,1.0,1.0
stochastic_sweep,augmented_action_delay,Augmented (+action buffer + delay values),"(0,0-10)",10.0,0,0,0,10,3,0,82,-25.72963373665698,0.3139824575727533,0.00846389215439558,0.001991785131394863,1.0,1.0
stochastic_sweep,augmented_action_delay,Augmented (+action buffer + delay values),"(0,0-10)",10.0,0,0,0,10,3,1,84,-23.69812138308771,0.2826480917283334,0.011079580523073673,0.0035927111748605967,1.0,1.0
stochastic_sweep,augmented_action_delay,Augmented (+action buffer + delay values),"(0,0-10)",10.0,0,0,0,10,3,2,83,-20.710365990933497,0.24977907087690343,0.00709896394982934,0.000557331892196089,1.0,1.0
stochastic_sweep,augmented_action_delay,Augmented (+action buffer + delay values),"(0,0-10)",10.0,0,0,0,10,3,3,82,-20.371339049888775,0.24887357212364583,0.018146932125091553,0.003383180359378457,1.0,1.0
stochastic_sweep,augmented_action_delay,Augmented (+action buffer + delay values),"(0,0-10)",10.0,0,0,0,10,3,4,83,-19.68062890251167,0.23770149926520345,0.01619851216673851,0.0013564089313149452,1.0,1.0
stochastic_sweep,augmented_action_delay,Augmented (+action buffer + delay values),"(0,0-10)",10.0,0,0,0,10,3,5,81,-19.73237898061052,0.2439415601404085,0.02688739076256752,0.0024836957454681396,1.0,1.0
stochastic_sweep,augmented_action_delay,Augmented (+action buffer + delay values),"(0,0-10)",10.0,0,0,0,10,3,6,83,-21.714010272175074,0.261968734842467,0.009798239916563034,0.0029650339856743813,1.0,1.0
stochastic_sweep,augmented_action_delay,Augmented (+action buffer + delay values),"(0,0-10)",10.0,0,0,0,10,3,7,84,-22.663903973530978,0.2704937838051202,0.014393466524779797,0.004148941021412611,1.0,1.0
stochastic_sweep,augmented_action_delay,Augmented (+action buffer + delay values),"(0,0-10)",10.0,0,0,0,10,3,8,81,-25.48779422044754,0.31493833224162643,0.02221069112420082,0.0016751957591623068,1.0,1.0
stochastic_sweep,augmented_action_delay,Augmented (+action buffer + delay values),"(0,0-10)",10.0,0,0,0,10,3,9,84,-23.609213571064174,0.2815028384128319,0.009256213903427124,0.004063782747834921,1.0,1.0
stochastic_sweep,augmented_action_delay,Augmented (+action buffer + delay values),"(0,0-10)",10.0,0,0,0,10,4,0,83,-23.563207351369783,0.28439596095346814,0.0138858025893569,0.001965884119272232,1.0,1.0
stochastic_sweep,augmented_action_delay,Augmented (+action buffer + delay values),"(0,0-10)",10.0,0,0,0,10,4,1,82,-20.998069573484827,0.2563886267690999,0.012898910790681839,0.0008847115677781403,1.0,1.0
stochastic_sweep,augmented_action_delay,Augmented (+action buffer + delay values),"(0,0-10)",10.0,0,0,0,10,4,2,84,-20.703649542294443,0.24767998995126358,0.025367403402924538,0.007156210485845804,1.0,1.0
stochastic_sweep,augmented_action_delay,Augmented (+action buffer + delay values),"(0,0-10)",10.0,0,0,0,10,4,3,82,-19.74971824255772,0.24123782107163583,0.0158915426582098,0.002173288492485881,1.0,1.0
stochastic_sweep,augmented_action_delay,Augmented (+action buffer + delay values),"(0,0-10)",10.0,0,0,0,10,4,4,82,-20.10858085216023,0.24588974040830736,0.02718893066048622,0.0010040629422292113,1.0,1.0
stochastic_sweep,augmented_action_delay,Augmented (+action buffer + delay values),"(0,0-10)",10.0,0,0,0,10,4,5,84,-21.793403928983025,0.2601926761133308,0.01569521613419056,0.001564580830745399,1.0,1.0
stochastic_sweep,augmented_action_delay,Augmented (+action buffer + delay values),"(0,0-10)",10.0,0,0,0,10,4,6,81,-22.714008981129155,0.28060795957464035,0.015235744416713715,0.002343728905543685,1.0,1.0
stochastic_sweep,augmented_action_delay,Augmented (+action buffer + delay values),"(0,0-10)",10.0,0,0,0,10,4,7,86,-25.42761473270366,0.2970926407623094,0.02039206214249134,0.0002041091793216765,1.0,1.0
stochastic_sweep,augmented_action_delay,Augmented (+action buffer + delay values),"(0,0-10)",10.0,0,0,0,10,4,8,83,-23.640576609643176,0.28555759104496115,0.0202344823628664,0.003215501783415675,1.0,1.0
stochastic_sweep,augmented_action_delay,Augmented (+action buffer + delay values),"(0,0-10)",10.0,0,0,0,10,4,9,81,-20.533495941432193,0.25352693579654084,0.0021858580876141787,0.0021858580876141787,1.0,1.0
stochastic_sweep,unseen,Unseen delay,"(0,0-15)",15.0,0,0,0,15,0,0,86,-32.1632941509597,0.3920190273621661,0.2583903670310974,0.007302983198314905,0.0,1.0
stochastic_sweep,unseen,Unseen delay,"(0,0-15)",15.0,0,0,0,15,0,1,86,-26.010550554841757,0.3036671458895123,0.017470665276050568,0.003467058762907982,1.0,1.0
stochastic_sweep,unseen,Unseen delay,"(0,0-15)",15.0,0,0,0,15,0,2,84,-26.107627790770493,0.31173544364199707,0.019537368789315224,0.0018812509952113032,1.0,1.0
stochastic_sweep,unseen,Unseen delay,"(0,0-15)",15.0,0,0,0,15,0,3,86,-28.799378886818886,0.34151359942070275,0.0951317772269249,0.007905323058366776,0.0,1.0
stochastic_sweep,unseen,Unseen delay,"(0,0-15)",15.0,0,0,0,15,0,4,83,-28.57494661724195,0.3456459356168936,0.03788867965340614,0.004422924481332302,1.0,1.0
stochastic_sweep,unseen,Unseen delay,"(0,0-15)",15.0,0,0,0,15,0,5,85,-34.11006898339838,0.41261020485750016,0.19235968589782715,0.012846066616475582,0.0,1.0
stochastic_sweep,unseen,Unseen delay,"(0,0-15)",15.0,0,0,0,15,0,6,85,-31.41719547100365,0.373864875668112,0.07226379215717316,0.017159029841423035,0.0,1.0
stochastic_sweep,unseen,Unseen delay,"(0,0-15)",15.0,0,0,0,15,0,7,82,-33.54134785011411,0.41064650678961745,0.06583285331726074,0.008294591680169106,0.0,1.0
stochastic_sweep,unseen,Unseen delay,"(0,0-15)",15.0,0,0,0,15,0,8,85,-29.91701894067228,0.35514528091777775,0.05406598746776581,0.01569618657231331,1.0,1.0
stochastic_sweep,unseen,Unseen delay,"(0,0-15)",15.0,0,0,0,15,0,9,84,-24.461237113922834,0.2924254453696665,0.02562507428228855,0.0038898196071386337,1.0,1.0
stochastic_sweep,unseen,Unseen delay,"(0,0-15)",15.0,0,0,0,15,1,0,81,-24.34892381291138,0.30082492534154565,0.017895139753818512,0.0007901935023255646,1.0,1.0
stochastic_sweep,unseen,Unseen delay,"(0,0-15)",15.0,0,0,0,15,1,1,85,-25.442314819199964,0.30292002638418447,0.061177484691143036,0.0016509525012224913,0.0,1.0
stochastic_sweep,unseen,Unseen delay,"(0,0-15)",15.0,0,0,0,15,1,2,83,-30.088743593543768,0.3674754049314792,0.13723833858966827,0.007197246421128511,0.0,1.0
stochastic_sweep,unseen,Unseen delay,"(0,0-15)",15.0,0,0,0,15,1,3,81,-26.125864029861987,0.32308838002521684,0.044294752180576324,0.005117769353091717,1.0,1.0
stochastic_sweep,unseen,Unseen delay,"(0,0-15)",15.0,0,0,0,15,1,4,87,-26.894609078066424,0.3113762881398073,0.027875427156686783,0.0024533274117857218,1.0,1.0
stochastic_sweep,unseen,Unseen delay,"(0,0-15)",15.0,0,0,0,15,1,5,84,-29.327452206984162,0.35019970439108355,0.022330740466713905,0.022330740466713905,1.0,1.0
stochastic_sweep,unseen,Unseen delay,"(0,0-15)",15.0,0,0,0,15,1,6,82,-29.434829069301486,0.3601544545509103,0.04891810193657875,0.008600864559412003,1.0,1.0
stochastic_sweep,unseen,Unseen delay,"(0,0-15)",15.0,0,0,0,15,1,7,84,-19.76146617764607,0.23650452621569412,0.02622850611805916,0.0036409664899110794,1.0,1.0
stochastic_sweep,unseen,Unseen delay,"(0,0-15)",15.0,0,0,0,15,1,8,86,-29.013250269927084,0.33842876015317647,0.015270517207682133,0.015270517207682133,1.0,1.0
stochastic_sweep,unseen,Unseen delay,"(0,0-15)",15.0,0,0,0,15,1,9,82,-33.91290039010346,0.4170579118199828,0.14292418956756592,0.02042386122047901,0.0,1.0
stochastic_sweep,unseen,Unseen delay,"(0,0-15)",15.0,0,0,0,15,2,0,82,-23.068984712474048,0.28157051790096777,0.009898877702653408,0.008011952042579651,1.0,1.0
stochastic_sweep,unseen,Unseen delay,"(0,0-15)",15.0,0,0,0,15,2,1,86,-28.55992177547887,0.3369809271778565,0.07007299363613129,0.005600789096206427,0.0,1.0
stochastic_sweep,unseen,Unseen delay,"(0,0-15)",15.0,0,0,0,15,2,2,86,-30.64091184735298,0.35706656330893205,0.011135432869195938,0.006703878752887249,1.0,1.0
stochastic_sweep,unseen,Unseen delay,"(0,0-15)",15.0,0,0,0,15,2,3,80,-26.134009159635752,0.3266751144954469,0.05639810115098953,0.007219479884952307,1.0,1.0
stochastic_sweep,unseen,Unseen delay,"(0,0-15)",15.0,0,0,0,15,2,4,83,-25.345205770805478,0.3068049061953662,0.03986714780330658,0.016619503498077393,1.0,1.0
stochastic_sweep,unseen,Unseen delay,"(0,0-15)",15.0,0,0,0,15,2,5,86,-23.865788454655558,0.2786096974091908,0.015774253755807877,0.005114409606903791,1.0,1.0
stochastic_sweep,unseen,Unseen delay,"(0,0-15)",15.0,0,0,0,15,2,6,84,-23.833284945692867,0.28517669201495927,0.030389295890927315,0.0029276576824486256,1.0,1.0
stochastic_sweep,unseen,Unseen delay,"(0,0-15)",15.0,0,0,0,15,2,7,80,-27.088046288583428,0.33860057860729287,0.013395308516919613,0.001528042834252119,1.0,1.0
stochastic_sweep,unseen,Unseen delay,"(0,0-15)",15.0,0,0,0,15,2,8,83,-35.87180873379111,0.4347196761294302,0.06997479498386383,0.030128296464681625,0.0,0.0
stochastic_sweep,unseen,Unseen delay,"(0,0-15)",15.0,0,0,0,15,2,9,82,-27.45271413680166,0.33555452061090163,0.03137827664613724,0.005837404169142246,1.0,1.0
stochastic_sweep,unseen,Unseen delay,"(0,0-15)",15.0,0,0,0,15,3,0,82,-28.5159257883206,0.3489497831977177,0.04897821694612503,0.008479868061840534,1.0,1.0
stochastic_sweep,unseen,Unseen delay,"(0,0-15)",15.0,0,0,0,15,3,1,87,-36.053353742696345,0.4164868471287619,0.02585742250084877,0.00918891467154026,1.0,1.0
stochastic_sweep,unseen,Unseen delay,"(0,0-15)",15.0,0,0,0,15,3,2,83,-25.446963874739595,0.3068276591085638,0.006577277090400457,0.0015782053815200925,1.0,1.0
stochastic_sweep,unseen,Unseen delay,"(0,0-15)",15.0,0,0,0,15,3,3,83,-23.548759723082185,0.2864407513919006,0.07527421414852142,0.023938274011015892,0.0,1.0
stochastic_sweep,unseen,Unseen delay,"(0,0-15)",15.0,0,0,0,15,3,4,85,-26.31683217547834,0.3177732406951049,0.1387786567211151,0.006161017343401909,0.0,1.0
stochastic_sweep,unseen,Unseen delay,"(0,0-15)",15.0,0,0,0,15,3,5,82,-22.11056304257363,0.27083288799835054,0.048866886645555496,0.011145937256515026,1.0,1.0
stochastic_sweep,unseen,Unseen delay,"(0,0-15)",15.0,0,0,0,15,3,6,84,-30.273940921761096,0.36256722628050264,0.04542652145028114,0.013656792230904102,1.0,1.0
stochastic_sweep,unseen,Unseen delay,"(0,0-15)",15.0,0,0,0,15,3,7,80,-29.345056468620896,0.3668132058577612,0.03889350965619087,0.012310627847909927,1.0,1.0
stochastic_sweep,unseen,Unseen delay,"(0,0-15)",15.0,0,0,0,15,3,8,84,-42.59471167623997,0.5277169220859096,0.4333774447441101,0.027644626796245575,0.0,0.0
stochastic_sweep,unseen,Unseen delay,"(0,0-15)",15.0,0,0,0,15,3,9,86,-26.765463484916836,0.31435639123692244,0.044864360243082047,0.004074878059327602,1.0,1.0
stochastic_sweep,unseen,Unseen delay,"(0,0-15)",15.0,0,0,0,15,4,0,80,-30.378462349064648,0.3797307793633081,0.02257421240210533,0.010896444320678711,1.0,1.0
stochastic_sweep,unseen,Unseen delay,"(0,0-15)",15.0,0,0,0,15,4,1,82,-22.574239497538656,0.27618886718367475,0.03662380576133728,0.0073487418703734875,1.0,1.0
stochastic_sweep,unseen,Unseen delay,"(0,0-15)",15.0,0,0,0,15,4,2,84,-27.49645478092134,0.32874269710321513,0.029482943937182426,0.025552861392498016,1.0,1.0
stochastic_sweep,unseen,Unseen delay,"(0,0-15)",15.0,0,0,0,15,4,3,88,-36.925043223425746,0.43525763937610795,0.17220363020896912,0.027848081663250923,0.0,1.0
stochastic_sweep,unseen,Unseen delay,"(0,0-15)",15.0,0,0,0,15,4,4,84,-29.41520093753934,0.35310946746418875,0.06149858236312866,0.01944766379892826,0.0,1.0
stochastic_sweep,unseen,Unseen delay,"(0,0-15)",15.0,0,0,0,15,4,5,85,-23.598147267475724,0.27840346256818843,0.013229410164058208,0.011496690101921558,1.0,1.0
stochastic_sweep,unseen,Unseen delay,"(0,0-15)",15.0,0,0,0,15,4,6,80,-36.943797294050455,0.46179746617563067,0.061710890382528305,0.061252087354660034,0.0,0.0
stochastic_sweep,unseen,Unseen delay,"(0,0-15)",15.0,0,0,0,15,4,7,86,-40.17312722839415,0.4683918574565025,0.01809541881084442,0.017654061317443848,1.0,1.0
stochastic_sweep,unseen,Unseen delay,"(0,0-15)",15.0,0,0,0,15,4,8,85,-31.763214280363172,0.37723717901527004,0.060389187186956406,0.003871926572173834,0.0,1.0
stochastic_sweep,unseen,Unseen delay,"(0,0-15)",15.0,0,0,0,15,4,9,80,-23.252812520135194,0.2906601565016899,0.01071491651237011,0.005474348086863756,1.0,1.0
stochastic_sweep,augmented_action,Augmented (+action buffer),"(0,0-15)",15.0,0,0,0,15,0,0,86,-31.63395379856229,0.375983617896604,0.11677289009094238,0.008507923223078251,0.0,1.0
stochastic_sweep,augmented_action,Augmented (+action buffer),"(0,0-15)",15.0,0,0,0,15,0,1,86,-28.427698616869748,0.3412118852679986,0.15275391936302185,0.005940602160990238,0.0,1.0
stochastic_sweep,augmented_action,Augmented (+action buffer),"(0,0-15)",15.0,0,0,0,15,0,2,84,-27.74681958789006,0.33599981703862014,0.1192912608385086,0.0060597681440413,0.0,1.0
stochastic_sweep,augmented_action,Augmented (+action buffer),"(0,0-15)",15.0,0,0,0,15,0,3,86,-34.518813667818904,0.4115051852192643,0.14510537683963776,0.015350929461419582,0.0,1.0
stochastic_sweep,augmented_action,Augmented (+action buffer),"(0,0-15)",15.0,0,0,0,15,0,4,83,-33.659266881644726,0.4163396038025258,0.29897341132164,0.014258816838264465,0.0,1.0
stochastic_sweep,augmented_action,Augmented (+action buffer),"(0,0-15)",15.0,0,0,0,15,0,5,85,-29.7541577052325,0.3541580040446099,0.06985452771186829,0.006773216649889946,0.0,1.0
stochastic_sweep,augmented_action,Augmented (+action buffer),"(0,0-15)",15.0,0,0,0,15,0,6,85,-26.836292241699994,0.3195528293905013,0.06513965129852295,0.01152676623314619,0.0,1.0
stochastic_sweep,augmented_action,Augmented (+action buffer),"(0,0-15)",15.0,0,0,0,15,0,7,82,-27.754000538028777,0.3405736816660842,0.08652067929506302,0.005513829179108143,0.0,1.0
stochastic_sweep,augmented_action,Augmented (+action buffer),"(0,0-15)",15.0,0,0,0,15,0,8,85,-30.592224803986028,0.3679231175303678,0.13624803721904755,0.001907532336190343,0.0,1.0
stochastic_sweep,augmented_action,Augmented (+action buffer),"(0,0-15)",15.0,0,0,0,15,0,9,84,-31.935052551329136,0.3836250636017039,0.07236319780349731,0.04026420786976814,0.0,1.0
stochastic_sweep,augmented_action,Augmented (+action buffer),"(0,0-15)",15.0,0,0,0,15,1,0,81,-30.775221470743418,0.38232538145449424,0.19313442707061768,0.028312046080827713,0.0,1.0
stochastic_sweep,augmented_action,Augmented (+action buffer),"(0,0-15)",15.0,0,0,0,15,1,1,85,-26.61975438101217,0.3169190281399471,0.06367260217666626,0.004346416797488928,0.0,1.0
stochastic_sweep,augmented_action,Augmented (+action buffer),"(0,0-15)",15.0,0,0,0,15,1,2,83,-31.762417112477124,0.38442791469888876,0.04836660251021385,0.008455194532871246,1.0,1.0
stochastic_sweep,augmented_action,Augmented (+action buffer),"(0,0-15)",15.0,0,0,0,15,1,3,81,-34.346863247454166,0.4277383204043647,0.29994070529937744,0.01742280274629593,0.0,1.0
stochastic_sweep,augmented_action,Augmented (+action buffer),"(0,0-15)",15.0,0,0,0,15,1,4,87,-29.281868010759354,0.3487806647330865,0.15172140300273895,0.023075934499502182,0.0,1.0
stochastic_sweep,augmented_action,Augmented (+action buffer),"(0,0-15)",15.0,0,0,0,15,1,5,84,-29.458166986703873,0.3643547598095167,0.28690820932388306,0.011912981048226357,0.0,1.0
stochastic_sweep,augmented_action,Augmented (+action buffer),"(0,0-15)",15.0,0,0,0,15,1,6,82,-29.193778512999415,0.35840330306985757,0.09764616936445236,0.01644274964928627,0.0,1.0
stochastic_sweep,augmented_action,Augmented (+action buffer),"(0,0-15)",15.0,0,0,0,15,1,7,84,-27.37220050394535,0.3296630774580297,0.07987450063228607,0.012427140027284622,0.0,1.0
stochastic_sweep,augmented_action,Augmented (+action buffer),"(0,0-15)",15.0,0,0,0,15,1,8,86,-32.38720514066517,0.3868110663539102,0.14642442762851715,0.016055772081017494,0.0,1.0
stochastic_sweep,augmented_action,Augmented (+action buffer),"(0,0-15)",15.0,0,0,0,15,1,9,82,-32.21471949573606,0.39341223384140106,0.022541839629411697,0.008995204232633114,1.0,1.0
stochastic_sweep,augmented_action,Augmented (+action buffer),"(0,0-15)",15.0,0,0,0,15,2,0,82,-31.37100461870432,0.3842367430830874,0.06820415705442429,0.03833765536546707,0.0,1.0
stochastic_sweep,augmented_action,Augmented (+action buffer),"(0,0-15)",15.0,0,0,0,15,2,1,86,-29.95892752148211,0.351165738238325,0.040220994502305984,0.00902780331671238,1.0,1.0
stochastic_sweep,augmented_action,Augmented (+action buffer),"(0,0-15)",15.0,0,0,0,15,2,2,86,-33.87523052189499,0.4007529498641054,0.09825386106967926,0.013844792731106281,0.0,1.0
stochastic_sweep,augmented_action,Augmented (+action buffer),"(0,0-15)",15.0,0,0,0,15,2,3,80,-25.64834842691198,0.32060435533639975,0.023131759837269783,0.0011313557624816895,1.0,1.0
stochastic_sweep,augmented_action,Augmented (+action buffer),"(0,0-15)",15.0,0,0,0,15,2,4,83,-28.45026787184179,0.34521560853414507,0.06754254549741745,0.012325704097747803,0.0,1.0
stochastic_sweep,augmented_action,Augmented (+action buffer),"(0,0-15)",15.0,0,0,0,15,2,5,86,-31.00620490591973,0.3642488198549768,0.053198933601379395,0.013166124932467937,1.0,1.0
stochastic_sweep,augmented_action,Augmented (+action buffer),"(0,0-15)",15.0,0,0,0,15,2,6,84,-29.185324448160827,0.35331751711090054,0.12333674728870392,0.014991187490522861,0.0,1.0
stochastic_sweep,augmented_action,Augmented (+action buffer),"(0,0-15)",15.0,0,0,0,15,2,7,80,-31.419549813494086,0.39274437266867607,0.03164694458246231,0.009882050566375256,1.0,1.0
stochastic_sweep,augmented_action,Augmented (+action buffer),"(0,0-15)",15.0,0,0,0,15,2,8,83,-29.275601169094443,0.3564876044864755,0.10429000109434128,0.00798163004219532,0.0,1.0
stochastic_sweep,augmented_action,Augmented (+action buffer),"(0,0-15)",15.0,0,0,0,15,2,9,82,-33.18061975343153,0.4079970205827366,0.13756796717643738,0.003975681494921446,0.0,1.0
stochastic_sweep,augmented_action,Augmented (+action buffer),"(0,0-15)",15.0,0,0,0,15,3,0,82,-32.201764437835664,0.39335664542868914,0.026740243658423424,0.006709194276481867,1.0,1.0
stochastic_sweep,augmented_action,Augmented (+action buffer),"(0,0-15)",15.0,0,0,0,15,3,1,87,-31.652904335409403,0.38266782329856663,0.23417089879512787,0.009870857000350952,0.0,1.0
stochastic_sweep,augmented_action,Augmented (+action buffer),"(0,0-15)",15.0,0,0,0,15,3,2,83,-26.683621215634048,0.323687582299203,0.06081603839993477,0.002953876741230488,0.0,1.0
stochastic_sweep,augmented_action,Augmented (+action buffer),"(0,0-15)",15.0,0,0,0,15,3,3,83,-28.54261873383075,0.3441378101706505,0.006939836777746677,0.006939836777746677,1.0,1.0
stochastic_sweep,augmented_action,Augmented (+action buffer),"(0,0-15)",15.0,0,0,0,15,3,4,85,-29.141597566660494,0.34378323962035423,0.015995560213923454,0.006980375852435827,1.0,1.0
stochastic_sweep,augmented_action,Augmented (+action buffer),"(0,0-15)",15.0,0,0,0,15,3,5,82,-28.866488996893167,0.3553162577403028,0.13472206890583038,0.018970737233757973,0.0,1.0
stochastic_sweep,augmented_action,Augmented (+action buffer),"(0,0-15)",15.0,0,0,0,15,3,6,84,-27.01650529447943,0.32699056777970065,0.11267559975385666,0.0075166719034314156,0.0,1.0
stochastic_sweep,augmented_action,Augmented (+action buffer),"(0,0-15)",15.0,0,0,0,15,3,7,80,-30.364080606028438,0.3795510075753555,0.17363035678863525,0.014630964025855064,0.0,1.0
stochastic_sweep,augmented_action,Augmented (+action buffer),"(0,0-15)",15.0,0,0,0,15,3,8,84,-33.298461575992405,0.39939402350934133,0.06265909969806671,0.01189450640231371,0.0,1.0
stochastic_sweep,augmented_action,Augmented (+action buffer),"(0,0-15)",15.0,0,0,0,15,3,9,86,-32.414052546489984,0.38447403908317346,0.10845246911048889,0.00652048597112298,0.0,1.0
stochastic_sweep,augmented_action,Augmented (+action buffer),"(0,0-15)",15.0,0,0,0,15,4,0,80,-34.2063662186265,0.42757957773283123,0.019668903201818466,0.019668903201818466,1.0,1.0
stochastic_sweep,augmented_action,Augmented (+action buffer),"(0,0-15)",15.0,0,0,0,15,4,1,82,-31.090500998310745,0.38012198425783983,0.039750855416059494,0.00967107992619276,1.0,1.0
stochastic_sweep,augmented_action,Augmented (+action buffer),"(0,0-15)",15.0,0,0,0,15,4,2,84,-28.39344108942896,0.3454592079922025,0.15628309547901154,0.010481440462172031,0.0,1.0
stochastic_sweep,augmented_action,Augmented (+action buffer),"(0,0-15)",15.0,0,0,0,15,4,3,88,-25.54540320765227,0.2940793494080109,0.04169744253158569,0.010970227420330048,1.0,1.0
stochastic_sweep,augmented_action,Augmented (+action buffer),"(0,0-15)",15.0,0,0,0,15,4,4,84,-29.051327377092093,0.35781504461608293,0.25128409266471863,0.005448529031127691,0.0,1.0
stochastic_sweep,augmented_action,Augmented (+action buffer),"(0,0-15)",15.0,0,0,0,15,4,5,85,-28.78661219123751,0.3439939955687698,0.09057548642158508,0.012994497083127499,0.0,1.0
stochastic_sweep,augmented_action,Augmented (+action buffer),"(0,0-15)",15.0,0,0,0,15,4,6,80,-28.29718833602965,0.35371485420037063,0.010881878435611725,0.006831514649093151,1.0,1.0
stochastic_sweep,augmented_action,Augmented (+action buffer),"(0,0-15)",15.0,0,0,0,15,4,7,86,-34.511795815080404,0.40898834025963793,0.11020024120807648,0.013246776536107063,0.0,1.0
stochastic_sweep,augmented_action,Augmented (+action buffer),"(0,0-15)",15.0,0,0,0,15,4,8,85,-32.42014995403588,0.39764252903268615,0.2758930027484894,0.01982608251273632,0.0,1.0
stochastic_sweep,augmented_action,Augmented (+action buffer),"(0,0-15)",15.0,0,0,0,15,4,9,80,-31.10888453759253,0.3888610567199066,0.187267005443573,0.011938804760575294,0.0,1.0
stochastic_sweep,augmented_action_delay,Augmented (+action buffer + delay values),"(0,0-15)",15.0,0,0,0,15,0,0,86,-23.92152337229345,0.28045530568099,0.032938819378614426,0.0008279065368697047,1.0,1.0
stochastic_sweep,augmented_action_delay,Augmented (+action buffer + delay values),"(0,0-15)",15.0,0,0,0,15,0,1,86,-20.176383373560384,0.23555994266914854,0.013628615997731686,0.0016332300147041678,1.0,1.0
stochastic_sweep,augmented_action_delay,Augmented (+action buffer + delay values),"(0,0-15)",15.0,0,0,0,15,0,2,84,-21.28029901906848,0.2540977656220396,0.01597832329571247,0.0016380295855924487,1.0,1.0
stochastic_sweep,augmented_action_delay,Augmented (+action buffer + delay values),"(0,0-15)",15.0,0,0,0,15,0,3,86,-25.681546868174337,0.299206557503609,0.008369512856006622,0.0014166528126224875,1.0,1.0
stochastic_sweep,augmented_action_delay,Augmented (+action buffer + delay values),"(0,0-15)",15.0,0,0,0,15,0,4,83,-23.805487596662715,0.2872765588613384,0.012822262942790985,0.002536608837544918,1.0,1.0
stochastic_sweep,augmented_action_delay,Augmented (+action buffer + delay values),"(0,0-15)",15.0,0,0,0,15,0,5,85,-21.342505771666765,0.2522242799620418,0.019311605021357536,0.002030125819146633,1.0,1.0
stochastic_sweep,augmented_action_delay,Augmented (+action buffer + delay values),"(0,0-15)",15.0,0,0,0,15,0,6,85,-20.498717005946673,0.24194505068555694,0.01332246046513319,0.0017643916653469205,1.0,1.0
stochastic_sweep,augmented_action_delay,Augmented (+action buffer + delay values),"(0,0-15)",15.0,0,0,0,15,0,7,82,-20.311712943250313,0.24813855398821122,0.017824241891503334,0.00308620254509151,1.0,1.0
stochastic_sweep,augmented_action_delay,Augmented (+action buffer + delay values),"(0,0-15)",15.0,0,0,0,15,0,8,85,-20.239514699904248,0.23981197332579862,0.02890060655772686,0.0024813362397253513,1.0,1.0
stochastic_sweep,augmented_action_delay,Augmented (+action buffer + delay values),"(0,0-15)",15.0,0,0,0,15,0,9,84,-21.655721756396815,0.2584849318705632,0.014253130182623863,0.001888287253677845,1.0,1.0
stochastic_sweep,augmented_action_delay,Augmented (+action buffer + delay values),"(0,0-15)",15.0,0,0,0,15,1,0,81,-20.23234996199608,0.25004322702685994,0.021151427179574966,0.002198663307353854,1.0,1.0
stochastic_sweep,augmented_action_delay,Augmented (+action buffer + delay values),"(0,0-15)",15.0,0,0,0,15,1,1,85,-21.253248259890825,0.25112544189152475,0.018482860177755356,0.00037168385460972786,1.0,1.0
stochastic_sweep,augmented_action_delay,Augmented (+action buffer + delay values),"(0,0-15)",15.0,0,0,0,15,1,2,83,-25.723463587928563,0.31024699936991174,0.009012453258037567,0.00392188923433423,1.0,1.0
stochastic_sweep,augmented_action_delay,Augmented (+action buffer + delay values),"(0,0-15)",15.0,0,0,0,15,1,3,81,-23.4625850864104,0.2897608297708858,0.008042125031352043,0.0007224537548609078,1.0,1.0
stochastic_sweep,augmented_action_delay,Augmented (+action buffer + delay values),"(0,0-15)",15.0,0,0,0,15,1,4,87,-20.948463406879455,0.24183314886136814,0.013002934865653515,0.0013014401774853468,1.0,1.0
stochastic_sweep,augmented_action_delay,Augmented (+action buffer + delay values),"(0,0-15)",15.0,0,0,0,15,1,5,84,-20.561147237895057,0.24563807846390687,0.01811283826828003,0.003305868012830615,1.0,1.0
stochastic_sweep,augmented_action_delay,Augmented (+action buffer + delay values),"(0,0-15)",15.0,0,0,0,15,1,6,82,-19.944248342188075,0.2436088853453218,0.01584012806415558,0.0038099612575024366,1.0,1.0
stochastic_sweep,augmented_action_delay,Augmented (+action buffer + delay values),"(0,0-15)",15.0,0,0,0,15,1,7,84,-19.70161834754981,0.23565243153799592,0.023296475410461426,0.00269109895452857,1.0,1.0
stochastic_sweep,augmented_action_delay,Augmented (+action buffer + delay values),"(0,0-15)",15.0,0,0,0,15,1,8,86,-21.68756952486001,0.2527296769643895,0.007863782346248627,0.0026758613530546427,1.0,1.0
stochastic_sweep,augmented_action_delay,Augmented (+action buffer + delay values),"(0,0-15)",15.0,0,0,0,15,1,9,82,-22.945012805517763,0.28019520751109755,0.015497105196118355,0.0067542605102062225,1.0,1.0
stochastic_sweep,augmented_action_delay,Augmented (+action buffer + delay values),"(0,0-15)",15.0,0,0,0,15,2,0,82,-21.16516862809658,0.25850643971707765,0.01617971435189247,0.0022798303980380297,1.0,1.0
stochastic_sweep,augmented_action_delay,Augmented (+action buffer + delay values),"(0,0-15)",15.0,0,0,0,15,2,1,86,-25.73688301537186,0.30024625743241157,0.014049187302589417,0.0027241636998951435,1.0,1.0
stochastic_sweep,augmented_action_delay,Augmented (+action buffer + delay values),"(0,0-15)",15.0,0,0,0,15,2,2,86,-23.56866004492622,0.2744372148854593,0.005490072537213564,0.0015359822427853942,1.0,1.0
stochastic_sweep,augmented_action_delay,Augmented (+action buffer + delay values),"(0,0-15)",15.0,0,0,0,15,2,3,80,-20.995133764808998,0.26243917206011247,0.012845633551478386,0.0023421740625053644,1.0,1.0
stochastic_sweep,augmented_action_delay,Augmented (+action buffer + delay values),"(0,0-15)",15.0,0,0,0,15,2,4,83,-20.734775251243263,0.25060305154758944,0.021759342402219772,0.002995133865624666,1.0,1.0
stochastic_sweep,augmented_action_delay,Augmented (+action buffer + delay values),"(0,0-15)",15.0,0,0,0,15,2,5,86,-20.01735496101901,0.23408816988190073,0.019037941470742226,0.0006806703750044107,1.0,1.0
stochastic_sweep,augmented_action_delay,Augmented (+action buffer + delay values),"(0,0-15)",15.0,0,0,0,15,2,6,84,-20.048350636381656,0.23999859468590112,0.027882829308509827,0.002058601239696145,1.0,1.0
stochastic_sweep,augmented_action_delay,Augmented (+action buffer + delay values),"(0,0-15)",15.0,0,0,0,15,2,7,80,-21.75987725518644,0.2719984656898305,0.007703864481300116,0.0023142900317907333,1.0,1.0
stochastic_sweep,augmented_action_delay,Augmented (+action buffer + delay values),"(0,0-15)",15.0,0,0,0,15,2,8,83,-23.041651389095932,0.2780993407064802,0.013531296513974667,0.0057389927096664906,1.0,1.0
stochastic_sweep,augmented_action_delay,Augmented (+action buffer + delay values),"(0,0-15)",15.0,0,0,0,15,2,9,82,-25.196510091540404,0.30786148381629597,0.024065790697932243,0.00016643956769257784,1.0,1.0
stochastic_sweep,augmented_action_delay,Augmented (+action buffer + delay values),"(0,0-15)",15.0,0,0,0,15,3,0,82,-25.54134647594765,0.3116589903592972,0.007345366757363081,0.002752401167526841,1.0,1.0
stochastic_sweep,augmented_action_delay,Augmented (+action buffer + delay values),"(0,0-15)",15.0,0,0,0,15,3,1,87,-24.159254994941875,0.2785390730620758,0.010520623065531254,0.0035932387690991163,1.0,1.0
stochastic_sweep,augmented_action_delay,Augmented (+action buffer + delay values),"(0,0-15)",15.0,0,0,0,15,3,2,83,-20.872043408686295,0.25175852043812263,0.0079712625592947,0.00231836992315948,1.0,1.0
stochastic_sweep,augmented_action_delay,Augmented (+action buffer + delay values),"(0,0-15)",15.0,0,0,0,15,3,3,83,-20.449433168163523,0.2469450498577656,0.015668656677007675,0.003492030082270503,1.0,1.0
stochastic_sweep,augmented_action_delay,Augmented (+action buffer + delay values),"(0,0-15)",15.0,0,0,0,15,3,4,85,-19.885103282227647,0.23525934610173435,0.02238822728395462,0.0006526132929138839,1.0,1.0
stochastic_sweep,augmented_action_delay,Augmented (+action buffer + delay values),"(0,0-15)",15.0,0,0,0,15,3,5,82,-19.848065171856433,0.24277223379169477,0.029628999531269073,0.0014520962722599506,1.0,1.0
stochastic_sweep,augmented_action_delay,Augmented (+action buffer + delay values),"(0,0-15)",15.0,0,0,0,15,3,6,84,-21.954770068405196,0.26187653412454803,0.010714699514210224,0.0013369994703680277,1.0,1.0
stochastic_sweep,augmented_action_delay,Augmented (+action buffer + delay values),"(0,0-15)",15.0,0,0,0,15,3,7,80,-22.742244602181017,0.2842780575272627,0.015608738176524639,0.003243904560804367,1.0,1.0
stochastic_sweep,augmented_action_delay,Augmented (+action buffer + delay values),"(0,0-15)",15.0,0,0,0,15,3,8,84,-25.633952719450463,0.3062855156638848,0.023507649078965187,0.0008784871897660196,1.0,1.0
stochastic_sweep,augmented_action_delay,Augmented (+action buffer + delay values),"(0,0-15)",15.0,0,0,0,15,3,9,86,-23.612627627328038,0.27505724602054027,0.007049255073070526,0.0022071327548474073,1.0,1.0
stochastic_sweep,augmented_action_delay,Augmented (+action buffer + delay values),"(0,0-15)",15.0,0,0,0,15,4,0,80,-23.7098410326289,0.2963730129078613,0.009145322255790234,0.0006902877939864993,1.0,1.0
stochastic_sweep,augmented_action_delay,Augmented (+action buffer + delay values),"(0,0-15)",15.0,0,0,0,15,4,1,82,-20.813546097604558,0.25417430383982365,0.014373408630490303,0.0023687896318733692,1.0,1.0
stochastic_sweep,augmented_action_delay,Augmented (+action buffer + delay values),"(0,0-15)",15.0,0,0,0,15,4,2,84,-20.670444456744008,0.24700933541697895,0.019584929570555687,0.0008398272329941392,1.0,1.0
stochastic_sweep,augmented_action_delay,Augmented (+action buffer + delay values),"(0,0-15)",15.0,0,0,0,15,4,3,88,-20.133058628387516,0.23018963523149563,0.015453658998012543,0.0003294092894066125,1.0,1.0
stochastic_sweep,augmented_action_delay,Augmented (+action buffer + delay values),"(0,0-15)",15.0,0,0,0,15,4,4,84,-20.183537975884974,0.2414104284031228,0.023734502494335175,0.0010536755435168743,1.0,1.0
stochastic_sweep,augmented_action_delay,Augmented (+action buffer + delay values),"(0,0-15)",15.0,0,0,0,15,4,5,85,-21.62174903601408,0.25501504138331205,0.010905896313488483,0.005543522536754608,1.0,1.0
stochastic_sweep,augmented_action_delay,Augmented (+action buffer + delay values),"(0,0-15)",15.0,0,0,0,15,4,6,80,-23.078462566714734,0.2884807820839342,0.014701275154948235,0.005201798398047686,1.0,1.0
stochastic_sweep,augmented_action_delay,Augmented (+action buffer + delay values),"(0,0-15)",15.0,0,0,0,15,4,7,86,-25.774534657830372,0.30119024243389886,0.021304365247488022,0.0016714043449610472,1.0,1.0
stochastic_sweep,augmented_action_delay,Augmented (+action buffer + delay values),"(0,0-15)",15.0,0,0,0,15,4,8,85,-23.678779878886417,0.2793139305540963,0.012580843642354012,0.000650803791359067,1.0,1.0
stochastic_sweep,augmented_action_delay,Augmented (+action buffer + delay values),"(0,0-15)",15.0,0,0,0,15,4,9,80,-20.44377359515056,0.255547169939382,0.004084435757249594,0.0014797586482018232,1.0,1.0
stochastic_sweep,unseen,Unseen delay,"(0,0-20)",20.0,0,0,0,20,0,0,85,-30.694722602609545,0.3673432131297886,0.10589010268449783,0.0045839655213057995,0.0,1.0
stochastic_sweep,unseen,Unseen delay,"(0,0-20)",20.0,0,0,0,20,0,1,84,-38.95261662825942,0.4738550994633919,0.2128029316663742,0.023568298667669296,0.0,0.0
stochastic_sweep,unseen,Unseen delay,"(0,0-20)",20.0,0,0,0,20,0,2,84,-44.87597414012998,0.545251259036983,0.23128290474414825,0.013155472464859486,0.0,1.0
stochastic_sweep,unseen,Unseen delay,"(0,0-20)",20.0,0,0,0,20,0,3,85,-37.38339579291642,0.44200294646708405,0.03737093135714531,0.026527201756834984,1.0,1.0
stochastic_sweep,unseen,Unseen delay,"(0,0-20)",20.0,0,0,0,20,0,4,83,-31.549252117052674,0.3867640589779041,0.1840549260377884,0.009768432006239891,0.0,1.0
stochastic_sweep,unseen,Unseen delay,"(0,0-20)",20.0,0,0,0,20,0,5,91,-29.345799799077213,0.32995109037997633,0.06179540231823921,0.011501139029860497,0.0,1.0
stochastic_sweep,unseen,Unseen delay,"(0,0-20)",20.0,0,0,0,20,0,6,86,-31.900767471641302,0.3774569806924393,0.09342214465141296,0.03267984837293625,0.0,1.0
stochastic_sweep,unseen,Unseen delay,"(0,0-20)",20.0,0,0,0,20,0,7,83,-39.23072616197169,0.4789501553603325,0.17404557764530182,0.011053597554564476,0.0,1.0
stochastic_sweep,unseen,Unseen delay,"(0,0-20)",20.0,0,0,0,20,0,8,83,-32.74297007638961,0.3973856076082013,0.08001178503036499,0.00825395155698061,0.0,1.0
stochastic_sweep,unseen,Unseen delay,"(0,0-20)",20.0,0,0,0,20,0,9,81,-30.43555404478684,0.37582464040153557,0.006241827737540007,0.006241827737540007,1.0,1.0
stochastic_sweep,unseen,Unseen delay,"(0,0-20)",20.0,0,0,0,20,1,0,87,-36.83147266507149,0.4299293662282242,0.08176888525485992,0.06667892634868622,0.0,0.0
stochastic_sweep,unseen,Unseen delay,"(0,0-20)",20.0,0,0,0,20,1,1,83,-30.813921501860023,0.3785805695701435,0.20275525748729706,0.02451922930777073,0.0,1.0
stochastic_sweep,unseen,Unseen delay,"(0,0-20)",20.0,0,0,0,20,1,2,87,-50.67695676907897,0.6095180713154119,0.33587363362312317,0.027897771447896957,0.0,0.0
stochastic_sweep,unseen,Unseen delay,"(0,0-20)",20.0,0,0,0,20,1,3,83,-30.30506621848326,0.3699535674300516,0.13369329273700714,0.0006373835494741797,0.0,1.0
stochastic_sweep,unseen,Unseen delay,"(0,0-20)",20.0,0,0,0,20,1,4,84,-22.234311744221486,0.26739704768156763,0.056760065257549286,0.0013857331359758973,1.0,1.0
stochastic_sweep,unseen,Unseen delay,"(0,0-20)",20.0,0,0,0,20,1,5,83,-21.172939236625098,0.25614640499740077,0.029070792719721794,0.0012348535237833858,1.0,1.0
stochastic_sweep,unseen,Unseen delay,"(0,0-20)",20.0,0,0,0,20,1,6,84,-23.889267350779846,0.2846916007194003,0.006206777412444353,0.00225511915050447,1.0,1.0
stochastic_sweep,unseen,Unseen delay,"(0,0-20)",20.0,0,0,0,20,1,7,91,-38.55328696873039,0.44020457122638657,0.1368480920791626,0.008342447690665722,0.0,0.0
stochastic_sweep,unseen,Unseen delay,"(0,0-20)",20.0,0,0,0,20,1,8,85,-34.3136308407411,0.4058739028761492,0.03713018074631691,0.015268349088728428,1.0,1.0
stochastic_sweep,unseen,Unseen delay,"(0,0-20)",20.0,0,0,0,20,1,9,82,-41.38973681628704,0.509843651659605,0.2087213099002838,0.13547173142433167,0.0,0.0
stochastic_sweep,unseen,Unseen delay,"(0,0-20)",20.0,0,0,0,20,2,0,85,-25.850887563079596,0.31219143161878865,0.13707682490348816,0.009153284132480621,0.0,1.0
stochastic_sweep,unseen,Unseen delay,"(0,0-20)",20.0,0,0,0,20,2,1,81,-30.760298408567905,0.3805696505271358,0.06584328413009644,0.009455517865717411,0.0,1.0
stochastic_sweep,unseen,Unseen delay,"(0,0-20)",20.0,0,0,0,20,2,2,81,-33.72654553805478,0.4168416471766699,0.03762788325548172,0.002543653594329953,1.0,1.0
stochastic_sweep,unseen,Unseen delay,"(0,0-20)",20.0,0,0,0,20,2,3,83,-24.823514737421647,0.29956743593821417,0.013527481816709042,0.0034491748083382845,1.0,1.0
stochastic_sweep,unseen,Unseen delay,"(0,0-20)",20.0,0,0,0,20,2,4,86,-28.41887275315821,0.33597386569910964,0.0791466161608696,0.020361652597784996,0.0,1.0
stochastic_sweep,unseen,Unseen delay,"(0,0-20)",20.0,0,0,0,20,2,5,83,-32.331015571486205,0.39006505792691226,0.014794745482504368,0.004011091310530901,1.0,1.0
stochastic_sweep,unseen,Unseen delay,"(0,0-20)",20.0,0,0,0,20,2,6,80,-26.34894344257191,0.32936179303214885,0.022074991837143898,0.004419303964823484,1.0,1.0
stochastic_sweep,unseen,Unseen delay,"(0,0-20)",20.0,0,0,0,20,2,7,86,-37.285040725022554,0.4696111026285,0.5169190168380737,0.045010045170784,0.0,0.0
stochastic_sweep,unseen,Unseen delay,"(0,0-20)",20.0,0,0,0,20,2,8,87,-32.896743539720774,0.3813283334261385,0.03983163833618164,0.01730278879404068,1.0,1.0
stochastic_sweep,unseen,Unseen delay,"(0,0-20)",20.0,0,0,0,20,2,9,80,-41.26435036212206,0.5158043795265257,0.03350343182682991,0.03350343182682991,1.0,1.0
stochastic_sweep,unseen,Unseen delay,"(0,0-20)",20.0,0,0,0,20,3,0,81,-31.19587104767561,0.3883929244346089,0.26395583152770996,0.020657848566770554,0.0,1.0
stochastic_sweep,unseen,Unseen delay,"(0,0-20)",20.0,0,0,0,20,3,1,82,-29.06178689049557,0.35844214588244694,0.1652345359325409,0.005843300838023424,0.0,1.0
stochastic_sweep,unseen,Unseen delay,"(0,0-20)",20.0,0,0,0,20,3,2,83,-40.60105280391872,0.4955798809203398,0.17735910415649414,0.02853674627840519,0.0,1.0
stochastic_sweep,unseen,Unseen delay,"(0,0-20)",20.0,0,0,0,20,3,3,83,-35.39027628302574,0.4419881837913789,0.4315809905529022,0.08739984035491943,0.0,0.0
stochastic_sweep,unseen,Unseen delay,"(0,0-20)",20.0,0,0,0,20,3,4,85,-29.413104800507426,0.3468713101109161,0.014191311784088612,0.004617730155587196,1.0,1.0
stochastic_sweep,unseen,Unseen delay,"(0,0-20)",20.0,0,0,0,20,3,5,85,-27.835267418064177,0.3303164774990257,0.048326633870601654,0.0054331496357917786,1.0,1.0
stochastic_sweep,unseen,Unseen delay,"(0,0-20)",20.0,0,0,0,20,3,6,81,-31.6257212087512,0.39271642092937303,0.18430888652801514,0.03177566081285477,0.0,0.0
stochastic_sweep,unseen,Unseen delay,"(0,0-20)",20.0,0,0,0,20,3,7,86,-39.637168725952506,0.4780902757504305,0.24643249809741974,0.026120752096176147,0.0,1.0
stochastic_sweep,unseen,Unseen delay,"(0,0-20)",20.0,0,0,0,20,3,8,84,-51.235797841101885,0.6243554065003991,0.30251407623291016,0.03356032073497772,0.0,1.0
stochastic_sweep,unseen,Unseen delay,"(0,0-20)",20.0,0,0,0,20,3,9,85,-30.91473804647103,0.3649431131615796,0.021085314452648163,0.004582068417221308,1.0,1.0
stochastic_sweep,unseen,Unseen delay,"(0,0-20)",20.0,0,0,0,20,4,0,86,-26.229804784059525,0.3061617831591257,0.0166847612708807,0.004126410000026226,1.0,1.0
stochastic_sweep,unseen,Unseen delay,"(0,0-20)",20.0,0,0,0,20,4,1,87,-26.36678820196539,0.30636335610701093,0.040974825620651245,0.010196100920438766,1.0,1.0
stochastic_sweep,unseen,Unseen delay,"(0,0-20)",20.0,0,0,0,20,4,2,84,-35.9824448749423,0.4424646737142688,0.2961469292640686,0.046191804111003876,0.0,0.0
stochastic_sweep,unseen,Unseen delay,"(0,0-20)",20.0,0,0,0,20,4,3,86,-28.023672725073993,0.33173313783481717,0.08422952145338058,0.007912537083029747,0.0,1.0
stochastic_sweep,unseen,Unseen delay,"(0,0-20)",20.0,0,0,0,20,4,4,84,-38.92739060148597,0.47921460756056367,0.33165910840034485,0.022566724568605423,0.0,1.0
stochastic_sweep,unseen,Unseen delay,"(0,0-20)",20.0,0,0,0,20,4,5,87,-35.984658282250166,0.4353341242277074,0.26991578936576843,0.0197178702801466,0.0,0.0
stochastic_sweep,unseen,Unseen delay,"(0,0-20)",20.0,0,0,0,20,4,6,82,-42.69003461301327,0.5260009952798123,0.22102349996566772,0.11875501275062561,0.0,0.0
stochastic_sweep,unseen,Unseen delay,"(0,0-20)",20.0,0,0,0,20,4,7,84,-54.74276006221771,0.6614883776221957,0.2055659145116806,0.021151117980480194,0.0,1.0
stochastic_sweep,unseen,Unseen delay,"(0,0-20)",20.0,0,0,0,20,4,8,82,-46.389114489778876,0.5684407583051702,0.11151384562253952,0.013436911627650261,0.0,0.0
stochastic_sweep,unseen,Unseen delay,"(0,0-20)",20.0,0,0,0,20,4,9,85,-30.367492258548737,0.3589271808590959,0.028263622894883156,0.01658293604850769,1.0,1.0
stochastic_sweep,augmented_action,Augmented (+action buffer),"(0,0-20)",20.0,0,0,0,20,0,0,85,-37.48567708581686,0.44423653479008113,0.05488567426800728,0.013832245022058487,1.0,1.0
stochastic_sweep,augmented_action,Augmented (+action buffer),"(0,0-20)",20.0,0,0,0,20,0,1,84,-27.946439491584897,0.3341942348162688,0.031469058245420456,0.021474923938512802,1.0,1.0
stochastic_sweep,augmented_action,Augmented (+action buffer),"(0,0-20)",20.0,0,0,0,20,0,2,84,-31.874754251912236,0.3939100340940058,0.30342215299606323,0.007841886952519417,0.0,1.0
stochastic_sweep,augmented_action,Augmented (+action buffer),"(0,0-20)",20.0,0,0,0,20,0,3,85,-39.06113595585339,0.4683429748778615,0.14960338175296783,0.0033869703765958548,0.0,1.0
stochastic_sweep,augmented_action,Augmented (+action buffer),"(0,0-20)",20.0,0,0,0,20,0,4,83,-37.9195490796119,0.45813633615981386,0.03525560721755028,0.011084869503974915,1.0,1.0
stochastic_sweep,augmented_action,Augmented (+action buffer),"(0,0-20)",20.0,0,0,0,20,0,5,91,-35.71077415719628,0.4141434369260793,0.17966169118881226,0.011605811305344105,0.0,1.0
stochastic_sweep,augmented_action,Augmented (+action buffer),"(0,0-20)",20.0,0,0,0,20,0,6,86,-31.270156716927886,0.3641951176186287,0.008437233045697212,0.008437233045697212,1.0,1.0
stochastic_sweep,augmented_action,Augmented (+action buffer),"(0,0-20)",20.0,0,0,0,20,0,7,83,-31.793198583181947,0.3856021416912147,0.07059305906295776,0.005358109716325998,0.0,1.0
stochastic_sweep,augmented_action,Augmented (+action buffer),"(0,0-20)",20.0,0,0,0,20,0,8,83,-32.16202455479652,0.39174552644457084,0.11761804670095444,0.015234951861202717,0.0,1.0
stochastic_sweep,augmented_action,Augmented (+action buffer),"(0,0-20)",20.0,0,0,0,20,0,9,81,-34.6148236207664,0.4289934413944497,0.13364513218402863,0.021145369857549667,0.0,1.0
stochastic_sweep,augmented_action,Augmented (+action buffer),"(0,0-20)",20.0,0,0,0,20,1,0,87,-33.304219516925514,0.39831201821008977,0.1927037239074707,0.009810974821448326,0.0,1.0
stochastic_sweep,augmented_action,Augmented (+action buffer),"(0,0-20)",20.0,0,0,0,20,1,1,83,-30.20476708933711,0.3694352162440857,0.1527852863073349,0.023631678894162178,0.0,1.0
stochastic_sweep,augmented_action,Augmented (+action buffer),"(0,0-20)",20.0,0,0,0,20,1,2,87,-33.43431093264371,0.3969717389400834,0.157461479306221,0.008401931263506413,0.0,1.0
stochastic_sweep,augmented_action,Augmented (+action buffer),"(0,0-20)",20.0,0,0,0,20,1,3,83,-39.66392038203776,0.48008604040257186,0.061073657125234604,0.014041093178093433,0.0,1.0
stochastic_sweep,augmented_action,Augmented (+action buffer),"(0,0-20)",20.0,0,0,0,20,1,4,84,-34.24055261537433,0.41670180302822873,0.1905997097492218,0.015818513929843903,0.0,1.0
stochastic_sweep,augmented_action,Augmented (+action buffer),"(0,0-20)",20.0,0,0,0,20,1,5,83,-31.26598826237023,0.38540428825261364,0.2408558875322342,0.011627642437815666,0.0,1.0
stochastic_sweep,augmented_action,Augmented (+action buffer),"(0,0-20)",20.0,0,0,0,20,1,6,84,-34.76381332799792,0.41519158914507853,0.02807004004716873,0.011432645842432976,1.0,1.0
stochastic_sweep,augmented_action,Augmented (+action buffer),"(0,0-20)",20.0,0,0,0,20,1,7,91,-29.424529813230038,0.3343945229937742,0.09139743447303772,0.012558779679238796,0.0,1.0
stochastic_sweep,augmented_action,Augmented (+action buffer),"(0,0-20)",20.0,0,0,0,20,1,8,85,-31.47764685191214,0.37714101139675166,0.11586782336235046,0.013248730450868607,0.0,1.0
stochastic_sweep,augmented_action,Augmented (+action buffer),"(0,0-20)",20.0,0,0,0,20,1,9,82,-30.38485426362604,0.3723101091525722,0.07228734344244003,0.005415637046098709,0.0,1.0
stochastic_sweep,augmented_action,Augmented (+action buffer),"(0,0-20)",20.0,0,0,0,20,2,0,85,-33.751526618376374,0.40553438218639176,0.14377917349338531,0.0192196536809206,0.0,0.0
stochastic_sweep,augmented_action,Augmented (+action buffer),"(0,0-20)",20.0,0,0,0,20,2,1,81,-40.61483187228441,0.5042285993695259,0.22768467664718628,0.023333705961704254,0.0,1.0
stochastic_sweep,augmented_action,Augmented (+action buffer),"(0,0-20)",20.0,0,0,0,20,2,2,81,-35.77445661555976,0.44366957204715335,0.16277872025966644,0.008446057327091694,0.0,1.0
stochastic_sweep,augmented_action,Augmented (+action buffer),"(0,0-20)",20.0,0,0,0,20,2,3,83,-33.84787532500923,0.41271264453878603,0.13575805723667145,0.020272640511393547,0.0,1.0
stochastic_sweep,augmented_action,Augmented (+action buffer),"(0,0-20)",20.0,0,0,0,20,2,4,86,-31.215347114019096,0.36999628436210197,0.10072222352027893,0.005423266440629959,0.0,1.0
stochastic_sweep,augmented_action,Augmented (+action buffer),"(0,0-20)",20.0,0,0,0,20,2,5,83,-34.08839211333543,0.41448079737419463,0.10450468957424164,0.001960902474820614,0.0,1.0
stochastic_sweep,augmented_action,Augmented (+action buffer),"(0,0-20)",20.0,0,0,0,20,2,6,80,-31.253281773999333,0.3906660221749917,0.14111216366291046,0.014754675328731537,0.0,1.0
stochastic_sweep,augmented_action,Augmented (+action buffer),"(0,0-20)",20.0,0,0,0,20,2,7,86,-33.89072712138295,0.39647266879504506,0.0343203991651535,0.03185567632317543,1.0,1.0
stochastic_sweep,augmented_action,Augmented (+action buffer),"(0,0-20)",20.0,0,0,0,20,2,8,87,-32.26924797310494,0.373220569397933,0.028705937787890434,0.0022314859088510275,1.0,1.0
stochastic_sweep,augmented_action,Augmented (+action buffer),"(0,0-20)",20.0,0,0,0,20,2,9,80,-36.73832309618592,0.459229038702324,0.15975694358348846,0.038839928805828094,0.0,0.0
stochastic_sweep,augmented_action,Augmented (+action buffer),"(0,0-20)",20.0,0,0,0,20,3,0,81,-36.428369814530015,0.45094106725796507,0.09785663336515427,0.009246189147233963,0.0,1.0
stochastic_sweep,augmented_action,Augmented (+action buffer),"(0,0-20)",20.0,0,0,0,20,3,1,82,-34.49755348730832,0.4220951129228058,0.057122886180877686,0.004403319209814072,1.0,1.0
stochastic_sweep,augmented_action,Augmented (+action buffer),"(0,0-20)",20.0,0,0,0,20,3,2,83,-35.09217174490914,0.42498480669413524,0.060522403568029404,0.004186311271041632,0.0,1.0
stochastic_sweep,augmented_action,Augmented (+action buffer),"(0,0-20)",20.0,0,0,0,20,3,3,83,-28.036060472019017,0.33953746620296354,0.0485164076089859,0.013402610085904598,1.0,1.0
stochastic_sweep,augmented_action,Augmented (+action buffer),"(0,0-20)",20.0,0,0,0,20,3,4,85,-36.47108354046941,0.4486966475406114,0.33362630009651184,0.03697348013520241,0.0,0.0
stochastic_sweep,augmented_action,Augmented (+action buffer),"(0,0-20)",20.0,0,0,0,20,3,5,85,-34.26553928107023,0.4137289796681965,0.1802847981452942,0.02844809554517269,0.0,1.0
stochastic_sweep,augmented_action,Augmented (+action buffer),"(0,0-20)",20.0,0,0,0,20,3,6,81,-34.49300541356206,0.42693368230520945,0.08862285315990448,0.036126114428043365,0.0,0.0
stochastic_sweep,augmented_action,Augmented (+action buffer),"(0,0-20)",20.0,0,0,0,20,3,7,86,-36.237189115956426,0.44125067427494497,0.28506147861480713,0.011431744322180748,0.0,1.0
stochastic_sweep,augmented_action,Augmented (+action buffer),"(0,0-20)",20.0,0,0,0,20,3,8,84,-35.77897693961859,0.4325025708725055,0.13780975341796875,0.01870945654809475,0.0,1.0
stochastic_sweep,augmented_action,Augmented (+action buffer),"(0,0-20)",20.0,0,0,0,20,3,9,85,-36.11881680134684,0.4371287690475583,0.20742571353912354,0.005830374546349049,0.0,1.0
stochastic_sweep,augmented_action,Augmented (+action buffer),"(0,0-20)",20.0,0,0,0,20,4,0,86,-35.04368767538108,0.42786550353183733,0.29212427139282227,0.0033870695624500513,0.0,1.0
stochastic_sweep,augmented_action,Augmented (+action buffer),"(0,0-20)",20.0,0,0,0,20,4,1,87,-35.65130021981895,0.4233750015625666,0.16890355944633484,0.017678184434771538,0.0,1.0
stochastic_sweep,augmented_action,Augmented (+action buffer),"(0,0-20)",20.0,0,0,0,20,4,2,84,-31.653829352930188,0.37877710697995054,0.040861908346414566,0.017200158908963203,1.0,1.0
stochastic_sweep,augmented_action,Augmented (+action buffer),"(0,0-20)",20.0,0,0,0,20,4,3,86,-36.91754047200084,0.4488981315476257,0.2812831401824951,0.03363797813653946,0.0,0.0
stochastic_sweep,augmented_action,Augmented (+action buffer),"(0,0-20)",20.0,0,0,0,20,4,4,84,-28.82416226353962,0.3557376693504574,0.2644504904747009,0.001728832838125527,0.0,1.0
stochastic_sweep,augmented_action,Augmented (+action buffer),"(0,0-20)",20.0,0,0,0,20,4,5,87,-31.95757187344134,0.37021052565468454,0.035820551216602325,0.021671099588274956,1.0,1.0
stochastic_sweep,augmented_action,Augmented (+action buffer),"(0,0-20)",20.0,0,0,0,20,4,6,82,-30.76217688061297,0.3765630597793838,0.05799701064825058,0.0155387744307518,1.0,1.0
stochastic_sweep,augmented_action,Augmented (+action buffer),"(0,0-20)",20.0,0,0,0,20,4,7,84,-34.732534451410174,0.4248086779733144,0.23784862458705902,0.017635781317949295,0.0,1.0
stochastic_sweep,augmented_action,Augmented (+action buffer),"(0,0-20)",20.0,0,0,0,20,4,8,82,-34.12316903565079,0.42365680708799786,0.3083445727825165,0.011776660569012165,0.0,1.0
stochastic_sweep,augmented_action,Augmented (+action buffer),"(0,0-20)",20.0,0,0,0,20,4,9,85,-29.183427809737623,0.35284813501159934,0.1617327332496643,0.009402151219546795,0.0,1.0
stochastic_sweep,augmented_action_delay,Augmented (+action buffer + delay values),"(0,0-20)",20.0,0,0,0,20,0,0,85,-23.88704145117663,0.28242981047917376,0.02389848791062832,0.002121648518368602,1.0,1.0
stochastic_sweep,augmented_action_delay,Augmented (+action buffer + delay values),"(0,0-20)",20.0,0,0,0,20,0,1,84,-20.78752605174668,0.24861480130736405,0.024029314517974854,0.0021911589428782463,1.0,1.0
stochastic_sweep,augmented_action_delay,Augmented (+action buffer + delay values),"(0,0-20)",20.0,0,0,0,20,0,2,84,-22.09544833889231,0.2642561563767404,0.02551719918847084,0.003582112491130829,1.0,1.0
stochastic_sweep,augmented_action_delay,Augmented (+action buffer + delay values),"(0,0-20)",20.0,0,0,0,20,0,3,85,-25.974873533006757,0.3060911527396563,0.008574889972805977,0.003240050282329321,1.0,1.0
stochastic_sweep,augmented_action_delay,Augmented (+action buffer + delay values),"(0,0-20)",20.0,0,0,0,20,0,4,83,-23.959342756541446,0.2890618118227471,0.010929208248853683,0.0018588267266750336,1.0,1.0
stochastic_sweep,augmented_action_delay,Augmented (+action buffer + delay values),"(0,0-20)",20.0,0,0,0,20,0,5,91,-20.976516481721774,0.23214865490476919,0.013546464964747429,0.0013783213216811419,1.0,1.0
stochastic_sweep,augmented_action_delay,Augmented (+action buffer + delay values),"(0,0-20)",20.0,0,0,0,20,0,6,86,-20.736613649176434,0.2423085472790178,0.016986902803182602,0.0018102095928043127,1.0,1.0
stochastic_sweep,augmented_action_delay,Augmented (+action buffer + delay values),"(0,0-20)",20.0,0,0,0,20,0,7,83,-20.761912321206182,0.2507669390852462,0.017247874289751053,0.003768817987293005,1.0,1.0
stochastic_sweep,augmented_action_delay,Augmented (+action buffer + delay values),"(0,0-20)",20.0,0,0,0,20,0,8,83,-20.220302757341415,0.24440455639241151,0.02175847440958023,0.0034360340796411037,1.0,1.0
stochastic_sweep,augmented_action_delay,Augmented (+action buffer + delay values),"(0,0-20)",20.0,0,0,0,20,0,9,81,-21.88562382152304,0.2703900801673256,0.015972672030329704,0.0039407541044056416,1.0,1.0
stochastic_sweep,augmented_action_delay,Augmented (+action buffer + delay values),"(0,0-20)",20.0,0,0,0,20,1,0,87,-20.86544703238178,0.24189362262948363,0.025614019483327866,0.0017570520285516977,1.0,1.0
stochastic_sweep,augmented_action_delay,Augmented (+action buffer + delay values),"(0,0-20)",20.0,0,0,0,20,1,1,83,-21.709754389245063,0.262209075721856,0.01786629855632782,0.0032748058438301086,1.0,1.0
stochastic_sweep,augmented_action_delay,Augmented (+action buffer + delay values),"(0,0-20)",20.0,0,0,0,20,1,2,87,-26.603068467695266,0.3062991312672866,0.0064222789369523525,0.00428561307489872,1.0,1.0
stochastic_sweep,augmented_action_delay,Augmented (+action buffer + delay values),"(0,0-20)",20.0,0,0,0,20,1,3,83,-23.58787215896882,0.2846637270946325,0.013072396628558636,0.0019568107090890408,1.0,1.0
stochastic_sweep,augmented_action_delay,Augmented (+action buffer + delay values),"(0,0-20)",20.0,0,0,0,20,1,4,84,-20.696567965729628,0.2470074805792787,0.013015100732445717,0.0008363375090993941,1.0,1.0
stochastic_sweep,augmented_action_delay,Augmented (+action buffer + delay values),"(0,0-20)",20.0,0,0,0,20,1,5,83,-20.57596754131373,0.24877022409177643,0.023987019434571266,0.001289999927394092,1.0,1.0
stochastic_sweep,augmented_action_delay,Augmented (+action buffer + delay values),"(0,0-20)",20.0,0,0,0,20,1,6,84,-19.85034936608281,0.23712212157053209,0.016977211460471153,0.0010297349654138088,1.0,1.0
stochastic_sweep,augmented_action_delay,Augmented (+action buffer + delay values),"(0,0-20)",20.0,0,0,0,20,1,7,91,-19.85473289928632,0.2210976286198954,0.024104664102196693,0.0007525099790655077,1.0,1.0
stochastic_sweep,augmented_action_delay,Augmented (+action buffer + delay values),"(0,0-20)",20.0,0,0,0,20,1,8,85,-22.066686002537608,0.2607084802844945,0.01870696432888508,0.00717048579826951,1.0,1.0
stochastic_sweep,augmented_action_delay,Augmented (+action buffer + delay values),"(0,0-20)",20.0,0,0,0,20,1,9,82,-23.17973229684867,0.28315610584246403,0.019534191116690636,0.0022269561886787415,1.0,1.0
stochastic_sweep,augmented_action_delay,Augmented (+action buffer + delay values),"(0,0-20)",20.0,0,0,0,20,2,0,85,-21.294312202837318,0.25226958003442956,0.029720420017838478,0.002110266126692295,1.0,1.0
stochastic_sweep,augmented_action_delay,Augmented (+action buffer + delay values),"(0,0-20)",20.0,0,0,0,20,2,1,81,-26.200042065931484,0.3236235096493023,0.013462215662002563,0.0029509635642170906,1.0,1.0
stochastic_sweep,augmented_action_delay,Augmented (+action buffer + delay values),"(0,0-20)",20.0,0,0,0,20,2,2,81,-23.678045103442855,0.2923767083039921,0.004468269180506468,0.0018334077904000878,1.0,1.0
stochastic_sweep,augmented_action_delay,Augmented (+action buffer + delay values),"(0,0-20)",20.0,0,0,0,20,2,3,83,-21.0771130786743,0.2544206377225423,0.013266617432236671,0.002376912161707878,1.0,1.0
stochastic_sweep,augmented_action_delay,Augmented (+action buffer + delay values),"(0,0-20)",20.0,0,0,0,20,2,4,86,-20.638567954767495,0.24132218528647237,0.019189996644854546,0.005139389541000128,1.0,1.0
stochastic_sweep,augmented_action_delay,Augmented (+action buffer + delay values),"(0,0-20)",20.0,0,0,0,20,2,5,83,-20.51470210426487,0.24777565715015384,0.016892479732632637,0.002574233803898096,1.0,1.0
stochastic_sweep,augmented_action_delay,Augmented (+action buffer + delay values),"(0,0-20)",20.0,0,0,0,20,2,6,80,-19.928123967023566,0.24910154958779457,0.028861386701464653,0.00035530258901417255,1.0,1.0
stochastic_sweep,augmented_action_delay,Augmented (+action buffer + delay values),"(0,0-20)",20.0,0,0,0,20,2,7,86,-22.09371793619357,0.2576662867064696,0.010930453427135944,0.0030087565537542105,1.0,1.0
stochastic_sweep,augmented_action_delay,Augmented (+action buffer + delay values),"(0,0-20)",20.0,0,0,0,20,2,8,87,-22.682106953230686,0.26183837976697405,0.013976012356579304,0.00181348726619035,1.0,1.0
stochastic_sweep,augmented_action_delay,Augmented (+action buffer + delay values),"(0,0-20)",20.0,0,0,0,20,2,9,80,-25.761787646915764,0.32202234558644705,0.018049325793981552,0.002579975640401244,1.0,1.0
stochastic_sweep,augmented_action_delay,Augmented (+action buffer + delay values),"(0,0-20)",20.0,0,0,0,20,3,0,81,-25.802189871203154,0.3187481913612121,0.016413629055023193,0.006495349574834108,1.0,1.0
stochastic_sweep,augmented_action_delay,Augmented (+action buffer + delay values),"(0,0-20)",20.0,0,0,0,20,3,1,82,-23.590172390453517,0.28790388450526244,0.008973069489002228,0.0037936647422611713,1.0,1.0
stochastic_sweep,augmented_action_delay,Augmented (+action buffer + delay values),"(0,0-20)",20.0,0,0,0,20,3,2,83,-21.269551730249077,0.25657489725826194,0.008721580728888512,0.00169503060169518,1.0,1.0
stochastic_sweep,augmented_action_delay,Augmented (+action buffer + delay values),"(0,0-20)",20.0,0,0,0,20,3,3,83,-20.81492527248338,0.2513386452828635,0.015394095331430435,0.0033849808387458324,1.0,1.0
stochastic_sweep,augmented_action_delay,Augmented (+action buffer + delay values),"(0,0-20)",20.0,0,0,0,20,3,4,85,-19.976178823504597,0.2360439845799085,0.017511973157525063,0.0038748751394450665,1.0,1.0
stochastic_sweep,augmented_action_delay,Augmented (+action buffer + delay values),"(0,0-20)",20.0,0,0,0,20,3,5,85,-20.148529443191364,0.2386275477844345,0.02696242369711399,0.0034108066465705633,1.0,1.0
stochastic_sweep,augmented_action_delay,Augmented (+action buffer + delay values),"(0,0-20)",20.0,0,0,0,20,3,6,81,-21.76368048833683,0.26889830402868947,0.01708213798701763,0.004013478755950928,1.0,1.0
stochastic_sweep,augmented_action_delay,Augmented (+action buffer + delay values),"(0,0-20)",20.0,0,0,0,20,3,7,86,-22.9053968321532,0.26790526494123906,0.02240932546555996,0.0034544714726507664,1.0,1.0
stochastic_sweep,augmented_action_delay,Augmented (+action buffer + delay values),"(0,0-20)",20.0,0,0,0,20,3,8,84,-26.06772578129312,0.31138568721819737,0.022167986258864403,0.0002881467225961387,1.0,1.0
stochastic_sweep,augmented_action_delay,Augmented (+action buffer + delay values),"(0,0-20)",20.0,0,0,0,20,3,9,85,-23.856796954991296,0.2816217566593824,0.016210472211241722,0.0030338966753333807,1.0,1.0
stochastic_sweep,augmented_action_delay,Augmented (+action buffer + delay values),"(0,0-20)",20.0,0,0,0,20,4,0,86,-23.457160069956444,0.2737752193690624,0.01458479929715395,0.001718181069009006,1.0,1.0
stochastic_sweep,augmented_action_delay,Augmented (+action buffer + delay values),"(0,0-20)",20.0,0,0,0,20,4,1,87,-20.89082513633184,0.24110561812392853,0.012194805778563023,0.001294072950258851,1.0,1.0
stochastic_sweep,augmented_action_delay,Augmented (+action buffer + delay values),"(0,0-20)",20.0,0,0,0,20,4,2,84,-20.491751156863756,0.2445245265442368,0.012077268213033676,0.0011846661800518632,1.0,1.0
stochastic_sweep,augmented_action_delay,Augmented (+action buffer + delay values),"(0,0-20)",20.0,0,0,0,20,4,3,86,-20.233766118995845,0.23653866379889985,0.018093161284923553,0.002510668244212866,1.0,1.0
stochastic_sweep,augmented_action_delay,Augmented (+action buffer + delay values),"(0,0-20)",20.0,0,0,0,20,4,4,84,-20.176118673174642,0.24151809967450044,0.027850424870848656,0.0014037139480933547,1.0,1.0
stochastic_sweep,augmented_action_delay,Augmented (+action buffer + delay values),"(0,0-20)",20.0,0,0,0,20,4,5,87,-21.957141850842163,0.25354637253504975,0.014484651386737823,0.0010581796523183584,1.0,1.0
stochastic_sweep,augmented_action_delay,Augmented (+action buffer + delay values),"(0,0-20)",20.0,0,0,0,20,4,6,82,-23.384519952815026,0.28558943170213663,0.016906723380088806,0.0030789305455982685,1.0,1.0
stochastic_sweep,augmented_action_delay,Augmented (+action buffer + delay values),"(0,0-20)",20.0,0,0,0,20,4,7,84,-25.805158529197797,0.3083210460193056,0.023452334105968475,0.002199009759351611,1.0,1.0
stochastic_sweep,augmented_action_delay,Augmented (+action buffer + delay values),"(0,0-20)",20.0,0,0,0,20,4,8,82,-24.180333549622446,0.2953771860509111,0.020297853276133537,0.0034420141018927097,1.0,1.0
stochastic_sweep,augmented_action_delay,Augmented (+action buffer + delay values),"(0,0-20)",20.0,0,0,0,20,4,9,85,-20.572282495559193,0.24226727737250792,0.004087216220796108,0.001240532728843391,1.0,1.0
state_constant,unseen,Unseen delay,"(15,15)",15.0,15,15,15,15,0,0,95,-149.39966237545013,1.8933145912070024,2.031014919281006,0.03308935463428497,0.0,1.0
state_constant,unseen,Unseen delay,"(15,15)",15.0,15,15,15,15,0,1,95,-145.41744230687618,1.8215446847049814,1.8419535160064697,0.181050106883049,0.0,0.0
state_constant,unseen,Unseen delay,"(15,15)",15.0,15,15,15,15,0,2,95,-146.56691974401474,1.8432776244063127,1.902963638305664,0.09401121735572815,0.0,0.0
state_constant,unseen,Unseen delay,"(15,15)",15.0,15,15,15,15,0,3,95,-150.59990069270134,1.928421863442973,2.1733450889587402,0.10869351029396057,0.0,0.0
state_constant,unseen,Unseen delay,"(15,15)",15.0,15,15,15,15,0,4,95,-148.99712667614222,1.8973941788077355,2.0836880207061768,0.01838529109954834,0.0,1.0
state_constant,unseen,Unseen delay,"(15,15)",15.0,15,15,15,15,0,5,95,-144.96528664976358,1.8272277534792298,1.9080899953842163,0.062233589589595795,0.0,0.0
state_constant,unseen,Unseen delay,"(15,15)",15.0,15,15,15,15,0,6,95,-144.4113496541977,1.8060942047520687,1.8111733198165894,0.15158472955226898,0.0,0.0
state_constant,unseen,Unseen delay,"(15,15)",15.0,15,15,15,15,0,7,95,-144.76530347019434,1.8141996770312911,1.8389110565185547,0.10725785046815872,0.0,0.0
state_constant,unseen,Unseen delay,"(15,15)",15.0,15,15,15,15,0,8,95,-145.76771073043346,1.8260226994752884,1.8469630479812622,0.11702430248260498,0.0,0.0
state_constant,unseen,Unseen delay,"(15,15)",15.0,15,15,15,15,0,9,95,-148.23707760870457,1.8753978015560853,1.9950475692749023,0.19575950503349304,0.0,0.0
state_constant,unseen,Unseen delay,"(15,15)",15.0,15,15,15,15,1,0,95,-145.41744230687618,1.8215446847049814,1.8419535160064697,0.181050106883049,0.0,0.0
state_constant,unseen,Unseen delay,"(15,15)",15.0,15,15,15,15,1,1,95,-146.56691974401474,1.8432776244063127,1.902963638305664,0.09401121735572815,0.0,0.0
state_constant,unseen,Unseen delay,"(15,15)",15.0,15,15,15,15,1,2,95,-150.59990069270134,1.928421863442973,2.1733450889587402,0.10869351029396057,0.0,0.0
state_constant,unseen,Unseen delay,"(15,15)",15.0,15,15,15,15,1,3,95,-148.99712667614222,1.8973941788077355,2.0836880207061768,0.01838529109954834,0.0,1.0
state_constant,unseen,Unseen delay,"(15,15)",15.0,15,15,15,15,1,4,95,-144.96528664976358,1.8272277534792298,1.9080899953842163,0.062233589589595795,0.0,0.0
state_constant,unseen,Unseen delay,"(15,15)",15.0,15,15,15,15,1,5,95,-144.4113496541977,1.8060942047520687,1.8111733198165894,0.15158472955226898,0.0,0.0
state_constant,unseen,Unseen delay,"(15,15)",15.0,15,15,15,15,1,6,95,-144.76530347019434,1.8141996770312911,1.8389110565185547,0.10725785046815872,0.0,0.0
state_constant,unseen,Unseen delay,"(15,15)",15.0,15,15,15,15,1,7,95,-145.76771073043346,1.8260226994752884,1.8469630479812622,0.11702430248260498,0.0,0.0
state_constant,unseen,Unseen delay,"(15,15)",15.0,15,15,15,15,1,8,95,-148.23707760870457,1.8753978015560853,1.9950475692749023,0.19575950503349304,0.0,0.0
state_constant,unseen,Unseen delay,"(15,15)",15.0,15,15,15,15,1,9,95,-147.52664455771446,1.865524035692215,1.979875922203064,0.23322159051895142,0.0,0.0
state_constant,unseen,Unseen delay,"(15,15)",15.0,15,15,15,15,2,0,95,-146.56691974401474,1.8432776244063127,1.902963638305664,0.09401121735572815,0.0,0.0
state_constant,unseen,Unseen delay,"(15,15)",15.0,15,15,15,15,2,1,95,-150.59990069270134,1.928421863442973,2.1733450889587402,0.10869351029396057,0.0,0.0
state_constant,unseen,Unseen delay,"(15,15)",15.0,15,15,15,15,2,2,95,-148.99712667614222,1.8973941788077355,2.0836880207061768,0.01838529109954834,0.0,1.0
state_constant,unseen,Unseen delay,"(15,15)",15.0,15,15,15,15,2,3,95,-144.96528664976358,1.8272277534792298,1.9080899953842163,0.062233589589595795,0.0,0.0
state_constant,unseen,Unseen delay,"(15,15)",15.0,15,15,15,15,2,4,95,-144.4113496541977,1.8060942047520687,1.8111733198165894,0.15158472955226898,0.0,0.0
state_constant,unseen,Unseen delay,"(15,15)",15.0,15,15,15,15,2,5,95,-144.76530347019434,1.8141996770312911,1.8389110565185547,0.10725785046815872,0.0,0.0
state_constant,unseen,Unseen delay,"(15,15)",15.0,15,15,15,15,2,6,95,-145.76771073043346,1.8260226994752884,1.8469630479812622,0.11702430248260498,0.0,0.0
state_constant,unseen,Unseen delay,"(15,15)",15.0,15,15,15,15,2,7,95,-148.23707760870457,1.8753978015560853,1.9950475692749023,0.19575950503349304,0.0,0.0
state_constant,unseen,Unseen delay,"(15,15)",15.0,15,15,15,15,2,8,95,-147.52664455771446,1.865524035692215,1.979875922203064,0.23322159051895142,0.0,0.0
state_constant,unseen,Unseen delay,"(15,15)",15.0,15,15,15,15,2,9,95,-151.42401944100857,1.938105759965746,2.1797351837158203,0.14338204264640808,0.0,0.0
state_constant,unseen,Unseen delay,"(15,15)",15.0,15,15,15,15,3,0,95,-150.59990069270134,1.928421863442973,2.1733450889587402,0.10869351029396057,0.0,0.0
state_constant,unseen,Unseen delay,"(15,15)",15.0,15,15,15,15,3,1,95,-148.99712667614222,1.8973941788077355,2.0836880207061768,0.01838529109954834,0.0,1.0
state_constant,unseen,Unseen delay,"(15,15)",15.0,15,15,15,15,3,2,95,-144.96528664976358,1.8272277534792298,1.9080899953842163,0.062233589589595795,0.0,0.0
state_constant,unseen,Unseen delay,"(15,15)",15.0,15,15,15,15,3,3,95,-144.4113496541977,1.8060942047520687,1.8111733198165894,0.15158472955226898,0.0,0.0
state_constant,unseen,Unseen delay,"(15,15)",15.0,15,15,15,15,3,4,95,-144.76530347019434,1.8141996770312911,1.8389110565185547,0.10725785046815872,0.0,0.0
state_constant,unseen,Unseen delay,"(15,15)",15.0,15,15,15,15,3,5,95,-145.76771073043346,1.8260226994752884,1.8469630479812622,0.11702430248260498,0.0,0.0
state_constant,unseen,Unseen delay,"(15,15)",15.0,15,15,15,15,3,6,95,-148.23707760870457,1.8753978015560853,1.9950475692749023,0.19575950503349304,0.0,0.0
state_constant,unseen,Unseen delay,"(15,15)",15.0,15,15,15,15,3,7,95,-147.52664455771446,1.865524035692215,1.979875922203064,0.23322159051895142,0.0,0.0
state_constant,unseen,Unseen delay,"(15,15)",15.0,15,15,15,15,3,8,95,-151.42401944100857,1.938105759965746,2.1797351837158203,0.14338204264640808,0.0,0.0
state_constant,unseen,Unseen delay,"(15,15)",15.0,15,15,15,15,3,9,95,-149.02059169113636,1.889027015315859,2.0291316509246826,0.1369815468788147,0.0,0.0
state_constant,unseen,Unseen delay,"(15,15)",15.0,15,15,15,15,4,0,95,-148.99712667614222,1.8973941788077355,2.0836880207061768,0.01838529109954834,0.0,1.0
state_constant,unseen,Unseen delay,"(15,15)",15.0,15,15,15,15,4,1,95,-144.96528664976358,1.8272277534792298,1.9080899953842163,0.062233589589595795,0.0,0.0
state_constant,unseen,Unseen delay,"(15,15)",15.0,15,15,15,15,4,2,95,-144.4113496541977,1.8060942047520687,1.8111733198165894,0.15158472955226898,0.0,0.0
state_constant,unseen,Unseen delay,"(15,15)",15.0,15,15,15,15,4,3,95,-144.76530347019434,1.8141996770312911,1.8389110565185547,0.10725785046815872,0.0,0.0
state_constant,unseen,Unseen delay,"(15,15)",15.0,15,15,15,15,4,4,95,-145.76771073043346,1.8260226994752884,1.8469630479812622,0.11702430248260498,0.0,0.0
state_constant,unseen,Unseen delay,"(15,15)",15.0,15,15,15,15,4,5,95,-148.23707760870457,1.8753978015560853,1.9950475692749023,0.19575950503349304,0.0,0.0
state_constant,unseen,Unseen delay,"(15,15)",15.0,15,15,15,15,4,6,95,-147.52664455771446,1.865524035692215,1.979875922203064,0.23322159051895142,0.0,0.0
state_constant,unseen,Unseen delay,"(15,15)",15.0,15,15,15,15,4,7,95,-151.42401944100857,1.938105759965746,2.1797351837158203,0.14338204264640808,0.0,0.0
state_constant,unseen,Unseen delay,"(15,15)",15.0,15,15,15,15,4,8,95,-149.02059169113636,1.889027015315859,2.0291316509246826,0.1369815468788147,0.0,0.0
state_constant,unseen,Unseen delay,"(15,15)",15.0,15,15,15,15,4,9,95,-145.66094376891851,1.8297278670103927,1.8775469064712524,0.07664092630147934,0.0,0.0
state_constant,augmented_action,Augmented (+action buffer),"(15,15)",15.0,15,15,15,15,0,0,95,-56.48701363289729,0.6001507821296783,0.03515404462814331,0.005922663025557995,1.0,1.0
state_constant,augmented_action,Augmented (+action buffer),"(15,15)",15.0,15,15,15,15,0,1,95,-49.74215023126453,0.5300239844051631,0.040675219148397446,0.0141738411039114,1.0,1.0
state_constant,augmented_action,Augmented (+action buffer),"(15,15)",15.0,15,15,15,15,0,2,95,-51.27549664117396,0.5417202000849342,0.01252815779298544,0.0010275810491293669,1.0,1.0
state_constant,augmented_action,Augmented (+action buffer),"(15,15)",15.0,15,15,15,15,0,3,95,-58.95249797985889,0.6233613081300925,0.017788419499993324,0.003307651961222291,1.0,1.0
state_constant,augmented_action,Augmented (+action buffer),"(15,15)",15.0,15,15,15,15,0,4,95,-56.335577899590135,0.6003487038573152,0.04650326445698738,0.023897625505924225,1.0,1.0
state_constant,augmented_action,Augmented (+action buffer),"(15,15)",15.0,15,15,15,15,0,5,95,-51.56196413259022,0.547132066566203,0.02770547941327095,0.002321659354493022,1.0,1.0
state_constant,augmented_action,Augmented (+action buffer),"(15,15)",15.0,15,15,15,15,0,6,95,-50.56147803738713,0.5382020827578871,0.037847988307476044,0.009710995480418205,1.0,1.0
state_constant,augmented_action,Augmented (+action buffer),"(15,15)",15.0,15,15,15,15,0,7,95,-49.77196341799572,0.5316162717626676,0.04877215996384621,0.0022834825795143843,1.0,1.0
state_constant,augmented_action,Augmented (+action buffer),"(15,15)",15.0,15,15,15,15,0,8,95,-49.66563095804304,0.5259035971309793,0.019680717960000038,0.010682232677936554,1.0,1.0
state_constant,augmented_action,Augmented (+action buffer),"(15,15)",15.0,15,15,15,15,0,9,95,-52.84607557952404,0.5623881440805761,0.03871987387537956,0.030463043600320816,1.0,1.0
state_constant,augmented_action,Augmented (+action buffer),"(15,15)",15.0,15,15,15,15,1,0,95,-49.74215023126453,0.5300239844051631,0.040675219148397446,0.0141738411039114,1.0,1.0
state_constant,augmented_action,Augmented (+action buffer),"(15,15)",15.0,15,15,15,15,1,1,95,-51.27549664117396,0.5417202000849342,0.01252815779298544,0.0010275810491293669,1.0,1.0
state_constant,augmented_action,Augmented (+action buffer),"(15,15)",15.0,15,15,15,15,1,2,95,-58.95249797985889,0.6233613081300925,0.017788419499993324,0.003307651961222291,1.0,1.0
state_constant,augmented_action,Augmented (+action buffer),"(15,15)",15.0,15,15,15,15,1,3,95,-56.335577899590135,0.6003487038573152,0.04650326445698738,0.023897625505924225,1.0,1.0
state_constant,augmented_action,Augmented (+action buffer),"(15,15)",15.0,15,15,15,15,1,4,95,-51.56196413259022,0.547132066566203,0.02770547941327095,0.002321659354493022,1.0,1.0
state_constant,augmented_action,Augmented (+action buffer),"(15,15)",15.0,15,15,15,15,1,5,95,-50.56147803738713,0.5382020827578871,0.037847988307476044,0.009710995480418205,1.0,1.0
state_constant,augmented_action,Augmented (+action buffer),"(15,15)",15.0,15,15,15,15,1,6,95,-49.77196341799572,0.5316162717626676,0.04877215996384621,0.0022834825795143843,1.0,1.0
state_constant,augmented_action,Augmented (+action buffer),"(15,15)",15.0,15,15,15,15,1,7,95,-49.66563095804304,0.5259035971309793,0.019680717960000038,0.010682232677936554,1.0,1.0
state_constant,augmented_action,Augmented (+action buffer),"(15,15)",15.0,15,15,15,15,1,8,95,-52.84607557952404,0.5623881440805761,0.03871987387537956,0.030463043600320816,1.0,1.0
state_constant,augmented_action,Augmented (+action buffer),"(15,15)",15.0,15,15,15,15,1,9,95,-54.31357701681554,0.578062464277211,0.04015713930130005,0.011026655323803425,1.0,1.0
state_constant,augmented_action,Augmented (+action buffer),"(15,15)",15.0,15,15,15,15,2,0,95,-51.27549664117396,0.5417202000849342,0.01252815779298544,0.0010275810491293669,1.0,1.0
state_constant,augmented_action,Augmented (+action buffer),"(15,15)",15.0,15,15,15,15,2,1,95,-58.95249797985889,0.6233613081300925,0.017788419499993324,0.003307651961222291,1.0,1.0
state_constant,augmented_action,Augmented (+action buffer),"(15,15)",15.0,15,15,15,15,2,2,95,-56.335577899590135,0.6003487038573152,0.04650326445698738,0.023897625505924225,1.0,1.0
state_constant,augmented_action,Augmented (+action buffer),"(15,15)",15.0,15,15,15,15,2,3,95,-51.56196413259022,0.547132066566203,0.02770547941327095,0.002321659354493022,1.0,1.0
state_constant,augmented_action,Augmented (+action buffer),"(15,15)",15.0,15,15,15,15,2,4,95,-50.56147803738713,0.5382020827578871,0.037847988307476044,0.009710995480418205,1.0,1.0
state_constant,augmented_action,Augmented (+action buffer),"(15,15)",15.0,15,15,15,15,2,5,95,-49.77196341799572,0.5316162717626676,0.04877215996384621,0.0022834825795143843,1.0,1.0
state_constant,augmented_action,Augmented (+action buffer),"(15,15)",15.0,15,15,15,15,2,6,95,-49.66563095804304,0.5259035971309793,0.019680717960000038,0.010682232677936554,1.0,1.0
state_constant,augmented_action,Augmented (+action buffer),"(15,15)",15.0,15,15,15,15,2,7,95,-52.84607557952404,0.5623881440805761,0.03871987387537956,0.030463043600320816,1.0,1.0
state_constant,augmented_action,Augmented (+action buffer),"(15,15)",15.0,15,15,15,15,2,8,95,-54.31357701681554,0.578062464277211,0.04015713930130005,0.011026655323803425,1.0,1.0
state_constant,augmented_action,Augmented (+action buffer),"(15,15)",15.0,15,15,15,15,2,9,95,-58.92888660985045,0.6242867488095439,0.025223635137081146,0.001869412837550044,1.0,1.0
state_constant,augmented_action,Augmented (+action buffer),"(15,15)",15.0,15,15,15,15,3,0,95,-58.95249797985889,0.6233613081300925,0.017788419499993324,0.003307651961222291,1.0,1.0
state_constant,augmented_action,Augmented (+action buffer),"(15,15)",15.0,15,15,15,15,3,1,95,-56.335577899590135,0.6003487038573152,0.04650326445698738,0.023897625505924225,1.0,1.0
state_constant,augmented_action,Augmented (+action buffer),"(15,15)",15.0,15,15,15,15,3,2,95,-51.56196413259022,0.547132066566203,0.02770547941327095,0.002321659354493022,1.0,1.0
state_constant,augmented_action,Augmented (+action buffer),"(15,15)",15.0,15,15,15,15,3,3,95,-50.56147803738713,0.5382020827578871,0.037847988307476044,0.009710995480418205,1.0,1.0
state_constant,augmented_action,Augmented (+action buffer),"(15,15)",15.0,15,15,15,15,3,4,95,-49.77196341799572,0.5316162717626676,0.04877215996384621,0.0022834825795143843,1.0,1.0
state_constant,augmented_action,Augmented (+action buffer),"(15,15)",15.0,15,15,15,15,3,5,95,-49.66563095804304,0.5259035971309793,0.019680717960000038,0.010682232677936554,1.0,1.0
state_constant,augmented_action,Augmented (+action buffer),"(15,15)",15.0,15,15,15,15,3,6,95,-52.84607557952404,0.5623881440805761,0.03871987387537956,0.030463043600320816,1.0,1.0
state_constant,augmented_action,Augmented (+action buffer),"(15,15)",15.0,15,15,15,15,3,7,95,-54.31357701681554,0.578062464277211,0.04015713930130005,0.011026655323803425,1.0,1.0
state_constant,augmented_action,Augmented (+action buffer),"(15,15)",15.0,15,15,15,15,3,8,95,-58.92888660985045,0.6242867488095439,0.025223635137081146,0.001869412837550044,1.0,1.0
state_constant,augmented_action,Augmented (+action buffer),"(15,15)",15.0,15,15,15,15,3,9,95,-55.72536696959287,0.5907289750776008,0.0262590441852808,0.007124780211597681,1.0,1.0
state_constant,augmented_action,Augmented (+action buffer),"(15,15)",15.0,15,15,15,15,4,0,95,-56.335577899590135,0.6003487038573152,0.04650326445698738,0.023897625505924225,1.0,1.0
state_constant,augmented_action,Augmented (+action buffer),"(15,15)",15.0,15,15,15,15,4,1,95,-51.56196413259022,0.547132066566203,0.02770547941327095,0.002321659354493022,1.0,1.0
state_constant,augmented_action,Augmented (+action buffer),"(15,15)",15.0,15,15,15,15,4,2,95,-50.56147803738713,0.5382020827578871,0.037847988307476044,0.009710995480418205,1.0,1.0
state_constant,augmented_action,Augmented (+action buffer),"(15,15)",15.0,15,15,15,15,4,3,95,-49.77196341799572,0.5316162717626676,0.04877215996384621,0.0022834825795143843,1.0,1.0
state_constant,augmented_action,Augmented (+action buffer),"(15,15)",15.0,15,15,15,15,4,4,95,-49.66563095804304,0.5259035971309793,0.019680717960000038,0.010682232677936554,1.0,1.0
state_constant,augmented_action,Augmented (+action buffer),"(15,15)",15.0,15,15,15,15,4,5,95,-52.84607557952404,0.5623881440805761,0.03871987387537956,0.030463043600320816,1.0,1.0
state_constant,augmented_action,Augmented (+action buffer),"(15,15)",15.0,15,15,15,15,4,6,95,-54.31357701681554,0.578062464277211,0.04015713930130005,0.011026655323803425,1.0,1.0
state_constant,augmented_action,Augmented (+action buffer),"(15,15)",15.0,15,15,15,15,4,7,95,-58.92888660985045,0.6242867488095439,0.025223635137081146,0.001869412837550044,1.0,1.0
state_constant,augmented_action,Augmented (+action buffer),"(15,15)",15.0,15,15,15,15,4,8,95,-55.72536696959287,0.5907289750776008,0.0262590441852808,0.007124780211597681,1.0,1.0
state_constant,augmented_action,Augmented (+action buffer),"(15,15)",15.0,15,15,15,15,4,9,95,-49.936154790222645,0.5309384699322676,0.03353332355618477,0.002134928945451975,1.0,1.0
state_constant,augmented_action_delay,Augmented (+action buffer + delay values),"(15,15)",15.0,15,15,15,15,0,0,95,-56.48701363289729,0.6001507821296783,0.03515404462814331,0.005922663025557995,1.0,1.0
state_constant,augmented_action_delay,Augmented (+action buffer + delay values),"(15,15)",15.0,15,15,15,15,0,1,95,-49.74215023126453,0.5300239844051631,0.040675219148397446,0.0141738411039114,1.0,1.0
state_constant,augmented_action_delay,Augmented (+action buffer + delay values),"(15,15)",15.0,15,15,15,15,0,2,95,-51.27549664117396,0.5417202000849342,0.01252815779298544,0.0010275810491293669,1.0,1.0
state_constant,augmented_action_delay,Augmented (+action buffer + delay values),"(15,15)",15.0,15,15,15,15,0,3,95,-58.95249797985889,0.6233613081300925,0.017788419499993324,0.003307651961222291,1.0,1.0
state_constant,augmented_action_delay,Augmented (+action buffer + delay values),"(15,15)",15.0,15,15,15,15,0,4,95,-56.335577899590135,0.6003487038573152,0.04650326445698738,0.023897625505924225,1.0,1.0
state_constant,augmented_action_delay,Augmented (+action buffer + delay values),"(15,15)",15.0,15,15,15,15,0,5,95,-51.56196413259022,0.547132066566203,0.02770547941327095,0.002321659354493022,1.0,1.0
state_constant,augmented_action_delay,Augmented (+action buffer + delay values),"(15,15)",15.0,15,15,15,15,0,6,95,-50.56147803738713,0.5382020827578871,0.037847988307476044,0.009710995480418205,1.0,1.0
state_constant,augmented_action_delay,Augmented (+action buffer + delay values),"(15,15)",15.0,15,15,15,15,0,7,95,-49.77196341799572,0.5316162717626676,0.04877215996384621,0.0022834825795143843,1.0,1.0
state_constant,augmented_action_delay,Augmented (+action buffer + delay values),"(15,15)",15.0,15,15,15,15,0,8,95,-49.66563095804304,0.5259035971309793,0.019680717960000038,0.010682232677936554,1.0,1.0
state_constant,augmented_action_delay,Augmented (+action buffer + delay values),"(15,15)",15.0,15,15,15,15,0,9,95,-52.84607557952404,0.5623881440805761,0.03871987387537956,0.030463043600320816,1.0,1.0
state_constant,augmented_action_delay,Augmented (+action buffer + delay values),"(15,15)",15.0,15,15,15,15,1,0,95,-49.74215023126453,0.5300239844051631,0.040675219148397446,0.0141738411039114,1.0,1.0
state_constant,augmented_action_delay,Augmented (+action buffer + delay values),"(15,15)",15.0,15,15,15,15,1,1,95,-51.27549664117396,0.5417202000849342,0.01252815779298544,0.0010275810491293669,1.0,1.0
state_constant,augmented_action_delay,Augmented (+action buffer + delay values),"(15,15)",15.0,15,15,15,15,1,2,95,-58.95249797985889,0.6233613081300925,0.017788419499993324,0.003307651961222291,1.0,1.0
state_constant,augmented_action_delay,Augmented (+action buffer + delay values),"(15,15)",15.0,15,15,15,15,1,3,95,-56.335577899590135,0.6003487038573152,0.04650326445698738,0.023897625505924225,1.0,1.0
state_constant,augmented_action_delay,Augmented (+action buffer + delay values),"(15,15)",15.0,15,15,15,15,1,4,95,-51.56196413259022,0.547132066566203,0.02770547941327095,0.002321659354493022,1.0,1.0
state_constant,augmented_action_delay,Augmented (+action buffer + delay values),"(15,15)",15.0,15,15,15,15,1,5,95,-50.56147803738713,0.5382020827578871,0.037847988307476044,0.009710995480418205,1.0,1.0
state_constant,augmented_action_delay,Augmented (+action buffer + delay values),"(15,15)",15.0,15,15,15,15,1,6,95,-49.77196341799572,0.5316162717626676,0.04877215996384621,0.0022834825795143843,1.0,1.0
state_constant,augmented_action_delay,Augmented (+action buffer + delay values),"(15,15)",15.0,15,15,15,15,1,7,95,-49.66563095804304,0.5259035971309793,0.019680717960000038,0.010682232677936554,1.0,1.0
state_constant,augmented_action_delay,Augmented (+action buffer + delay values),"(15,15)",15.0,15,15,15,15,1,8,95,-52.84607557952404,0.5623881440805761,0.03871987387537956,0.030463043600320816,1.0,1.0
state_constant,augmented_action_delay,Augmented (+action buffer + delay values),"(15,15)",15.0,15,15,15,15,1,9,95,-54.31357701681554,0.578062464277211,0.04015713930130005,0.011026655323803425,1.0,1.0
state_constant,augmented_action_delay,Augmented (+action buffer + delay values),"(15,15)",15.0,15,15,15,15,2,0,95,-51.27549664117396,0.5417202000849342,0.01252815779298544,0.0010275810491293669,1.0,1.0
state_constant,augmented_action_delay,Augmented (+action buffer + delay values),"(15,15)",15.0,15,15,15,15,2,1,95,-58.95249797985889,0.6233613081300925,0.017788419499993324,0.003307651961222291,1.0,1.0
state_constant,augmented_action_delay,Augmented (+action buffer + delay values),"(15,15)",15.0,15,15,15,15,2,2,95,-56.335577899590135,0.6003487038573152,0.04650326445698738,0.023897625505924225,1.0,1.0
state_constant,augmented_action_delay,Augmented (+action buffer + delay values),"(15,15)",15.0,15,15,15,15,2,3,95,-51.56196413259022,0.547132066566203,0.02770547941327095,0.002321659354493022,1.0,1.0
state_constant,augmented_action_delay,Augmented (+action buffer + delay values),"(15,15)",15.0,15,15,15,15,2,4,95,-50.56147803738713,0.5382020827578871,0.037847988307476044,0.009710995480418205,1.0,1.0
state_constant,augmented_action_delay,Augmented (+action buffer + delay values),"(15,15)",15.0,15,15,15,15,2,5,95,-49.77196341799572,0.5316162717626676,0.04877215996384621,0.0022834825795143843,1.0,1.0
state_constant,augmented_action_delay,Augmented (+action buffer + delay values),"(15,15)",15.0,15,15,15,15,2,6,95,-49.66563095804304,0.5259035971309793,0.019680717960000038,0.010682232677936554,1.0,1.0
state_constant,augmented_action_delay,Augmented (+action buffer + delay values),"(15,15)",15.0,15,15,15,15,2,7,95,-52.84607557952404,0.5623881440805761,0.03871987387537956,0.030463043600320816,1.0,1.0
state_constant,augmented_action_delay,Augmented (+action buffer + delay values),"(15,15)",15.0,15,15,15,15,2,8,95,-54.31357701681554,0.578062464277211,0.04015713930130005,0.011026655323803425,1.0,1.0
state_constant,augmented_action_delay,Augmented (+action buffer + delay values),"(15,15)",15.0,15,15,15,15,2,9,95,-58.92888660985045,0.6242867488095439,0.025223635137081146,0.001869412837550044,1.0,1.0
state_constant,augmented_action_delay,Augmented (+action buffer + delay values),"(15,15)",15.0,15,15,15,15,3,0,95,-58.95249797985889,0.6233613081300925,0.017788419499993324,0.003307651961222291,1.0,1.0
state_constant,augmented_action_delay,Augmented (+action buffer + delay values),"(15,15)",15.0,15,15,15,15,3,1,95,-56.335577899590135,0.6003487038573152,0.04650326445698738,0.023897625505924225,1.0,1.0
state_constant,augmented_action_delay,Augmented (+action buffer + delay values),"(15,15)",15.0,15,15,15,15,3,2,95,-51.56196413259022,0.547132066566203,0.02770547941327095,0.002321659354493022,1.0,1.0
state_constant,augmented_action_delay,Augmented (+action buffer + delay values),"(15,15)",15.0,15,15,15,15,3,3,95,-50.56147803738713,0.5382020827578871,0.037847988307476044,0.009710995480418205,1.0,1.0
state_constant,augmented_action_delay,Augmented (+action buffer + delay values),"(15,15)",15.0,15,15,15,15,3,4,95,-49.77196341799572,0.5316162717626676,0.04877215996384621,0.0022834825795143843,1.0,1.0
state_constant,augmented_action_delay,Augmented (+action buffer + delay values),"(15,15)",15.0,15,15,15,15,3,5,95,-49.66563095804304,0.5259035971309793,0.019680717960000038,0.010682232677936554,1.0,1.0
state_constant,augmented_action_delay,Augmented (+action buffer + delay values),"(15,15)",15.0,15,15,15,15,3,6,95,-52.84607557952404,0.5623881440805761,0.03871987387537956,0.030463043600320816,1.0,1.0
state_constant,augmented_action_delay,Augmented (+action buffer + delay values),"(15,15)",15.0,15,15,15,15,3,7,95,-54.31357701681554,0.578062464277211,0.04015713930130005,0.011026655323803425,1.0,1.0
state_constant,augmented_action_delay,Augmented (+action buffer + delay values),"(15,15)",15.0,15,15,15,15,3,8,95,-58.92888660985045,0.6242867488095439,0.025223635137081146,0.001869412837550044,1.0,1.0
state_constant,augmented_action_delay,Augmented (+action buffer + delay values),"(15,15)",15.0,15,15,15,15,3,9,95,-55.72536696959287,0.5907289750776008,0.0262590441852808,0.007124780211597681,1.0,1.0
state_constant,augmented_action_delay,Augmented (+action buffer + delay values),"(15,15)",15.0,15,15,15,15,4,0,95,-56.335577899590135,0.6003487038573152,0.04650326445698738,0.023897625505924225,1.0,1.0
state_constant,augmented_action_delay,Augmented (+action buffer + delay values),"(15,15)",15.0,15,15,15,15,4,1,95,-51.56196413259022,0.547132066566203,0.02770547941327095,0.002321659354493022,1.0,1.0
state_constant,augmented_action_delay,Augmented (+action buffer + delay values),"(15,15)",15.0,15,15,15,15,4,2,95,-50.56147803738713,0.5382020827578871,0.037847988307476044,0.009710995480418205,1.0,1.0
state_constant,augmented_action_delay,Augmented (+action buffer + delay values),"(15,15)",15.0,15,15,15,15,4,3,95,-49.77196341799572,0.5316162717626676,0.04877215996384621,0.0022834825795143843,1.0,1.0
state_constant,augmented_action_delay,Augmented (+action buffer + delay values),"(15,15)",15.0,15,15,15,15,4,4,95,-49.66563095804304,0.5259035971309793,0.019680717960000038,0.010682232677936554,1.0,1.0
state_constant,augmented_action_delay,Augmented (+action buffer + delay values),"(15,15)",15.0,15,15,15,15,4,5,95,-52.84607557952404,0.5623881440805761,0.03871987387537956,0.030463043600320816,1.0,1.0
state_constant,augmented_action_delay,Augmented (+action buffer + delay values),"(15,15)",15.0,15,15,15,15,4,6,95,-54.31357701681554,0.578062464277211,0.04015713930130005,0.011026655323803425,1.0,1.0
state_constant,augmented_action_delay,Augmented (+action buffer + delay values),"(15,15)",15.0,15,15,15,15,4,7,95,-58.92888660985045,0.6242867488095439,0.025223635137081146,0.001869412837550044,1.0,1.0
state_constant,augmented_action_delay,Augmented (+action buffer + delay values),"(15,15)",15.0,15,15,15,15,4,8,95,-55.72536696959287,0.5907289750776008,0.0262590441852808,0.007124780211597681,1.0,1.0
state_constant,augmented_action_delay,Augmented (+action buffer + delay values),"(15,15)",15.0,15,15,15,15,4,9,95,-49.936154790222645,0.5309384699322676,0.03353332355618477,0.002134928945451975,1.0,1.0
state_stochastic,unseen,Unseen delay,"(0,0-20)",20.0,0,0,0,20,0,0,85,-30.694722602609545,0.3673432131297886,0.10589010268449783,0.0045839655213057995,0.0,1.0
state_stochastic,unseen,Unseen delay,"(0,0-20)",20.0,0,0,0,20,0,1,84,-38.95261662825942,0.4738550994633919,0.2128029316663742,0.023568298667669296,0.0,0.0
state_stochastic,unseen,Unseen delay,"(0,0-20)",20.0,0,0,0,20,0,2,84,-44.87597414012998,0.545251259036983,0.23128290474414825,0.013155472464859486,0.0,1.0
state_stochastic,unseen,Unseen delay,"(0,0-20)",20.0,0,0,0,20,0,3,85,-37.38339579291642,0.44200294646708405,0.03737093135714531,0.026527201756834984,1.0,1.0
state_stochastic,unseen,Unseen delay,"(0,0-20)",20.0,0,0,0,20,0,4,83,-31.549252117052674,0.3867640589779041,0.1840549260377884,0.009768432006239891,0.0,1.0
state_stochastic,unseen,Unseen delay,"(0,0-20)",20.0,0,0,0,20,0,5,91,-29.345799799077213,0.32995109037997633,0.06179540231823921,0.011501139029860497,0.0,1.0
state_stochastic,unseen,Unseen delay,"(0,0-20)",20.0,0,0,0,20,0,6,86,-31.900767471641302,0.3774569806924393,0.09342214465141296,0.03267984837293625,0.0,1.0
state_stochastic,unseen,Unseen delay,"(0,0-20)",20.0,0,0,0,20,0,7,83,-39.23072616197169,0.4789501553603325,0.17404557764530182,0.011053597554564476,0.0,1.0
state_stochastic,unseen,Unseen delay,"(0,0-20)",20.0,0,0,0,20,0,8,83,-32.74297007638961,0.3973856076082013,0.08001178503036499,0.00825395155698061,0.0,1.0
state_stochastic,unseen,Unseen delay,"(0,0-20)",20.0,0,0,0,20,0,9,81,-30.43555404478684,0.37582464040153557,0.006241827737540007,0.006241827737540007,1.0,1.0
state_stochastic,unseen,Unseen delay,"(0,0-20)",20.0,0,0,0,20,1,0,87,-36.83147266507149,0.4299293662282242,0.08176888525485992,0.06667892634868622,0.0,0.0
state_stochastic,unseen,Unseen delay,"(0,0-20)",20.0,0,0,0,20,1,1,83,-30.813921501860023,0.3785805695701435,0.20275525748729706,0.02451922930777073,0.0,1.0
state_stochastic,unseen,Unseen delay,"(0,0-20)",20.0,0,0,0,20,1,2,87,-50.67695676907897,0.6095180713154119,0.33587363362312317,0.027897771447896957,0.0,0.0
state_stochastic,unseen,Unseen delay,"(0,0-20)",20.0,0,0,0,20,1,3,83,-30.30506621848326,0.3699535674300516,0.13369329273700714,0.0006373835494741797,0.0,1.0
state_stochastic,unseen,Unseen delay,"(0,0-20)",20.0,0,0,0,20,1,4,84,-22.234311744221486,0.26739704768156763,0.056760065257549286,0.0013857331359758973,1.0,1.0
state_stochastic,unseen,Unseen delay,"(0,0-20)",20.0,0,0,0,20,1,5,83,-21.172939236625098,0.25614640499740077,0.029070792719721794,0.0012348535237833858,1.0,1.0
state_stochastic,unseen,Unseen delay,"(0,0-20)",20.0,0,0,0,20,1,6,84,-23.889267350779846,0.2846916007194003,0.006206777412444353,0.00225511915050447,1.0,1.0
state_stochastic,unseen,Unseen delay,"(0,0-20)",20.0,0,0,0,20,1,7,91,-38.55328696873039,0.44020457122638657,0.1368480920791626,0.008342447690665722,0.0,0.0
state_stochastic,unseen,Unseen delay,"(0,0-20)",20.0,0,0,0,20,1,8,85,-34.3136308407411,0.4058739028761492,0.03713018074631691,0.015268349088728428,1.0,1.0
state_stochastic,unseen,Unseen delay,"(0,0-20)",20.0,0,0,0,20,1,9,82,-41.38973681628704,0.509843651659605,0.2087213099002838,0.13547173142433167,0.0,0.0
state_stochastic,unseen,Unseen delay,"(0,0-20)",20.0,0,0,0,20,2,0,85,-25.850887563079596,0.31219143161878865,0.13707682490348816,0.009153284132480621,0.0,1.0
state_stochastic,unseen,Unseen delay,"(0,0-20)",20.0,0,0,0,20,2,1,81,-30.760298408567905,0.3805696505271358,0.06584328413009644,0.009455517865717411,0.0,1.0
state_stochastic,unseen,Unseen delay,"(0,0-20)",20.0,0,0,0,20,2,2,81,-33.72654553805478,0.4168416471766699,0.03762788325548172,0.002543653594329953,1.0,1.0
state_stochastic,unseen,Unseen delay,"(0,0-20)",20.0,0,0,0,20,2,3,83,-24.823514737421647,0.29956743593821417,0.013527481816709042,0.0034491748083382845,1.0,1.0
state_stochastic,unseen,Unseen delay,"(0,0-20)",20.0,0,0,0,20,2,4,86,-28.41887275315821,0.33597386569910964,0.0791466161608696,0.020361652597784996,0.0,1.0
state_stochastic,unseen,Unseen delay,"(0,0-20)",20.0,0,0,0,20,2,5,83,-32.331015571486205,0.39006505792691226,0.014794745482504368,0.004011091310530901,1.0,1.0
state_stochastic,unseen,Unseen delay,"(0,0-20)",20.0,0,0,0,20,2,6,80,-26.34894344257191,0.32936179303214885,0.022074991837143898,0.004419303964823484,1.0,1.0
state_stochastic,unseen,Unseen delay,"(0,0-20)",20.0,0,0,0,20,2,7,86,-37.285040725022554,0.4696111026285,0.5169190168380737,0.045010045170784,0.0,0.0
state_stochastic,unseen,Unseen delay,"(0,0-20)",20.0,0,0,0,20,2,8,87,-32.896743539720774,0.3813283334261385,0.03983163833618164,0.01730278879404068,1.0,1.0
state_stochastic,unseen,Unseen delay,"(0,0-20)",20.0,0,0,0,20,2,9,80,-41.26435036212206,0.5158043795265257,0.03350343182682991,0.03350343182682991,1.0,1.0
state_stochastic,unseen,Unseen delay,"(0,0-20)",20.0,0,0,0,20,3,0,81,-31.19587104767561,0.3883929244346089,0.26395583152770996,0.020657848566770554,0.0,1.0
state_stochastic,unseen,Unseen delay,"(0,0-20)",20.0,0,0,0,20,3,1,82,-29.06178689049557,0.35844214588244694,0.1652345359325409,0.005843300838023424,0.0,1.0
state_stochastic,unseen,Unseen delay,"(0,0-20)",20.0,0,0,0,20,3,2,83,-40.60105280391872,0.4955798809203398,0.17735910415649414,0.02853674627840519,0.0,1.0
state_stochastic,unseen,Unseen delay,"(0,0-20)",20.0,0,0,0,20,3,3,83,-35.39027628302574,0.4419881837913789,0.4315809905529022,0.08739984035491943,0.0,0.0
state_stochastic,unseen,Unseen delay,"(0,0-20)",20.0,0,0,0,20,3,4,85,-29.413104800507426,0.3468713101109161,0.014191311784088612,0.004617730155587196,1.0,1.0
state_stochastic,unseen,Unseen delay,"(0,0-20)",20.0,0,0,0,20,3,5,85,-27.835267418064177,0.3303164774990257,0.048326633870601654,0.0054331496357917786,1.0,1.0
state_stochastic,unseen,Unseen delay,"(0,0-20)",20.0,0,0,0,20,3,6,81,-31.6257212087512,0.39271642092937303,0.18430888652801514,0.03177566081285477,0.0,0.0
state_stochastic,unseen,Unseen delay,"(0,0-20)",20.0,0,0,0,20,3,7,86,-39.637168725952506,0.4780902757504305,0.24643249809741974,0.026120752096176147,0.0,1.0
state_stochastic,unseen,Unseen delay,"(0,0-20)",20.0,0,0,0,20,3,8,84,-51.235797841101885,0.6243554065003991,0.30251407623291016,0.03356032073497772,0.0,1.0
state_stochastic,unseen,Unseen delay,"(0,0-20)",20.0,0,0,0,20,3,9,85,-30.91473804647103,0.3649431131615796,0.021085314452648163,0.004582068417221308,1.0,1.0
state_stochastic,unseen,Unseen delay,"(0,0-20)",20.0,0,0,0,20,4,0,86,-26.229804784059525,0.3061617831591257,0.0166847612708807,0.004126410000026226,1.0,1.0
state_stochastic,unseen,Unseen delay,"(0,0-20)",20.0,0,0,0,20,4,1,87,-26.36678820196539,0.30636335610701093,0.040974825620651245,0.010196100920438766,1.0,1.0
state_stochastic,unseen,Unseen delay,"(0,0-20)",20.0,0,0,0,20,4,2,84,-35.9824448749423,0.4424646737142688,0.2961469292640686,0.046191804111003876,0.0,0.0
state_stochastic,unseen,Unseen delay,"(0,0-20)",20.0,0,0,0,20,4,3,86,-28.023672725073993,0.33173313783481717,0.08422952145338058,0.007912537083029747,0.0,1.0
state_stochastic,unseen,Unseen delay,"(0,0-20)",20.0,0,0,0,20,4,4,84,-38.92739060148597,0.47921460756056367,0.33165910840034485,0.022566724568605423,0.0,1.0
state_stochastic,unseen,Unseen delay,"(0,0-20)",20.0,0,0,0,20,4,5,87,-35.984658282250166,0.4353341242277074,0.26991578936576843,0.0197178702801466,0.0,0.0
state_stochastic,unseen,Unseen delay,"(0,0-20)",20.0,0,0,0,20,4,6,82,-42.69003461301327,0.5260009952798123,0.22102349996566772,0.11875501275062561,0.0,0.0
state_stochastic,unseen,Unseen delay,"(0,0-20)",20.0,0,0,0,20,4,7,84,-54.74276006221771,0.6614883776221957,0.2055659145116806,0.021151117980480194,0.0,1.0
state_stochastic,unseen,Unseen delay,"(0,0-20)",20.0,0,0,0,20,4,8,82,-46.389114489778876,0.5684407583051702,0.11151384562253952,0.013436911627650261,0.0,0.0
state_stochastic,unseen,Unseen delay,"(0,0-20)",20.0,0,0,0,20,4,9,85,-30.367492258548737,0.3589271808590959,0.028263622894883156,0.01658293604850769,1.0,1.0
state_stochastic,augmented_action,Augmented (+action buffer),"(0,0-20)",20.0,0,0,0,20,0,0,85,-37.48567708581686,0.44423653479008113,0.05488567426800728,0.013832245022058487,1.0,1.0
state_stochastic,augmented_action,Augmented (+action buffer),"(0,0-20)",20.0,0,0,0,20,0,1,84,-27.946439491584897,0.3341942348162688,0.031469058245420456,0.021474923938512802,1.0,1.0
state_stochastic,augmented_action,Augmented (+action buffer),"(0,0-20)",20.0,0,0,0,20,0,2,84,-31.874754251912236,0.3939100340940058,0.30342215299606323,0.007841886952519417,0.0,1.0
state_stochastic,augmented_action,Augmented (+action buffer),"(0,0-20)",20.0,0,0,0,20,0,3,85,-39.06113595585339,0.4683429748778615,0.14960338175296783,0.0033869703765958548,0.0,1.0
state_stochastic,augmented_action,Augmented (+action buffer),"(0,0-20)",20.0,0,0,0,20,0,4,83,-37.9195490796119,0.45813633615981386,0.03525560721755028,0.011084869503974915,1.0,1.0
state_stochastic,augmented_action,Augmented (+action buffer),"(0,0-20)",20.0,0,0,0,20,0,5,91,-35.71077415719628,0.4141434369260793,0.17966169118881226,0.011605811305344105,0.0,1.0
state_stochastic,augmented_action,Augmented (+action buffer),"(0,0-20)",20.0,0,0,0,20,0,6,86,-31.270156716927886,0.3641951176186287,0.008437233045697212,0.008437233045697212,1.0,1.0
state_stochastic,augmented_action,Augmented (+action buffer),"(0,0-20)",20.0,0,0,0,20,0,7,83,-31.793198583181947,0.3856021416912147,0.07059305906295776,0.005358109716325998,0.0,1.0
state_stochastic,augmented_action,Augmented (+action buffer),"(0,0-20)",20.0,0,0,0,20,0,8,83,-32.16202455479652,0.39174552644457084,0.11761804670095444,0.015234951861202717,0.0,1.0
state_stochastic,augmented_action,Augmented (+action buffer),"(0,0-20)",20.0,0,0,0,20,0,9,81,-34.6148236207664,0.4289934413944497,0.13364513218402863,0.021145369857549667,0.0,1.0
state_stochastic,augmented_action,Augmented (+action buffer),"(0,0-20)",20.0,0,0,0,20,1,0,87,-33.304219516925514,0.39831201821008977,0.1927037239074707,0.009810974821448326,0.0,1.0
state_stochastic,augmented_action,Augmented (+action buffer),"(0,0-20)",20.0,0,0,0,20,1,1,83,-30.20476708933711,0.3694352162440857,0.1527852863073349,0.023631678894162178,0.0,1.0
state_stochastic,augmented_action,Augmented (+action buffer),"(0,0-20)",20.0,0,0,0,20,1,2,87,-33.43431093264371,0.3969717389400834,0.157461479306221,0.008401931263506413,0.0,1.0
state_stochastic,augmented_action,Augmented (+action buffer),"(0,0-20)",20.0,0,0,0,20,1,3,83,-39.66392038203776,0.48008604040257186,0.061073657125234604,0.014041093178093433,0.0,1.0
state_stochastic,augmented_action,Augmented (+action buffer),"(0,0-20)",20.0,0,0,0,20,1,4,84,-34.24055261537433,0.41670180302822873,0.1905997097492218,0.015818513929843903,0.0,1.0
state_stochastic,augmented_action,Augmented (+action buffer),"(0,0-20)",20.0,0,0,0,20,1,5,83,-31.26598826237023,0.38540428825261364,0.2408558875322342,0.011627642437815666,0.0,1.0
state_stochastic,augmented_action,Augmented (+action buffer),"(0,0-20)",20.0,0,0,0,20,1,6,84,-34.76381332799792,0.41519158914507853,0.02807004004716873,0.011432645842432976,1.0,1.0
state_stochastic,augmented_action,Augmented (+action buffer),"(0,0-20)",20.0,0,0,0,20,1,7,91,-29.424529813230038,0.3343945229937742,0.09139743447303772,0.012558779679238796,0.0,1.0
state_stochastic,augmented_action,Augmented (+action buffer),"(0,0-20)",20.0,0,0,0,20,1,8,85,-31.47764685191214,0.37714101139675166,0.11586782336235046,0.013248730450868607,0.0,1.0
state_stochastic,augmented_action,Augmented (+action buffer),"(0,0-20)",20.0,0,0,0,20,1,9,82,-30.38485426362604,0.3723101091525722,0.07228734344244003,0.005415637046098709,0.0,1.0
state_stochastic,augmented_action,Augmented (+action buffer),"(0,0-20)",20.0,0,0,0,20,2,0,85,-33.751526618376374,0.40553438218639176,0.14377917349338531,0.0192196536809206,0.0,0.0
state_stochastic,augmented_action,Augmented (+action buffer),"(0,0-20)",20.0,0,0,0,20,2,1,81,-40.61483187228441,0.5042285993695259,0.22768467664718628,0.023333705961704254,0.0,1.0
state_stochastic,augmented_action,Augmented (+action buffer),"(0,0-20)",20.0,0,0,0,20,2,2,81,-35.77445661555976,0.44366957204715335,0.16277872025966644,0.008446057327091694,0.0,1.0
state_stochastic,augmented_action,Augmented (+action buffer),"(0,0-20)",20.0,0,0,0,20,2,3,83,-33.84787532500923,0.41271264453878603,0.13575805723667145,0.020272640511393547,0.0,1.0
state_stochastic,augmented_action,Augmented (+action buffer),"(0,0-20)",20.0,0,0,0,20,2,4,86,-31.215347114019096,0.36999628436210197,0.10072222352027893,0.005423266440629959,0.0,1.0
state_stochastic,augmented_action,Augmented (+action buffer),"(0,0-20)",20.0,0,0,0,20,2,5,83,-34.08839211333543,0.41448079737419463,0.10450468957424164,0.001960902474820614,0.0,1.0
state_stochastic,augmented_action,Augmented (+action buffer),"(0,0-20)",20.0,0,0,0,20,2,6,80,-31.253281773999333,0.3906660221749917,0.14111216366291046,0.014754675328731537,0.0,1.0
state_stochastic,augmented_action,Augmented (+action buffer),"(0,0-20)",20.0,0,0,0,20,2,7,86,-33.89072712138295,0.39647266879504506,0.0343203991651535,0.03185567632317543,1.0,1.0
state_stochastic,augmented_action,Augmented (+action buffer),"(0,0-20)",20.0,0,0,0,20,2,8,87,-32.26924797310494,0.373220569397933,0.028705937787890434,0.0022314859088510275,1.0,1.0
state_stochastic,augmented_action,Augmented (+action buffer),"(0,0-20)",20.0,0,0,0,20,2,9,80,-36.73832309618592,0.459229038702324,0.15975694358348846,0.038839928805828094,0.0,0.0
state_stochastic,augmented_action,Augmented (+action buffer),"(0,0-20)",20.0,0,0,0,20,3,0,81,-36.428369814530015,0.45094106725796507,0.09785663336515427,0.009246189147233963,0.0,1.0
state_stochastic,augmented_action,Augmented (+action buffer),"(0,0-20)",20.0,0,0,0,20,3,1,82,-34.49755348730832,0.4220951129228058,0.057122886180877686,0.004403319209814072,1.0,1.0
state_stochastic,augmented_action,Augmented (+action buffer),"(0,0-20)",20.0,0,0,0,20,3,2,83,-35.09217174490914,0.42498480669413524,0.060522403568029404,0.004186311271041632,0.0,1.0
state_stochastic,augmented_action,Augmented (+action buffer),"(0,0-20)",20.0,0,0,0,20,3,3,83,-28.036060472019017,0.33953746620296354,0.0485164076089859,0.013402610085904598,1.0,1.0
state_stochastic,augmented_action,Augmented (+action buffer),"(0,0-20)",20.0,0,0,0,20,3,4,85,-36.47108354046941,0.4486966475406114,0.33362630009651184,0.03697348013520241,0.0,0.0
state_stochastic,augmented_action,Augmented (+action buffer),"(0,0-20)",20.0,0,0,0,20,3,5,85,-34.26553928107023,0.4137289796681965,0.1802847981452942,0.02844809554517269,0.0,1.0
state_stochastic,augmented_action,Augmented (+action buffer),"(0,0-20)",20.0,0,0,0,20,3,6,81,-34.49300541356206,0.42693368230520945,0.08862285315990448,0.036126114428043365,0.0,0.0
state_stochastic,augmented_action,Augmented (+action buffer),"(0,0-20)",20.0,0,0,0,20,3,7,86,-36.237189115956426,0.44125067427494497,0.28506147861480713,0.011431744322180748,0.0,1.0
state_stochastic,augmented_action,Augmented (+action buffer),"(0,0-20)",20.0,0,0,0,20,3,8,84,-35.77897693961859,0.4325025708725055,0.13780975341796875,0.01870945654809475,0.0,1.0
state_stochastic,augmented_action,Augmented (+action buffer),"(0,0-20)",20.0,0,0,0,20,3,9,85,-36.11881680134684,0.4371287690475583,0.20742571353912354,0.005830374546349049,0.0,1.0
state_stochastic,augmented_action,Augmented (+action buffer),"(0,0-20)",20.0,0,0,0,20,4,0,86,-35.04368767538108,0.42786550353183733,0.29212427139282227,0.0033870695624500513,0.0,1.0
state_stochastic,augmented_action,Augmented (+action buffer),"(0,0-20)",20.0,0,0,0,20,4,1,87,-35.65130021981895,0.4233750015625666,0.16890355944633484,0.017678184434771538,0.0,1.0
state_stochastic,augmented_action,Augmented (+action buffer),"(0,0-20)",20.0,0,0,0,20,4,2,84,-31.653829352930188,0.37877710697995054,0.040861908346414566,0.017200158908963203,1.0,1.0
state_stochastic,augmented_action,Augmented (+action buffer),"(0,0-20)",20.0,0,0,0,20,4,3,86,-36.91754047200084,0.4488981315476257,0.2812831401824951,0.03363797813653946,0.0,0.0
state_stochastic,augmented_action,Augmented (+action buffer),"(0,0-20)",20.0,0,0,0,20,4,4,84,-28.82416226353962,0.3557376693504574,0.2644504904747009,0.001728832838125527,0.0,1.0
state_stochastic,augmented_action,Augmented (+action buffer),"(0,0-20)",20.0,0,0,0,20,4,5,87,-31.95757187344134,0.37021052565468454,0.035820551216602325,0.021671099588274956,1.0,1.0
state_stochastic,augmented_action,Augmented (+action buffer),"(0,0-20)",20.0,0,0,0,20,4,6,82,-30.76217688061297,0.3765630597793838,0.05799701064825058,0.0155387744307518,1.0,1.0
state_stochastic,augmented_action,Augmented (+action buffer),"(0,0-20)",20.0,0,0,0,20,4,7,84,-34.732534451410174,0.4248086779733144,0.23784862458705902,0.017635781317949295,0.0,1.0
state_stochastic,augmented_action,Augmented (+action buffer),"(0,0-20)",20.0,0,0,0,20,4,8,82,-34.12316903565079,0.42365680708799786,0.3083445727825165,0.011776660569012165,0.0,1.0
state_stochastic,augmented_action,Augmented (+action buffer),"(0,0-20)",20.0,0,0,0,20,4,9,85,-29.183427809737623,0.35284813501159934,0.1617327332496643,0.009402151219546795,0.0,1.0
state_stochastic,augmented_action_delay,Augmented (+action buffer + delay values),"(0,0-20)",20.0,0,0,0,20,0,0,85,-23.88704145117663,0.28242981047917376,0.02389848791062832,0.002121648518368602,1.0,1.0
state_stochastic,augmented_action_delay,Augmented (+action buffer + delay values),"(0,0-20)",20.0,0,0,0,20,0,1,84,-20.78752605174668,0.24861480130736405,0.024029314517974854,0.0021911589428782463,1.0,1.0
state_stochastic,augmented_action_delay,Augmented (+action buffer + delay values),"(0,0-20)",20.0,0,0,0,20,0,2,84,-22.09544833889231,0.2642561563767404,0.02551719918847084,0.003582112491130829,1.0,1.0
state_stochastic,augmented_action_delay,Augmented (+action buffer + delay values),"(0,0-20)",20.0,0,0,0,20,0,3,85,-25.974873533006757,0.3060911527396563,0.008574889972805977,0.003240050282329321,1.0,1.0
state_stochastic,augmented_action_delay,Augmented (+action buffer + delay values),"(0,0-20)",20.0,0,0,0,20,0,4,83,-23.959342756541446,0.2890618118227471,0.010929208248853683,0.0018588267266750336,1.0,1.0
state_stochastic,augmented_action_delay,Augmented (+action buffer + delay values),"(0,0-20)",20.0,0,0,0,20,0,5,91,-20.976516481721774,0.23214865490476919,0.013546464964747429,0.0013783213216811419,1.0,1.0
state_stochastic,augmented_action_delay,Augmented (+action buffer + delay values),"(0,0-20)",20.0,0,0,0,20,0,6,86,-20.736613649176434,0.2423085472790178,0.016986902803182602,0.0018102095928043127,1.0,1.0
state_stochastic,augmented_action_delay,Augmented (+action buffer + delay values),"(0,0-20)",20.0,0,0,0,20,0,7,83,-20.761912321206182,0.2507669390852462,0.017247874289751053,0.003768817987293005,1.0,1.0
state_stochastic,augmented_action_delay,Augmented (+action buffer + delay values),"(0,0-20)",20.0,0,0,0,20,0,8,83,-20.220302757341415,0.24440455639241151,0.02175847440958023,0.0034360340796411037,1.0,1.0
state_stochastic,augmented_action_delay,Augmented (+action buffer + delay values),"(0,0-20)",20.0,0,0,0,20,0,9,81,-21.88562382152304,0.2703900801673256,0.015972672030329704,0.0039407541044056416,1.0,1.0
state_stochastic,augmented_action_delay,Augmented (+action buffer + delay values),"(0,0-20)",20.0,0,0,0,20,1,0,87,-20.86544703238178,0.24189362262948363,0.025614019483327866,0.0017570520285516977,1.0,1.0
state_stochastic,augmented_action_delay,Augmented (+action buffer + delay values),"(0,0-20)",20.0,0,0,0,20,1,1,83,-21.709754389245063,0.262209075721856,0.01786629855632782,0.0032748058438301086,1.0,1.0
state_stochastic,augmented_action_delay,Augmented (+action buffer + delay values),"(0,0-20)",20.0,0,0,0,20,1,2,87,-26.603068467695266,0.3062991312672866,0.0064222789369523525,0.00428561307489872,1.0,1.0
state_stochastic,augmented_action_delay,Augmented (+action buffer + delay values),"(0,0-20)",20.0,0,0,0,20,1,3,83,-23.58787215896882,0.2846637270946325,0.013072396628558636,0.0019568107090890408,1.0,1.0
state_stochastic,augmented_action_delay,Augmented (+action buffer + delay values),"(0,0-20)",20.0,0,0,0,20,1,4,84,-20.696567965729628,0.2470074805792787,0.013015100732445717,0.0008363375090993941,1.0,1.0
state_stochastic,augmented_action_delay,Augmented (+action buffer + delay values),"(0,0-20)",20.0,0,0,0,20,1,5,83,-20.57596754131373,0.24877022409177643,0.023987019434571266,0.001289999927394092,1.0,1.0
state_stochastic,augmented_action_delay,Augmented (+action buffer + delay values),"(0,0-20)",20.0,0,0,0,20,1,6,84,-19.85034936608281,0.23712212157053209,0.016977211460471153,0.0010297349654138088,1.0,1.0
state_stochastic,augmented_action_delay,Augmented (+action buffer + delay values),"(0,0-20)",20.0,0,0,0,20,1,7,91,-19.85473289928632,0.2210976286198954,0.024104664102196693,0.0007525099790655077,1.0,1.0
state_stochastic,augmented_action_delay,Augmented (+action buffer + delay values),"(0,0-20)",20.0,0,0,0,20,1,8,85,-22.066686002537608,0.2607084802844945,0.01870696432888508,0.00717048579826951,1.0,1.0
state_stochastic,augmented_action_delay,Augmented (+action buffer + delay values),"(0,0-20)",20.0,0,0,0,20,1,9,82,-23.17973229684867,0.28315610584246403,0.019534191116690636,0.0022269561886787415,1.0,1.0
state_stochastic,augmented_action_delay,Augmented (+action buffer + delay values),"(0,0-20)",20.0,0,0,0,20,2,0,85,-21.294312202837318,0.25226958003442956,0.029720420017838478,0.002110266126692295,1.0,1.0
state_stochastic,augmented_action_delay,Augmented (+action buffer + delay values),"(0,0-20)",20.0,0,0,0,20,2,1,81,-26.200042065931484,0.3236235096493023,0.013462215662002563,0.0029509635642170906,1.0,1.0
state_stochastic,augmented_action_delay,Augmented (+action buffer + delay values),"(0,0-20)",20.0,0,0,0,20,2,2,81,-23.678045103442855,0.2923767083039921,0.004468269180506468,0.0018334077904000878,1.0,1.0
state_stochastic,augmented_action_delay,Augmented (+action buffer + delay values),"(0,0-20)",20.0,0,0,0,20,2,3,83,-21.0771130786743,0.2544206377225423,0.013266617432236671,0.002376912161707878,1.0,1.0
state_stochastic,augmented_action_delay,Augmented (+action buffer + delay values),"(0,0-20)",20.0,0,0,0,20,2,4,86,-20.638567954767495,0.24132218528647237,0.019189996644854546,0.005139389541000128,1.0,1.0
state_stochastic,augmented_action_delay,Augmented (+action buffer + delay values),"(0,0-20)",20.0,0,0,0,20,2,5,83,-20.51470210426487,0.24777565715015384,0.016892479732632637,0.002574233803898096,1.0,1.0
state_stochastic,augmented_action_delay,Augmented (+action buffer + delay values),"(0,0-20)",20.0,0,0,0,20,2,6,80,-19.928123967023566,0.24910154958779457,0.028861386701464653,0.00035530258901417255,1.0,1.0
state_stochastic,augmented_action_delay,Augmented (+action buffer + delay values),"(0,0-20)",20.0,0,0,0,20,2,7,86,-22.09371793619357,0.2576662867064696,0.010930453427135944,0.0030087565537542105,1.0,1.0
state_stochastic,augmented_action_delay,Augmented (+action buffer + delay values),"(0,0-20)",20.0,0,0,0,20,2,8,87,-22.682106953230686,0.26183837976697405,0.013976012356579304,0.00181348726619035,1.0,1.0
state_stochastic,augmented_action_delay,Augmented (+action buffer + delay values),"(0,0-20)",20.0,0,0,0,20,2,9,80,-25.761787646915764,0.32202234558644705,0.018049325793981552,0.002579975640401244,1.0,1.0
state_stochastic,augmented_action_delay,Augmented (+action buffer + delay values),"(0,0-20)",20.0,0,0,0,20,3,0,81,-25.802189871203154,0.3187481913612121,0.016413629055023193,0.006495349574834108,1.0,1.0
state_stochastic,augmented_action_delay,Augmented (+action buffer + delay values),"(0,0-20)",20.0,0,0,0,20,3,1,82,-23.590172390453517,0.28790388450526244,0.008973069489002228,0.0037936647422611713,1.0,1.0
state_stochastic,augmented_action_delay,Augmented (+action buffer + delay values),"(0,0-20)",20.0,0,0,0,20,3,2,83,-21.269551730249077,0.25657489725826194,0.008721580728888512,0.00169503060169518,1.0,1.0
state_stochastic,augmented_action_delay,Augmented (+action buffer + delay values),"(0,0-20)",20.0,0,0,0,20,3,3,83,-20.81492527248338,0.2513386452828635,0.015394095331430435,0.0033849808387458324,1.0,1.0
state_stochastic,augmented_action_delay,Augmented (+action buffer + delay values),"(0,0-20)",20.0,0,0,0,20,3,4,85,-19.976178823504597,0.2360439845799085,0.017511973157525063,0.0038748751394450665,1.0,1.0
state_stochastic,augmented_action_delay,Augmented (+action buffer + delay values),"(0,0-20)",20.0,0,0,0,20,3,5,85,-20.148529443191364,0.2386275477844345,0.02696242369711399,0.0034108066465705633,1.0,1.0
state_stochastic,augmented_action_delay,Augmented (+action buffer + delay values),"(0,0-20)",20.0,0,0,0,20,3,6,81,-21.76368048833683,0.26889830402868947,0.01708213798701763,0.004013478755950928,1.0,1.0
state_stochastic,augmented_action_delay,Augmented (+action buffer + delay values),"(0,0-20)",20.0,0,0,0,20,3,7,86,-22.9053968321532,0.26790526494123906,0.02240932546555996,0.0034544714726507664,1.0,1.0
state_stochastic,augmented_action_delay,Augmented (+action buffer + delay values),"(0,0-20)",20.0,0,0,0,20,3,8,84,-26.06772578129312,0.31138568721819737,0.022167986258864403,0.0002881467225961387,1.0,1.0
state_stochastic,augmented_action_delay,Augmented (+action buffer + delay values),"(0,0-20)",20.0,0,0,0,20,3,9,85,-23.856796954991296,0.2816217566593824,0.016210472211241722,0.0030338966753333807,1.0,1.0
state_stochastic,augmented_action_delay,Augmented (+action buffer + delay values),"(0,0-20)",20.0,0,0,0,20,4,0,86,-23.457160069956444,0.2737752193690624,0.01458479929715395,0.001718181069009006,1.0,1.0
state_stochastic,augmented_action_delay,Augmented (+action buffer + delay values),"(0,0-20)",20.0,0,0,0,20,4,1,87,-20.89082513633184,0.24110561812392853,0.012194805778563023,0.001294072950258851,1.0,1.0
state_stochastic,augmented_action_delay,Augmented (+action buffer + delay values),"(0,0-20)",20.0,0,0,0,20,4,2,84,-20.491751156863756,0.2445245265442368,0.012077268213033676,0.0011846661800518632,1.0,1.0
state_stochastic,augmented_action_delay,Augmented (+action buffer + delay values),"(0,0-20)",20.0,0,0,0,20,4,3,86,-20.233766118995845,0.23653866379889985,0.018093161284923553,0.002510668244212866,1.0,1.0
state_stochastic,augmented_action_delay,Augmented (+action buffer + delay values),"(0,0-20)",20.0,0,0,0,20,4,4,84,-20.176118673174642,0.24151809967450044,0.027850424870848656,0.0014037139480933547,1.0,1.0
state_stochastic,augmented_action_delay,Augmented (+action buffer + delay values),"(0,0-20)",20.0,0,0,0,20,4,5,87,-21.957141850842163,0.25354637253504975,0.014484651386737823,0.0010581796523183584,1.0,1.0
state_stochastic,augmented_action_delay,Augmented (+action buffer + delay values),"(0,0-20)",20.0,0,0,0,20,4,6,82,-23.384519952815026,0.28558943170213663,0.016906723380088806,0.0030789305455982685,1.0,1.0
state_stochastic,augmented_action_delay,Augmented (+action buffer + delay values),"(0,0-20)",20.0,0,0,0,20,4,7,84,-25.805158529197797,0.3083210460193056,0.023452334105968475,0.002199009759351611,1.0,1.0
state_stochastic,augmented_action_delay,Augmented (+action buffer + delay values),"(0,0-20)",20.0,0,0,0,20,4,8,82,-24.180333549622446,0.2953771860509111,0.020297853276133537,0.0034420141018927097,1.0,1.0
state_stochastic,augmented_action_delay,Augmented (+action buffer + delay values),"(0,0-20)",20.0,0,0,0,20,4,9,85,-20.572282495559193,0.24226727737250792,0.004087216220796108,0.001240532728843391,1.0,1.0
