experiment,experiment_label,condition_id,condition_label,delay_family,variant,variant_label,delay_label,act_min,act_max,obs_min,obs_max,seed,train_steps,episode,episode_steps,true_return,delayed_return,mean_distance,final_distance,min_distance,success
constant,Constant delay,constant_10_10,"(10,10)",constant,augmented_action,Augmented (+action buffer),"(10,10)",10,10,10,10,501000,1000,0,90,-195.8099308013916,-174.44139623641968,2.17566589779324,2.1368534564971924,2.117457151412964,0.0
constant,Constant delay,constant_10_10,"(10,10)",constant,augmented_action,Augmented (+action buffer),"(10,10)",10,10,10,10,501000,1000,1,90,-178.88897705078125,-159.65612697601318,1.9876553005642361,1.9232850074768066,1.9145642518997192,0.0
constant,Constant delay,constant_10_10,"(10,10)",constant,augmented_action,Augmented (+action buffer),"(10,10)",10,10,10,10,501000,1000,2,90,-185.64457058906555,-165.50699830055237,2.0627174509896173,2.0137572288513184,2.0081865787506104,0.0
constant,Constant delay,constant_10_10,"(10,10)",constant,augmented_action,Augmented (+action buffer),"(10,10)",10,10,10,10,501000,1000,3,90,-178.70026671886444,-159.3780323266983,1.9855585190984937,1.9322234392166138,1.918916940689087,0.0
constant,Constant delay,constant_10_10,"(10,10)",constant,augmented_action,Augmented (+action buffer),"(10,10)",10,10,10,10,501000,1000,4,90,-164.63124465942383,-146.533109664917,1.829236051771376,1.8098134994506836,1.7775028944015503,0.0
constant,Constant delay,constant_10_10,"(10,10)",constant,augmented_action,Augmented (+action buffer),"(10,10)",10,10,10,10,502000,2000,0,90,-227.43270683288574,-199.7373752593994,2.5270300759209525,2.769533157348633,2.277336835861206,0.0
constant,Constant delay,constant_10_10,"(10,10)",constant,augmented_action,Augmented (+action buffer),"(10,10)",10,10,10,10,502000,2000,1,90,-236.16762781143188,-208.02710437774658,2.6240847534603544,2.8140523433685303,2.4147934913635254,0.0
constant,Constant delay,constant_10_10,"(10,10)",constant,augmented_action,Augmented (+action buffer),"(10,10)",10,10,10,10,502000,2000,2,90,-217.5190131664276,-190.94468760490417,2.416877924071418,2.6574325561523438,2.1623497009277344,0.0
constant,Constant delay,constant_10_10,"(10,10)",constant,augmented_action,Augmented (+action buffer),"(10,10)",10,10,10,10,502000,2000,3,90,-199.01025426387787,-174.71044433116913,2.211225047376421,2.429980993270874,1.9903990030288696,0.0
constant,Constant delay,constant_10_10,"(10,10)",constant,augmented_action,Augmented (+action buffer),"(10,10)",10,10,10,10,502000,2000,4,90,-211.23232555389404,-185.1634521484375,2.3470258394877117,2.6068873405456543,2.0789990425109863,0.0
constant,Constant delay,constant_10_10,"(10,10)",constant,augmented_action,Augmented (+action buffer),"(10,10)",10,10,10,10,503000,3000,0,90,-186.04406690597534,-165.7125244140625,2.0671562989552816,2.033154249191284,2.0171196460723877,0.0
constant,Constant delay,constant_10_10,"(10,10)",constant,augmented_action,Augmented (+action buffer),"(10,10)",10,10,10,10,503000,3000,1,90,-184.0308120250702,-163.73774552345276,2.044786800278558,2.029306650161743,2.0088229179382324,0.0
constant,Constant delay,constant_10_10,"(10,10)",constant,augmented_action,Augmented (+action buffer),"(10,10)",10,10,10,10,503000,3000,2,90,-177.58615064620972,-158.7024097442627,1.9731794516245524,1.8883740901947021,1.8778513669967651,0.0
constant,Constant delay,constant_10_10,"(10,10)",constant,augmented_action,Augmented (+action buffer),"(10,10)",10,10,10,10,503000,3000,3,90,-195.2507357597351,-173.25330066680908,2.1694526195526125,2.1997435092926025,2.1297147274017334,0.0
constant,Constant delay,constant_10_10,"(10,10)",constant,augmented_action,Augmented (+action buffer),"(10,10)",10,10,10,10,503000,3000,4,90,-187.73689341545105,-166.29819226264954,2.0859654823939007,2.1438701152801514,2.0049245357513428,0.0
constant,Constant delay,constant_10_10,"(10,10)",constant,augmented_action,Augmented (+action buffer),"(10,10)",10,10,10,10,504000,4000,0,90,-175.42195916175842,-157.4856734275818,1.9491328795750935,1.7936285734176636,1.747507095336914,0.0
constant,Constant delay,constant_10_10,"(10,10)",constant,augmented_action,Augmented (+action buffer),"(10,10)",10,10,10,10,504000,4000,1,90,-152.56017398834229,-136.87369179725647,1.6951130443149143,1.5686482191085815,1.5686482191085815,0.0
constant,Constant delay,constant_10_10,"(10,10)",constant,augmented_action,Augmented (+action buffer),"(10,10)",10,10,10,10,504000,4000,2,90,-181.19274139404297,-162.76106357574463,2.013252682156033,1.843167781829834,1.823972463607788,0.0
constant,Constant delay,constant_10_10,"(10,10)",constant,augmented_action,Augmented (+action buffer),"(10,10)",10,10,10,10,504000,4000,3,90,-174.3879590034485,-156.41712880134583,1.9376439889272055,1.7970830202102661,1.7970830202102661,0.0
constant,Constant delay,constant_10_10,"(10,10)",constant,augmented_action,Augmented (+action buffer),"(10,10)",10,10,10,10,504000,4000,4,90,-188.26403653621674,-169.18058669567108,2.091822628180186,1.9083449840545654,1.9083449840545654,0.0
constant,Constant delay,constant_10_10,"(10,10)",constant,augmented_action,Augmented (+action buffer),"(10,10)",10,10,10,10,505000,5000,0,90,-191.09144973754883,-168.27479887008667,2.1232383304172093,2.281665086746216,2.0285849571228027,0.0
constant,Constant delay,constant_10_10,"(10,10)",constant,augmented_action,Augmented (+action buffer),"(10,10)",10,10,10,10,505000,5000,1,90,-212.2306523323059,-185.80772495269775,2.3581183592478436,2.6422927379608154,2.169905185699463,0.0
constant,Constant delay,constant_10_10,"(10,10)",constant,augmented_action,Augmented (+action buffer),"(10,10)",10,10,10,10,505000,5000,2,90,-200.7746901512146,-175.494882106781,2.230829890569051,2.5279808044433594,2.0260818004608154,0.0
constant,Constant delay,constant_10_10,"(10,10)",constant,augmented_action,Augmented (+action buffer),"(10,10)",10,10,10,10,505000,5000,3,90,-216.43871474266052,-190.2577154636383,2.4048746082517836,2.6180999279022217,2.2712032794952393,0.0
constant,Constant delay,constant_10_10,"(10,10)",constant,augmented_action,Augmented (+action buffer),"(10,10)",10,10,10,10,505000,5000,4,90,-202.21424269676208,-177.45996403694153,2.246824918852912,2.4754278659820557,2.1229751110076904,0.0
constant,Constant delay,constant_10_10,"(10,10)",constant,augmented_action,Augmented (+action buffer),"(10,10)",10,10,10,10,506000,6000,0,90,-218.46496534347534,-192.89277267456055,2.4273885038163927,2.5572192668914795,2.2637875080108643,0.0
constant,Constant delay,constant_10_10,"(10,10)",constant,augmented_action,Augmented (+action buffer),"(10,10)",10,10,10,10,506000,6000,1,90,-201.35006427764893,-177.0922350883484,2.2372229364183216,2.4257829189300537,2.1171886920928955,0.0
constant,Constant delay,constant_10_10,"(10,10)",constant,augmented_action,Augmented (+action buffer),"(10,10)",10,10,10,10,506000,6000,2,90,-219.21005702018738,-193.9631006717682,2.435667300224304,2.524695634841919,2.3470420837402344,0.0
constant,Constant delay,constant_10_10,"(10,10)",constant,augmented_action,Augmented (+action buffer),"(10,10)",10,10,10,10,506000,6000,3,90,-183.56081330776215,-161.05505549907684,2.0395645923084684,2.2505757808685303,1.8985873460769653,0.0
constant,Constant delay,constant_10_10,"(10,10)",constant,augmented_action,Augmented (+action buffer),"(10,10)",10,10,10,10,506000,6000,4,90,-209.306720495224,-184.835764169693,2.325630227724711,2.4470956325531006,2.1708176136016846,0.0
constant,Constant delay,constant_10_10,"(10,10)",constant,augmented_action,Augmented (+action buffer),"(10,10)",10,10,10,10,507000,7000,0,90,-185.82593762874603,-162.78936231136322,2.0647326403194004,2.3036575317382812,1.9168630838394165,0.0
constant,Constant delay,constant_10_10,"(10,10)",constant,augmented_action,Augmented (+action buffer),"(10,10)",10,10,10,10,507000,7000,1,90,-198.0955686569214,-172.9541745185852,2.2010618739657932,2.514139413833618,2.0503673553466797,0.0
constant,Constant delay,constant_10_10,"(10,10)",constant,augmented_action,Augmented (+action buffer),"(10,10)",10,10,10,10,507000,7000,2,90,-209.16088008880615,-182.88657093048096,2.3240097787645126,2.6274309158325195,2.1268835067749023,0.0
constant,Constant delay,constant_10_10,"(10,10)",constant,augmented_action,Augmented (+action buffer),"(10,10)",10,10,10,10,507000,7000,3,90,-211.7943365573883,-185.22762608528137,2.3532704061932033,2.6566710472106934,2.1804895401000977,0.0
constant,Constant delay,constant_10_10,"(10,10)",constant,augmented_action,Augmented (+action buffer),"(10,10)",10,10,10,10,507000,7000,4,90,-195.08573746681213,-170.68429446220398,2.1676193051868013,2.4401443004608154,2.008906602859497,0.0
constant,Constant delay,constant_10_10,"(10,10)",constant,augmented_action,Augmented (+action buffer),"(10,10)",10,10,10,10,508000,8000,0,90,-154.44492888450623,-142.7756781578064,1.7160547653834024,1.166925072669983,1.0892786979675293,0.0
constant,Constant delay,constant_10_10,"(10,10)",constant,augmented_action,Augmented (+action buffer),"(10,10)",10,10,10,10,508000,8000,1,90,-151.32918620109558,-140.81873679161072,1.6814354022343954,1.0510449409484863,0.9609196782112122,0.0
constant,Constant delay,constant_10_10,"(10,10)",constant,augmented_action,Augmented (+action buffer),"(10,10)",10,10,10,10,508000,8000,2,90,-177.77291095256805,-164.0014306306839,1.975254566139645,1.3771480321884155,1.3235982656478882,0.0
constant,Constant delay,constant_10_10,"(10,10)",constant,augmented_action,Augmented (+action buffer),"(10,10)",10,10,10,10,508000,8000,3,90,-161.25299870967865,-148.54680836200714,1.7916999856630962,1.2706190347671509,1.1818689107894897,0.0
constant,Constant delay,constant_10_10,"(10,10)",constant,augmented_action,Augmented (+action buffer),"(10,10)",10,10,10,10,508000,8000,4,90,-173.38673663139343,-160.56096506118774,1.9265192959043715,1.2825771570205688,1.222840428352356,0.0
constant,Constant delay,constant_10_10,"(10,10)",constant,augmented_action,Augmented (+action buffer),"(10,10)",10,10,10,10,509000,9000,0,90,-198.8773719072342,-178.75265991687775,2.2097485767470464,2.0124711990356445,1.798439383506775,0.0
constant,Constant delay,constant_10_10,"(10,10)",constant,augmented_action,Augmented (+action buffer),"(10,10)",10,10,10,10,509000,9000,1,90,-178.04966294765472,-157.69108378887177,1.9783295883072747,2.035857915878296,1.590006947517395,0.0
constant,Constant delay,constant_10_10,"(10,10)",constant,augmented_action,Augmented (+action buffer),"(10,10)",10,10,10,10,509000,9000,2,90,-171.1640123128891,-151.29100358486176,1.901822359032101,1.9873008728027344,1.5291286706924438,0.0
constant,Constant delay,constant_10_10,"(10,10)",constant,augmented_action,Augmented (+action buffer),"(10,10)",10,10,10,10,509000,9000,3,90,-188.8153966665268,-169.3704422712326,2.0979488518502976,1.944495439529419,1.709531545639038,0.0
constant,Constant delay,constant_10_10,"(10,10)",constant,augmented_action,Augmented (+action buffer),"(10,10)",10,10,10,10,509000,9000,4,90,-164.19990587234497,-147.22277450561523,1.8244433985816109,1.6977131366729736,1.4121129512786865,0.0
constant,Constant delay,constant_10_10,"(10,10)",constant,augmented_action,Augmented (+action buffer),"(10,10)",10,10,10,10,510000,10000,0,90,-204.67042207717896,-183.12053442001343,2.274115800857544,2.1549887657165527,2.072681188583374,0.0
constant,Constant delay,constant_10_10,"(10,10)",constant,augmented_action,Augmented (+action buffer),"(10,10)",10,10,10,10,510000,10000,1,90,-203.5606746673584,-183.12123823165894,2.26178527408176,2.0439436435699463,1.998157262802124,0.0
constant,Constant delay,constant_10_10,"(10,10)",constant,augmented_action,Augmented (+action buffer),"(10,10)",10,10,10,10,510000,10000,2,90,-191.39828753471375,-170.86975646018982,2.126647639274597,2.0528531074523926,1.9188475608825684,0.0
constant,Constant delay,constant_10_10,"(10,10)",constant,augmented_action,Augmented (+action buffer),"(10,10)",10,10,10,10,510000,10000,3,90,-195.10147964954376,-175.7704976797104,2.167794218328264,1.9330981969833374,1.889048457145691,0.0
constant,Constant delay,constant_10_10,"(10,10)",constant,augmented_action,Augmented (+action buffer),"(10,10)",10,10,10,10,510000,10000,4,90,-181.17832028865814,-159.01024901866913,2.0130924476517573,2.2168071269989014,1.6235780715942383,0.0
constant,Constant delay,constant_10_10,"(10,10)",constant,augmented_action_delay,Augmented (+action buffer + delay values),"(10,10)",10,10,10,10,501000,1000,0,90,-170.09837436676025,-155.6185691356659,1.8899819374084472,1.447980523109436,1.447980523109436,0.0
constant,Constant delay,constant_10_10,"(10,10)",constant,augmented_action_delay,Augmented (+action buffer + delay values),"(10,10)",10,10,10,10,501000,1000,1,90,-149.14062762260437,-137.73274683952332,1.6571180846956042,1.1407880783081055,1.1407880783081055,0.0
constant,Constant delay,constant_10_10,"(10,10)",constant,augmented_action_delay,Augmented (+action buffer + delay values),"(10,10)",10,10,10,10,501000,1000,2,90,-158.87440967559814,-145.76720643043518,1.7652712186177573,1.3107203245162964,1.3107203245162964,0.0
constant,Constant delay,constant_10_10,"(10,10)",constant,augmented_action_delay,Augmented (+action buffer + delay values),"(10,10)",10,10,10,10,501000,1000,3,90,-150.9404535293579,-138.93271398544312,1.677116150326199,1.2007739543914795,1.2007739543914795,0.0
constant,Constant delay,constant_10_10,"(10,10)",constant,augmented_action_delay,Augmented (+action buffer + delay values),"(10,10)",10,10,10,10,501000,1000,4,90,-135.27782464027405,-124.72456002235413,1.5030869404474894,1.0553264617919922,1.0553264617919922,0.0
constant,Constant delay,constant_10_10,"(10,10)",constant,augmented_action_delay,Augmented (+action buffer + delay values),"(10,10)",10,10,10,10,502000,2000,0,90,-179.2479773759842,-159.08751928806305,1.991644193066491,2.0160458087921143,1.6585780382156372,0.0
constant,Constant delay,constant_10_10,"(10,10)",constant,augmented_action_delay,Augmented (+action buffer + delay values),"(10,10)",10,10,10,10,502000,2000,1,90,-189.85422921180725,-168.84744477272034,2.1094914356867474,2.1006784439086914,1.77021324634552,0.0
constant,Constant delay,constant_10_10,"(10,10)",constant,augmented_action_delay,Augmented (+action buffer + delay values),"(10,10)",10,10,10,10,502000,2000,2,90,-174.16341090202332,-153.15876746177673,1.9351490100224813,2.100464344024658,1.617339015007019,0.0
constant,Constant delay,constant_10_10,"(10,10)",constant,augmented_action_delay,Augmented (+action buffer + delay values),"(10,10)",10,10,10,10,502000,2000,3,90,-151.2324903011322,-134.3571457862854,1.6803610033459133,1.6875344514846802,1.3086715936660767,0.0
constant,Constant delay,constant_10_10,"(10,10)",constant,augmented_action_delay,Augmented (+action buffer + delay values),"(10,10)",10,10,10,10,502000,2000,4,90,-165.99102771282196,-145.8897498846054,1.8443447523646885,2.0101277828216553,1.5167580842971802,0.0
constant,Constant delay,constant_10_10,"(10,10)",constant,augmented_action_delay,Augmented (+action buffer + delay values),"(10,10)",10,10,10,10,503000,3000,0,90,-140.18030840158463,-130.64038771390915,1.5575589822398292,0.9539920687675476,0.9332178235054016,0.0
constant,Constant delay,constant_10_10,"(10,10)",constant,augmented_action_delay,Augmented (+action buffer + delay values),"(10,10)",10,10,10,10,503000,3000,1,90,-139.88815885782242,-130.29516738653183,1.554312876198027,0.9592991471290588,0.9409695267677307,0.0
constant,Constant delay,constant_10_10,"(10,10)",constant,augmented_action_delay,Augmented (+action buffer + delay values),"(10,10)",10,10,10,10,503000,3000,2,90,-139.44999408721924,-129.38102912902832,1.5494443787468803,1.0068964958190918,0.9166179895401001,0.0
constant,Constant delay,constant_10_10,"(10,10)",constant,augmented_action_delay,Augmented (+action buffer + delay values),"(10,10)",10,10,10,10,503000,3000,3,90,-139.77467370033264,-132.78498542308807,1.553051930003696,0.6989688277244568,0.6989688277244568,0.0
constant,Constant delay,constant_10_10,"(10,10)",constant,augmented_action_delay,Augmented (+action buffer + delay values),"(10,10)",10,10,10,10,503000,3000,4,90,-125.96056851744652,-121.62853601574898,1.3995618724160723,0.43320325016975403,0.43320325016975403,0.0
constant,Constant delay,constant_10_10,"(10,10)",constant,augmented_action_delay,Augmented (+action buffer + delay values),"(10,10)",10,10,10,10,504000,4000,0,90,-193.47077333927155,-167.38625967502594,2.1496752593252393,2.6084513664245605,1.7119240760803223,0.0
constant,Constant delay,constant_10_10,"(10,10)",constant,augmented_action_delay,Augmented (+action buffer + delay values),"(10,10)",10,10,10,10,504000,4000,1,90,-172.79333543777466,-147.2664351463318,1.9199259493086074,2.552690029144287,1.3696500062942505,0.0
constant,Constant delay,constant_10_10,"(10,10)",constant,augmented_action_delay,Augmented (+action buffer + delay values),"(10,10)",10,10,10,10,504000,4000,2,90,-195.0027197599411,-169.03220117092133,2.1666968862215676,2.5970518589019775,1.7374719381332397,0.0
constant,Constant delay,constant_10_10,"(10,10)",constant,augmented_action_delay,Augmented (+action buffer + delay values),"(10,10)",10,10,10,10,504000,4000,3,90,-191.71490716934204,-164.72253608703613,2.1301656352149116,2.699237108230591,1.613832712173462,0.0
constant,Constant delay,constant_10_10,"(10,10)",constant,augmented_action_delay,Augmented (+action buffer + delay values),"(10,10)",10,10,10,10,504000,4000,4,90,-199.1845372915268,-173.0615142583847,2.213161525461409,2.612302303314209,1.7742304801940918,0.0
constant,Constant delay,constant_10_10,"(10,10)",constant,augmented_action_delay,Augmented (+action buffer + delay values),"(10,10)",10,10,10,10,505000,5000,0,90,-226.95162427425385,-190.99028480052948,2.521684714158376,3.5961339473724365,1.9118480682373047,0.0
constant,Constant delay,constant_10_10,"(10,10)",constant,augmented_action_delay,Augmented (+action buffer + delay values),"(10,10)",10,10,10,10,505000,5000,1,90,-257.18584418296814,-215.27929186820984,2.8576204909218683,4.19065523147583,2.096872091293335,0.0
constant,Constant delay,constant_10_10,"(10,10)",constant,augmented_action_delay,Augmented (+action buffer + delay values),"(10,10)",10,10,10,10,505000,5000,2,90,-245.02097404003143,-204.7007588148117,2.7224552671114606,4.032021522521973,1.9678606986999512,0.0
constant,Constant delay,constant_10_10,"(10,10)",constant,augmented_action_delay,Augmented (+action buffer + delay values),"(10,10)",10,10,10,10,505000,5000,3,90,-243.29959893226624,-206.24920392036438,2.7033288770251804,3.7050395011901855,2.1602649688720703,0.0
constant,Constant delay,constant_10_10,"(10,10)",constant,augmented_action_delay,Augmented (+action buffer + delay values),"(10,10)",10,10,10,10,505000,5000,4,90,-238.24181866645813,-200.88484358787537,2.6471313185162013,3.7356975078582764,2.041294574737549,0.0
constant,Constant delay,constant_10_10,"(10,10)",constant,augmented_action_delay,Augmented (+action buffer + delay values),"(10,10)",10,10,10,10,506000,6000,0,90,-313.04837560653687,-254.98058652877808,3.4783152845170764,5.806778907775879,2.090428113937378,0.0
constant,Constant delay,constant_10_10,"(10,10)",constant,augmented_action_delay,Augmented (+action buffer + delay values),"(10,10)",10,10,10,10,506000,6000,1,90,-271.26267898082733,-221.40266406536102,3.014029766453637,4.986001491546631,1.9421707391738892,0.0
constant,Constant delay,constant_10_10,"(10,10)",constant,augmented_action_delay,Augmented (+action buffer + delay values),"(10,10)",10,10,10,10,506000,6000,2,90,-305.6323142051697,-249.621648311615,3.395914602279663,5.601066589355469,2.139406442642212,0.0
constant,Constant delay,constant_10_10,"(10,10)",constant,augmented_action_delay,Augmented (+action buffer + delay values),"(10,10)",10,10,10,10,506000,6000,3,90,-237.72447776794434,-195.27746391296387,2.641383086310493,4.244701385498047,1.7112747430801392,0.0
constant,Constant delay,constant_10_10,"(10,10)",constant,augmented_action_delay,Augmented (+action buffer + delay values),"(10,10)",10,10,10,10,506000,6000,4,90,-301.15640914440155,-244.72946918010712,3.346182323826684,5.642693996429443,1.9866894483566284,0.0
constant,Constant delay,constant_10_10,"(10,10)",constant,augmented_action_delay,Augmented (+action buffer + delay values),"(10,10)",10,10,10,10,507000,7000,0,90,-233.83690702915192,-194.62089407444,2.5981878558794658,3.9216012954711914,1.726640224456787,0.0
constant,Constant delay,constant_10_10,"(10,10)",constant,augmented_action_delay,Augmented (+action buffer + delay values),"(10,10)",10,10,10,10,507000,7000,1,90,-243.34356081485748,-203.43470585346222,2.7038173423873055,3.9908854961395264,1.8551706075668335,0.0
constant,Constant delay,constant_10_10,"(10,10)",constant,augmented_action_delay,Augmented (+action buffer + delay values),"(10,10)",10,10,10,10,507000,7000,2,90,-247.07601988315582,-207.71448576450348,2.7452891098128425,3.9361534118652344,1.9624336957931519,0.0
constant,Constant delay,constant_10_10,"(10,10)",constant,augmented_action_delay,Augmented (+action buffer + delay values),"(10,10)",10,10,10,10,507000,7000,3,90,-256.08687818050385,-214.96192872524261,2.845409757561154,4.112494945526123,1.9797756671905518,0.0
constant,Constant delay,constant_10_10,"(10,10)",constant,augmented_action_delay,Augmented (+action buffer + delay values),"(10,10)",10,10,10,10,507000,7000,4,90,-237.02196621894836,-198.53101515769958,2.6335774024327594,3.849095106124878,1.846921443939209,0.0
constant,Constant delay,constant_10_10,"(10,10)",constant,augmented_action_delay,Augmented (+action buffer + delay values),"(10,10)",10,10,10,10,508000,8000,0,90,-221.40575170516968,-188.70935916900635,2.4600639078352184,3.269639253616333,1.9115561246871948,0.0
constant,Constant delay,constant_10_10,"(10,10)",constant,augmented_action_delay,Augmented (+action buffer + delay values),"(10,10)",10,10,10,10,508000,8000,1,90,-217.45545172691345,-185.9232213497162,2.416171685854594,3.1532230377197266,1.9591490030288696,0.0
constant,Constant delay,constant_10_10,"(10,10)",constant,augmented_action_delay,Augmented (+action buffer + delay values),"(10,10)",10,10,10,10,508000,8000,2,90,-232.0135669708252,-199.41709566116333,2.5779285218980577,3.2596471309661865,2.128748655319214,0.0
constant,Constant delay,constant_10_10,"(10,10)",constant,augmented_action_delay,Augmented (+action buffer + delay values),"(10,10)",10,10,10,10,508000,8000,3,90,-211.20855581760406,-182.31732857227325,2.346761731306712,2.889122724533081,1.9897408485412598,0.0
constant,Constant delay,constant_10_10,"(10,10)",constant,augmented_action_delay,Augmented (+action buffer + delay values),"(10,10)",10,10,10,10,508000,8000,4,90,-223.93310379981995,-192.4240334033966,2.488145597775777,3.150907039642334,2.078197479248047,0.0
constant,Constant delay,constant_10_10,"(10,10)",constant,augmented_action_delay,Augmented (+action buffer + delay values),"(10,10)",10,10,10,10,509000,9000,0,90,-151.71439558267593,-124.33886677026749,1.6857155064741771,2.7375528812408447,0.4921911358833313,0.0
constant,Constant delay,constant_10_10,"(10,10)",constant,augmented_action_delay,Augmented (+action buffer + delay values),"(10,10)",10,10,10,10,509000,9000,1,90,-149.22390323877335,-119.06681162118912,1.6580433693197039,3.015709161758423,0.458080530166626,0.0
constant,Constant delay,constant_10_10,"(10,10)",constant,augmented_action_delay,Augmented (+action buffer + delay values),"(10,10)",10,10,10,10,509000,9000,2,90,-148.93943551182747,-117.73165705800056,1.654882616798083,3.1207778453826904,0.38289710879325867,0.0
constant,Constant delay,constant_10_10,"(10,10)",constant,augmented_action_delay,Augmented (+action buffer + delay values),"(10,10)",10,10,10,10,509000,9000,3,90,-153.18911749124527,-123.90635925531387,1.7021013054582808,2.9282758235931396,0.5268986225128174,0.0
constant,Constant delay,constant_10_10,"(10,10)",constant,augmented_action_delay,Augmented (+action buffer + delay values),"(10,10)",10,10,10,10,509000,9000,4,90,-149.98600387573242,-118.14841890335083,1.6665111541748048,3.183758497238159,0.36557701230049133,0.0
constant,Constant delay,constant_10_10,"(10,10)",constant,augmented_action_delay,Augmented (+action buffer + delay values),"(10,10)",10,10,10,10,510000,10000,0,90,-108.51638974249363,-100.07475139200687,1.2057376638054849,0.8441638350486755,0.18264412879943848,0.0
constant,Constant delay,constant_10_10,"(10,10)",constant,augmented_action_delay,Augmented (+action buffer + delay values),"(10,10)",10,10,10,10,510000,10000,1,90,-107.00135827064514,-98.65195155143738,1.188903980784946,0.8349406719207764,0.25708380341529846,0.0
constant,Constant delay,constant_10_10,"(10,10)",constant,augmented_action_delay,Augmented (+action buffer + delay values),"(10,10)",10,10,10,10,510000,10000,2,90,-98.36190570890903,-90.49596358835697,1.0929100634323226,0.7865942120552063,0.15250727534294128,0.0
constant,Constant delay,constant_10_10,"(10,10)",constant,augmented_action_delay,Augmented (+action buffer + delay values),"(10,10)",10,10,10,10,510000,10000,3,90,-115.54807251691818,-104.20441454648972,1.283867472410202,1.1343657970428467,0.5215930342674255,0.0
constant,Constant delay,constant_10_10,"(10,10)",constant,augmented_action_delay,Augmented (+action buffer + delay values),"(10,10)",10,10,10,10,510000,10000,4,90,-95.6971241645515,-86.55782059952617,1.0633013796061277,0.913930356502533,0.04185933992266655,0.0
constant,Constant delay,constant_10_10,"(10,10)",constant,unseen,Unseen delay,"(10,10)",10,10,10,10,501000,1000,0,90,-193.42930245399475,-172.54665303230286,2.1492144717110526,2.0882649421691895,2.071692705154419,0.0
constant,Constant delay,constant_10_10,"(10,10)",constant,unseen,Unseen delay,"(10,10)",10,10,10,10,501000,1000,1,90,-170.08622813224792,-152.91350531578064,1.8898469792471992,1.7172722816467285,1.7172722816467285,0.0
constant,Constant delay,constant_10_10,"(10,10)",constant,unseen,Unseen delay,"(10,10)",10,10,10,10,501000,1000,2,90,-181.19962084293365,-162.03384506702423,2.0133291204770405,1.9165775775909424,1.9165775775909424,0.0
constant,Constant delay,constant_10_10,"(10,10)",constant,unseen,Unseen delay,"(10,10)",10,10,10,10,501000,1000,3,90,-173.93947672843933,-155.66928815841675,1.9326608525382147,1.8270188570022583,1.8159594535827637,0.0
constant,Constant delay,constant_10_10,"(10,10)",constant,unseen,Unseen delay,"(10,10)",10,10,10,10,501000,1000,4,90,-159.83940863609314,-142.85018348693848,1.7759934292899238,1.6989225149154663,1.6934926509857178,0.0
constant,Constant delay,constant_10_10,"(10,10)",constant,unseen,Unseen delay,"(10,10)",10,10,10,10,502000,2000,0,90,-135.40192437171936,-125.30781698226929,1.5044658263524373,1.0094107389450073,1.0094107389450073,0.0
constant,Constant delay,constant_10_10,"(10,10)",constant,unseen,Unseen delay,"(10,10)",10,10,10,10,502000,2000,1,90,-148.0075603723526,-135.0060099363327,1.6445284485816956,1.3001550436019897,1.246455430984497,0.0
constant,Constant delay,constant_10_10,"(10,10)",constant,unseen,Unseen delay,"(10,10)",10,10,10,10,502000,2000,2,90,-169.73331451416016,-149.1789698600769,1.8859257168240018,2.055434465408325,1.6307226419448853,0.0
constant,Constant delay,constant_10_10,"(10,10)",constant,unseen,Unseen delay,"(10,10)",10,10,10,10,502000,2000,3,90,-87.12700517475605,-81.99478657543659,0.9680778352750672,0.5132218599319458,0.20776422321796417,0.0
constant,Constant delay,constant_10_10,"(10,10)",constant,unseen,Unseen delay,"(10,10)",10,10,10,10,502000,2000,4,90,-125.6524509191513,-116.60712480545044,1.3961383435461256,0.9045326113700867,0.9045326113700867,0.0
constant,Constant delay,constant_10_10,"(10,10)",constant,unseen,Unseen delay,"(10,10)",10,10,10,10,503000,3000,0,90,-348.11767411231995,-286.8272240161896,3.867974156803555,6.129045009613037,2.0741159915924072,0.0
constant,Constant delay,constant_10_10,"(10,10)",constant,unseen,Unseen delay,"(10,10)",10,10,10,10,503000,3000,1,90,-323.0172312259674,-265.0783121585846,3.5890803469551935,5.793891906738281,2.065730571746826,0.0
constant,Constant delay,constant_10_10,"(10,10)",constant,unseen,Unseen delay,"(10,10)",10,10,10,10,503000,3000,2,90,-210.3318600654602,-177.5087695121765,2.337020667394002,3.282309055328369,1.798314094543457,0.0
constant,Constant delay,constant_10_10,"(10,10)",constant,unseen,Unseen delay,"(10,10)",10,10,10,10,503000,3000,3,90,-304.112833738327,-249.29834246635437,3.3790314859814115,5.481449127197266,2.122279167175293,0.0
constant,Constant delay,constant_10_10,"(10,10)",constant,unseen,Unseen delay,"(10,10)",10,10,10,10,503000,3000,4,90,-304.1427791118622,-249.60758566856384,3.3793642123540244,5.453519344329834,2.0049245357513428,0.0
constant,Constant delay,constant_10_10,"(10,10)",constant,unseen,Unseen delay,"(10,10)",10,10,10,10,504000,4000,0,90,-94.35519123077393,-85.44123315811157,1.0483910136752659,0.8913958072662354,0.4258129298686981,0.0
constant,Constant delay,constant_10_10,"(10,10)",constant,unseen,Unseen delay,"(10,10)",10,10,10,10,504000,4000,1,90,-78.68443143367767,-74.25167661905289,0.8742714603741963,0.44327548146247864,0.281574010848999,0.0
constant,Constant delay,constant_10_10,"(10,10)",constant,unseen,Unseen delay,"(10,10)",10,10,10,10,504000,4000,2,90,-87.99609154462814,-86.42592996358871,0.9777343504958682,0.15701615810394287,0.07260627299547195,0.0
constant,Constant delay,constant_10_10,"(10,10)",constant,unseen,Unseen delay,"(10,10)",10,10,10,10,504000,4000,3,90,-156.77037143707275,-138.2546248435974,1.741893015967475,1.8515746593475342,1.4653868675231934,0.0
constant,Constant delay,constant_10_10,"(10,10)",constant,unseen,Unseen delay,"(10,10)",10,10,10,10,504000,4000,4,90,-141.69648575782776,-129.6607916355133,1.5744053973091974,1.2035694122314453,1.1936477422714233,0.0
constant,Constant delay,constant_10_10,"(10,10)",constant,unseen,Unseen delay,"(10,10)",10,10,10,10,505000,5000,0,90,-405.22608852386475,-328.90071964263916,4.5025120947096084,7.632536888122559,2.0702810287475586,0.0
constant,Constant delay,constant_10_10,"(10,10)",constant,unseen,Unseen delay,"(10,10)",10,10,10,10,505000,5000,1,90,-382.2745475769043,-309.8156223297119,4.247494973076714,7.245892524719238,2.1782948970794678,0.0
constant,Constant delay,constant_10_10,"(10,10)",constant,unseen,Unseen delay,"(10,10)",10,10,10,10,505000,5000,2,90,-352.98544692993164,-284.8146848678589,3.9220605214436848,6.817076206207275,2.010267734527588,0.0
constant,Constant delay,constant_10_10,"(10,10)",constant,unseen,Unseen delay,"(10,10)",10,10,10,10,505000,5000,3,90,-426.12090849876404,-347.6077678203583,4.734676761097378,7.851314067840576,2.2712032794952393,0.0
constant,Constant delay,constant_10_10,"(10,10)",constant,unseen,Unseen delay,"(10,10)",10,10,10,10,505000,5000,4,90,-394.8239815235138,-320.54998993873596,4.3869331280390425,7.427399158477783,2.1229751110076904,0.0
constant,Constant delay,constant_10_10,"(10,10)",constant,unseen,Unseen delay,"(10,10)",10,10,10,10,506000,6000,0,90,-301.6326916217804,-256.0098087787628,3.3514743513531156,4.562288284301758,2.2637875080108643,0.0
constant,Constant delay,constant_10_10,"(10,10)",constant,unseen,Unseen delay,"(10,10)",10,10,10,10,506000,6000,1,90,-276.55629205703735,-237.22268152236938,3.072847689522637,3.933361053466797,2.1171886920928955,0.0
constant,Constant delay,constant_10_10,"(10,10)",constant,unseen,Unseen delay,"(10,10)",10,10,10,10,506000,6000,2,90,-324.183881521225,-275.66759848594666,3.602043128013611,4.851628303527832,2.3470420837402344,0.0
constant,Constant delay,constant_10_10,"(10,10)",constant,unseen,Unseen delay,"(10,10)",10,10,10,10,506000,6000,3,90,-268.10350024700165,-227.08207213878632,2.9789277805222407,4.102142810821533,1.8985873460769653,0.0
constant,Constant delay,constant_10_10,"(10,10)",constant,unseen,Unseen delay,"(10,10)",10,10,10,10,506000,6000,4,90,-292.05036425590515,-248.7657287120819,3.245004047287835,4.328463554382324,2.1708176136016846,0.0
constant,Constant delay,constant_10_10,"(10,10)",constant,unseen,Unseen delay,"(10,10)",10,10,10,10,507000,7000,0,90,-102.70708042383194,-89.23268634080887,1.1411897824870216,1.3474394083023071,0.7044832706451416,0.0
constant,Constant delay,constant_10_10,"(10,10)",constant,unseen,Unseen delay,"(10,10)",10,10,10,10,507000,7000,1,90,-109.21237069368362,-95.06213146448135,1.2134707854853737,1.415023922920227,0.765236496925354,0.0
constant,Constant delay,constant_10_10,"(10,10)",constant,unseen,Unseen delay,"(10,10)",10,10,10,10,507000,7000,2,90,-118.88819342851639,-105.70598131418228,1.3209799269835154,1.3182212114334106,0.8174861073493958,0.0
constant,Constant delay,constant_10_10,"(10,10)",constant,unseen,Unseen delay,"(10,10)",10,10,10,10,507000,7000,3,90,-119.53368759155273,-104.69290590286255,1.3281520843505858,1.4840781688690186,0.81485515832901,0.0
constant,Constant delay,constant_10_10,"(10,10)",constant,unseen,Unseen delay,"(10,10)",10,10,10,10,507000,7000,4,90,-107.22735637426376,-94.64166158437729,1.191415070825153,1.2585694789886475,0.7007516026496887,0.0
constant,Constant delay,constant_10_10,"(10,10)",constant,unseen,Unseen delay,"(10,10)",10,10,10,10,508000,8000,0,90,-189.40132200717926,-162.71661579608917,2.104459133413103,2.668470621109009,1.6942627429962158,0.0
constant,Constant delay,constant_10_10,"(10,10)",constant,unseen,Unseen delay,"(10,10)",10,10,10,10,508000,8000,1,90,-202.9253910779953,-173.67489326000214,2.254726567533281,2.9250497817993164,1.882179856300354,0.0
constant,Constant delay,constant_10_10,"(10,10)",constant,unseen,Unseen delay,"(10,10)",10,10,10,10,508000,8000,2,90,-205.69549703598022,-175.72709226608276,2.2855055226220027,2.996840476989746,1.8978888988494873,0.0
constant,Constant delay,constant_10_10,"(10,10)",constant,unseen,Unseen delay,"(10,10)",10,10,10,10,508000,8000,3,90,-173.20293855667114,-148.98114395141602,1.924477095074124,2.4221794605255127,1.578169584274292,0.0
constant,Constant delay,constant_10_10,"(10,10)",constant,unseen,Unseen delay,"(10,10)",10,10,10,10,508000,8000,4,90,-165.1545112133026,-142.8064124584198,1.8350501245922513,2.2348098754882812,1.4653377532958984,0.0
constant,Constant delay,constant_10_10,"(10,10)",constant,unseen,Unseen delay,"(10,10)",10,10,10,10,509000,9000,0,90,-121.95035797357559,-114.43852883577347,1.3550039774841733,0.7511829137802124,0.6137937307357788,0.0
constant,Constant delay,constant_10_10,"(10,10)",constant,unseen,Unseen delay,"(10,10)",10,10,10,10,509000,9000,1,90,-109.22955483198166,-100.37192791700363,1.2136617203553517,0.8857626914978027,0.6328039169311523,0.0
constant,Constant delay,constant_10_10,"(10,10)",constant,unseen,Unseen delay,"(10,10)",10,10,10,10,509000,9000,2,90,-106.05091434717178,-97.08866101503372,1.1783434927463532,0.8962253332138062,0.6148850321769714,0.0
constant,Constant delay,constant_10_10,"(10,10)",constant,unseen,Unseen delay,"(10,10)",10,10,10,10,509000,9000,3,90,-122.16523903608322,-113.75960546731949,1.357391544845369,0.8405633568763733,0.6767975091934204,0.0
constant,Constant delay,constant_10_10,"(10,10)",constant,unseen,Unseen delay,"(10,10)",10,10,10,10,509000,9000,4,90,-102.29021072387695,-92.10404992103577,1.136557896931966,1.0186160802841187,0.5545607209205627,0.0
constant,Constant delay,constant_10_10,"(10,10)",constant,unseen,Unseen delay,"(10,10)",10,10,10,10,510000,10000,0,90,-105.83725708723068,-99.60779446363449,1.175969523191452,0.6229462623596191,0.36456677317619324,0.0
constant,Constant delay,constant_10_10,"(10,10)",constant,unseen,Unseen delay,"(10,10)",10,10,10,10,510000,10000,1,90,-102.45300191640854,-96.33042055368423,1.1383666879600949,0.6122581362724304,0.32799214124679565,0.0
constant,Constant delay,constant_10_10,"(10,10)",constant,unseen,Unseen delay,"(10,10)",10,10,10,10,510000,10000,2,90,-97.64756935834885,-89.86442047357559,1.0849729928705427,0.7783148884773254,0.3724079430103302,0.0
constant,Constant delay,constant_10_10,"(10,10)",constant,unseen,Unseen delay,"(10,10)",10,10,10,10,510000,10000,3,90,-111.50621569156647,-100.57539021968842,1.2389579521285163,1.0930825471878052,0.601435124874115,0.0
constant,Constant delay,constant_10_10,"(10,10)",constant,unseen,Unseen delay,"(10,10)",10,10,10,10,510000,10000,4,90,-102.60687005519867,-97.54083049297333,1.140076333946652,0.5066039562225342,0.38563308119773865,0.0
constant,Constant delay,constant_15_15,"(15,15)",constant,augmented_action_delay,Augmented (+action buffer + delay values),"(15,15)",15,15,15,15,501000,1000,0,95,-204.54722118377686,-170.35905194282532,2.1531286440397563,2.2792112827301025,1.9436392784118652,0.0
constant,Constant delay,constant_15_15,"(15,15)",constant,augmented_action_delay,Augmented (+action buffer + delay values),"(15,15)",15,15,15,15,501000,1000,1,95,-185.4628849029541,-154.95043277740479,1.9522408937153064,2.034163475036621,1.7703596353530884,0.0
constant,Constant delay,constant_15_15,"(15,15)",constant,augmented_action_delay,Augmented (+action buffer + delay values),"(15,15)",15,15,15,15,501000,1000,2,95,-192.75691747665405,-160.66816687583923,2.0290201839647795,2.1392500400543213,1.8316586017608643,0.0
constant,Constant delay,constant_15_15,"(15,15)",constant,augmented_action_delay,Augmented (+action buffer + delay values),"(15,15)",15,15,15,15,501000,1000,3,95,-185.0193088054657,-154.3176965713501,1.947571671636481,2.04677414894104,1.7530243396759033,0.0
constant,Constant delay,constant_15_15,"(15,15)",constant,augmented_action_delay,Augmented (+action buffer + delay values),"(15,15)",15,15,15,15,501000,1000,4,95,-168.96124637126923,-140.4734400510788,1.7785394354870445,1.8991870880126953,1.5704543590545654,0.0
constant,Constant delay,constant_15_15,"(15,15)",constant,augmented_action_delay,Augmented (+action buffer + delay values),"(15,15)",15,15,15,15,502000,2000,0,95,-226.86742496490479,-195.86083841323853,2.3880781575253134,2.067105770111084,2.067105770111084,0.0
constant,Constant delay,constant_15_15,"(15,15)",constant,augmented_action_delay,Augmented (+action buffer + delay values),"(15,15)",15,15,15,15,502000,2000,1,95,-237.9810643196106,-205.22706151008606,2.5050638349432695,2.1836001873016357,2.1836001873016357,0.0
constant,Constant delay,constant_15_15,"(15,15)",constant,augmented_action_delay,Augmented (+action buffer + delay values),"(15,15)",15,15,15,15,502000,2000,2,95,-220.45952701568604,-191.1056854724884,2.320626600165116,1.9569227695465088,1.9569227695465088,0.0
constant,Constant delay,constant_15_15,"(15,15)",constant,augmented_action_delay,Augmented (+action buffer + delay values),"(15,15)",15,15,15,15,502000,2000,3,95,-196.04455745220184,-169.7184453010559,2.0636269205494933,1.755074143409729,1.755074143409729,0.0
constant,Constant delay,constant_15_15,"(15,15)",constant,augmented_action_delay,Augmented (+action buffer + delay values),"(15,15)",15,15,15,15,502000,2000,4,95,-212.15912079811096,-184.1410962343216,2.23325390313801,1.8678683042526245,1.8678683042526245,0.0
constant,Constant delay,constant_15_15,"(15,15)",constant,augmented_action_delay,Augmented (+action buffer + delay values),"(15,15)",15,15,15,15,503000,3000,0,95,-219.10801196098328,-193.63479220867157,2.3064001259050873,1.6982146501541138,1.6982146501541138,0.0
constant,Constant delay,constant_15_15,"(15,15)",constant,augmented_action_delay,Augmented (+action buffer + delay values),"(15,15)",15,15,15,15,503000,3000,1,95,-216.94697618484497,-190.87953805923462,2.283652380893105,1.7378292083740234,1.7378292083740234,0.0
constant,Constant delay,constant_15_15,"(15,15)",constant,augmented_action_delay,Augmented (+action buffer + delay values),"(15,15)",15,15,15,15,503000,3000,2,95,-211.60361194610596,-187.21107745170593,2.2274064415379575,1.626168966293335,1.626168966293335,0.0
constant,Constant delay,constant_15_15,"(15,15)",constant,augmented_action_delay,Augmented (+action buffer + delay values),"(15,15)",15,15,15,15,503000,3000,3,95,-223.336040019989,-195.79877817630768,2.350905684420937,1.8358174562454224,1.8358174562454224,0.0
constant,Constant delay,constant_15_15,"(15,15)",constant,augmented_action_delay,Augmented (+action buffer + delay values),"(15,15)",15,15,15,15,503000,3000,4,95,-212.21924114227295,-186.13629627227783,2.233886748866031,1.7388629913330078,1.7388629913330078,0.0
constant,Constant delay,constant_15_15,"(15,15)",constant,augmented_action_delay,Augmented (+action buffer + delay values),"(15,15)",15,15,15,15,504000,4000,0,95,-267.1011588573456,-204.47368121147156,2.8115911458667955,4.175165176391602,1.6450331211090088,0.0
constant,Constant delay,constant_15_15,"(15,15)",constant,augmented_action_delay,Augmented (+action buffer + delay values),"(15,15)",15,15,15,15,504000,4000,1,95,-229.43702042102814,-174.1008561849594,2.415126530747665,3.689077615737915,1.2583394050598145,0.0
constant,Constant delay,constant_15_15,"(15,15)",constant,augmented_action_delay,Augmented (+action buffer + delay values),"(15,15)",15,15,15,15,504000,4000,2,95,-271.641237616539,-208.051411986351,2.859381448595147,4.239321708679199,1.6643608808517456,0.0
constant,Constant delay,constant_15_15,"(15,15)",constant,augmented_action_delay,Augmented (+action buffer + delay values),"(15,15)",15,15,15,15,504000,4000,3,95,-262.1432662010193,-199.57741498947144,2.7594028021159924,4.171056747436523,1.530674934387207,0.0
constant,Constant delay,constant_15_15,"(15,15)",constant,augmented_action_delay,Augmented (+action buffer + delay values),"(15,15)",15,15,15,15,504000,4000,4,95,-276.90864300727844,-212.63145661354065,2.9148278211292467,4.2851457595825195,1.6909825801849365,0.0
constant,Constant delay,constant_15_15,"(15,15)",constant,augmented_action_delay,Augmented (+action buffer + delay values),"(15,15)",15,15,15,15,505000,5000,0,95,-313.43486404418945,-234.25722694396973,3.299314358359889,5.278509140014648,1.9767444133758545,0.0
constant,Constant delay,constant_15_15,"(15,15)",constant,augmented_action_delay,Augmented (+action buffer + delay values),"(15,15)",15,15,15,15,505000,5000,1,95,-318.36659264564514,-240.14490914344788,3.351227291006791,5.214778900146484,2.124864339828491,0.0
constant,Constant delay,constant_15_15,"(15,15)",constant,augmented_action_delay,Augmented (+action buffer + delay values),"(15,15)",15,15,15,15,505000,5000,2,95,-305.7509126663208,-229.85498332977295,3.218430659645482,5.059728622436523,2.0051403045654297,0.0
constant,Constant delay,constant_15_15,"(15,15)",constant,augmented_action_delay,Augmented (+action buffer + delay values),"(15,15)",15,15,15,15,505000,5000,3,95,-338.12667632102966,-255.0714590549469,3.5592281718003123,5.537014484405518,2.25056791305542,0.0
constant,Constant delay,constant_15_15,"(15,15)",constant,augmented_action_delay,Augmented (+action buffer + delay values),"(15,15)",15,15,15,15,505000,5000,4,95,-317.04265117645264,-238.35346221923828,3.337291065015291,5.245945930480957,2.086008071899414,0.0
constant,Constant delay,constant_15_15,"(15,15)",constant,augmented_action_delay,Augmented (+action buffer + delay values),"(15,15)",15,15,15,15,506000,6000,0,95,-273.1384108066559,-223.12961077690125,2.8751411663858515,3.3339200019836426,2.2637875080108643,0.0
constant,Constant delay,constant_15_15,"(15,15)",constant,augmented_action_delay,Augmented (+action buffer + delay values),"(15,15)",15,15,15,15,506000,6000,1,95,-254.0468807220459,-207.50944566726685,2.6741776918110096,3.1024956703186035,2.1171886920928955,0.0
constant,Constant delay,constant_15_15,"(15,15)",constant,augmented_action_delay,Augmented (+action buffer + delay values),"(15,15)",15,15,15,15,506000,6000,2,95,-275.18484807014465,-225.17665600776672,2.8966826112646804,3.3338794708251953,2.3440332412719727,0.0
constant,Constant delay,constant_15_15,"(15,15)",constant,augmented_action_delay,Augmented (+action buffer + delay values),"(15,15)",15,15,15,15,506000,6000,3,95,-229.204531788826,-187.30090963840485,2.412679281987642,2.793574810028076,1.8797115087509155,0.0
constant,Constant delay,constant_15_15,"(15,15)",constant,augmented_action_delay,Augmented (+action buffer + delay values),"(15,15)",15,15,15,15,506000,6000,4,95,-255.01313853263855,-209.3569164276123,2.6843488266593534,3.043748140335083,2.1691064834594727,0.0
constant,Constant delay,constant_15_15,"(15,15)",constant,augmented_action_delay,Augmented (+action buffer + delay values),"(15,15)",15,15,15,15,507000,7000,0,95,-219.72121942043304,-179.6918569803238,2.3128549412677164,2.66862416267395,1.8682790994644165,0.0
constant,Constant delay,constant_15_15,"(15,15)",constant,augmented_action_delay,Augmented (+action buffer + delay values),"(15,15)",15,15,15,15,507000,7000,1,95,-241.26832616329193,-195.2477170228958,2.5396665911925465,3.068040609359741,1.9978739023208618,0.0
constant,Constant delay,constant_15_15,"(15,15)",constant,augmented_action_delay,Augmented (+action buffer + delay values),"(15,15)",15,15,15,15,507000,7000,2,95,-266.22158455848694,-212.76392149925232,2.8023324690367044,3.5638442039489746,2.1268835067749023,0.0
constant,Constant delay,constant_15_15,"(15,15)",constant,augmented_action_delay,Augmented (+action buffer + delay values),"(15,15)",15,15,15,15,507000,7000,3,95,-277.7485308647156,-220.56247568130493,2.9236687459443744,3.812403678894043,2.1529319286346436,0.0
constant,Constant delay,constant_15_15,"(15,15)",constant,augmented_action_delay,Augmented (+action buffer + delay values),"(15,15)",15,15,15,15,507000,7000,4,95,-247.50615215301514,-198.43295669555664,2.6053279174001593,3.2715463638305664,2.0066354274749756,0.0
constant,Constant delay,constant_15_15,"(15,15)",constant,augmented_action_delay,Augmented (+action buffer + delay values),"(15,15)",15,15,15,15,508000,8000,0,95,-253.13317894935608,-205.2480947971344,2.6645597784142745,3.1923389434814453,2.0462186336517334,0.0
constant,Constant delay,constant_15_15,"(15,15)",constant,augmented_action_delay,Augmented (+action buffer + delay values),"(15,15)",15,15,15,15,508000,8000,1,95,-262.79082322120667,-211.9123616218567,2.7662191918021755,3.391897439956665,2.0565309524536133,0.0
constant,Constant delay,constant_15_15,"(15,15)",constant,augmented_action_delay,Augmented (+action buffer + delay values),"(15,15)",15,15,15,15,508000,8000,2,95,-277.71184039115906,-225.11456561088562,2.9232825304332533,3.5064849853515625,2.191107749938965,0.0
constant,Constant delay,constant_15_15,"(15,15)",constant,augmented_action_delay,Augmented (+action buffer + delay values),"(15,15)",15,15,15,15,508000,8000,3,95,-270.53164935112,-217.60518169403076,2.8477015721170527,3.5284311771392822,2.0674996376037598,0.0
constant,Constant delay,constant_15_15,"(15,15)",constant,augmented_action_delay,Augmented (+action buffer + delay values),"(15,15)",15,15,15,15,508000,8000,4,95,-275.14745593070984,-222.8269350528717,2.896289009796946,3.488034725189209,2.1665284633636475,0.0
constant,Constant delay,constant_15_15,"(15,15)",constant,augmented_action_delay,Augmented (+action buffer + delay values),"(15,15)",15,15,15,15,509000,9000,0,95,-344.91376972198486,-264.84970903396606,3.6306712602314195,5.33760404586792,2.252044200897217,0.0
constant,Constant delay,constant_15_15,"(15,15)",constant,augmented_action_delay,Augmented (+action buffer + delay values),"(15,15)",15,15,15,15,509000,9000,1,95,-325.66514468193054,-247.27958178520203,3.428054154546637,5.225704193115234,2.0055813789367676,0.0
constant,Constant delay,constant_15_15,"(15,15)",constant,augmented_action_delay,Augmented (+action buffer + delay values),"(15,15)",15,15,15,15,509000,9000,2,95,-319.17647337913513,-240.64185118675232,3.359752351359317,5.2356414794921875,1.9145886898040771,0.0
constant,Constant delay,constant_15_15,"(15,15)",constant,augmented_action_delay,Augmented (+action buffer + delay values),"(15,15)",15,15,15,15,509000,9000,3,95,-337.5252673625946,-256.4241216182709,3.5528975511852066,5.406743049621582,2.1304798126220703,0.0
constant,Constant delay,constant_15_15,"(15,15)",constant,augmented_action_delay,Augmented (+action buffer + delay values),"(15,15)",15,15,15,15,509000,9000,4,95,-317.9704545736313,-238.9622186422348,3.3470574165645397,5.267215728759766,1.8798625469207764,0.0
constant,Constant delay,constant_15_15,"(15,15)",constant,augmented_action_delay,Augmented (+action buffer + delay values),"(15,15)",15,15,15,15,510000,10000,0,95,-313.9519798755646,-255.91877937316895,3.30475768290068,3.868880033493042,2.2855072021484375,0.0
constant,Constant delay,constant_15_15,"(15,15)",constant,augmented_action_delay,Augmented (+action buffer + delay values),"(15,15)",15,15,15,15,510000,10000,1,95,-311.0520851612091,-252.85712957382202,3.2742324753811487,3.8796637058258057,2.254546880722046,0.0
constant,Constant delay,constant_15_15,"(15,15)",constant,augmented_action_delay,Augmented (+action buffer + delay values),"(15,15)",15,15,15,15,510000,10000,2,95,-304.7054822444916,-246.7571361064911,3.207426128889385,3.863223075866699,2.0939149856567383,0.0
constant,Constant delay,constant_15_15,"(15,15)",constant,augmented_action_delay,Augmented (+action buffer + delay values),"(15,15)",15,15,15,15,510000,10000,3,95,-308.5255477428436,-249.16847324371338,3.247637344661512,3.9571382999420166,2.1269571781158447,0.0
constant,Constant delay,constant_15_15,"(15,15)",constant,augmented_action_delay,Augmented (+action buffer + delay values),"(15,15)",15,15,15,15,510000,10000,4,95,-306.40133810043335,-245.17559719085693,3.225277243162456,4.081716060638428,1.993490219116211,0.0
constant,Constant delay,constant_20_20,"(20,20)",constant,augmented_action,Augmented (+action buffer),"(20,20)",20,20,20,20,501000,1000,0,100,-242.6585030555725,-190.8867335319519,2.4265850305557253,2.5885884761810303,2.268052101135254,0.0
constant,Constant delay,constant_20_20,"(20,20)",constant,augmented_action,Augmented (+action buffer),"(20,20)",20,20,20,20,501000,1000,1,100,-221.51072072982788,-174.74422979354858,2.2151072072982787,2.338324546813965,2.087207078933716,0.0
constant,Constant delay,constant_20_20,"(20,20)",constant,augmented_action,Augmented (+action buffer),"(20,20)",20,20,20,20,501000,1000,2,100,-230.0509648323059,-181.12394380569458,2.300509648323059,2.4463510513305664,2.1382131576538086,0.0
constant,Constant delay,constant_20_20,"(20,20)",constant,augmented_action,Augmented (+action buffer),"(20,20)",20,20,20,20,501000,1000,3,100,-221.65592288970947,-174.62308025360107,2.216559228897095,2.35164213180542,2.054396390914917,0.0
constant,Constant delay,constant_20_20,"(20,20)",constant,augmented_action,Augmented (+action buffer),"(20,20)",20,20,20,20,501000,1000,4,100,-204.52367568016052,-160.5486752986908,2.0452367568016054,2.1987500190734863,1.8947257995605469,0.0
constant,Constant delay,constant_20_20,"(20,20)",constant,augmented_action,Augmented (+action buffer),"(20,20)",20,20,20,20,502000,2000,0,100,-193.2749924659729,-162.27053022384644,1.932749924659729,1.5502231121063232,1.5502231121063232,0.0
constant,Constant delay,constant_20_20,"(20,20)",constant,augmented_action,Augmented (+action buffer),"(20,20)",20,20,20,20,502000,2000,1,100,-203.80341494083405,-171.31416523456573,2.0380341494083405,1.6244624853134155,1.6244624853134155,0.0
constant,Constant delay,constant_20_20,"(20,20)",constant,augmented_action,Augmented (+action buffer),"(20,20)",20,20,20,20,502000,2000,2,100,-190.8963611125946,-158.38101649284363,1.908963611125946,1.6257672309875488,1.6119391918182373,0.0
constant,Constant delay,constant_20_20,"(20,20)",constant,augmented_action,Augmented (+action buffer),"(20,20)",20,20,20,20,502000,2000,3,100,-162.87479627132416,-137.64044749736786,1.6287479627132415,1.261717438697815,1.261717438697815,0.0
constant,Constant delay,constant_20_20,"(20,20)",constant,augmented_action,Augmented (+action buffer),"(20,20)",20,20,20,20,502000,2000,4,100,-182.24167156219482,-151.42612981796265,1.8224167156219482,1.5407770872116089,1.5407770872116089,0.0
constant,Constant delay,constant_20_20,"(20,20)",constant,augmented_action,Augmented (+action buffer),"(20,20)",20,20,20,20,503000,3000,0,100,-239.46327471733093,-183.5339572429657,2.3946327471733095,2.7964658737182617,2.0676891803741455,0.0
constant,Constant delay,constant_20_20,"(20,20)",constant,augmented_action,Augmented (+action buffer),"(20,20)",20,20,20,20,503000,3000,1,100,-236.9032280445099,-181.59840035438538,2.369032280445099,2.7652413845062256,2.065730571746826,0.0
constant,Constant delay,constant_20_20,"(20,20)",constant,augmented_action,Augmented (+action buffer),"(20,20)",20,20,20,20,503000,3000,2,100,-228.9643313884735,-177.03104758262634,2.289643313884735,2.5966641902923584,2.0469489097595215,0.0
constant,Constant delay,constant_20_20,"(20,20)",constant,augmented_action,Augmented (+action buffer),"(20,20)",20,20,20,20,503000,3000,3,100,-241.86256074905396,-186.36398935317993,2.4186256074905397,2.774928569793701,2.1329703330993652,0.0
constant,Constant delay,constant_20_20,"(20,20)",constant,augmented_action,Augmented (+action buffer),"(20,20)",20,20,20,20,503000,3000,4,100,-228.36731719970703,-175.88450717926025,2.28367317199707,2.624140501022339,2.0049245357513428,0.0
constant,Constant delay,constant_20_20,"(20,20)",constant,augmented_action,Augmented (+action buffer),"(20,20)",20,20,20,20,504000,4000,0,100,-289.0881543159485,-207.79305505752563,2.8908815431594848,4.064754962921143,2.0435900688171387,0.0
constant,Constant delay,constant_20_20,"(20,20)",constant,augmented_action,Augmented (+action buffer),"(20,20)",20,20,20,20,504000,4000,1,100,-256.5328003168106,-181.05741274356842,2.5653280031681063,3.7737693786621094,1.7282145023345947,0.0
constant,Constant delay,constant_20_20,"(20,20)",constant,augmented_action,Augmented (+action buffer),"(20,20)",20,20,20,20,504000,4000,2,100,-295.2322573661804,-212.14599561691284,2.9523225736618044,4.154313087463379,2.085075855255127,0.0
constant,Constant delay,constant_20_20,"(20,20)",constant,augmented_action,Augmented (+action buffer),"(20,20)",20,20,20,20,504000,4000,3,100,-282.26796996593475,-201.95995223522186,2.8226796996593477,4.0154008865356445,1.9802643060684204,0.0
constant,Constant delay,constant_20_20,"(20,20)",constant,augmented_action,Augmented (+action buffer),"(20,20)",20,20,20,20,504000,4000,4,100,-301.64186096191406,-217.37497901916504,3.0164186096191408,4.213344097137451,2.156432628631592,0.0
constant,Constant delay,constant_20_20,"(20,20)",constant,augmented_action,Augmented (+action buffer),"(20,20)",20,20,20,20,505000,5000,0,100,-243.30630445480347,-185.96585893630981,2.433063044548035,2.8670222759246826,2.030158042907715,0.0
constant,Constant delay,constant_20_20,"(20,20)",constant,augmented_action,Augmented (+action buffer),"(20,20)",20,20,20,20,505000,5000,1,100,-259.3995716571808,-199.20339608192444,2.5939957165718077,3.0098087787628174,2.162219524383545,0.0
constant,Constant delay,constant_20_20,"(20,20)",constant,augmented_action,Augmented (+action buffer),"(20,20)",20,20,20,20,505000,5000,2,100,-246.59050750732422,-188.91269969940186,2.465905075073242,2.883890390396118,2.0260818004608154,0.0
constant,Constant delay,constant_20_20,"(20,20)",constant,augmented_action,Augmented (+action buffer),"(20,20)",20,20,20,20,505000,5000,3,100,-277.08094477653503,-211.31173014640808,2.7708094477653504,3.2884607315063477,2.2712032794952393,0.0
constant,Constant delay,constant_20_20,"(20,20)",constant,augmented_action,Augmented (+action buffer),"(20,20)",20,20,20,20,505000,5000,4,100,-255.9234766960144,-195.86314725875854,2.559234766960144,3.003016471862793,2.1229751110076904,0.0
constant,Constant delay,constant_20_20,"(20,20)",constant,augmented_action,Augmented (+action buffer),"(20,20)",20,20,20,20,506000,6000,0,100,-265.5437695980072,-205.70738673210144,2.655437695980072,2.991819143295288,2.2637875080108643,0.0
constant,Constant delay,constant_20_20,"(20,20)",constant,augmented_action,Augmented (+action buffer),"(20,20)",20,20,20,20,506000,6000,1,100,-247.5546350479126,-190.9807767868042,2.475546350479126,2.82869291305542,2.116870403289795,0.0
constant,Constant delay,constant_20_20,"(20,20)",constant,augmented_action,Augmented (+action buffer),"(20,20)",20,20,20,20,506000,6000,2,100,-271.2029881477356,-210.1153702735901,2.712029881477356,3.0543808937072754,2.336926221847534,0.0
constant,Constant delay,constant_20_20,"(20,20)",constant,augmented_action,Augmented (+action buffer),"(20,20)",20,20,20,20,506000,6000,3,100,-222.54002344608307,-171.24387514591217,2.225400234460831,2.564807415008545,1.8797115087509155,0.0
constant,Constant delay,constant_20_20,"(20,20)",constant,augmented_action,Augmented (+action buffer),"(20,20)",20,20,20,20,506000,6000,4,100,-252.79343605041504,-195.88829040527344,2.52793436050415,2.84525728225708,2.1691064834594727,0.0
constant,Constant delay,constant_20_20,"(20,20)",constant,augmented_action,Augmented (+action buffer),"(20,20)",20,20,20,20,507000,7000,0,100,-256.3613532781601,-185.28032529354095,2.5636135327816008,3.554051399230957,1.9168630838394165,0.0
constant,Constant delay,constant_20_20,"(20,20)",constant,augmented_action,Augmented (+action buffer),"(20,20)",20,20,20,20,507000,7000,1,100,-269.1511995792389,-194.63749241828918,2.6915119957923888,3.7256853580474854,2.039811849594116,0.0
constant,Constant delay,constant_20_20,"(20,20)",constant,augmented_action,Augmented (+action buffer),"(20,20)",20,20,20,20,507000,7000,2,100,-282.0756804943085,-205.13800978660583,2.820756804943085,3.846883535385132,2.1268835067749023,0.0
constant,Constant delay,constant_20_20,"(20,20)",constant,augmented_action,Augmented (+action buffer),"(20,20)",20,20,20,20,507000,7000,3,100,-281.7368242740631,-205.54482674598694,2.8173682427406312,3.8095998764038086,2.1796000003814697,0.0
constant,Constant delay,constant_20_20,"(20,20)",constant,augmented_action,Augmented (+action buffer),"(20,20)",20,20,20,20,507000,7000,4,100,-265.2761631011963,-192.8542833328247,2.652761631011963,3.621093988418579,2.008906602859497,0.0
constant,Constant delay,constant_20_20,"(20,20)",constant,augmented_action,Augmented (+action buffer),"(20,20)",20,20,20,20,508000,8000,0,100,-200.3405590057373,-157.26729106903076,2.003405590057373,2.153663396835327,1.772904396057129,0.0
constant,Constant delay,constant_20_20,"(20,20)",constant,augmented_action,Augmented (+action buffer),"(20,20)",20,20,20,20,508000,8000,1,100,-211.06838274002075,-160.4317193031311,2.1106838274002073,2.5318331718444824,1.739304542541504,0.0
constant,Constant delay,constant_20_20,"(20,20)",constant,augmented_action,Augmented (+action buffer),"(20,20)",20,20,20,20,508000,8000,2,100,-216.40815114974976,-171.08256196975708,2.1640815114974976,2.266279458999634,1.8977022171020508,0.0
constant,Constant delay,constant_20_20,"(20,20)",constant,augmented_action,Augmented (+action buffer),"(20,20)",20,20,20,20,508000,8000,3,100,-207.72432386875153,-161.42519533634186,2.0772432386875153,2.3149564266204834,1.7789463996887207,0.0
constant,Constant delay,constant_20_20,"(20,20)",constant,augmented_action,Augmented (+action buffer),"(20,20)",20,20,20,20,508000,8000,4,100,-209.26630198955536,-167.27237403392792,2.0926630198955536,2.099696397781372,1.8789674043655396,0.0
constant,Constant delay,constant_20_20,"(20,20)",constant,augmented_action,Augmented (+action buffer),"(20,20)",20,20,20,20,509000,9000,0,100,-354.83363246917725,-240.66277599334717,3.5483363246917725,5.708542823791504,2.2622170448303223,0.0
constant,Constant delay,constant_20_20,"(20,20)",constant,augmented_action,Augmented (+action buffer),"(20,20)",20,20,20,20,509000,9000,1,100,-327.71492528915405,-219.6425585746765,3.2771492528915407,5.403618335723877,2.007997751235962,0.0
constant,Constant delay,constant_20_20,"(20,20)",constant,augmented_action,Augmented (+action buffer),"(20,20)",20,20,20,20,509000,9000,2,100,-306.06182396411896,-204.73771393299103,3.0606182396411894,5.0662055015563965,1.9401509761810303,0.0
constant,Constant delay,constant_20_20,"(20,20)",constant,augmented_action,Augmented (+action buffer),"(20,20)",20,20,20,20,509000,9000,3,100,-281.5593719482422,-197.2500705718994,2.815593719482422,4.215465068817139,2.139258623123169,0.0
constant,Constant delay,constant_20_20,"(20,20)",constant,augmented_action,Augmented (+action buffer),"(20,20)",20,20,20,20,509000,9000,4,100,-267.04731488227844,-182.7951672077179,2.6704731488227846,4.212607383728027,1.8962593078613281,0.0
constant,Constant delay,constant_20_20,"(20,20)",constant,augmented_action,Augmented (+action buffer),"(20,20)",20,20,20,20,510000,10000,0,100,-238.38496232032776,-187.1753695011139,2.3838496232032775,2.5604796409606934,2.2525224685668945,0.0
constant,Constant delay,constant_20_20,"(20,20)",constant,augmented_action,Augmented (+action buffer),"(20,20)",20,20,20,20,510000,10000,1,100,-235.0717694759369,-183.2522828578949,2.350717694759369,2.5909743309020996,2.192232608795166,0.0
constant,Constant delay,constant_20_20,"(20,20)",constant,augmented_action,Augmented (+action buffer),"(20,20)",20,20,20,20,510000,10000,2,100,-226.03324604034424,-175.33366870880127,2.2603324604034425,2.5349788665771484,2.0953564643859863,0.0
constant,Constant delay,constant_20_20,"(20,20)",constant,augmented_action,Augmented (+action buffer),"(20,20)",20,20,20,20,510000,10000,3,100,-218.60071659088135,-172.41055488586426,2.1860071659088134,2.3095080852508545,2.0763351917266846,0.0
constant,Constant delay,constant_20_20,"(20,20)",constant,augmented_action,Augmented (+action buffer),"(20,20)",20,20,20,20,510000,10000,4,100,-206.83512556552887,-164.0311657190323,2.0683512556552888,2.140197992324829,1.9850012063980103,0.0
constant,Constant delay,constant_20_20,"(20,20)",constant,augmented_action_delay,Augmented (+action buffer + delay values),"(20,20)",20,20,20,20,501000,1000,0,100,-235.80603861808777,-191.55628943443298,2.3580603861808775,2.2124874591827393,2.2124874591827393,0.0
constant,Constant delay,constant_20_20,"(20,20)",constant,augmented_action_delay,Augmented (+action buffer + delay values),"(20,20)",20,20,20,20,501000,1000,1,100,-211.78450465202332,-173.75186800956726,2.117845046520233,1.9016318321228027,1.9016318321228027,0.0
constant,Constant delay,constant_20_20,"(20,20)",constant,augmented_action_delay,Augmented (+action buffer + delay values),"(20,20)",20,20,20,20,501000,1000,2,100,-223.43295454978943,-181.89438700675964,2.234329545497894,2.0769283771514893,2.0769283771514893,0.0
constant,Constant delay,constant_20_20,"(20,20)",constant,augmented_action_delay,Augmented (+action buffer + delay values),"(20,20)",20,20,20,20,501000,1000,3,100,-214.39391827583313,-175.05179619789124,2.143939182758331,1.9671061038970947,1.9671061038970947,0.0
constant,Constant delay,constant_20_20,"(20,20)",constant,augmented_action_delay,Augmented (+action buffer + delay values),"(20,20)",20,20,20,20,501000,1000,4,100,-197.3611958026886,-160.90325665473938,1.973611958026886,1.822896957397461,1.822896957397461,0.0
constant,Constant delay,constant_20_20,"(20,20)",constant,augmented_action_delay,Augmented (+action buffer + delay values),"(20,20)",20,20,20,20,502000,2000,0,100,-265.2328541278839,-205.80795788764954,2.6523285412788393,2.9712448120117188,2.270364284515381,0.0
constant,Constant delay,constant_20_20,"(20,20)",constant,augmented_action_delay,Augmented (+action buffer + delay values),"(20,20)",20,20,20,20,502000,2000,1,100,-279.4697549343109,-217.2449471950531,2.794697549343109,3.1112403869628906,2.4147934913635254,0.0
constant,Constant delay,constant_20_20,"(20,20)",constant,augmented_action_delay,Augmented (+action buffer + delay values),"(20,20)",20,20,20,20,502000,2000,2,100,-251.1358518600464,-195.43512058258057,2.511358518600464,2.785036563873291,2.1623497009277344,0.0
constant,Constant delay,constant_20_20,"(20,20)",constant,augmented_action_delay,Augmented (+action buffer + delay values),"(20,20)",20,20,20,20,502000,2000,3,100,-233.77800691127777,-180.94736325740814,2.3377800691127777,2.6415321826934814,1.9903990030288696,0.0
constant,Constant delay,constant_20_20,"(20,20)",constant,augmented_action_delay,Augmented (+action buffer + delay values),"(20,20)",20,20,20,20,502000,2000,4,100,-241.9852991104126,-188.08538150787354,2.419852991104126,2.694995880126953,2.0710346698760986,0.0
constant,Constant delay,constant_20_20,"(20,20)",constant,augmented_action_delay,Augmented (+action buffer + delay values),"(20,20)",20,20,20,20,503000,3000,0,100,-168.73762691020966,-149.90394914150238,1.6873762691020966,0.9416838884353638,0.9416838884353638,0.0
constant,Constant delay,constant_20_20,"(20,20)",constant,augmented_action_delay,Augmented (+action buffer + delay values),"(20,20)",20,20,20,20,503000,3000,1,100,-167.23575323820114,-147.43120282888412,1.6723575323820115,0.9902275204658508,0.9902275204658508,0.0
constant,Constant delay,constant_20_20,"(20,20)",constant,augmented_action_delay,Augmented (+action buffer + delay values),"(20,20)",20,20,20,20,503000,3000,2,100,-163.96974384784698,-145.17689645290375,1.63969743847847,0.9396423697471619,0.9396423697471619,0.0
constant,Constant delay,constant_20_20,"(20,20)",constant,augmented_action_delay,Augmented (+action buffer + delay values),"(20,20)",20,20,20,20,503000,3000,3,100,-175.98502659797668,-153.9244248867035,1.7598502659797668,1.1030300855636597,1.1030300855636597,0.0
constant,Constant delay,constant_20_20,"(20,20)",constant,augmented_action_delay,Augmented (+action buffer + delay values),"(20,20)",20,20,20,20,503000,3000,4,100,-161.80418926477432,-142.94970947504044,1.6180418926477431,0.9427239894866943,0.9427239894866943,0.0
constant,Constant delay,constant_20_20,"(20,20)",constant,augmented_action_delay,Augmented (+action buffer + delay values),"(20,20)",20,20,20,20,504000,4000,0,100,-160.08282321691513,-137.27798837423325,1.6008282321691514,1.1402417421340942,0.9124068021774292,0.0
constant,Constant delay,constant_20_20,"(20,20)",constant,augmented_action_delay,Augmented (+action buffer + delay values),"(20,20)",20,20,20,20,504000,4000,1,100,-135.52300262451172,-112.58143949508667,1.3552300262451171,1.1470781564712524,0.6978558897972107,0.0
constant,Constant delay,constant_20_20,"(20,20)",constant,augmented_action_delay,Augmented (+action buffer + delay values),"(20,20)",20,20,20,20,504000,4000,2,100,-159.76094615459442,-138.66703641414642,1.5976094615459442,1.0546954870224,0.8603319525718689,0.0
constant,Constant delay,constant_20_20,"(20,20)",constant,augmented_action_delay,Augmented (+action buffer + delay values),"(20,20)",20,20,20,20,504000,4000,3,100,-144.28671860694885,-126.25431203842163,1.4428671860694886,0.9016203284263611,0.6344248652458191,0.0
constant,Constant delay,constant_20_20,"(20,20)",constant,augmented_action_delay,Augmented (+action buffer + delay values),"(20,20)",20,20,20,20,504000,4000,4,100,-159.14981311559677,-139.7356349825859,1.5914981311559677,0.9707089066505432,0.7699587941169739,0.0
constant,Constant delay,constant_20_20,"(20,20)",constant,augmented_action_delay,Augmented (+action buffer + delay values),"(20,20)",20,20,20,20,505000,5000,0,100,-193.4918805360794,-154.29983818531036,1.934918805360794,1.9596021175384521,1.6744927167892456,0.0
constant,Constant delay,constant_20_20,"(20,20)",constant,augmented_action_delay,Augmented (+action buffer + delay values),"(20,20)",20,20,20,20,505000,5000,1,100,-205.94008207321167,-162.9471516609192,2.0594008207321166,2.149646520614624,1.7798534631729126,0.0
constant,Constant delay,constant_20_20,"(20,20)",constant,augmented_action_delay,Augmented (+action buffer + delay values),"(20,20)",20,20,20,20,505000,5000,2,100,-197.54142999649048,-154.82608556747437,1.9754142999649047,2.1357672214508057,1.7243138551712036,0.0
constant,Constant delay,constant_20_20,"(20,20)",constant,augmented_action_delay,Augmented (+action buffer + delay values),"(20,20)",20,20,20,20,505000,5000,3,100,-222.79908084869385,-177.0480670928955,2.2279908084869384,2.287550687789917,1.994413137435913,0.0
constant,Constant delay,constant_20_20,"(20,20)",constant,augmented_action_delay,Augmented (+action buffer + delay values),"(20,20)",20,20,20,20,505000,5000,4,100,-203.53674149513245,-161.1769745349884,2.0353674149513243,2.117988348007202,1.7626036405563354,0.0
constant,Constant delay,constant_20_20,"(20,20)",constant,augmented_action_delay,Augmented (+action buffer + delay values),"(20,20)",20,20,20,20,506000,6000,0,100,-251.81181573867798,-184.4166865348816,2.51811815738678,3.3697564601898193,1.9984374046325684,0.0
constant,Constant delay,constant_20_20,"(20,20)",constant,augmented_action_delay,Augmented (+action buffer + delay values),"(20,20)",20,20,20,20,506000,6000,1,100,-227.65104126930237,-167.6526482105255,2.276510412693024,2.9999196529388428,1.729205846786499,0.0
constant,Constant delay,constant_20_20,"(20,20)",constant,augmented_action_delay,Augmented (+action buffer + delay values),"(20,20)",20,20,20,20,506000,6000,2,100,-255.2599174976349,-187.58974385261536,2.552599174976349,3.3835086822509766,2.019441843032837,0.0
constant,Constant delay,constant_20_20,"(20,20)",constant,augmented_action_delay,Augmented (+action buffer + delay values),"(20,20)",20,20,20,20,506000,6000,3,100,-211.90634989738464,-152.39722514152527,2.1190634989738464,2.9754562377929688,1.5389491319656372,0.0
constant,Constant delay,constant_20_20,"(20,20)",constant,augmented_action_delay,Augmented (+action buffer + delay values),"(20,20)",20,20,20,20,506000,6000,4,100,-243.65914487838745,-176.6997971534729,2.4365914487838745,3.3479673862457275,1.8610222339630127,0.0
constant,Constant delay,constant_20_20,"(20,20)",constant,augmented_action_delay,Augmented (+action buffer + delay values),"(20,20)",20,20,20,20,507000,7000,0,100,-223.44523215293884,-160.05227828025818,2.2344523215293886,3.169647693634033,1.5524497032165527,0.0
constant,Constant delay,constant_20_20,"(20,20)",constant,augmented_action_delay,Augmented (+action buffer + delay values),"(20,20)",20,20,20,20,507000,7000,1,100,-231.6277515888214,-166.27442002296448,2.3162775158882143,3.2676665782928467,1.6634624004364014,0.0
constant,Constant delay,constant_20_20,"(20,20)",constant,augmented_action_delay,Augmented (+action buffer + delay values),"(20,20)",20,20,20,20,507000,7000,2,100,-236.50956296920776,-172.2138466835022,2.3650956296920778,3.2147858142852783,1.7648788690567017,0.0
constant,Constant delay,constant_20_20,"(20,20)",constant,augmented_action_delay,Augmented (+action buffer + delay values),"(20,20)",20,20,20,20,507000,7000,3,100,-232.08245706558228,-169.47934579849243,2.3208245706558226,3.130155563354492,1.6911300420761108,0.0
constant,Constant delay,constant_20_20,"(20,20)",constant,augmented_action_delay,Augmented (+action buffer + delay values),"(20,20)",20,20,20,20,507000,7000,4,100,-226.60015738010406,-163.69347727298737,2.2660015738010406,3.145334005355835,1.6506518125534058,0.0
constant,Constant delay,constant_20_20,"(20,20)",constant,augmented_action_delay,Augmented (+action buffer + delay values),"(20,20)",20,20,20,20,508000,8000,0,100,-160.70746564865112,-142.287193775177,1.6070746564865113,0.921013593673706,0.921013593673706,0.0
constant,Constant delay,constant_20_20,"(20,20)",constant,augmented_action_delay,Augmented (+action buffer + delay values),"(20,20)",20,20,20,20,508000,8000,1,100,-161.43607932329178,-144.010140478611,1.6143607932329178,0.8712969422340393,0.8712969422340393,0.0
constant,Constant delay,constant_20_20,"(20,20)",constant,augmented_action_delay,Augmented (+action buffer + delay values),"(20,20)",20,20,20,20,508000,8000,2,100,-181.40771758556366,-158.9221395254135,1.8140771758556367,1.1242789030075073,1.1242789030075073,0.0
constant,Constant delay,constant_20_20,"(20,20)",constant,augmented_action_delay,Augmented (+action buffer + delay values),"(20,20)",20,20,20,20,508000,8000,3,100,-165.1352862715721,-147.13271898031235,1.6513528627157212,0.9001283645629883,0.9001283645629883,0.0
constant,Constant delay,constant_20_20,"(20,20)",constant,augmented_action_delay,Augmented (+action buffer + delay values),"(20,20)",20,20,20,20,508000,8000,4,100,-177.7970689535141,-155.83641946315765,1.777970689535141,1.0980324745178223,1.0980324745178223,0.0
constant,Constant delay,constant_20_20,"(20,20)",constant,augmented_action_delay,Augmented (+action buffer + delay values),"(20,20)",20,20,20,20,509000,9000,0,100,-203.1111602783203,-168.4393196105957,2.031111602783203,1.7335920333862305,1.4946027994155884,0.0
constant,Constant delay,constant_20_20,"(20,20)",constant,augmented_action_delay,Augmented (+action buffer + delay values),"(20,20)",20,20,20,20,509000,9000,1,100,-179.5974291563034,-148.6015785932541,1.7959742915630341,1.5497925281524658,1.2580527067184448,0.0
constant,Constant delay,constant_20_20,"(20,20)",constant,augmented_action_delay,Augmented (+action buffer + delay values),"(20,20)",20,20,20,20,509000,9000,2,100,-170.40381562709808,-141.2678016424179,1.7040381562709808,1.4568006992340088,1.1570632457733154,0.0
constant,Constant delay,constant_20_20,"(20,20)",constant,augmented_action_delay,Augmented (+action buffer + delay values),"(20,20)",20,20,20,20,509000,9000,3,100,-194.4251368045807,-160.04975533485413,1.944251368045807,1.7187690734863281,1.4453911781311035,0.0
constant,Constant delay,constant_20_20,"(20,20)",constant,augmented_action_delay,Augmented (+action buffer + delay values),"(20,20)",20,20,20,20,509000,9000,4,100,-171.47086095809937,-140.92382144927979,1.7147086095809936,1.527351975440979,1.1718477010726929,0.0
constant,Constant delay,constant_20_20,"(20,20)",constant,augmented_action_delay,Augmented (+action buffer + delay values),"(20,20)",20,20,20,20,510000,10000,0,100,-162.90441167354584,-146.47553932666779,1.6290441167354583,0.8214436173439026,0.8082569241523743,0.0
constant,Constant delay,constant_20_20,"(20,20)",constant,augmented_action_delay,Augmented (+action buffer + delay values),"(20,20)",20,20,20,20,510000,10000,1,100,-158.65158474445343,-142.27866566181183,1.5865158474445342,0.8186459541320801,0.795417308807373,0.0
constant,Constant delay,constant_20_20,"(20,20)",constant,augmented_action_delay,Augmented (+action buffer + delay values),"(20,20)",20,20,20,20,510000,10000,2,100,-150.9906526207924,-133.5945685505867,1.5099065262079239,0.8698042035102844,0.7702141404151917,0.0
constant,Constant delay,constant_20_20,"(20,20)",constant,augmented_action_delay,Augmented (+action buffer + delay values),"(20,20)",20,20,20,20,510000,10000,3,100,-148.23481339216232,-134.81044787168503,1.4823481339216231,0.6712182760238647,0.6141805648803711,0.0
constant,Constant delay,constant_20_20,"(20,20)",constant,augmented_action_delay,Augmented (+action buffer + delay values),"(20,20)",20,20,20,20,510000,10000,4,100,-149.54824525117874,-128.11840134859085,1.4954824525117874,1.0714921951293945,0.6224197745323181,0.0
constant,Constant delay,constant_20_20,"(20,20)",constant,unseen,Unseen delay,"(20,20)",20,20,20,20,501000,1000,0,100,-211.9348486661911,-172.5863846540451,2.1193484866619112,1.9674232006072998,1.9674232006072998,0.0
constant,Constant delay,constant_20_20,"(20,20)",constant,unseen,Unseen delay,"(20,20)",20,20,20,20,501000,1000,1,100,-188.9925810098648,-155.50409758090973,1.889925810098648,1.674424171447754,1.674424171447754,0.0
constant,Constant delay,constant_20_20,"(20,20)",constant,unseen,Unseen delay,"(20,20)",20,20,20,20,501000,1000,2,100,-202.21294260025024,-164.5184097290039,2.0221294260025022,1.884726643562317,1.884726643562317,0.0
constant,Constant delay,constant_20_20,"(20,20)",constant,unseen,Unseen delay,"(20,20)",20,20,20,20,501000,1000,3,100,-192.39215850830078,-157.20475912094116,1.9239215850830078,1.759369969367981,1.7576630115509033,0.0
constant,Constant delay,constant_20_20,"(20,20)",constant,unseen,Unseen delay,"(20,20)",20,20,20,20,501000,1000,4,100,-174.4674780368805,-142.60798954963684,1.744674780368805,1.5929744243621826,1.5929744243621826,0.0
constant,Constant delay,constant_20_20,"(20,20)",constant,unseen,Unseen delay,"(20,20)",20,20,20,20,502000,2000,0,100,-290.0279178619385,-218.03098106384277,2.900279178619385,3.599846839904785,2.270364284515381,0.0
constant,Constant delay,constant_20_20,"(20,20)",constant,unseen,Unseen delay,"(20,20)",20,20,20,20,502000,2000,1,100,-304.09547114372253,-228.07461524009705,3.0409547114372253,3.8010427951812744,2.4147934913635254,0.0
constant,Constant delay,constant_20_20,"(20,20)",constant,unseen,Unseen delay,"(20,20)",20,20,20,20,502000,2000,2,100,-329.3628396987915,-239.31007289886475,3.293628396987915,4.502638339996338,2.1623497009277344,0.0
constant,Constant delay,constant_20_20,"(20,20)",constant,unseen,Unseen delay,"(20,20)",20,20,20,20,502000,2000,3,100,-183.05713975429535,-149.5571311712265,1.8305713975429534,1.6750004291534424,1.6750004291534424,0.0
constant,Constant delay,constant_20_20,"(20,20)",constant,unseen,Unseen delay,"(20,20)",20,20,20,20,502000,2000,4,100,-254.18332719802856,-192.0424666404724,2.541833271980286,3.1070430278778076,2.0710346698760986,0.0
constant,Constant delay,constant_20_20,"(20,20)",constant,unseen,Unseen delay,"(20,20)",20,20,20,20,503000,3000,0,100,-340.48909187316895,-247.84513473510742,3.4048909187316894,4.632197856903076,2.0676891803741455,0.0
constant,Constant delay,constant_20_20,"(20,20)",constant,unseen,Unseen delay,"(20,20)",20,20,20,20,503000,3000,1,100,-260.5731039047241,-197.37124252319336,2.605731039047241,3.160093069076538,2.065730571746826,0.0
constant,Constant delay,constant_20_20,"(20,20)",constant,unseen,Unseen delay,"(20,20)",20,20,20,20,503000,3000,2,100,-305.8317542076111,-226.65828943252563,3.058317542076111,3.9586732387542725,2.0469489097595215,0.0
constant,Constant delay,constant_20_20,"(20,20)",constant,unseen,Unseen delay,"(20,20)",20,20,20,20,503000,3000,3,100,-239.40967273712158,-187.0212526321411,2.394096727371216,2.6194210052490234,2.1329703330993652,0.0
constant,Constant delay,constant_20_20,"(20,20)",constant,unseen,Unseen delay,"(20,20)",20,20,20,20,503000,3000,4,100,-265.8102149963379,-197.038800239563,2.658102149963379,3.438570737838745,2.0049245357513428,0.0
constant,Constant delay,constant_20_20,"(20,20)",constant,unseen,Unseen delay,"(20,20)",20,20,20,20,504000,4000,0,100,-420.0729956626892,-295.2283492088318,4.200729956626892,6.242232322692871,2.0435900688171387,0.0
constant,Constant delay,constant_20_20,"(20,20)",constant,unseen,Unseen delay,"(20,20)",20,20,20,20,504000,4000,1,100,-409.7497410774231,-282.65574884414673,4.097497410774231,6.354699611663818,1.7282145023345947,0.0
constant,Constant delay,constant_20_20,"(20,20)",constant,unseen,Unseen delay,"(20,20)",20,20,20,20,504000,4000,2,100,-419.30156564712524,-295.97321367263794,4.193015656471252,6.166417598724365,2.085075855255127,0.0
constant,Constant delay,constant_20_20,"(20,20)",constant,unseen,Unseen delay,"(20,20)",20,20,20,20,504000,4000,3,100,-431.79704773426056,-300.171967625618,4.317970477342605,6.581254005432129,1.9802643060684204,0.0
constant,Constant delay,constant_20_20,"(20,20)",constant,unseen,Unseen delay,"(20,20)",20,20,20,20,504000,4000,4,100,-433.6720905303955,-305.9221134185791,4.336720905303955,6.38749885559082,2.156432628631592,0.0
constant,Constant delay,constant_20_20,"(20,20)",constant,unseen,Unseen delay,"(20,20)",20,20,20,20,505000,5000,0,100,-244.71063542366028,-186.59954476356506,2.447106354236603,2.9055545330047607,2.030158042907715,0.0
constant,Constant delay,constant_20_20,"(20,20)",constant,unseen,Unseen delay,"(20,20)",20,20,20,20,505000,5000,1,100,-364.79559445381165,-264.2269375324249,3.6479559445381167,5.028432846069336,2.162219524383545,0.0
constant,Constant delay,constant_20_20,"(20,20)",constant,unseen,Unseen delay,"(20,20)",20,20,20,20,505000,5000,2,100,-353.8314301967621,-253.9716203212738,3.538314301967621,4.992990493774414,2.0260818004608154,0.0
constant,Constant delay,constant_20_20,"(20,20)",constant,unseen,Unseen delay,"(20,20)",20,20,20,20,505000,5000,3,100,-293.2778377532959,-220.98414134979248,2.932778377532959,3.614684820175171,2.2712032794952393,0.0
constant,Constant delay,constant_20_20,"(20,20)",constant,unseen,Unseen delay,"(20,20)",20,20,20,20,505000,5000,4,100,-268.79034900665283,-203.4721508026123,2.687903490066528,3.2659099102020264,2.1229751110076904,0.0
constant,Constant delay,constant_20_20,"(20,20)",constant,unseen,Unseen delay,"(20,20)",20,20,20,20,506000,6000,0,100,-189.1406419724226,-141.6022994965315,1.891406419724226,2.3769171237945557,0.07965479046106339,0.0
constant,Constant delay,constant_20_20,"(20,20)",constant,unseen,Unseen delay,"(20,20)",20,20,20,20,506000,6000,1,100,-186.65061758458614,-141.54765413701534,1.8665061758458614,2.25514817237854,0.2042667269706726,0.0
constant,Constant delay,constant_20_20,"(20,20)",constant,unseen,Unseen delay,"(20,20)",20,20,20,20,506000,6000,2,100,-183.7215942889452,-140.82843251526356,1.837215942889452,2.144658088684082,0.04066276550292969,0.0
constant,Constant delay,constant_20_20,"(20,20)",constant,unseen,Unseen delay,"(20,20)",20,20,20,20,506000,6000,3,100,-183.7670130059123,-137.71442835777998,1.837670130059123,2.302629232406616,0.06330511718988419,0.0
constant,Constant delay,constant_20_20,"(20,20)",constant,unseen,Unseen delay,"(20,20)",20,20,20,20,506000,6000,4,100,-185.56013210117817,-139.42257983982563,1.8556013210117817,2.306877613067627,0.1096249669790268,0.0
constant,Constant delay,constant_20_20,"(20,20)",constant,unseen,Unseen delay,"(20,20)",20,20,20,20,507000,7000,0,100,-182.39533765614033,-134.7608314305544,1.8239533765614033,2.381725311279297,0.08173622190952301,0.0
constant,Constant delay,constant_20_20,"(20,20)",constant,unseen,Unseen delay,"(20,20)",20,20,20,20,507000,7000,1,100,-182.43075662478805,-136.38323598727584,1.8243075662478805,2.3023760318756104,0.033769238740205765,0.0
constant,Constant delay,constant_20_20,"(20,20)",constant,unseen,Unseen delay,"(20,20)",20,20,20,20,507000,7000,2,100,-188.74780064076185,-139.5342147871852,1.8874780064076184,2.460679292678833,0.059355251491069794,0.0
constant,Constant delay,constant_20_20,"(20,20)",constant,unseen,Unseen delay,"(20,20)",20,20,20,20,507000,7000,3,100,-187.04849188029766,-140.11858408153057,1.8704849188029766,2.3464953899383545,0.2256304770708084,0.0
constant,Constant delay,constant_20_20,"(20,20)",constant,unseen,Unseen delay,"(20,20)",20,20,20,20,507000,7000,4,100,-190.33231104537845,-139.7657855860889,1.9033231104537844,2.5283262729644775,0.060496632009744644,0.0
constant,Constant delay,constant_20_20,"(20,20)",constant,unseen,Unseen delay,"(20,20)",20,20,20,20,508000,8000,0,100,-160.84709306061268,-124.16308303177357,1.608470930606127,1.8342005014419556,0.06605204194784164,0.0
constant,Constant delay,constant_20_20,"(20,20)",constant,unseen,Unseen delay,"(20,20)",20,20,20,20,508000,8000,1,100,-133.64056493341923,-105.47475244104862,1.3364056493341923,1.4082906246185303,0.13088467717170715,0.0
constant,Constant delay,constant_20_20,"(20,20)",constant,unseen,Unseen delay,"(20,20)",20,20,20,20,508000,8000,2,100,-157.12544685602188,-123.13105589151382,1.5712544685602188,1.6997195482254028,0.1723005324602127,0.0
constant,Constant delay,constant_20_20,"(20,20)",constant,unseen,Unseen delay,"(20,20)",20,20,20,20,508000,8000,3,100,-178.86910808086395,-135.32651793956757,1.7886910808086396,2.1771295070648193,1.2024953365325928,0.0
constant,Constant delay,constant_20_20,"(20,20)",constant,unseen,Unseen delay,"(20,20)",20,20,20,20,508000,8000,4,100,-140.1077906191349,-113.01445642113686,1.401077906191349,1.3546667098999023,0.18218782544136047,0.0
constant,Constant delay,constant_20_20,"(20,20)",constant,unseen,Unseen delay,"(20,20)",20,20,20,20,509000,9000,0,100,-172.70713786780834,-133.42833499610424,1.7270713786780834,1.963940143585205,0.10242363810539246,0.0
constant,Constant delay,constant_20_20,"(20,20)",constant,unseen,Unseen delay,"(20,20)",20,20,20,20,509000,9000,1,100,-170.1176534742117,-128.57165203988552,1.7011765347421168,2.0773000717163086,0.07456906884908676,0.0
constant,Constant delay,constant_20_20,"(20,20)",constant,unseen,Unseen delay,"(20,20)",20,20,20,20,509000,9000,2,100,-157.6187152247876,-120.62432712130249,1.5761871522478759,1.8497194051742554,0.02354598604142666,0.0
constant,Constant delay,constant_20_20,"(20,20)",constant,unseen,Unseen delay,"(20,20)",20,20,20,20,509000,9000,3,100,-148.4275597911328,-116.7411608081311,1.484275597911328,1.5843199491500854,0.023511892184615135,0.0
constant,Constant delay,constant_20_20,"(20,20)",constant,unseen,Unseen delay,"(20,20)",20,20,20,20,509000,9000,4,100,-223.99421989917755,-157.60024845600128,2.2399421989917756,3.3196985721588135,1.4261759519577026,0.0
constant,Constant delay,constant_20_20,"(20,20)",constant,unseen,Unseen delay,"(20,20)",20,20,20,20,510000,10000,0,100,-187.6854143831879,-139.3981896135956,1.8768541438318789,2.4143612384796143,0.006340088322758675,0.0
constant,Constant delay,constant_20_20,"(20,20)",constant,unseen,Unseen delay,"(20,20)",20,20,20,20,510000,10000,1,100,-185.1811993457377,-138.8066065646708,1.851811993457377,2.3187296390533447,0.038321252912282944,0.0
constant,Constant delay,constant_20_20,"(20,20)",constant,unseen,Unseen delay,"(20,20)",20,20,20,20,510000,10000,2,100,-177.3741237744689,-132.74527951329947,1.773741237744689,2.2314422130584717,0.08807840198278427,0.0
constant,Constant delay,constant_20_20,"(20,20)",constant,unseen,Unseen delay,"(20,20)",20,20,20,20,510000,10000,3,100,-173.74281495809555,-130.4307660460472,1.7374281495809556,2.165602445602417,0.34959226846694946,0.0
constant,Constant delay,constant_20_20,"(20,20)",constant,unseen,Unseen delay,"(20,20)",20,20,20,20,510000,10000,4,100,-182.32169300317764,-134.1660037636757,1.8232169300317764,2.4077844619750977,0.13139531016349792,0.0
stochastic,Stochastic observation delay,stochastic_0_10,"(0,0-10)",stochastic,augmented_action,Augmented (+action buffer),"(0,0-10)",0,0,0,10,501000,1000,0,83,-93.63716185092926,-90.65102332830429,1.12815857651722,0.9953795075416565,0.6619035601615906,0.0
stochastic,Stochastic observation delay,stochastic_0_10,"(0,0-10)",stochastic,augmented_action,Augmented (+action buffer),"(0,0-10)",0,0,0,10,501000,1000,1,86,-82.66055634617805,-77.12074008584023,0.9611692598392797,0.9233027100563049,0.4713742136955261,0.0
stochastic,Stochastic observation delay,stochastic_0_10,"(0,0-10)",stochastic,augmented_action,Augmented (+action buffer),"(0,0-10)",0,0,0,10,501000,1000,2,82,-93.32807284593582,-91.0324118733406,1.1381472298284856,1.1478304862976074,0.7189918756484985,0.0
stochastic,Stochastic observation delay,stochastic_0_10,"(0,0-10)",stochastic,augmented_action,Augmented (+action buffer),"(0,0-10)",0,0,0,10,501000,1000,3,87,-92.80255913734436,-85.19034051895142,1.066696082038441,1.0874598026275635,0.637869119644165,0.0
stochastic,Stochastic observation delay,stochastic_0_10,"(0,0-10)",stochastic,augmented_action,Augmented (+action buffer),"(0,0-10)",0,0,0,10,501000,1000,4,85,-83.77158135175705,-78.27110797166824,0.9855480159030241,1.1000946760177612,0.5614873766899109,0.0
stochastic,Stochastic observation delay,stochastic_0_10,"(0,0-10)",stochastic,augmented_action,Augmented (+action buffer),"(0,0-10)",0,0,0,10,502000,2000,0,82,-142.21709203720093,-139.30555081367493,1.7343547809414748,1.4557706117630005,1.4492467641830444,0.0
stochastic,Stochastic observation delay,stochastic_0_10,"(0,0-10)",stochastic,augmented_action,Augmented (+action buffer),"(0,0-10)",0,0,0,10,502000,2000,1,80,-138.77213883399963,-138.77213883399963,1.7346517354249955,1.2451889514923096,1.2451889514923096,0.0
stochastic,Stochastic observation delay,stochastic_0_10,"(0,0-10)",stochastic,augmented_action,Augmented (+action buffer),"(0,0-10)",0,0,0,10,502000,2000,2,84,-130.36143386363983,-125.57116115093231,1.551921831709998,1.1975681781768799,1.1958729028701782,0.0
stochastic,Stochastic observation delay,stochastic_0_10,"(0,0-10)",stochastic,augmented_action,Augmented (+action buffer),"(0,0-10)",0,0,0,10,502000,2000,3,80,-122.9823670387268,-122.9823670387268,1.537279587984085,1.2765110731124878,1.275107741355896,0.0
stochastic,Stochastic observation delay,stochastic_0_10,"(0,0-10)",stochastic,augmented_action,Augmented (+action buffer),"(0,0-10)",0,0,0,10,502000,2000,4,80,-128.5358021259308,-128.5358021259308,1.6066975265741348,1.3946471214294434,1.3876091241836548,0.0
stochastic,Stochastic observation delay,stochastic_0_10,"(0,0-10)",stochastic,augmented_action,Augmented (+action buffer),"(0,0-10)",0,0,0,10,503000,3000,0,80,-146.3501490354538,-146.3501490354538,1.8293768629431724,1.5831600427627563,1.505861759185791,0.0
stochastic,Stochastic observation delay,stochastic_0_10,"(0,0-10)",stochastic,augmented_action,Augmented (+action buffer),"(0,0-10)",0,0,0,10,503000,3000,1,85,-155.4261726140976,-146.9482046365738,1.8285432072246777,1.6955935955047607,1.638835072517395,0.0
stochastic,Stochastic observation delay,stochastic_0_10,"(0,0-10)",stochastic,augmented_action,Augmented (+action buffer),"(0,0-10)",0,0,0,10,503000,3000,2,83,-153.78809535503387,-148.5086990594864,1.8528686187353478,1.7597987651824951,1.699293851852417,0.0
stochastic,Stochastic observation delay,stochastic_0_10,"(0,0-10)",stochastic,augmented_action,Augmented (+action buffer),"(0,0-10)",0,0,0,10,503000,3000,3,84,-169.73636043071747,-160.91026866436005,2.0206709575085413,2.2065229415893555,1.8766943216323853,0.0
stochastic,Stochastic observation delay,stochastic_0_10,"(0,0-10)",stochastic,augmented_action,Augmented (+action buffer),"(0,0-10)",0,0,0,10,503000,3000,4,84,-165.65510833263397,-156.5706318616867,1.9720846230075473,2.2711191177368164,1.8104513883590698,0.0
stochastic,Stochastic observation delay,stochastic_0_10,"(0,0-10)",stochastic,augmented_action,Augmented (+action buffer),"(0,0-10)",0,0,0,10,504000,4000,0,80,-165.8746600151062,-165.8746600151062,2.0734332501888275,3.7472126483917236,1.4188859462738037,0.0
stochastic,Stochastic observation delay,stochastic_0_10,"(0,0-10)",stochastic,augmented_action,Augmented (+action buffer),"(0,0-10)",0,0,0,10,504000,4000,1,81,-157.47288167476654,-153.82560622692108,1.9441096503057598,3.647275447845459,1.2449040412902832,0.0
stochastic,Stochastic observation delay,stochastic_0_10,"(0,0-10)",stochastic,augmented_action,Augmented (+action buffer),"(0,0-10)",0,0,0,10,504000,4000,2,82,-172.11595034599304,-164.8948357105255,2.0989750042194273,3.6105573177337646,1.4209898710250854,0.0
stochastic,Stochastic observation delay,stochastic_0_10,"(0,0-10)",stochastic,augmented_action,Augmented (+action buffer),"(0,0-10)",0,0,0,10,504000,4000,3,83,-178.8298145532608,-167.4173835515976,2.1545760789549493,3.8041436672210693,1.3724555969238281,0.0
stochastic,Stochastic observation delay,stochastic_0_10,"(0,0-10)",stochastic,augmented_action,Augmented (+action buffer),"(0,0-10)",0,0,0,10,504000,4000,4,81,-169.93256556987762,-166.42094027996063,2.097932908270094,3.511625289916992,1.4933557510375977,0.0
stochastic,Stochastic observation delay,stochastic_0_10,"(0,0-10)",stochastic,augmented_action,Augmented (+action buffer),"(0,0-10)",0,0,0,10,505000,5000,0,84,-150.53314417600632,-136.70359057188034,1.7920612401905514,3.457388401031494,0.6669101715087891,0.0
stochastic,Stochastic observation delay,stochastic_0_10,"(0,0-10)",stochastic,augmented_action,Augmented (+action buffer),"(0,0-10)",0,0,0,10,505000,5000,1,82,-123.52340349555016,-118.1901830136776,1.5063829694579287,2.6666102409362793,0.4396097958087921,0.0
stochastic,Stochastic observation delay,stochastic_0_10,"(0,0-10)",stochastic,augmented_action,Augmented (+action buffer),"(0,0-10)",0,0,0,10,505000,5000,2,84,-130.8454391658306,-118.7117654979229,1.5576837995932216,3.0334184169769287,0.3734097480773926,0.0
stochastic,Stochastic observation delay,stochastic_0_10,"(0,0-10)",stochastic,augmented_action,Augmented (+action buffer),"(0,0-10)",0,0,0,10,505000,5000,3,81,-144.64960706233978,-141.3240920305252,1.7857976180535775,3.325515031814575,0.8118181824684143,0.0
stochastic,Stochastic observation delay,stochastic_0_10,"(0,0-10)",stochastic,augmented_action,Augmented (+action buffer),"(0,0-10)",0,0,0,10,505000,5000,4,85,-149.9423616528511,-132.87134224176407,1.7640277841511895,3.4142038822174072,0.5462995767593384,0.0
stochastic,Stochastic observation delay,stochastic_0_10,"(0,0-10)",stochastic,augmented_action,Augmented (+action buffer),"(0,0-10)",0,0,0,10,506000,6000,0,85,-202.3233621120453,-188.11465311050415,2.3802748483770033,2.8417418003082275,2.1077334880828857,0.0
stochastic,Stochastic observation delay,stochastic_0_10,"(0,0-10)",stochastic,augmented_action,Augmented (+action buffer),"(0,0-10)",0,0,0,10,506000,6000,1,80,-178.02460038661957,-178.02460038661957,2.2253075048327444,2.36934232711792,1.9877533912658691,0.0
stochastic,Stochastic observation delay,stochastic_0_10,"(0,0-10)",stochastic,augmented_action,Augmented (+action buffer),"(0,0-10)",0,0,0,10,506000,6000,2,81,-196.95289063453674,-194.456289768219,2.431517168327614,2.496600866317749,2.1745262145996094,0.0
stochastic,Stochastic observation delay,stochastic_0_10,"(0,0-10)",stochastic,augmented_action,Augmented (+action buffer),"(0,0-10)",0,0,0,10,506000,6000,3,87,-153.38659358024597,-139.49841272830963,1.7630642940258157,1.9840258359909058,1.374723196029663,0.0
stochastic,Stochastic observation delay,stochastic_0_10,"(0,0-10)",stochastic,augmented_action,Augmented (+action buffer),"(0,0-10)",0,0,0,10,506000,6000,4,84,-193.23325848579407,-182.9056417942047,2.3003959343546914,2.581904172897339,2.0651493072509766,0.0
stochastic,Stochastic observation delay,stochastic_0_10,"(0,0-10)",stochastic,augmented_action,Augmented (+action buffer),"(0,0-10)",0,0,0,10,507000,7000,0,82,-136.91367083787918,-136.22202998399734,1.6696789126570633,0.34582042694091797,0.34582042694091797,0.0
stochastic,Stochastic observation delay,stochastic_0_10,"(0,0-10)",stochastic,augmented_action,Augmented (+action buffer),"(0,0-10)",0,0,0,10,507000,7000,1,81,-162.12213903665543,-161.21446204185486,2.001507889341425,0.9076769948005676,0.9076769948005676,0.0
stochastic,Stochastic observation delay,stochastic_0_10,"(0,0-10)",stochastic,augmented_action,Augmented (+action buffer),"(0,0-10)",0,0,0,10,507000,7000,2,80,-176.03229582309723,-176.03229582309723,2.2004036977887154,1.2445603609085083,1.2445603609085083,0.0
stochastic,Stochastic observation delay,stochastic_0_10,"(0,0-10)",stochastic,augmented_action,Augmented (+action buffer),"(0,0-10)",0,0,0,10,507000,7000,3,82,-191.6127461194992,-188.05223047733307,2.336740806335356,1.7802578210830688,1.7802578210830688,0.0
stochastic,Stochastic observation delay,stochastic_0_10,"(0,0-10)",stochastic,augmented_action,Augmented (+action buffer),"(0,0-10)",0,0,0,10,507000,7000,4,83,-140.31128761172295,-138.917701035738,1.6904974411050957,0.4645288586616516,0.4645288586616516,0.0
stochastic,Stochastic observation delay,stochastic_0_10,"(0,0-10)",stochastic,augmented_action,Augmented (+action buffer),"(0,0-10)",0,0,0,10,508000,8000,0,82,-86.4422105550766,-85.90494298934937,1.0541732994521535,0.26863378286361694,0.2566080093383789,0.0
stochastic,Stochastic observation delay,stochastic_0_10,"(0,0-10)",stochastic,augmented_action,Augmented (+action buffer),"(0,0-10)",0,0,0,10,508000,8000,1,82,-87.5773978382349,-87.02662821114063,1.0680170468077428,0.2753848135471344,0.23545323312282562,0.0
stochastic,Stochastic observation delay,stochastic_0_10,"(0,0-10)",stochastic,augmented_action,Augmented (+action buffer),"(0,0-10)",0,0,0,10,508000,8000,2,80,-99.30985045433044,-99.30985045433044,1.2413731306791305,0.4368785619735718,0.4368785619735718,0.0
stochastic,Stochastic observation delay,stochastic_0_10,"(0,0-10)",stochastic,augmented_action,Augmented (+action buffer),"(0,0-10)",0,0,0,10,508000,8000,3,81,-101.30265390872955,-100.38360124826431,1.2506500482559204,0.9190526604652405,0.8285408020019531,0.0
stochastic,Stochastic observation delay,stochastic_0_10,"(0,0-10)",stochastic,augmented_action,Augmented (+action buffer),"(0,0-10)",0,0,0,10,508000,8000,4,81,-92.57793879508972,-92.03646969795227,1.142937515988762,0.5414690971374512,0.5414690971374512,0.0
stochastic,Stochastic observation delay,stochastic_0_10,"(0,0-10)",stochastic,augmented_action,Augmented (+action buffer),"(0,0-10)",0,0,0,10,509000,9000,0,85,-85.49786779284477,-83.04601657390594,1.0058572681511149,0.4903702437877655,0.4903702437877655,0.0
stochastic,Stochastic observation delay,stochastic_0_10,"(0,0-10)",stochastic,augmented_action,Augmented (+action buffer),"(0,0-10)",0,0,0,10,509000,9000,1,84,-69.88268610835075,-68.2311860024929,0.831936739385128,0.4128750264644623,0.409871369600296,0.0
stochastic,Stochastic observation delay,stochastic_0_10,"(0,0-10)",stochastic,augmented_action,Augmented (+action buffer),"(0,0-10)",0,0,0,10,509000,9000,2,83,-77.76349180936813,-75.83594912290573,0.9369095398719052,0.6425142288208008,0.6279890537261963,0.0
stochastic,Stochastic observation delay,stochastic_0_10,"(0,0-10)",stochastic,augmented_action,Augmented (+action buffer),"(0,0-10)",0,0,0,10,509000,9000,3,83,-86.63998144865036,-85.33892831206322,1.0438551981765103,0.433684378862381,0.43085217475891113,0.0
stochastic,Stochastic observation delay,stochastic_0_10,"(0,0-10)",stochastic,augmented_action,Augmented (+action buffer),"(0,0-10)",0,0,0,10,509000,9000,4,81,-63.58076673746109,-63.17004317045212,0.7849477374995196,0.41072356700897217,0.36364448070526123,0.0
stochastic,Stochastic observation delay,stochastic_0_10,"(0,0-10)",stochastic,augmented_action,Augmented (+action buffer),"(0,0-10)",0,0,0,10,510000,10000,0,84,-64.53162881731987,-62.929549902677536,0.7682336763966651,0.4005197286605835,0.3954097330570221,0.0
stochastic,Stochastic observation delay,stochastic_0_10,"(0,0-10)",stochastic,augmented_action,Augmented (+action buffer),"(0,0-10)",0,0,0,10,510000,10000,1,83,-57.01953223347664,-55.9057699739933,0.6869823160659836,0.3712540864944458,0.26653385162353516,0.0
stochastic,Stochastic observation delay,stochastic_0_10,"(0,0-10)",stochastic,augmented_action,Augmented (+action buffer),"(0,0-10)",0,0,0,10,510000,10000,2,81,-58.167306780815125,-57.736522644758224,0.7181148985285818,0.4307841360569,0.3867809772491455,0.0
stochastic,Stochastic observation delay,stochastic_0_10,"(0,0-10)",stochastic,augmented_action,Augmented (+action buffer),"(0,0-10)",0,0,0,10,510000,10000,3,81,-68.18660083413124,-67.63643851876259,0.8418098868411265,0.5501623153686523,0.40710657835006714,0.0
stochastic,Stochastic observation delay,stochastic_0_10,"(0,0-10)",stochastic,augmented_action,Augmented (+action buffer),"(0,0-10)",0,0,0,10,510000,10000,4,82,-78.02752363681793,-76.37500858306885,0.9515551663026577,0.8262575268745422,0.6328989267349243,0.0
stochastic,Stochastic observation delay,stochastic_0_10,"(0,0-10)",stochastic,augmented_action_delay,Augmented (+action buffer + delay values),"(0,0-10)",0,0,0,10,501000,1000,0,83,-183.78159642219543,-177.47326111793518,2.2142361014722343,2.102778434753418,2.089003801345825,0.0
stochastic,Stochastic observation delay,stochastic_0_10,"(0,0-10)",stochastic,augmented_action_delay,Augmented (+action buffer + delay values),"(0,0-10)",0,0,0,10,501000,1000,1,86,-175.07814836502075,-163.3184299468994,2.0357924228490787,1.9599530696868896,1.9220794439315796,0.0
stochastic,Stochastic observation delay,stochastic_0_10,"(0,0-10)",stochastic,augmented_action_delay,Augmented (+action buffer + delay values),"(0,0-10)",0,0,0,10,501000,1000,2,82,-169.9707977771759,-165.80717062950134,2.0728146070387305,2.0818135738372803,1.9661208391189575,0.0
stochastic,Stochastic observation delay,stochastic_0_10,"(0,0-10)",stochastic,augmented_action_delay,Augmented (+action buffer + delay values),"(0,0-10)",0,0,0,10,501000,1000,3,87,-157.1003407239914,-146.6557892560959,1.8057510428044987,1.4920787811279297,1.4738893508911133,0.0
stochastic,Stochastic observation delay,stochastic_0_10,"(0,0-10)",stochastic,augmented_action_delay,Augmented (+action buffer + delay values),"(0,0-10)",0,0,0,10,501000,1000,4,85,-158.45793986320496,-149.55246531963348,1.864211057214176,1.7810949087142944,1.7597497701644897,0.0
stochastic,Stochastic observation delay,stochastic_0_10,"(0,0-10)",stochastic,augmented_action_delay,Augmented (+action buffer + delay values),"(0,0-10)",0,0,0,10,502000,2000,0,82,-181.2325872182846,-175.36061227321625,2.2101535026620076,2.9359874725341797,1.8043242692947388,0.0
stochastic,Stochastic observation delay,stochastic_0_10,"(0,0-10)",stochastic,augmented_action_delay,Augmented (+action buffer + delay values),"(0,0-10)",0,0,0,10,502000,2000,1,80,-192.15853428840637,-192.15853428840637,2.40198167860508,3.1767232418060303,2.0231828689575195,0.0
stochastic,Stochastic observation delay,stochastic_0_10,"(0,0-10)",stochastic,augmented_action_delay,Augmented (+action buffer + delay values),"(0,0-10)",0,0,0,10,502000,2000,2,84,-190.42049944400787,-178.28213274478912,2.2669107076667605,3.0345916748046875,1.8938486576080322,0.0
stochastic,Stochastic observation delay,stochastic_0_10,"(0,0-10)",stochastic,augmented_action_delay,Augmented (+action buffer + delay values),"(0,0-10)",0,0,0,10,502000,2000,3,80,-142.3240053653717,-142.3240053653717,1.7790500670671463,2.4106497764587402,1.3713276386260986,0.0
stochastic,Stochastic observation delay,stochastic_0_10,"(0,0-10)",stochastic,augmented_action_delay,Augmented (+action buffer + delay values),"(0,0-10)",0,0,0,10,502000,2000,4,80,-172.51451110839844,-172.51451110839844,2.1564313888549806,2.863251209259033,1.809372901916504,0.0
stochastic,Stochastic observation delay,stochastic_0_10,"(0,0-10)",stochastic,augmented_action_delay,Augmented (+action buffer + delay values),"(0,0-10)",0,0,0,10,503000,3000,0,80,-205.00919711589813,-205.00919711589813,2.5626149639487266,3.960574150085449,1.878355860710144,0.0
stochastic,Stochastic observation delay,stochastic_0_10,"(0,0-10)",stochastic,augmented_action_delay,Augmented (+action buffer + delay values),"(0,0-10)",0,0,0,10,503000,3000,1,85,-214.41764640808105,-195.73091673851013,2.522560545977424,3.7373459339141846,1.8792288303375244,0.0
stochastic,Stochastic observation delay,stochastic_0_10,"(0,0-10)",stochastic,augmented_action_delay,Augmented (+action buffer + delay values),"(0,0-10)",0,0,0,10,503000,3000,2,83,-196.50190436840057,-186.0585297346115,2.3674928237156694,3.4811248779296875,1.8410168886184692,0.0
stochastic,Stochastic observation delay,stochastic_0_10,"(0,0-10)",stochastic,augmented_action_delay,Augmented (+action buffer + delay values),"(0,0-10)",0,0,0,10,503000,3000,3,84,-206.81823337078094,-192.1937073469162,2.4621218258426305,3.6561315059661865,1.8331310749053955,0.0
stochastic,Stochastic observation delay,stochastic_0_10,"(0,0-10)",stochastic,augmented_action_delay,Augmented (+action buffer + delay values),"(0,0-10)",0,0,0,10,503000,3000,4,84,-184.83688962459564,-172.40820157527924,2.200439162197567,3.1071720123291016,1.7474137544631958,0.0
stochastic,Stochastic observation delay,stochastic_0_10,"(0,0-10)",stochastic,augmented_action_delay,Augmented (+action buffer + delay values),"(0,0-10)",0,0,0,10,504000,4000,0,80,-86.56754365563393,-86.56754365563393,1.082094295695424,0.5154221057891846,0.3917445242404938,0.0
stochastic,Stochastic observation delay,stochastic_0_10,"(0,0-10)",stochastic,augmented_action_delay,Augmented (+action buffer + delay values),"(0,0-10)",0,0,0,10,504000,4000,1,81,-69.80335612595081,-68.84955395758152,0.8617698287154422,0.9538021683692932,0.23401446640491486,0.0
stochastic,Stochastic observation delay,stochastic_0_10,"(0,0-10)",stochastic,augmented_action_delay,Augmented (+action buffer + delay values),"(0,0-10)",0,0,0,10,504000,4000,2,82,-91.71253508329391,-90.94148373603821,1.1184455497962673,0.3855256736278534,0.29357802867889404,0.0
stochastic,Stochastic observation delay,stochastic_0_10,"(0,0-10)",stochastic,augmented_action_delay,Augmented (+action buffer + delay values),"(0,0-10)",0,0,0,10,504000,4000,3,83,-89.55117085576057,-86.3643846809864,1.078929769346513,1.0622620582580566,0.4606890082359314,0.0
stochastic,Stochastic observation delay,stochastic_0_10,"(0,0-10)",stochastic,augmented_action_delay,Augmented (+action buffer + delay values),"(0,0-10)",0,0,0,10,504000,4000,4,81,-104.76598769426346,-103.8497057557106,1.293407255484734,0.9162819385528564,0.6491014957427979,0.0
stochastic,Stochastic observation delay,stochastic_0_10,"(0,0-10)",stochastic,augmented_action_delay,Augmented (+action buffer + delay values),"(0,0-10)",0,0,0,10,505000,5000,0,84,-132.67035925388336,-127.89719021320343,1.5794090387367068,1.193292260169983,1.1386315822601318,0.0
stochastic,Stochastic observation delay,stochastic_0_10,"(0,0-10)",stochastic,augmented_action_delay,Augmented (+action buffer + delay values),"(0,0-10)",0,0,0,10,505000,5000,1,82,-138.1168773174286,-135.66543078422546,1.6843521624076656,1.2257232666015625,1.1803796291351318,0.0
stochastic,Stochastic observation delay,stochastic_0_10,"(0,0-10)",stochastic,augmented_action_delay,Augmented (+action buffer + delay values),"(0,0-10)",0,0,0,10,505000,5000,2,84,-127.95764791965485,-123.61006510257721,1.5233053323768435,1.0868957042694092,1.0868957042694092,0.0
stochastic,Stochastic observation delay,stochastic_0_10,"(0,0-10)",stochastic,augmented_action_delay,Augmented (+action buffer + delay values),"(0,0-10)",0,0,0,10,505000,5000,3,81,-141.73901069164276,-140.59977889060974,1.7498643295264538,1.13923180103302,1.13923180103302,0.0
stochastic,Stochastic observation delay,stochastic_0_10,"(0,0-10)",stochastic,augmented_action_delay,Augmented (+action buffer + delay values),"(0,0-10)",0,0,0,10,505000,5000,4,85,-138.37133657932281,-132.14675676822662,1.6278980774037979,1.2449159622192383,1.1970733404159546,0.0
stochastic,Stochastic observation delay,stochastic_0_10,"(0,0-10)",stochastic,augmented_action_delay,Augmented (+action buffer + delay values),"(0,0-10)",0,0,0,10,506000,6000,0,85,-129.3925520181656,-123.37897801399231,1.5222653178607717,1.2027148008346558,1.1240261793136597,0.0
stochastic,Stochastic observation delay,stochastic_0_10,"(0,0-10)",stochastic,augmented_action_delay,Augmented (+action buffer + delay values),"(0,0-10)",0,0,0,10,506000,6000,1,80,-108.76763141155243,-108.76763141155243,1.3595953926444053,1.0771183967590332,1.0237960815429688,0.0
stochastic,Stochastic observation delay,stochastic_0_10,"(0,0-10)",stochastic,augmented_action_delay,Augmented (+action buffer + delay values),"(0,0-10)",0,0,0,10,506000,6000,2,81,-127.00937211513519,-125.79245984554291,1.568016939693027,1.2169122695922852,1.1633433103561401,0.0
stochastic,Stochastic observation delay,stochastic_0_10,"(0,0-10)",stochastic,augmented_action_delay,Augmented (+action buffer + delay values),"(0,0-10)",0,0,0,10,506000,6000,3,87,-112.13950151205063,-102.81995576620102,1.2889597874948349,1.3313636779785156,0.9768925309181213,0.0
stochastic,Stochastic observation delay,stochastic_0_10,"(0,0-10)",stochastic,augmented_action_delay,Augmented (+action buffer + delay values),"(0,0-10)",0,0,0,10,506000,6000,4,84,-119.76921653747559,-115.74969720840454,1.4258240063985188,1.0048798322677612,1.0048798322677612,0.0
stochastic,Stochastic observation delay,stochastic_0_10,"(0,0-10)",stochastic,augmented_action_delay,Augmented (+action buffer + delay values),"(0,0-10)",0,0,0,10,507000,7000,0,82,-98.613132417202,-97.09099000692368,1.2025991758195365,0.7610712051391602,0.6935132741928101,0.0
stochastic,Stochastic observation delay,stochastic_0_10,"(0,0-10)",stochastic,augmented_action_delay,Augmented (+action buffer + delay values),"(0,0-10)",0,0,0,10,507000,7000,1,81,-103.25767886638641,-102.30528336763382,1.2747861588442768,0.952395498752594,0.6649826765060425,0.0
stochastic,Stochastic observation delay,stochastic_0_10,"(0,0-10)",stochastic,augmented_action_delay,Augmented (+action buffer + delay values),"(0,0-10)",0,0,0,10,507000,7000,2,80,-105.41729986667633,-105.41729986667633,1.3177162483334541,0.746310830116272,0.6179885268211365,0.0
stochastic,Stochastic observation delay,stochastic_0_10,"(0,0-10)",stochastic,augmented_action_delay,Augmented (+action buffer + delay values),"(0,0-10)",0,0,0,10,507000,7000,3,82,-112.76319199800491,-111.12118989229202,1.3751608780244502,0.8210010528564453,0.7427121996879578,0.0
stochastic,Stochastic observation delay,stochastic_0_10,"(0,0-10)",stochastic,augmented_action_delay,Augmented (+action buffer + delay values),"(0,0-10)",0,0,0,10,507000,7000,4,83,-96.58723747730255,-94.39275062084198,1.1637016563530427,0.7314956188201904,0.6110255122184753,0.0
stochastic,Stochastic observation delay,stochastic_0_10,"(0,0-10)",stochastic,augmented_action_delay,Augmented (+action buffer + delay values),"(0,0-10)",0,0,0,10,508000,8000,0,82,-148.60797560214996,-145.66192042827606,1.8122923853920727,1.4730275869369507,1.4730275869369507,0.0
stochastic,Stochastic observation delay,stochastic_0_10,"(0,0-10)",stochastic,augmented_action_delay,Augmented (+action buffer + delay values),"(0,0-10)",0,0,0,10,508000,8000,1,82,-122.63058602809906,-120.79838240146637,1.4954949515621836,0.9161018133163452,0.9161018133163452,0.0
stochastic,Stochastic observation delay,stochastic_0_10,"(0,0-10)",stochastic,augmented_action_delay,Augmented (+action buffer + delay values),"(0,0-10)",0,0,0,10,508000,8000,2,80,-159.15564513206482,-159.15564513206482,1.9894455641508102,1.6874908208847046,1.6874908208847046,0.0
stochastic,Stochastic observation delay,stochastic_0_10,"(0,0-10)",stochastic,augmented_action_delay,Augmented (+action buffer + delay values),"(0,0-10)",0,0,0,10,508000,8000,3,81,-129.27732741832733,-127.9884386062622,1.5960163878805844,1.2888888120651245,1.25279700756073,0.0
stochastic,Stochastic observation delay,stochastic_0_10,"(0,0-10)",stochastic,augmented_action_delay,Augmented (+action buffer + delay values),"(0,0-10)",0,0,0,10,508000,8000,4,81,-128.86997961997986,-127.81415104866028,1.5909874027158006,1.05582857131958,1.05582857131958,0.0
stochastic,Stochastic observation delay,stochastic_0_10,"(0,0-10)",stochastic,augmented_action_delay,Augmented (+action buffer + delay values),"(0,0-10)",0,0,0,10,509000,9000,0,85,-95.2729357779026,-92.95994326472282,1.1208580679753248,0.4625985026359558,0.3840942084789276,0.0
stochastic,Stochastic observation delay,stochastic_0_10,"(0,0-10)",stochastic,augmented_action_delay,Augmented (+action buffer + delay values),"(0,0-10)",0,0,0,10,509000,9000,1,84,-65.79172560572624,-64.18782624602318,0.7832348286395981,0.400974839925766,0.39164629578590393,0.0
stochastic,Stochastic observation delay,stochastic_0_10,"(0,0-10)",stochastic,augmented_action_delay,Augmented (+action buffer + delay values),"(0,0-10)",0,0,0,10,509000,9000,2,83,-89.49533277750015,-87.74479192495346,1.0782570214156646,0.583513617515564,0.5596039891242981,0.0
stochastic,Stochastic observation delay,stochastic_0_10,"(0,0-10)",stochastic,augmented_action_delay,Augmented (+action buffer + delay values),"(0,0-10)",0,0,0,10,509000,9000,3,83,-91.01965373754501,-89.42506456375122,1.0966223341872894,0.5315297245979309,0.5315297245979309,0.0
stochastic,Stochastic observation delay,stochastic_0_10,"(0,0-10)",stochastic,augmented_action_delay,Augmented (+action buffer + delay values),"(0,0-10)",0,0,0,10,509000,9000,4,81,-69.0169130563736,-68.58744379878044,0.8520606550169579,0.4294692575931549,0.32426175475120544,0.0
stochastic,Stochastic observation delay,stochastic_0_10,"(0,0-10)",stochastic,augmented_action_delay,Augmented (+action buffer + delay values),"(0,0-10)",0,0,0,10,510000,10000,0,84,-78.58183345198631,-76.56470355391502,0.9354980172855514,0.5042824745178223,0.2803526222705841,0.0
stochastic,Stochastic observation delay,stochastic_0_10,"(0,0-10)",stochastic,augmented_action_delay,Augmented (+action buffer + delay values),"(0,0-10)",0,0,0,10,510000,10000,1,83,-72.90495356917381,-71.92262107133865,0.8783729345683592,0.3274441659450531,0.2555200159549713,0.0
stochastic,Stochastic observation delay,stochastic_0_10,"(0,0-10)",stochastic,augmented_action_delay,Augmented (+action buffer + delay values),"(0,0-10)",0,0,0,10,510000,10000,2,81,-60.21609905362129,-59.932882100343704,0.7434086302916209,0.2832169532775879,0.1329520344734192,0.0
stochastic,Stochastic observation delay,stochastic_0_10,"(0,0-10)",stochastic,augmented_action_delay,Augmented (+action buffer + delay values),"(0,0-10)",0,0,0,10,510000,10000,3,81,-74.07255747914314,-73.35464730858803,0.9144760182610264,0.7179101705551147,0.4353856146335602,0.0
stochastic,Stochastic observation delay,stochastic_0_10,"(0,0-10)",stochastic,augmented_action_delay,Augmented (+action buffer + delay values),"(0,0-10)",0,0,0,10,510000,10000,4,82,-70.58364471793175,-69.91950699687004,0.8607761550967287,0.33206886053085327,0.33206886053085327,0.0
stochastic,Stochastic observation delay,stochastic_0_10,"(0,0-10)",stochastic,unseen,Unseen delay,"(0,0-10)",0,0,0,10,501000,1000,0,83,-135.4918955564499,-131.73461961746216,1.6324324765837337,1.2524253129959106,1.2524253129959106,0.0
stochastic,Stochastic observation delay,stochastic_0_10,"(0,0-10)",stochastic,unseen,Unseen delay,"(0,0-10)",0,0,0,10,501000,1000,1,86,-117.86749243736267,-112.50562965869904,1.370552237643752,0.8936437964439392,0.8936437964439392,0.0
stochastic,Stochastic observation delay,stochastic_0_10,"(0,0-10)",stochastic,unseen,Unseen delay,"(0,0-10)",0,0,0,10,501000,1000,2,82,-126.33895015716553,-124.02185559272766,1.5407189043556773,1.158547282218933,1.158547282218933,0.0
stochastic,Stochastic observation delay,stochastic_0_10,"(0,0-10)",stochastic,unseen,Unseen delay,"(0,0-10)",0,0,0,10,501000,1000,3,87,-125.2740170955658,-117.75343859195709,1.4399312309835148,1.0743683576583862,1.0718265771865845,0.0
stochastic,Stochastic observation delay,stochastic_0_10,"(0,0-10)",stochastic,unseen,Unseen delay,"(0,0-10)",0,0,0,10,501000,1000,4,85,-113.93852913379669,-108.64835405349731,1.34045328392702,1.0580350160598755,1.0580350160598755,0.0
stochastic,Stochastic observation delay,stochastic_0_10,"(0,0-10)",stochastic,unseen,Unseen delay,"(0,0-10)",0,0,0,10,502000,2000,0,82,-108.95439457893372,-106.61472511291504,1.3287121290113868,1.1698347330093384,1.0120834112167358,0.0
stochastic,Stochastic observation delay,stochastic_0_10,"(0,0-10)",stochastic,unseen,Unseen delay,"(0,0-10)",0,0,0,10,502000,2000,1,80,-110.50518822669983,-110.50518822669983,1.3813148528337478,1.1809228658676147,1.0411806106567383,0.0
stochastic,Stochastic observation delay,stochastic_0_10,"(0,0-10)",stochastic,unseen,Unseen delay,"(0,0-10)",0,0,0,10,502000,2000,2,84,-113.96235275268555,-109.35866737365723,1.356694675627209,1.15092134475708,1.1075371503829956,0.0
stochastic,Stochastic observation delay,stochastic_0_10,"(0,0-10)",stochastic,unseen,Unseen delay,"(0,0-10)",0,0,0,10,502000,2000,3,80,-88.36853450536728,-88.36853450536728,1.104606681317091,1.0291049480438232,0.8590086698532104,0.0
stochastic,Stochastic observation delay,stochastic_0_10,"(0,0-10)",stochastic,unseen,Unseen delay,"(0,0-10)",0,0,0,10,502000,2000,4,80,-105.20001995563507,-105.20001995563507,1.3150002494454385,1.20026433467865,1.1093553304672241,0.0
stochastic,Stochastic observation delay,stochastic_0_10,"(0,0-10)",stochastic,unseen,Unseen delay,"(0,0-10)",0,0,0,10,503000,3000,0,80,-97.45766192674637,-97.45766192674637,1.2182207740843296,1.0300389528274536,0.920019805431366,0.0
stochastic,Stochastic observation delay,stochastic_0_10,"(0,0-10)",stochastic,unseen,Unseen delay,"(0,0-10)",0,0,0,10,503000,3000,1,85,-113.60773926973343,-104.88171941041946,1.3365616384674521,1.745203971862793,0.8996363878250122,0.0
stochastic,Stochastic observation delay,stochastic_0_10,"(0,0-10)",stochastic,unseen,Unseen delay,"(0,0-10)",0,0,0,10,503000,3000,2,83,-117.97534692287445,-111.88742339611053,1.4213897219623428,2.0293078422546387,1.0039823055267334,0.0
stochastic,Stochastic observation delay,stochastic_0_10,"(0,0-10)",stochastic,unseen,Unseen delay,"(0,0-10)",0,0,0,10,503000,3000,3,84,-106.36431914567947,-100.04281789064407,1.2662418945914222,1.58037531375885,0.8532718420028687,0.0
stochastic,Stochastic observation delay,stochastic_0_10,"(0,0-10)",stochastic,unseen,Unseen delay,"(0,0-10)",0,0,0,10,503000,3000,4,84,-94.19493132829666,-88.3095605969429,1.1213682300987697,1.47134268283844,0.7525773048400879,0.0
stochastic,Stochastic observation delay,stochastic_0_10,"(0,0-10)",stochastic,unseen,Unseen delay,"(0,0-10)",0,0,0,10,504000,4000,0,80,-104.48251324892044,-104.48251324892044,1.3060314156115056,1.5217576026916504,0.9147968888282776,0.0
stochastic,Stochastic observation delay,stochastic_0_10,"(0,0-10)",stochastic,unseen,Unseen delay,"(0,0-10)",0,0,0,10,504000,4000,1,81,-82.82824331521988,-81.71005040407181,1.0225709051261713,1.1181929111480713,0.6686023473739624,0.0
stochastic,Stochastic observation delay,stochastic_0_10,"(0,0-10)",stochastic,unseen,Unseen delay,"(0,0-10)",0,0,0,10,504000,4000,2,82,-100.52637130022049,-97.8968318104744,1.225931357319762,1.3147697448730469,0.7949798107147217,0.0
stochastic,Stochastic observation delay,stochastic_0_10,"(0,0-10)",stochastic,unseen,Unseen delay,"(0,0-10)",0,0,0,10,504000,4000,3,83,-91.7473316192627,-88.51451337337494,1.1053895375814782,1.0776060819625854,0.6374785304069519,0.0
stochastic,Stochastic observation delay,stochastic_0_10,"(0,0-10)",stochastic,unseen,Unseen delay,"(0,0-10)",0,0,0,10,504000,4000,4,81,-102.96973317861557,-101.68004900217056,1.2712312738100688,1.2896841764450073,0.7943992018699646,0.0
stochastic,Stochastic observation delay,stochastic_0_10,"(0,0-10)",stochastic,unseen,Unseen delay,"(0,0-10)",0,0,0,10,505000,5000,0,84,-93.60411250591278,-89.33472621440887,1.1143346726894379,1.0673465728759766,0.8256091475486755,0.0
stochastic,Stochastic observation delay,stochastic_0_10,"(0,0-10)",stochastic,unseen,Unseen delay,"(0,0-10)",0,0,0,10,505000,5000,1,82,-100.66566824913025,-98.16988801956177,1.2276301005991495,1.2478901147842407,0.951685905456543,0.0
stochastic,Stochastic observation delay,stochastic_0_10,"(0,0-10)",stochastic,unseen,Unseen delay,"(0,0-10)",0,0,0,10,505000,5000,2,84,-91.86537832021713,-87.08567136526108,1.093635456193061,1.1949267387390137,0.7179602384567261,0.0
stochastic,Stochastic observation delay,stochastic_0_10,"(0,0-10)",stochastic,unseen,Unseen delay,"(0,0-10)",0,0,0,10,505000,5000,3,81,-107.11782097816467,-105.86740684509277,1.3224422342983293,1.2504141330718994,1.119867205619812,0.0
stochastic,Stochastic observation delay,stochastic_0_10,"(0,0-10)",stochastic,unseen,Unseen delay,"(0,0-10)",0,0,0,10,505000,5000,4,85,-100.74692630767822,-94.95812439918518,1.1852579565609203,1.1577603816986084,0.8001902103424072,0.0
stochastic,Stochastic observation delay,stochastic_0_10,"(0,0-10)",stochastic,unseen,Unseen delay,"(0,0-10)",0,0,0,10,506000,6000,0,85,-78.43158701062202,-73.45358499884605,0.9227245530661414,0.9956004023551941,0.43270188570022583,0.0
stochastic,Stochastic observation delay,stochastic_0_10,"(0,0-10)",stochastic,unseen,Unseen delay,"(0,0-10)",0,0,0,10,506000,6000,1,80,-72.35624104738235,-72.35624104738235,0.9044530130922794,0.7367632389068604,0.5537557601928711,0.0
stochastic,Stochastic observation delay,stochastic_0_10,"(0,0-10)",stochastic,unseen,Unseen delay,"(0,0-10)",0,0,0,10,506000,6000,2,81,-82.53077232837677,-81.59478241205215,1.0188984238071206,0.9359899163246155,0.5959473252296448,0.0
stochastic,Stochastic observation delay,stochastic_0_10,"(0,0-10)",stochastic,unseen,Unseen delay,"(0,0-10)",0,0,0,10,506000,6000,3,87,-70.00147581100464,-64.05278325080872,0.8046146644943062,0.8498132228851318,0.4234062135219574,0.0
stochastic,Stochastic observation delay,stochastic_0_10,"(0,0-10)",stochastic,unseen,Unseen delay,"(0,0-10)",0,0,0,10,506000,6000,4,84,-78.63912308216095,-74.74486434459686,0.9361800366923922,0.9735646843910217,0.5291526317596436,0.0
stochastic,Stochastic observation delay,stochastic_0_10,"(0,0-10)",stochastic,unseen,Unseen delay,"(0,0-10)",0,0,0,10,507000,7000,0,82,-100.05308085680008,-96.59926182031631,1.2201595226439035,1.7269095182418823,0.39176520705223083,0.0
stochastic,Stochastic observation delay,stochastic_0_10,"(0,0-10)",stochastic,unseen,Unseen delay,"(0,0-10)",0,0,0,10,507000,7000,1,81,-97.23235028982162,-95.50436371564865,1.200399386294094,1.7279865741729736,0.4237811267375946,0.0
stochastic,Stochastic observation delay,stochastic_0_10,"(0,0-10)",stochastic,unseen,Unseen delay,"(0,0-10)",0,0,0,10,507000,7000,2,80,-91.89815598726273,-91.89815598726273,1.1487269498407842,1.4090784788131714,0.534224271774292,0.0
stochastic,Stochastic observation delay,stochastic_0_10,"(0,0-10)",stochastic,unseen,Unseen delay,"(0,0-10)",0,0,0,10,507000,7000,3,82,-95.73150816559792,-93.10819259285927,1.1674574166536331,1.3116577863693237,0.3282168507575989,0.0
stochastic,Stochastic observation delay,stochastic_0_10,"(0,0-10)",stochastic,unseen,Unseen delay,"(0,0-10)",0,0,0,10,507000,7000,4,83,-98.08899858593941,-93.2480436861515,1.181795163686017,1.6136516332626343,0.4171965718269348,0.0
stochastic,Stochastic observation delay,stochastic_0_10,"(0,0-10)",stochastic,unseen,Unseen delay,"(0,0-10)",0,0,0,10,508000,8000,0,82,-117.20075905323029,-112.5894376039505,1.4292775494296377,2.3056607246398926,0.40519315004348755,0.0
stochastic,Stochastic observation delay,stochastic_0_10,"(0,0-10)",stochastic,unseen,Unseen delay,"(0,0-10)",0,0,0,10,508000,8000,1,82,-127.72852849960327,-122.72437620162964,1.557664981702479,2.5020761489868164,0.6018127799034119,0.0
stochastic,Stochastic observation delay,stochastic_0_10,"(0,0-10)",stochastic,unseen,Unseen delay,"(0,0-10)",0,0,0,10,508000,8000,2,80,-111.38038456439972,-111.38038456439972,1.3922548070549965,2.126508951187134,0.5391387343406677,0.0
stochastic,Stochastic observation delay,stochastic_0_10,"(0,0-10)",stochastic,unseen,Unseen delay,"(0,0-10)",0,0,0,10,508000,8000,3,81,-130.77861142158508,-128.15755414962769,1.6145507582911738,2.6210572719573975,0.6285728812217712,0.0
stochastic,Stochastic observation delay,stochastic_0_10,"(0,0-10)",stochastic,unseen,Unseen delay,"(0,0-10)",0,0,0,10,508000,8000,4,81,-119.63071465492249,-117.45621514320374,1.4769224031471913,2.17449951171875,0.5297020077705383,0.0
stochastic,Stochastic observation delay,stochastic_0_10,"(0,0-10)",stochastic,unseen,Unseen delay,"(0,0-10)",0,0,0,10,509000,9000,0,85,-128.28516572713852,-118.6685386300087,1.5092372438486885,1.9233254194259644,0.7655298709869385,0.0
stochastic,Stochastic observation delay,stochastic_0_10,"(0,0-10)",stochastic,unseen,Unseen delay,"(0,0-10)",0,0,0,10,509000,9000,1,84,-116.0822479724884,-108.61462903022766,1.3819315234820049,1.8669047355651855,0.6317340731620789,0.0
stochastic,Stochastic observation delay,stochastic_0_10,"(0,0-10)",stochastic,unseen,Unseen delay,"(0,0-10)",0,0,0,10,509000,9000,2,83,-121.91981130838394,-115.91205221414566,1.4689133892576378,2.0025863647460938,0.7279841303825378,0.0
stochastic,Stochastic observation delay,stochastic_0_10,"(0,0-10)",stochastic,unseen,Unseen delay,"(0,0-10)",0,0,0,10,509000,9000,3,83,-130.6814871430397,-124.43389636278152,1.5744757487113217,2.0825302600860596,0.8913534879684448,0.0
stochastic,Stochastic observation delay,stochastic_0_10,"(0,0-10)",stochastic,unseen,Unseen delay,"(0,0-10)",0,0,0,10,509000,9000,4,81,-121.00924652814865,-119.01573830842972,1.493941315162329,1.993508219718933,0.7445074915885925,0.0
stochastic,Stochastic observation delay,stochastic_0_10,"(0,0-10)",stochastic,unseen,Unseen delay,"(0,0-10)",0,0,0,10,510000,10000,0,84,-76.85914987325668,-73.93288654088974,0.9149898794435319,0.7315658330917358,0.5819525122642517,0.0
stochastic,Stochastic observation delay,stochastic_0_10,"(0,0-10)",stochastic,unseen,Unseen delay,"(0,0-10)",0,0,0,10,510000,10000,1,83,-77.1010285615921,-74.66667157411575,0.928928054958941,0.811452329158783,0.6860396862030029,0.0
stochastic,Stochastic observation delay,stochastic_0_10,"(0,0-10)",stochastic,unseen,Unseen delay,"(0,0-10)",0,0,0,10,510000,10000,2,81,-71.64041352272034,-70.8678612112999,0.884449549663214,0.7725523114204407,0.6707040667533875,0.0
stochastic,Stochastic observation delay,stochastic_0_10,"(0,0-10)",stochastic,unseen,Unseen delay,"(0,0-10)",0,0,0,10,510000,10000,3,81,-72.90761750936508,-72.11641162633896,0.9000940433254948,0.791205883026123,0.657696008682251,0.0
stochastic,Stochastic observation delay,stochastic_0_10,"(0,0-10)",stochastic,unseen,Unseen delay,"(0,0-10)",0,0,0,10,510000,10000,4,82,-65.41288071870804,-63.966772377491,0.79771805754522,0.7230541706085205,0.5680307149887085,0.0
stochastic,Stochastic observation delay,stochastic_0_20,"(0,0-20)",stochastic,augmented_action,Augmented (+action buffer),"(0,0-20)",0,0,0,20,501000,1000,0,82,-188.33016109466553,-182.9491310119629,2.2967092816422627,2.6905150413513184,2.008282423019409,0.0
stochastic,Stochastic observation delay,stochastic_0_20,"(0,0-20)",stochastic,augmented_action,Augmented (+action buffer),"(0,0-20)",0,0,0,20,501000,1000,1,85,-175.35675013065338,-163.53077852725983,2.0630205897723926,2.365194320678711,1.7889137268066406,0.0
stochastic,Stochastic observation delay,stochastic_0_20,"(0,0-20)",stochastic,augmented_action,Augmented (+action buffer),"(0,0-20)",0,0,0,20,501000,1000,2,90,-203.56211459636688,-177.0294145345688,2.2618012732929653,2.6532700061798096,1.9052859544754028,0.0
stochastic,Stochastic observation delay,stochastic_0_20,"(0,0-20)",stochastic,augmented_action,Augmented (+action buffer),"(0,0-20)",0,0,0,20,501000,1000,3,85,-182.34311091899872,-169.75427973270416,2.145213069635279,2.517766237258911,1.8380204439163208,0.0
stochastic,Stochastic observation delay,stochastic_0_20,"(0,0-20)",stochastic,augmented_action,Augmented (+action buffer),"(0,0-20)",0,0,0,20,501000,1000,4,85,-165.84431517124176,-154.15807592868805,1.9511095902499032,2.337247848510742,1.6307228803634644,0.0
stochastic,Stochastic observation delay,stochastic_0_20,"(0,0-20)",stochastic,augmented_action,Augmented (+action buffer),"(0,0-20)",0,0,0,20,502000,2000,0,87,-223.82123446464539,-203.20548224449158,2.572657867409717,2.9451074600219727,2.279938220977783,0.0
stochastic,Stochastic observation delay,stochastic_0_20,"(0,0-20)",stochastic,augmented_action,Augmented (+action buffer),"(0,0-20)",0,0,0,20,502000,2000,1,83,-224.20525002479553,-215.00913906097412,2.701268072587898,3.0653703212738037,2.4147934913635254,0.0
stochastic,Stochastic observation delay,stochastic_0_20,"(0,0-20)",stochastic,augmented_action,Augmented (+action buffer),"(0,0-20)",0,0,0,20,502000,2000,2,83,-192.8570203781128,-185.13677525520325,2.3235785587724433,2.5734150409698486,2.1258087158203125,0.0
stochastic,Stochastic observation delay,stochastic_0_20,"(0,0-20)",stochastic,augmented_action,Augmented (+action buffer),"(0,0-20)",0,0,0,20,502000,2000,3,84,-195.32784008979797,-184.3298180103302,2.325331429640452,2.7495055198669434,1.9938726425170898,0.0
stochastic,Stochastic observation delay,stochastic_0_20,"(0,0-20)",stochastic,augmented_action,Augmented (+action buffer),"(0,0-20)",0,0,0,20,502000,2000,4,84,-192.11311793327332,-181.65199065208435,2.2870609277770635,2.615281820297241,2.0616211891174316,0.0
stochastic,Stochastic observation delay,stochastic_0_20,"(0,0-20)",stochastic,augmented_action,Augmented (+action buffer),"(0,0-20)",0,0,0,20,503000,3000,0,84,-155.54337191581726,-148.14782309532166,1.8517068085216342,1.8488872051239014,1.2860147953033447,0.0
stochastic,Stochastic observation delay,stochastic_0_20,"(0,0-20)",stochastic,augmented_action,Augmented (+action buffer),"(0,0-20)",0,0,0,20,503000,3000,1,88,-151.0989397764206,-140.90160930156708,1.717033406550234,1.2746663093566895,1.0251097679138184,0.0
stochastic,Stochastic observation delay,stochastic_0_20,"(0,0-20)",stochastic,augmented_action,Augmented (+action buffer),"(0,0-20)",0,0,0,20,503000,3000,2,84,-151.04131150245667,-143.34550499916077,1.7981108512197221,1.9239516258239746,1.2280397415161133,0.0
stochastic,Stochastic observation delay,stochastic_0_20,"(0,0-20)",stochastic,augmented_action,Augmented (+action buffer),"(0,0-20)",0,0,0,20,503000,3000,3,85,-179.31182527542114,-172.6633712053299,2.10955088559319,1.3296908140182495,1.3028323650360107,0.0
stochastic,Stochastic observation delay,stochastic_0_20,"(0,0-20)",stochastic,augmented_action,Augmented (+action buffer),"(0,0-20)",0,0,0,20,503000,3000,4,82,-186.12026286125183,-182.8911476135254,2.2697593031859977,1.6145576238632202,1.5768535137176514,0.0
stochastic,Stochastic observation delay,stochastic_0_20,"(0,0-20)",stochastic,augmented_action,Augmented (+action buffer),"(0,0-20)",0,0,0,20,504000,4000,0,87,-201.06795382499695,-184.84791469573975,2.3111259060344476,2.317148447036743,2.050668478012085,0.0
stochastic,Stochastic observation delay,stochastic_0_20,"(0,0-20)",stochastic,augmented_action,Augmented (+action buffer),"(0,0-20)",0,0,0,20,504000,4000,1,86,-161.06228077411652,-150.2273565530777,1.8728172183036804,1.8058207035064697,1.692794680595398,0.0
stochastic,Stochastic observation delay,stochastic_0_20,"(0,0-20)",stochastic,augmented_action,Augmented (+action buffer),"(0,0-20)",0,0,0,20,504000,4000,2,82,-193.77103090286255,-188.93273735046387,2.3630613524739337,2.419146776199341,2.085075855255127,0.0
stochastic,Stochastic observation delay,stochastic_0_20,"(0,0-20)",stochastic,augmented_action,Augmented (+action buffer),"(0,0-20)",0,0,0,20,504000,4000,3,82,-181.6907731294632,-177.23526871204376,2.215741135725161,2.227752208709717,1.9823163747787476,0.0
stochastic,Stochastic observation delay,stochastic_0_20,"(0,0-20)",stochastic,augmented_action,Augmented (+action buffer),"(0,0-20)",0,0,0,20,504000,4000,4,85,-198.63968968391418,-187.1902072429657,2.336937525693108,2.2898964881896973,2.1550283432006836,0.0
stochastic,Stochastic observation delay,stochastic_0_20,"(0,0-20)",stochastic,augmented_action,Augmented (+action buffer),"(0,0-20)",0,0,0,20,505000,5000,0,84,-87.25561729073524,-85.94671228528023,1.0387573486992292,0.3272262513637543,0.30764129757881165,0.0
stochastic,Stochastic observation delay,stochastic_0_20,"(0,0-20)",stochastic,augmented_action,Augmented (+action buffer),"(0,0-20)",0,0,0,20,505000,5000,1,86,-163.5096958875656,-157.561887383461,1.9012755335763443,0.991301417350769,0.991301417350769,0.0
stochastic,Stochastic observation delay,stochastic_0_20,"(0,0-20)",stochastic,augmented_action,Augmented (+action buffer),"(0,0-20)",0,0,0,20,505000,5000,2,83,-152.9744577407837,-149.33189129829407,1.8430657559130565,1.214188814163208,1.1620814800262451,0.0
stochastic,Stochastic observation delay,stochastic_0_20,"(0,0-20)",stochastic,augmented_action,Augmented (+action buffer),"(0,0-20)",0,0,0,20,505000,5000,3,89,-132.87229332327843,-130.36344915628433,1.4929471159918923,0.27876046299934387,0.27876046299934387,0.0
stochastic,Stochastic observation delay,stochastic_0_20,"(0,0-20)",stochastic,augmented_action,Augmented (+action buffer),"(0,0-20)",0,0,0,20,505000,5000,4,84,-129.41298925876617,-128.1361484527588,1.5406308245091211,0.3192102015018463,0.3192102015018463,0.0
stochastic,Stochastic observation delay,stochastic_0_20,"(0,0-20)",stochastic,augmented_action,Augmented (+action buffer),"(0,0-20)",0,0,0,20,506000,6000,0,81,-119.63175243139267,-118.89681178331375,1.4769352152023787,0.7349406480789185,0.5346698760986328,0.0
stochastic,Stochastic observation delay,stochastic_0_20,"(0,0-20)",stochastic,augmented_action,Augmented (+action buffer),"(0,0-20)",0,0,0,20,506000,6000,1,85,-119.44415467977524,-115.49969482421875,1.4052253491738262,0.7888919711112976,0.593612790107727,0.0
stochastic,Stochastic observation delay,stochastic_0_20,"(0,0-20)",stochastic,augmented_action,Augmented (+action buffer),"(0,0-20)",0,0,0,20,506000,6000,2,80,-129.17056894302368,-129.17056894302368,1.614632111787796,0.8239099979400635,0.6220862865447998,0.0
stochastic,Stochastic observation delay,stochastic_0_20,"(0,0-20)",stochastic,augmented_action,Augmented (+action buffer),"(0,0-20)",0,0,0,20,506000,6000,3,84,-109.63627755641937,-106.5009948015213,1.305193780433564,0.7838206887245178,0.6011338829994202,0.0
stochastic,Stochastic observation delay,stochastic_0_20,"(0,0-20)",stochastic,augmented_action,Augmented (+action buffer),"(0,0-20)",0,0,0,20,506000,6000,4,84,-121.52630773186684,-118.88654533028603,1.4467417587127005,0.6599406003952026,0.49582430720329285,0.0
stochastic,Stochastic observation delay,stochastic_0_20,"(0,0-20)",stochastic,augmented_action,Augmented (+action buffer),"(0,0-20)",0,0,0,20,507000,7000,0,81,-158.7055902481079,-156.78734600543976,1.959328274667999,1.9182442426681519,1.8366503715515137,0.0
stochastic,Stochastic observation delay,stochastic_0_20,"(0,0-20)",stochastic,augmented_action,Augmented (+action buffer),"(0,0-20)",0,0,0,20,507000,7000,1,84,-176.79421520233154,-168.27082443237305,2.1046930381229947,2.130847692489624,2.01584792137146,0.0
stochastic,Stochastic observation delay,stochastic_0_20,"(0,0-20)",stochastic,augmented_action,Augmented (+action buffer),"(0,0-20)",0,0,0,20,507000,7000,2,87,-190.46234703063965,-175.03117609024048,2.1892223796625245,2.2044529914855957,2.110679864883423,0.0
stochastic,Stochastic observation delay,stochastic_0_20,"(0,0-20)",stochastic,augmented_action,Augmented (+action buffer),"(0,0-20)",0,0,0,20,507000,7000,3,81,-178.53114557266235,-176.36055517196655,2.204088216946449,2.170590400695801,2.1049389839172363,0.0
stochastic,Stochastic observation delay,stochastic_0_20,"(0,0-20)",stochastic,augmented_action,Augmented (+action buffer),"(0,0-20)",0,0,0,20,507000,7000,4,87,-182.62871408462524,-168.13366103172302,2.099180621662359,2.0707218647003174,2.0114095211029053,0.0
stochastic,Stochastic observation delay,stochastic_0_20,"(0,0-20)",stochastic,augmented_action,Augmented (+action buffer),"(0,0-20)",0,0,0,20,508000,8000,0,85,-177.80816233158112,-168.45728135108948,2.091860733312719,1.8701761960983276,1.8324415683746338,0.0
stochastic,Stochastic observation delay,stochastic_0_20,"(0,0-20)",stochastic,augmented_action,Augmented (+action buffer),"(0,0-20)",0,0,0,20,508000,8000,1,82,-174.9741405248642,-171.14515626430511,2.133830982010539,1.914492130279541,1.8957493305206299,0.0
stochastic,Stochastic observation delay,stochastic_0_20,"(0,0-20)",stochastic,augmented_action,Augmented (+action buffer),"(0,0-20)",0,0,0,20,508000,8000,2,87,-203.03967761993408,-187.92785811424255,2.3337893979302766,2.1588313579559326,2.102552890777588,0.0
stochastic,Stochastic observation delay,stochastic_0_20,"(0,0-20)",stochastic,augmented_action,Augmented (+action buffer),"(0,0-20)",0,0,0,20,508000,8000,3,81,-178.50701451301575,-176.44678592681885,2.203790302629824,2.0602285861968994,2.021507740020752,0.0
stochastic,Stochastic observation delay,stochastic_0_20,"(0,0-20)",stochastic,augmented_action,Augmented (+action buffer),"(0,0-20)",0,0,0,20,508000,8000,4,82,-187.5661280155182,-183.26808190345764,2.287391805067295,2.1490230560302734,2.0774550437927246,0.0
stochastic,Stochastic observation delay,stochastic_0_20,"(0,0-20)",stochastic,augmented_action,Augmented (+action buffer),"(0,0-20)",0,0,0,20,509000,9000,0,92,-158.99694454669952,-145.87698709964752,1.7282276581162992,1.0933297872543335,1.0250194072723389,0.0
stochastic,Stochastic observation delay,stochastic_0_20,"(0,0-20)",stochastic,augmented_action,Augmented (+action buffer),"(0,0-20)",0,0,0,20,509000,9000,1,85,-110.36619755625725,-108.13402462005615,1.2984258536030264,0.4464345872402191,0.3986653983592987,0.0
stochastic,Stochastic observation delay,stochastic_0_20,"(0,0-20)",stochastic,augmented_action,Augmented (+action buffer),"(0,0-20)",0,0,0,20,509000,9000,2,85,-106.27192583680153,-103.89099356532097,1.2502579510211944,0.47618645429611206,0.39300626516342163,0.0
stochastic,Stochastic observation delay,stochastic_0_20,"(0,0-20)",stochastic,augmented_action,Augmented (+action buffer),"(0,0-20)",0,0,0,20,509000,9000,3,84,-124.0366003215313,-121.94805213809013,1.476626194303944,0.5221370458602905,0.48222067952156067,0.0
stochastic,Stochastic observation delay,stochastic_0_20,"(0,0-20)",stochastic,augmented_action,Augmented (+action buffer),"(0,0-20)",0,0,0,20,509000,9000,4,88,-105.91343906521797,-102.24142125248909,1.203561807559295,0.45900222659111023,0.4297736585140228,0.0
stochastic,Stochastic observation delay,stochastic_0_20,"(0,0-20)",stochastic,augmented_action,Augmented (+action buffer),"(0,0-20)",0,0,0,20,510000,10000,0,84,-123.46652344614267,-120.58936313539743,1.4698395648350318,0.7192900776863098,0.09196019172668457,0.0
stochastic,Stochastic observation delay,stochastic_0_20,"(0,0-20)",stochastic,augmented_action,Augmented (+action buffer),"(0,0-20)",0,0,0,20,510000,10000,1,85,-136.1167547106743,-134.1516350209713,1.601373584831462,0.39302393794059753,0.39302393794059753,0.0
stochastic,Stochastic observation delay,stochastic_0_20,"(0,0-20)",stochastic,augmented_action,Augmented (+action buffer),"(0,0-20)",0,0,0,20,510000,10000,2,84,-120.79448315501213,-119.88096812367439,1.438029561369192,0.2283787578344345,0.20330002903938293,0.0
stochastic,Stochastic observation delay,stochastic_0_20,"(0,0-20)",stochastic,augmented_action,Augmented (+action buffer),"(0,0-20)",0,0,0,20,510000,10000,3,82,-104.82922253198922,-104.68932575173676,1.2784051528291367,0.06994839012622833,0.015791090205311775,0.0
stochastic,Stochastic observation delay,stochastic_0_20,"(0,0-20)",stochastic,augmented_action,Augmented (+action buffer),"(0,0-20)",0,0,0,20,510000,10000,4,88,-108.88974604010582,-102.29666122794151,1.2373834777284751,0.8241356015205383,0.03322739154100418,0.0
stochastic,Stochastic observation delay,stochastic_0_20,"(0,0-20)",stochastic,augmented_action_delay,Augmented (+action buffer + delay values),"(0,0-20)",0,0,0,20,501000,1000,0,82,-166.86311829090118,-163.47940170764923,2.034916076718307,1.6918582916259766,1.6918582916259766,0.0
stochastic,Stochastic observation delay,stochastic_0_20,"(0,0-20)",stochastic,augmented_action_delay,Augmented (+action buffer + delay values),"(0,0-20)",0,0,0,20,501000,1000,1,85,-110.0937468111515,-101.91169384121895,1.2952205507194294,1.6364105939865112,0.49897894263267517,0.0
stochastic,Stochastic observation delay,stochastic_0_20,"(0,0-20)",stochastic,augmented_action_delay,Augmented (+action buffer + delay values),"(0,0-20)",0,0,0,20,501000,1000,2,90,-123.41566860675812,-105.9529560804367,1.371285206741757,1.7462712526321411,0.6582049131393433,0.0
stochastic,Stochastic observation delay,stochastic_0_20,"(0,0-20)",stochastic,augmented_action_delay,Augmented (+action buffer + delay values),"(0,0-20)",0,0,0,20,501000,1000,3,85,-113.25875973701477,-110.65796172618866,1.332455996906056,0.5201596021652222,0.5040972828865051,0.0
stochastic,Stochastic observation delay,stochastic_0_20,"(0,0-20)",stochastic,augmented_action_delay,Augmented (+action buffer + delay values),"(0,0-20)",0,0,0,20,501000,1000,4,85,-114.68879038095474,-102.66867452859879,1.3492798868347617,2.4040231704711914,0.5711394548416138,0.0
stochastic,Stochastic observation delay,stochastic_0_20,"(0,0-20)",stochastic,augmented_action_delay,Augmented (+action buffer + delay values),"(0,0-20)",0,0,0,20,502000,2000,0,87,-273.76765036582947,-245.80736923217773,3.146754601906086,3.994325876235962,2.279938220977783,0.0
stochastic,Stochastic observation delay,stochastic_0_20,"(0,0-20)",stochastic,augmented_action_delay,Augmented (+action buffer + delay values),"(0,0-20)",0,0,0,20,502000,2000,1,83,-222.41075229644775,-213.00273323059082,2.679647618029491,3.1360063552856445,2.4147934913635254,0.0
stochastic,Stochastic observation delay,stochastic_0_20,"(0,0-20)",stochastic,augmented_action_delay,Augmented (+action buffer + delay values),"(0,0-20)",0,0,0,20,502000,2000,2,83,-250.9060094356537,-238.1169250011444,3.022963969104261,4.263028144836426,2.165788412094116,0.0
stochastic,Stochastic observation delay,stochastic_0_20,"(0,0-20)",stochastic,augmented_action_delay,Augmented (+action buffer + delay values),"(0,0-20)",0,0,0,20,502000,2000,3,84,-198.7990322113037,-187.39402294158936,2.3666551453726634,2.851252317428589,1.9938726425170898,0.0
stochastic,Stochastic observation delay,stochastic_0_20,"(0,0-20)",stochastic,augmented_action_delay,Augmented (+action buffer + delay values),"(0,0-20)",0,0,0,20,502000,2000,4,84,-226.87080359458923,-213.9900300502777,2.7008428999355862,3.220193386077881,2.0903029441833496,0.0
stochastic,Stochastic observation delay,stochastic_0_20,"(0,0-20)",stochastic,augmented_action_delay,Augmented (+action buffer + delay values),"(0,0-20)",0,0,0,20,503000,3000,0,84,-104.52184742689133,-98.55893248319626,1.244307707462992,1.490728735923767,0.705394446849823,0.0
stochastic,Stochastic observation delay,stochastic_0_20,"(0,0-20)",stochastic,augmented_action_delay,Augmented (+action buffer + delay values),"(0,0-20)",0,0,0,20,503000,3000,1,88,-125.5222018957138,-110.41110932826996,1.4263886579058387,1.888886570930481,0.8251066207885742,0.0
stochastic,Stochastic observation delay,stochastic_0_20,"(0,0-20)",stochastic,augmented_action_delay,Augmented (+action buffer + delay values),"(0,0-20)",0,0,0,20,503000,3000,2,84,-100.4317741394043,-94.44605445861816,1.195616358802432,1.4964299201965332,0.34814751148223877,0.0
stochastic,Stochastic observation delay,stochastic_0_20,"(0,0-20)",stochastic,augmented_action_delay,Augmented (+action buffer + delay values),"(0,0-20)",0,0,0,20,503000,3000,3,85,-98.14872670173645,-92.1469544172287,1.15469090237337,1.2003544569015503,0.5185102820396423,0.0
stochastic,Stochastic observation delay,stochastic_0_20,"(0,0-20)",stochastic,augmented_action_delay,Augmented (+action buffer + delay values),"(0,0-20)",0,0,0,20,503000,3000,4,82,-95.1786827147007,-92.93823423981667,1.1607156428622036,1.1202242374420166,0.4558826684951782,0.0
stochastic,Stochastic observation delay,stochastic_0_20,"(0,0-20)",stochastic,augmented_action_delay,Augmented (+action buffer + delay values),"(0,0-20)",0,0,0,20,504000,4000,0,87,-143.20751494169235,-125.87357014417648,1.6460633901343948,2.4762778282165527,0.7112471461296082,0.0
stochastic,Stochastic observation delay,stochastic_0_20,"(0,0-20)",stochastic,augmented_action_delay,Augmented (+action buffer + delay values),"(0,0-20)",0,0,0,20,504000,4000,1,86,-120.07711835205555,-105.57882590591908,1.3962455622332042,2.416382074356079,0.19876477122306824,0.0
stochastic,Stochastic observation delay,stochastic_0_20,"(0,0-20)",stochastic,augmented_action_delay,Augmented (+action buffer + delay values),"(0,0-20)",0,0,0,20,504000,4000,2,82,-118.45191693305969,-114.28902649879456,1.4445355723543865,2.0814452171325684,0.6419026851654053,0.0
stochastic,Stochastic observation delay,stochastic_0_20,"(0,0-20)",stochastic,augmented_action_delay,Augmented (+action buffer + delay values),"(0,0-20)",0,0,0,20,504000,4000,3,82,-101.44595777988434,-97.85208237171173,1.2371458265839554,1.7969377040863037,0.26561176776885986,0.0
stochastic,Stochastic observation delay,stochastic_0_20,"(0,0-20)",stochastic,augmented_action_delay,Augmented (+action buffer + delay values),"(0,0-20)",0,0,0,20,504000,4000,4,85,-140.34214478731155,-127.46069294214249,1.6510840563213125,2.5762903690338135,0.6393682956695557,0.0
stochastic,Stochastic observation delay,stochastic_0_20,"(0,0-20)",stochastic,augmented_action_delay,Augmented (+action buffer + delay values),"(0,0-20)",0,0,0,20,505000,5000,0,84,-109.01367053389549,-100.03696784377098,1.2977817920701844,2.244175672531128,0.19409534335136414,0.0
stochastic,Stochastic observation delay,stochastic_0_20,"(0,0-20)",stochastic,augmented_action_delay,Augmented (+action buffer + delay values),"(0,0-20)",0,0,0,20,505000,5000,1,86,-112.48350441455841,-100.95939910411835,1.3079477257506793,1.9206842184066772,0.5268899202346802,0.0
stochastic,Stochastic observation delay,stochastic_0_20,"(0,0-20)",stochastic,augmented_action_delay,Augmented (+action buffer + delay values),"(0,0-20)",0,0,0,20,505000,5000,2,83,-112.60315591096878,-106.1227336525917,1.3566645290478165,2.1601407527923584,0.5479006767272949,0.0
stochastic,Stochastic observation delay,stochastic_0_20,"(0,0-20)",stochastic,augmented_action_delay,Augmented (+action buffer + delay values),"(0,0-20)",0,0,0,20,505000,5000,3,89,-115.8061511516571,-99.5536435842514,1.3011927095691809,1.805834174156189,0.5753298997879028,0.0
stochastic,Stochastic observation delay,stochastic_0_20,"(0,0-20)",stochastic,augmented_action_delay,Augmented (+action buffer + delay values),"(0,0-20)",0,0,0,20,505000,5000,4,84,-114.07753175497055,-106.18342727422714,1.35806585422584,1.973526120185852,0.510669469833374,0.0
stochastic,Stochastic observation delay,stochastic_0_20,"(0,0-20)",stochastic,augmented_action_delay,Augmented (+action buffer + delay values),"(0,0-20)",0,0,0,20,506000,6000,0,81,-140.8408350944519,-138.18083477020264,1.7387757419068137,2.6600003242492676,0.9083101749420166,0.0
stochastic,Stochastic observation delay,stochastic_0_20,"(0,0-20)",stochastic,augmented_action_delay,Augmented (+action buffer + delay values),"(0,0-20)",0,0,0,20,506000,6000,1,85,-127.19031950831413,-115.39023420214653,1.4963567000978133,2.3600170612335205,0.4691044092178345,0.0
stochastic,Stochastic observation delay,stochastic_0_20,"(0,0-20)",stochastic,augmented_action_delay,Augmented (+action buffer + delay values),"(0,0-20)",0,0,0,20,506000,6000,2,80,-126.5525848865509,-126.5525848865509,1.5819073110818862,2.152646064758301,0.7194850444793701,0.0
stochastic,Stochastic observation delay,stochastic_0_20,"(0,0-20)",stochastic,augmented_action_delay,Augmented (+action buffer + delay values),"(0,0-20)",0,0,0,20,506000,6000,3,84,-121.11280083656311,-110.72905850410461,1.4418190575781322,2.595935583114624,0.5903918147087097,0.0
stochastic,Stochastic observation delay,stochastic_0_20,"(0,0-20)",stochastic,augmented_action_delay,Augmented (+action buffer + delay values),"(0,0-20)",0,0,0,20,506000,6000,4,84,-129.1059905588627,-119.77772822976112,1.5369760780816986,2.3320655822753906,0.49748101830482483,0.0
stochastic,Stochastic observation delay,stochastic_0_20,"(0,0-20)",stochastic,augmented_action_delay,Augmented (+action buffer + delay values),"(0,0-20)",0,0,0,20,507000,7000,0,81,-165.5117339193821,-160.9265812933445,2.043354739745458,4.585152626037598,0.4327135384082794,0.0
stochastic,Stochastic observation delay,stochastic_0_20,"(0,0-20)",stochastic,augmented_action_delay,Augmented (+action buffer + delay values),"(0,0-20)",0,0,0,20,507000,7000,1,84,-172.7621382176876,-155.29282745718956,2.0566921216391383,4.367327690124512,0.45141956210136414,0.0
stochastic,Stochastic observation delay,stochastic_0_20,"(0,0-20)",stochastic,augmented_action_delay,Augmented (+action buffer + delay values),"(0,0-20)",0,0,0,20,507000,7000,2,87,-187.0203488767147,-156.04781422019005,2.1496591824909737,4.424647808074951,0.3144351541996002,0.0
stochastic,Stochastic observation delay,stochastic_0_20,"(0,0-20)",stochastic,augmented_action_delay,Augmented (+action buffer + delay values),"(0,0-20)",0,0,0,20,507000,7000,3,81,-127.60895191133022,-125.22746907174587,1.5754191593991385,2.3814828395843506,0.13158151507377625,0.0
stochastic,Stochastic observation delay,stochastic_0_20,"(0,0-20)",stochastic,augmented_action_delay,Augmented (+action buffer + delay values),"(0,0-20)",0,0,0,20,507000,7000,4,87,-186.13307133316994,-154.96560230851173,2.139460590036436,4.452495574951172,0.3522712290287018,0.0
stochastic,Stochastic observation delay,stochastic_0_20,"(0,0-20)",stochastic,augmented_action_delay,Augmented (+action buffer + delay values),"(0,0-20)",0,0,0,20,508000,8000,0,85,-137.66323433816433,-120.99697934091091,1.6195674628019332,3.3332509994506836,0.17318415641784668,0.0
stochastic,Stochastic observation delay,stochastic_0_20,"(0,0-20)",stochastic,augmented_action_delay,Augmented (+action buffer + delay values),"(0,0-20)",0,0,0,20,508000,8000,1,82,-144.9441685974598,-137.46822741627693,1.7676118121641438,3.7379705905914307,0.4152918756008148,0.0
stochastic,Stochastic observation delay,stochastic_0_20,"(0,0-20)",stochastic,augmented_action_delay,Augmented (+action buffer + delay values),"(0,0-20)",0,0,0,20,508000,8000,2,87,-172.18905534222722,-143.79694690182805,1.9791845441635312,4.056015491485596,0.05981321260333061,0.0
stochastic,Stochastic observation delay,stochastic_0_20,"(0,0-20)",stochastic,augmented_action_delay,Augmented (+action buffer + delay values),"(0,0-20)",0,0,0,20,508000,8000,3,81,-128.58010165393353,-125.1825851649046,1.587408662394241,3.3975164890289307,0.1269049495458603,0.0
stochastic,Stochastic observation delay,stochastic_0_20,"(0,0-20)",stochastic,augmented_action_delay,Augmented (+action buffer + delay values),"(0,0-20)",0,0,0,20,508000,8000,4,82,-140.04144179821014,-133.96185529232025,1.7078224609537822,3.0397932529449463,0.7170524597167969,0.0
stochastic,Stochastic observation delay,stochastic_0_20,"(0,0-20)",stochastic,augmented_action_delay,Augmented (+action buffer + delay values),"(0,0-20)",0,0,0,20,509000,9000,0,92,-182.7722659111023,-142.12417936325073,1.9866550642511118,3.387340545654297,0.39891594648361206,0.0
stochastic,Stochastic observation delay,stochastic_0_20,"(0,0-20)",stochastic,augmented_action_delay,Augmented (+action buffer + delay values),"(0,0-20)",0,0,0,20,509000,9000,1,85,-177.18645851314068,-155.21227876842022,2.0845465707428317,4.394835948944092,0.24920211732387543,0.0
stochastic,Stochastic observation delay,stochastic_0_20,"(0,0-20)",stochastic,augmented_action_delay,Augmented (+action buffer + delay values),"(0,0-20)",0,0,0,20,509000,9000,2,85,-166.17280369997025,-146.50332456827164,1.9549741611761204,3.9338958263397217,0.6588022112846375,0.0
stochastic,Stochastic observation delay,stochastic_0_20,"(0,0-20)",stochastic,augmented_action_delay,Augmented (+action buffer + delay values),"(0,0-20)",0,0,0,20,509000,9000,3,84,-148.07963025569916,-133.93856751918793,1.7628527411392756,3.5352656841278076,0.30384358763694763,0.0
stochastic,Stochastic observation delay,stochastic_0_20,"(0,0-20)",stochastic,augmented_action_delay,Augmented (+action buffer + delay values),"(0,0-20)",0,0,0,20,509000,9000,4,88,-167.6054675243795,-137.86202880367637,1.9046075855043123,3.7179298400878906,0.04898117855191231,0.0
stochastic,Stochastic observation delay,stochastic_0_20,"(0,0-20)",stochastic,augmented_action_delay,Augmented (+action buffer + delay values),"(0,0-20)",0,0,0,20,510000,10000,0,84,-146.9282512664795,-133.38110637664795,1.74914584841047,3.3867862224578857,0.5792666077613831,0.0
stochastic,Stochastic observation delay,stochastic_0_20,"(0,0-20)",stochastic,augmented_action_delay,Augmented (+action buffer + delay values),"(0,0-20)",0,0,0,20,510000,10000,1,85,-146.1197964847088,-132.06507369875908,1.719056429231868,2.8109445571899414,0.48613253235816956,0.0
stochastic,Stochastic observation delay,stochastic_0_20,"(0,0-20)",stochastic,augmented_action_delay,Augmented (+action buffer + delay values),"(0,0-20)",0,0,0,20,510000,10000,2,84,-149.08181709051132,-137.07981723546982,1.7747835367918015,3.000499963760376,0.742326021194458,0.0
stochastic,Stochastic observation delay,stochastic_0_20,"(0,0-20)",stochastic,augmented_action_delay,Augmented (+action buffer + delay values),"(0,0-20)",0,0,0,20,510000,10000,3,82,-154.00475245714188,-148.81498509645462,1.878106737282218,2.594883680343628,0.9056844711303711,0.0
stochastic,Stochastic observation delay,stochastic_0_20,"(0,0-20)",stochastic,augmented_action_delay,Augmented (+action buffer + delay values),"(0,0-20)",0,0,0,20,510000,10000,4,88,-168.28678107261658,-141.08697295188904,1.9123497849160975,3.3999760150909424,0.577120304107666,0.0
stochastic,Stochastic observation delay,stochastic_0_20,"(0,0-20)",stochastic,unseen,Unseen delay,"(0,0-20)",0,0,0,20,501000,1000,0,82,-342.0386452674866,-328.4097638130188,4.1712029910669095,6.814440727233887,2.2843894958496094,0.0
stochastic,Stochastic observation delay,stochastic_0_20,"(0,0-20)",stochastic,unseen,Unseen delay,"(0,0-20)",0,0,0,20,501000,1000,1,85,-296.8678443431854,-268.2491533756256,3.492562874625711,5.723738193511963,2.0657951831817627,0.0
stochastic,Stochastic observation delay,stochastic_0_20,"(0,0-20)",stochastic,unseen,Unseen delay,"(0,0-20)",0,0,0,20,501000,1000,2,90,-387.0152726173401,-319.8006501197815,4.300169695748223,6.721462249755859,2.1541619300842285,0.0
stochastic,Stochastic observation delay,stochastic_0_20,"(0,0-20)",stochastic,unseen,Unseen delay,"(0,0-20)",0,0,0,20,501000,1000,3,85,-346.69915890693665,-313.67903685569763,4.078813634199254,6.604024410247803,2.1008107662200928,0.0
stochastic,Stochastic observation delay,stochastic_0_20,"(0,0-20)",stochastic,unseen,Unseen delay,"(0,0-20)",0,0,0,20,501000,1000,4,85,-312.4342894554138,-281.6319465637207,3.6756975230048683,6.160468578338623,1.9046279191970825,0.0
stochastic,Stochastic observation delay,stochastic_0_20,"(0,0-20)",stochastic,unseen,Unseen delay,"(0,0-20)",0,0,0,20,502000,2000,0,87,-256.10950446128845,-229.28991031646729,2.943787407601017,3.8313705921173096,2.279938220977783,0.0
stochastic,Stochastic observation delay,stochastic_0_20,"(0,0-20)",stochastic,unseen,Unseen delay,"(0,0-20)",0,0,0,20,502000,2000,1,83,-244.04448652267456,-232.42954444885254,2.9402950183454766,3.871647357940674,2.4147934913635254,0.0
stochastic,Stochastic observation delay,stochastic_0_20,"(0,0-20)",stochastic,unseen,Unseen delay,"(0,0-20)",0,0,0,20,502000,2000,2,83,-230.33407831192017,-219.33714723587036,2.77510937725205,3.6656436920166016,2.165788412094116,0.0
stochastic,Stochastic observation delay,stochastic_0_20,"(0,0-20)",stochastic,unseen,Unseen delay,"(0,0-20)",0,0,0,20,502000,2000,3,84,-238.19579100608826,-222.98630118370056,2.8356641786439076,3.802372455596924,1.9938726425170898,0.0
stochastic,Stochastic observation delay,stochastic_0_20,"(0,0-20)",stochastic,unseen,Unseen delay,"(0,0-20)",0,0,0,20,502000,2000,4,84,-239.27683353424072,-224.13155364990234,2.848533732550485,3.7863199710845947,2.0903029441833496,0.0
stochastic,Stochastic observation delay,stochastic_0_20,"(0,0-20)",stochastic,unseen,Unseen delay,"(0,0-20)",0,0,0,20,503000,3000,0,84,-97.27342838048935,-87.56061404943466,1.1580170045296352,2.428203582763672,0.28268343210220337,0.0
stochastic,Stochastic observation delay,stochastic_0_20,"(0,0-20)",stochastic,unseen,Unseen delay,"(0,0-20)",0,0,0,20,503000,3000,1,88,-126.31021131575108,-102.15091146528721,1.4353433104062623,3.0199124813079834,0.12966199219226837,0.0
stochastic,Stochastic observation delay,stochastic_0_20,"(0,0-20)",stochastic,unseen,Unseen delay,"(0,0-20)",0,0,0,20,503000,3000,2,84,-127.75706751272082,-113.38722021505237,1.5209174703895336,3.5924618244171143,0.03421821817755699,0.0
stochastic,Stochastic observation delay,stochastic_0_20,"(0,0-20)",stochastic,unseen,Unseen delay,"(0,0-20)",0,0,0,20,503000,3000,3,85,-132.88813233561814,-115.01349806971848,1.5633897921837427,3.5749268531799316,0.02968432568013668,0.0
stochastic,Stochastic observation delay,stochastic_0_20,"(0,0-20)",stochastic,unseen,Unseen delay,"(0,0-20)",0,0,0,20,503000,3000,4,82,-117.36323601007462,-110.54018598794937,1.4312589757326173,3.411525011062622,0.06501613557338715,0.0
stochastic,Stochastic observation delay,stochastic_0_20,"(0,0-20)",stochastic,unseen,Unseen delay,"(0,0-20)",0,0,0,20,504000,4000,0,87,-60.478007048368454,-55.43128898739815,0.6951495063030857,0.7209597229957581,0.07320305705070496,0.0
stochastic,Stochastic observation delay,stochastic_0_20,"(0,0-20)",stochastic,unseen,Unseen delay,"(0,0-20)",0,0,0,20,504000,4000,1,86,-57.76961574703455,-53.3666462674737,0.6717397179887739,0.7338282465934753,0.09297578036785126,0.0
stochastic,Stochastic observation delay,stochastic_0_20,"(0,0-20)",stochastic,unseen,Unseen delay,"(0,0-20)",0,0,0,20,504000,4000,2,82,-52.150589771568775,-50.89161021262407,0.6359828020923022,0.6294897794723511,0.06574635952711105,0.0
stochastic,Stochastic observation delay,stochastic_0_20,"(0,0-20)",stochastic,unseen,Unseen delay,"(0,0-20)",0,0,0,20,504000,4000,3,82,-55.94040194153786,-54.6321921646595,0.6822000236772909,0.6541048884391785,0.1357734352350235,0.0
stochastic,Stochastic observation delay,stochastic_0_20,"(0,0-20)",stochastic,unseen,Unseen delay,"(0,0-20)",0,0,0,20,504000,4000,4,85,-53.85486222803593,-50.90431250631809,0.6335866144474815,0.5901099443435669,0.07426975667476654,0.0
stochastic,Stochastic observation delay,stochastic_0_20,"(0,0-20)",stochastic,unseen,Unseen delay,"(0,0-20)",0,0,0,20,505000,5000,0,84,-326.45290088653564,-301.2141466140747,3.8863440581730435,6.309688568115234,1.9364299774169922,0.0
stochastic,Stochastic observation delay,stochastic_0_20,"(0,0-20)",stochastic,unseen,Unseen delay,"(0,0-20)",0,0,0,20,505000,5000,1,86,-81.30338650941849,-76.98793965578079,0.9453882152257964,0.7192411422729492,0.48908236622810364,0.0
stochastic,Stochastic observation delay,stochastic_0_20,"(0,0-20)",stochastic,unseen,Unseen delay,"(0,0-20)",0,0,0,20,505000,5000,2,83,-73.38383120298386,-70.89660823345184,0.8841425446142633,0.8290743231773376,0.4202527105808258,0.0
stochastic,Stochastic observation delay,stochastic_0_20,"(0,0-20)",stochastic,unseen,Unseen delay,"(0,0-20)",0,0,0,20,505000,5000,3,89,-224.37628161907196,-200.42920410633087,2.521081815944629,2.6607863903045654,1.5452862977981567,0.0
stochastic,Stochastic observation delay,stochastic_0_20,"(0,0-20)",stochastic,unseen,Unseen delay,"(0,0-20)",0,0,0,20,505000,5000,4,84,-106.30419886112213,-103.46760761737823,1.2655261769181205,0.7091478109359741,0.7091478109359741,0.0
stochastic,Stochastic observation delay,stochastic_0_20,"(0,0-20)",stochastic,unseen,Unseen delay,"(0,0-20)",0,0,0,20,506000,6000,0,81,-48.77220079302788,-48.32536396384239,0.6021259357163935,0.44683682918548584,0.1352728307247162,0.0
stochastic,Stochastic observation delay,stochastic_0_20,"(0,0-20)",stochastic,unseen,Unseen delay,"(0,0-20)",0,0,0,20,506000,6000,1,85,-64.20907282829285,-61.804567366838455,0.7554008568034453,0.4809010922908783,0.4690091907978058,0.0
stochastic,Stochastic observation delay,stochastic_0_20,"(0,0-20)",stochastic,unseen,Unseen delay,"(0,0-20)",0,0,0,20,506000,6000,2,80,-46.53754773736,-46.53754773736,0.581719346717,0.34986698627471924,0.1516457349061966,0.0
stochastic,Stochastic observation delay,stochastic_0_20,"(0,0-20)",stochastic,unseen,Unseen delay,"(0,0-20)",0,0,0,20,506000,6000,3,84,-49.850482419133186,-47.55888123810291,0.5934581240372998,0.5729002952575684,0.2057349979877472,0.0
stochastic,Stochastic observation delay,stochastic_0_20,"(0,0-20)",stochastic,unseen,Unseen delay,"(0,0-20)",0,0,0,20,506000,6000,4,84,-50.88917940855026,-48.85452574491501,0.6058235643875032,0.5086634159088135,0.08548479527235031,0.0
stochastic,Stochastic observation delay,stochastic_0_20,"(0,0-20)",stochastic,unseen,Unseen delay,"(0,0-20)",0,0,0,20,507000,7000,0,81,-41.759412191808224,-41.276952140033245,0.5155482986642991,0.48246005177497864,0.10852300375699997,0.0
stochastic,Stochastic observation delay,stochastic_0_20,"(0,0-20)",stochastic,unseen,Unseen delay,"(0,0-20)",0,0,0,20,507000,7000,1,84,-41.43777047097683,-40.030163154006004,0.49330679132115274,0.3519018292427063,0.17575675249099731,0.0
stochastic,Stochastic observation delay,stochastic_0_20,"(0,0-20)",stochastic,unseen,Unseen delay,"(0,0-20)",0,0,0,20,507000,7000,2,87,-50.94126285612583,-47.84136067330837,0.5855317569669636,0.44284316897392273,0.1369197815656662,0.0
stochastic,Stochastic observation delay,stochastic_0_20,"(0,0-20)",stochastic,unseen,Unseen delay,"(0,0-20)",0,0,0,20,507000,7000,3,81,-49.37785917520523,-49.00702950358391,0.6096031996938918,0.37082967162132263,0.31028708815574646,0.0
stochastic,Stochastic observation delay,stochastic_0_20,"(0,0-20)",stochastic,unseen,Unseen delay,"(0,0-20)",0,0,0,20,507000,7000,4,87,-49.94989377260208,-46.27313655614853,0.574136710029909,0.525251030921936,0.20566138625144958,0.0
stochastic,Stochastic observation delay,stochastic_0_20,"(0,0-20)",stochastic,unseen,Unseen delay,"(0,0-20)",0,0,0,20,508000,8000,0,85,-40.979790180921555,-38.54840749502182,0.4821151785990771,0.4862765371799469,0.015652604401111603,0.0
stochastic,Stochastic observation delay,stochastic_0_20,"(0,0-20)",stochastic,unseen,Unseen delay,"(0,0-20)",0,0,0,20,508000,8000,1,82,-33.295914025977254,-32.64356795139611,0.4060477320241129,0.3261730372905731,0.010420313104987144,0.0
stochastic,Stochastic observation delay,stochastic_0_20,"(0,0-20)",stochastic,unseen,Unseen delay,"(0,0-20)",0,0,0,20,508000,8000,2,87,-42.01289386674762,-39.96751306578517,0.4829068260545703,0.29219725728034973,0.04763680323958397,0.0
stochastic,Stochastic observation delay,stochastic_0_20,"(0,0-20)",stochastic,unseen,Unseen delay,"(0,0-20)",0,0,0,20,508000,8000,3,81,-35.53003714233637,-35.197365649044514,0.43864243385600454,0.33267149329185486,0.07148749381303787,0.0
stochastic,Stochastic observation delay,stochastic_0_20,"(0,0-20)",stochastic,unseen,Unseen delay,"(0,0-20)",0,0,0,20,508000,8000,4,82,-40.142170038074255,-39.52523633465171,0.48953865900090554,0.3084668517112732,0.05258610099554062,0.0
stochastic,Stochastic observation delay,stochastic_0_20,"(0,0-20)",stochastic,unseen,Unseen delay,"(0,0-20)",0,0,0,20,509000,9000,0,92,-43.5199509896338,-38.64464772120118,0.47304294553949783,0.40627527236938477,0.0316605344414711,0.0
stochastic,Stochastic observation delay,stochastic_0_20,"(0,0-20)",stochastic,unseen,Unseen delay,"(0,0-20)",0,0,0,20,509000,9000,1,85,-41.328049533069134,-38.572254709899426,0.4862123474478722,0.5511589646339417,0.05642778053879738,0.0
stochastic,Stochastic observation delay,stochastic_0_20,"(0,0-20)",stochastic,unseen,Unseen delay,"(0,0-20)",0,0,0,20,509000,9000,2,85,-40.518508952111006,-37.82897840067744,0.47668834061307064,0.5379061102867126,0.014739984646439552,0.0
stochastic,Stochastic observation delay,stochastic_0_20,"(0,0-20)",stochastic,unseen,Unseen delay,"(0,0-20)",0,0,0,20,509000,9000,3,84,-36.783744572196156,-35.279952763114125,0.4379017210975733,0.3759479522705078,0.00705739064142108,0.0
stochastic,Stochastic observation delay,stochastic_0_20,"(0,0-20)",stochastic,unseen,Unseen delay,"(0,0-20)",0,0,0,20,509000,9000,4,88,-41.22422298789024,-36.95281156897545,0.4684570794078437,0.5339264273643494,0.046482667326927185,0.0
stochastic,Stochastic observation delay,stochastic_0_20,"(0,0-20)",stochastic,unseen,Unseen delay,"(0,0-20)",0,0,0,20,510000,10000,0,84,-38.553785011172295,-37.00102274119854,0.45897363108538447,0.3881905674934387,0.033438023179769516,0.0
stochastic,Stochastic observation delay,stochastic_0_20,"(0,0-20)",stochastic,unseen,Unseen delay,"(0,0-20)",0,0,0,20,510000,10000,1,85,-39.869624361395836,-37.88792832195759,0.46905440425171574,0.39633920788764954,0.04166964814066887,0.0
stochastic,Stochastic observation delay,stochastic_0_20,"(0,0-20)",stochastic,unseen,Unseen delay,"(0,0-20)",0,0,0,20,510000,10000,2,84,-36.79553736746311,-35.06546451151371,0.438042111517418,0.43251821398735046,0.032299481332302094,0.0
stochastic,Stochastic observation delay,stochastic_0_20,"(0,0-20)",stochastic,unseen,Unseen delay,"(0,0-20)",0,0,0,20,510000,10000,3,82,-53.17846862971783,-52.84766714274883,0.6485179101185101,0.16540074348449707,0.16540074348449707,0.0
stochastic,Stochastic observation delay,stochastic_0_20,"(0,0-20)",stochastic,unseen,Unseen delay,"(0,0-20)",0,0,0,20,510000,10000,4,88,-38.55286704748869,-35.42394649237394,0.43810076190328057,0.39111506938934326,0.043090205639600754,0.0
